ISO-10303-21;
HEADER;
FILE_DESCRIPTION((''),'2;1');
FILE_NAME('LED_Underglow', '2026-09-07T18:33:25', (''), (''), 'ImageToStl.com STEP Converter','', '');
FILE_SCHEMA(('AUTOMOTIVE_DESIGN_CC2'));
ENDSEC;
DATA;
#1=PRODUCT_DEFINITION_CONTEXT('',#4,'design');
#2=APPLICATION_PROTOCOL_DEFINITION('INTERNATIONAL STANDARD','automotive_design',1994,#4);
#3=(GEOMETRIC_REPRESENTATION_CONTEXT(3)GLOBAL_UNCERTAINTY_ASSIGNED_CONTEXT((#5))GLOBAL_UNIT_ASSIGNED_CONTEXT((#6,#7,#8))REPRESENTATION_CONTEXT('NONE','WORKSPACE'));
#4=APPLICATION_CONTEXT(' ');
#5=UNCERTAINTY_MEASURE_WITH_UNIT(LENGTH_MEASURE(1.0E-006),#6,'','');
#6=(CONVERSION_BASED_UNIT('METRE',#10)LENGTH_UNIT()NAMED_UNIT(#11));
#7=(NAMED_UNIT(#12)PLANE_ANGLE_UNIT()SI_UNIT($,.RADIAN.));
#8=(NAMED_UNIT(#12)SOLID_ANGLE_UNIT()SI_UNIT($,.STERADIAN.));
#9=AXIS2_PLACEMENT_3D('',#14,#15,#16);
#10=LENGTH_MEASURE_WITH_UNIT(LENGTH_MEASURE(1.0),#17);
#11=DIMENSIONAL_EXPONENTS(1.0,0.0,0.0,0.0,0.0,0.0,0.0);
#12=DIMENSIONAL_EXPONENTS(0.0,0.0,0.0,0.0,0.0,0.0,0.0);
#13=PRODUCT_CONTEXT('',#4,'mechanical');
#14=CARTESIAN_POINT('',(0.0,0.0,0.0));
#15=DIRECTION('',(0.0,0.0,1.0));
#16=DIRECTION('',(1.0,0.0,0.0));
#17=(NAMED_UNIT(#11)LENGTH_UNIT()SI_UNIT(.MILLI.,.METRE.));
#18=PRESENTATION_STYLE_ASSIGNMENT((#19));
#19=SURFACE_STYLE_USAGE(.BOTH.,#20);
#20=SURFACE_SIDE_STYLE('',(#21));
#21=SURFACE_STYLE_FILL_AREA(#22);
#22=FILL_AREA_STYLE('',(#23));
#23=FILL_AREA_STYLE_COLOUR('',#24);
#24=COLOUR_RGB('',0.9,0.9,0.9);
#25=SHAPE_DEFINITION_REPRESENTATION(#26,#27);
#26=PRODUCT_DEFINITION_SHAPE('productshape0','',#30);
#27=MANIFOLD_SURFACE_SHAPE_REPRESENTATION('',(#28,#9),#3);
#28=SHELL_BASED_SURFACE_MODEL('shell0',(#33));
#29=PRODUCT('product0','','',(#13));
#30=PRODUCT_DEFINITION('mesh0','',#31,#2);
#31=PRODUCT_DEFINITION_FORMATION_WITH_SPECIFIED_SOURCE('prodsource0','',#29,.NOT_KNOWN.);
#32=STYLED_ITEM('',(#18),#33);
#33=CLOSED_SHELL('',(#688,#710,#732,#754,#776,#798,#820,#842,#864,#886,#908,#930,#952,#974,#996,#1018,#1040,#1062,#1084,#1106,#1128,#1150,#1172,#1194,#1216,#1238,#1260,#1282,#1304,#1326,#1348,#1370,#1392,#1414,#1436,#1458,#1480,#1502,#1524,#1546,#1568,#1590,#1612,#1634,#1656,#1678,#1700,#1722,#1744,#1766,#1788,#1810,#1832,#1854,#1876,#1898,#1920,#1942,#1964,#1986,#2008,#2030,#2052,#2074,#2096,#2118,#2140,#2162,#2184,#2206,#2228,#2250,#2272,#2294,#2316,#2338,#2360,#2382,#2404,#2426,#2448,#2470,#2492,#2514,#2536,#2558,#2580,#2602,#2624,#2646,#2668,#2690,#2712,#2734,#2756,#2778,#2800,#2822,#2844,#2866,#2888,#2910,#2932,#2954,#2976,#2998,#3020,#3042,#3064,#3086,#3108,#3130,#3152,#3174,#3196,#3218,#3240,#3262,#3284,#3306,#3328,#3350,#3372,#3394,#3416,#3438,#3460,#3482,#3504,#3526,#3548,#3570,#3592,#3614,#3636,#3658,#3680,#3702,#3724,#3746,#3768,#3790,#3812,#3834,#3856,#3878,#3900,#3922,#3944,#3966,#3988,#4010,#4032,#4054,#4076,#4098,#4120,#4142,#4164,#4186,#4208,#4230,#4252,#4274,#4296,#4318,#4340,#4362,#4384,#4406,#4428,#4450,#4472,#4494,#4516,#4538,#4560,#4582,#4604,#4626,#4648,#4670,#4692,#4714,#4736,#4758,#4780,#4802,#4824,#4846,#4868,#4890,#4912,#4934,#4956,#4978,#5000,#5022,#5044,#5066,#5088,#5110,#5132,#5154,#5176,#5198,#5220,#5242,#5264,#5286,#5308,#5330,#5352,#5374,#5396,#5418,#5440,#5462,#5484,#5506,#5528,#5550,#5572,#5594,#5616,#5638,#5660,#5682,#5704,#5726,#5748,#5770,#5792,#5814,#5836,#5858,#5880,#5902,#5924,#5946,#5968,#5990,#6012,#6034,#6056,#6078,#6100,#6122,#6144,#6166,#6188,#6210,#6232,#6254,#6276,#6298,#6320,#6342,#6364,#6386,#6408,#6430,#6452,#6474,#6496,#6518,#6540,#6562,#6584,#6606,#6628,#6650,#6672,#6694,#6716,#6738,#6760,#6782,#6804,#6826,#6848,#6870,#6892,#6914,#6936,#6958,#6980,#7002,#7024,#7046,#7068,#7090,#7112,#7134,#7156,#7178,#7200,#7222,#7244,#7266,#7288,#7310,#7332,#7354,#7376,#7398,#7420,#7442,#7464,#7486,#7508,#7530,#7552,#7574,#7596,#7618,#7640,#7662,#7684,#7706,#7728,#7750,#7772,#7794,#7816,#7838,#7860,#7882,#7904,#7926,#7948,#7970,#7992,#8014,#8036,#8058,#8080,#8102,#8124,#8146,#8168,#8190,#8212,#8234,#8256,#8278,#8300,#8322,#8344,#8366,#8388,#8410,#8432,#8454,#8476,#8498,#8520,#8542,#8564,#8586,#8608,#8630,#8652,#8674,#8696,#8718,#8740,#8762,#8784,#8806,#8828,#8850,#8872,#8894,#8916,#8938,#8960,#8982,#9004,#9026,#9048,#9070,#9092,#9114,#9136,#9158,#9180,#9202,#9224,#9246,#9268,#9290,#9312,#9334,#9356,#9378,#9400,#9422,#9444,#9466,#9488,#9510,#9532,#9554,#9576,#9598,#9620,#9642,#9664,#9686,#9708,#9730,#9752,#9774,#9796,#9818,#9840,#9862,#9884,#9906,#9928,#9950,#9972,#9994,#10016,#10038,#10060,#10082,#10104,#10126,#10148,#10170,#10192,#10214,#10236,#10258,#10280,#10302,#10324,#10346,#10368,#10390,#10412,#10434,#10456,#10478,#10500,#10522,#10544,#10566,#10588,#10610,#10632,#10654,#10676,#10698,#10720,#10742,#10764,#10786,#10808,#10830,#10852,#10874,#10896,#10918,#10940,#10962,#10984,#11006,#11028,#11050,#11072,#11094,#11116,#11138,#11160,#11182,#11204,#11226,#11248,#11270,#11292,#11314,#11336,#11358,#11380,#11402,#11424,#11446,#11468,#11490,#11512,#11534,#11556,#11578,#11600,#11622,#11644,#11666,#11688,#11710,#11732,#11754,#11776,#11798,#11820,#11842,#11864,#11886,#11908,#11930,#11952,#11974,#11996,#12018,#12040,#12062,#12084,#12106,#12128,#12150,#12172,#12194,#12216,#12238,#12260,#12282,#12304,#12326,#12348,#12370,#12392,#12414,#12436,#12458,#12480,#12502,#12524,#12546,#12568,#12590,#12612,#12634,#12656,#12678,#12700,#12722,#12744,#12766,#12788,#12810,#12832,#12854,#12876,#12898,#12920,#12942,#12964,#12986,#13008,#13030,#13052,#13074,#13096,#13118,#13140,#13162,#13184,#13206,#13228,#13250,#13272,#13294,#13316,#13338,#13360,#13382,#13404,#13426,#13448,#13470,#13492,#13514,#13536,#13558,#13580,#13602,#13624,#13646,#13668,#13690,#13712,#13734,#13756,#13778,#13800,#13822,#13844,#13866,#13888,#13910,#13932,#13954,#13976,#13998,#14020,#14042,#14064,#14086,#14108,#14130,#14152,#14174,#14196,#14218,#14240,#14262,#14284,#14306,#14328,#14350,#14372,#14394,#14416,#14438,#14460,#14482,#14504,#14526,#14548,#14570,#14592,#14614,#14636,#14658,#14680,#14702,#14724,#14746,#14768,#14790,#14812,#14834,#14856,#14878,#14900,#14922,#14944,#14966,#14988,#15010,#15032,#15054));
#34=CARTESIAN_POINT('',(-45.976478576660156,-47.03141403198242,9.092185974121094));
#35=VERTEX_POINT('',#34);
#36=CARTESIAN_POINT('',(-45.976478576660156,-47.03141403198242,11.654458999633789));
#37=VERTEX_POINT('',#36);
#38=CARTESIAN_POINT('',(-36.5,-47.03141403198242,11.654455184936523));
#39=VERTEX_POINT('',#38);
#40=CARTESIAN_POINT('',(-36.5,-47.03141403198242,9.092185020446777));
#41=VERTEX_POINT('',#40);
#42=CARTESIAN_POINT('',(36.5,-47.5,8.083161354064941));
#43=VERTEX_POINT('',#42);
#44=CARTESIAN_POINT('',(-24.636720657348633,-47.5,8.083161354064941));
#45=VERTEX_POINT('',#44);
#46=CARTESIAN_POINT('',(-10.60000228881836,-47.5,9.09218978881836));
#47=VERTEX_POINT('',#46);
#48=CARTESIAN_POINT('',(31.799999237060547,-47.5,9.09218978881836));
#49=VERTEX_POINT('',#48);
#50=CARTESIAN_POINT('',(-34.347206115722656,-47.5,8.083161354064941));
#51=VERTEX_POINT('',#50);
#52=CARTESIAN_POINT('',(-36.5,-47.5,8.083161354064941));
#53=VERTEX_POINT('',#52);
#54=CARTESIAN_POINT('',(-36.5,-47.5,16.033159255981445));
#55=VERTEX_POINT('',#54);
#56=CARTESIAN_POINT('',(-31.799999237060547,-47.5,11.654458999633789));
#57=VERTEX_POINT('',#56);
#58=CARTESIAN_POINT('',(-31.80000114440918,-47.5,9.09218978881836));
#59=VERTEX_POINT('',#58);
#60=CARTESIAN_POINT('',(31.80000114440918,-47.5,11.654458999633789));
#61=VERTEX_POINT('',#60);
#62=CARTESIAN_POINT('',(36.5,-47.5,16.033159255981445));
#63=VERTEX_POINT('',#62);
#64=CARTESIAN_POINT('',(36.5,62.092796325683594,9.092187881469727));
#65=VERTEX_POINT('',#64);
#66=CARTESIAN_POINT('',(36.5,62.5,16.033159255981445));
#67=VERTEX_POINT('',#66);
#68=CARTESIAN_POINT('',(36.5,62.5,8.083161354064941));
#69=VERTEX_POINT('',#68);
#70=CARTESIAN_POINT('',(36.5,-47.28536605834961,8.083161354064941));
#71=VERTEX_POINT('',#70);
#72=CARTESIAN_POINT('',(36.5,-47.03141403198242,9.092185020446777));
#73=VERTEX_POINT('',#72);
#74=CARTESIAN_POINT('',(-36.5,62.092796325683594,11.654457092285156));
#75=VERTEX_POINT('',#74);
#76=CARTESIAN_POINT('',(-36.5,62.092796325683594,9.092187881469727));
#77=VERTEX_POINT('',#76);
#78=CARTESIAN_POINT('',(-36.5,-47.28536605834961,8.083161354064941));
#79=VERTEX_POINT('',#78);
#80=CARTESIAN_POINT('',(-36.5,62.5,16.033159255981445));
#81=VERTEX_POINT('',#80);
#82=CARTESIAN_POINT('',(-36.5,62.5,8.083161354064941));
#83=VERTEX_POINT('',#82);
#84=CARTESIAN_POINT('',(10.60000228881836,62.5,11.654458999633789));
#85=VERTEX_POINT('',#84);
#86=CARTESIAN_POINT('',(31.80000114440918,62.5,11.654458999633789));
#87=VERTEX_POINT('',#86);
#88=CARTESIAN_POINT('',(31.799999237060547,62.5,9.09218978881836));
#89=VERTEX_POINT('',#88);
#90=CARTESIAN_POINT('',(0,62.5,11.654458999633789));
#91=VERTEX_POINT('',#90);
#92=CARTESIAN_POINT('',(0,62.5,16.033159255981445));
#93=VERTEX_POINT('',#92);
#94=CARTESIAN_POINT('',(-31.799999237060547,62.5,11.654458999633789));
#95=VERTEX_POINT('',#94);
#96=CARTESIAN_POINT('',(-31.80000114440918,62.5,9.09218978881836));
#97=VERTEX_POINT('',#96);
#98=CARTESIAN_POINT('',(32.236427307128906,64.74021911621094,11.654458999633789));
#99=VERTEX_POINT('',#98);
#100=CARTESIAN_POINT('',(-32.23642349243164,64.74021911621094,11.654458999633789));
#101=VERTEX_POINT('',#100);
#102=CARTESIAN_POINT('',(36.459442138671875,64.74021911621094,16.033159255981445));
#103=VERTEX_POINT('',#102);
#104=CARTESIAN_POINT('',(-32.236427307128906,64.74021911621094,16.033159255981445));
#105=VERTEX_POINT('',#104);
#106=CARTESIAN_POINT('',(-45.976478576660156,64.74021911621094,16.033159255981445));
#107=VERTEX_POINT('',#106);
#108=CARTESIAN_POINT('',(-45.976478576660156,59.56327819824219,16.033159255981445));
#109=VERTEX_POINT('',#108);
#110=CARTESIAN_POINT('',(0,-49.598548889160156,16.033159255981445));
#111=VERTEX_POINT('',#110);
#112=CARTESIAN_POINT('',(45.976478576660156,-49.598548889160156,16.033159255981445));
#113=VERTEX_POINT('',#112);
#114=CARTESIAN_POINT('',(45.976478576660156,-47.03141784667969,16.033159255981445));
#115=VERTEX_POINT('',#114);
#116=CARTESIAN_POINT('',(45.976478576660156,62.092796325683594,16.033159255981445));
#117=VERTEX_POINT('',#116);
#118=CARTESIAN_POINT('',(45.976478576660156,64.74021911621094,16.033159255981445));
#119=VERTEX_POINT('',#118);
#120=CARTESIAN_POINT('',(-45.976478576660156,-49.598548889160156,16.033159255981445));
#121=VERTEX_POINT('',#120);
#122=CARTESIAN_POINT('',(45.976478576660156,60.38042449951172,11.654458999633789));
#123=VERTEX_POINT('',#122);
#124=CARTESIAN_POINT('',(45.976478576660156,-47.03141403198242,11.65445613861084));
#125=VERTEX_POINT('',#124);
#126=CARTESIAN_POINT('',(-32.236419677734375,64.74022674560547,8.083784103393555));
#127=VERTEX_POINT('',#126);
#128=CARTESIAN_POINT('',(-45.97648239135742,64.74022674560547,8.083784103393555));
#129=VERTEX_POINT('',#128);
#130=CARTESIAN_POINT('',(-45.976478576660156,64.74021911621094,11.654458999633789));
#131=VERTEX_POINT('',#130);
#132=CARTESIAN_POINT('',(45.97648239135742,64.74022674560547,8.083784103393555));
#133=VERTEX_POINT('',#132);
#134=CARTESIAN_POINT('',(-10.745477676391602,64.74021911621094,9.09218978881836));
#135=VERTEX_POINT('',#134);
#136=CARTESIAN_POINT('',(-10.74547004699707,64.74022674560547,8.083784103393555));
#137=VERTEX_POINT('',#136);
#138=CARTESIAN_POINT('',(-32.236427307128906,64.74021911621094,9.09218978881836));
#139=VERTEX_POINT('',#138);
#140=CARTESIAN_POINT('',(32.23643112182617,64.74022674560547,8.083784103393555));
#141=VERTEX_POINT('',#140);
#142=CARTESIAN_POINT('',(32.23642349243164,64.74021911621094,9.09218978881836));
#143=VERTEX_POINT('',#142);
#144=CARTESIAN_POINT('',(-45.976478576660156,62.092796325683594,11.654458999633789));
#145=VERTEX_POINT('',#144);
#146=CARTESIAN_POINT('',(-45.976478576660156,-42.33613586425781,11.65445613861084));
#147=VERTEX_POINT('',#146);
#148=CARTESIAN_POINT('',(36.5,62.092796325683594,11.654457092285156));
#149=VERTEX_POINT('',#148);
#150=CARTESIAN_POINT('',(36.5,-47.03141403198242,11.654455184936523));
#151=VERTEX_POINT('',#150);
#152=CARTESIAN_POINT('',(-45.97648239135742,-49.59855270385742,8.083784103393555));
#153=VERTEX_POINT('',#152);
#154=CARTESIAN_POINT('',(45.97648239135742,-49.59855270385742,8.083784103393555));
#155=VERTEX_POINT('',#154);
#156=CARTESIAN_POINT('',(45.976478576660156,62.092796325683594,11.654458999633789));
#157=VERTEX_POINT('',#156);
#158=CARTESIAN_POINT('',(-45.976478576660156,62.092796325683594,9.092188835144043));
#159=VERTEX_POINT('',#158);
#160=CARTESIAN_POINT('',(45.976478576660156,-47.03141403198242,9.092185974121094));
#161=VERTEX_POINT('',#160);
#162=CARTESIAN_POINT('',(45.976478576660156,62.092796325683594,9.09218978881836));
#163=VERTEX_POINT('',#162);
#164=CARTESIAN_POINT('',(45.976478576660156,-49.598548889160156,9.09218978881836));
#165=VERTEX_POINT('',#164);
#166=CARTESIAN_POINT('',(31.799999237060547,-49.598548889160156,9.09218978881836));
#167=VERTEX_POINT('',#166);
#168=CARTESIAN_POINT('',(-10.599998474121094,-49.598548889160156,11.654458999633789));
#169=VERTEX_POINT('',#168);
#170=CARTESIAN_POINT('',(-31.799999237060547,-49.598548889160156,11.654458999633789));
#171=VERTEX_POINT('',#170);
#172=CARTESIAN_POINT('',(-31.80000114440918,-49.598548889160156,9.09218978881836));
#173=VERTEX_POINT('',#172);
#174=CARTESIAN_POINT('',(31.80000114440918,-49.598548889160156,11.654458999633789));
#175=VERTEX_POINT('',#174);
#176=CARTESIAN_POINT('',(41.33513641357422,-48.37287902832031,3.454127311706543));
#177=VERTEX_POINT('',#176);
#178=CARTESIAN_POINT('',(41.725318908691406,-48.334449768066406,3.454127311706543));
#179=VERTEX_POINT('',#178);
#180=CARTESIAN_POINT('',(41.725318908691406,-48.334449768066406,8.454127311706543));
#181=VERTEX_POINT('',#180);
#182=CARTESIAN_POINT('',(41.33513641357422,-48.37287902832031,8.454127311706543));
#183=VERTEX_POINT('',#182);
#184=CARTESIAN_POINT('',(42.100502014160156,-48.22063446044922,3.454127311706543));
#185=VERTEX_POINT('',#184);
#186=CARTESIAN_POINT('',(42.100502014160156,-48.22063446044922,8.454127311706543));
#187=VERTEX_POINT('',#186);
#188=CARTESIAN_POINT('',(42.4462776184082,-48.03582000732422,3.454127311706543));
#189=VERTEX_POINT('',#188);
#190=CARTESIAN_POINT('',(42.4462776184082,-48.03582000732422,8.454127311706543));
#191=VERTEX_POINT('',#190);
#192=CARTESIAN_POINT('',(42.749351501464844,-47.78709411621094,3.454127311706543));
#193=VERTEX_POINT('',#192);
#194=CARTESIAN_POINT('',(42.749351501464844,-47.78709411621094,8.454127311706543));
#195=VERTEX_POINT('',#194);
#196=CARTESIAN_POINT('',(42.998077392578125,-47.48401641845703,3.454127311706543));
#197=VERTEX_POINT('',#196);
#198=CARTESIAN_POINT('',(42.998077392578125,-47.48401641845703,8.454127311706543));
#199=VERTEX_POINT('',#198);
#200=CARTESIAN_POINT('',(43.18289566040039,-47.13824462890625,3.454127311706543));
#201=VERTEX_POINT('',#200);
#202=CARTESIAN_POINT('',(43.18289566040039,-47.13824462890625,8.454127311706543));
#203=VERTEX_POINT('',#202);
#204=CARTESIAN_POINT('',(43.29670715332031,-46.7630615234375,3.454127311706543));
#205=VERTEX_POINT('',#204);
#206=CARTESIAN_POINT('',(43.29670715332031,-46.7630615234375,8.454127311706543));
#207=VERTEX_POINT('',#206);
#208=CARTESIAN_POINT('',(43.33513641357422,-46.37287902832031,3.454127311706543));
#209=VERTEX_POINT('',#208);
#210=CARTESIAN_POINT('',(43.33513641357422,-46.37287902832031,8.454127311706543));
#211=VERTEX_POINT('',#210);
#212=CARTESIAN_POINT('',(43.29670715332031,-45.982696533203125,3.454127311706543));
#213=VERTEX_POINT('',#212);
#214=CARTESIAN_POINT('',(43.29670715332031,-45.982696533203125,8.454127311706543));
#215=VERTEX_POINT('',#214);
#216=CARTESIAN_POINT('',(43.18289566040039,-45.607513427734375,3.454127311706543));
#217=VERTEX_POINT('',#216);
#218=CARTESIAN_POINT('',(43.18289566040039,-45.607513427734375,8.454127311706543));
#219=VERTEX_POINT('',#218);
#220=CARTESIAN_POINT('',(42.998077392578125,-45.26173400878906,3.454127311706543));
#221=VERTEX_POINT('',#220);
#222=CARTESIAN_POINT('',(42.998077392578125,-45.26173400878906,8.454127311706543));
#223=VERTEX_POINT('',#222);
#224=CARTESIAN_POINT('',(42.749351501464844,-44.95866394042969,3.454127311706543));
#225=VERTEX_POINT('',#224);
#226=CARTESIAN_POINT('',(42.749351501464844,-44.95866394042969,8.454127311706543));
#227=VERTEX_POINT('',#226);
#228=CARTESIAN_POINT('',(42.4462776184082,-44.709938049316406,3.454127311706543));
#229=VERTEX_POINT('',#228);
#230=CARTESIAN_POINT('',(42.4462776184082,-44.709938049316406,8.454127311706543));
#231=VERTEX_POINT('',#230);
#232=CARTESIAN_POINT('',(42.100502014160156,-44.525115966796875,3.454127311706543));
#233=VERTEX_POINT('',#232);
#234=CARTESIAN_POINT('',(42.100502014160156,-44.525115966796875,8.454127311706543));
#235=VERTEX_POINT('',#234);
#236=CARTESIAN_POINT('',(41.725318908691406,-44.41130828857422,3.454127311706543));
#237=VERTEX_POINT('',#236);
#238=CARTESIAN_POINT('',(41.725318908691406,-44.41130828857422,8.454127311706543));
#239=VERTEX_POINT('',#238);
#240=CARTESIAN_POINT('',(41.33513641357422,-44.37287902832031,3.454127311706543));
#241=VERTEX_POINT('',#240);
#242=CARTESIAN_POINT('',(41.33513641357422,-44.37287902832031,8.454127311706543));
#243=VERTEX_POINT('',#242);
#244=CARTESIAN_POINT('',(40.94495391845703,-44.41130828857422,3.454127311706543));
#245=VERTEX_POINT('',#244);
#246=CARTESIAN_POINT('',(40.94495391845703,-44.41130828857422,8.454127311706543));
#247=VERTEX_POINT('',#246);
#248=CARTESIAN_POINT('',(40.56977081298828,-44.525115966796875,3.454127311706543));
#249=VERTEX_POINT('',#248);
#250=CARTESIAN_POINT('',(40.56977081298828,-44.525115966796875,8.454127311706543));
#251=VERTEX_POINT('',#250);
#252=CARTESIAN_POINT('',(40.223995208740234,-44.709938049316406,3.454127311706543));
#253=VERTEX_POINT('',#252);
#254=CARTESIAN_POINT('',(40.223995208740234,-44.709938049316406,8.454127311706543));
#255=VERTEX_POINT('',#254);
#256=CARTESIAN_POINT('',(39.920921325683594,-44.95866394042969,3.454127311706543));
#257=VERTEX_POINT('',#256);
#258=CARTESIAN_POINT('',(39.920921325683594,-44.95866394042969,8.454127311706543));
#259=VERTEX_POINT('',#258);
#260=CARTESIAN_POINT('',(39.67219543457031,-45.26173400878906,3.454127311706543));
#261=VERTEX_POINT('',#260);
#262=CARTESIAN_POINT('',(39.67219543457031,-45.26173400878906,8.454127311706543));
#263=VERTEX_POINT('',#262);
#264=CARTESIAN_POINT('',(39.48737716674805,-45.607513427734375,3.454127311706543));
#265=VERTEX_POINT('',#264);
#266=CARTESIAN_POINT('',(39.48737716674805,-45.607513427734375,8.454127311706543));
#267=VERTEX_POINT('',#266);
#268=CARTESIAN_POINT('',(39.373565673828125,-45.982696533203125,3.454127311706543));
#269=VERTEX_POINT('',#268);
#270=CARTESIAN_POINT('',(39.373565673828125,-45.982696533203125,8.454127311706543));
#271=VERTEX_POINT('',#270);
#272=CARTESIAN_POINT('',(39.33513641357422,-46.37287902832031,3.454127311706543));
#273=VERTEX_POINT('',#272);
#274=CARTESIAN_POINT('',(39.33513641357422,-46.37287902832031,8.454127311706543));
#275=VERTEX_POINT('',#274);
#276=CARTESIAN_POINT('',(39.373565673828125,-46.7630615234375,3.454127311706543));
#277=VERTEX_POINT('',#276);
#278=CARTESIAN_POINT('',(39.373565673828125,-46.7630615234375,8.454127311706543));
#279=VERTEX_POINT('',#278);
#280=CARTESIAN_POINT('',(39.48737716674805,-47.13824462890625,3.454127311706543));
#281=VERTEX_POINT('',#280);
#282=CARTESIAN_POINT('',(39.48737716674805,-47.13824462890625,8.454127311706543));
#283=VERTEX_POINT('',#282);
#284=CARTESIAN_POINT('',(39.67219543457031,-47.48401641845703,3.454127311706543));
#285=VERTEX_POINT('',#284);
#286=CARTESIAN_POINT('',(39.67219543457031,-47.48401641845703,8.454127311706543));
#287=VERTEX_POINT('',#286);
#288=CARTESIAN_POINT('',(39.920921325683594,-47.78709411621094,3.454127311706543));
#289=VERTEX_POINT('',#288);
#290=CARTESIAN_POINT('',(39.920921325683594,-47.78709411621094,8.454127311706543));
#291=VERTEX_POINT('',#290);
#292=CARTESIAN_POINT('',(40.223995208740234,-48.03582000732422,3.454127311706543));
#293=VERTEX_POINT('',#292);
#294=CARTESIAN_POINT('',(40.223995208740234,-48.03582000732422,8.454127311706543));
#295=VERTEX_POINT('',#294);
#296=CARTESIAN_POINT('',(40.56977081298828,-48.22063446044922,3.454127311706543));
#297=VERTEX_POINT('',#296);
#298=CARTESIAN_POINT('',(40.56977081298828,-48.22063446044922,8.454127311706543));
#299=VERTEX_POINT('',#298);
#300=CARTESIAN_POINT('',(40.94495391845703,-48.334449768066406,8.454127311706543));
#301=VERTEX_POINT('',#300);
#302=CARTESIAN_POINT('',(40.94495391845703,-48.334449768066406,3.454127311706543));
#303=VERTEX_POINT('',#302);
#304=CARTESIAN_POINT('',(41.33513641357422,63.605247497558594,3.454127311706543));
#305=VERTEX_POINT('',#304);
#306=CARTESIAN_POINT('',(41.33513641357422,63.605247497558594,8.454127311706543));
#307=VERTEX_POINT('',#306);
#308=CARTESIAN_POINT('',(41.725318908691406,63.56681823730469,8.454127311706543));
#309=VERTEX_POINT('',#308);
#310=CARTESIAN_POINT('',(41.725318908691406,63.56681823730469,3.454127311706543));
#311=VERTEX_POINT('',#310);
#312=CARTESIAN_POINT('',(42.100502014160156,63.4530029296875,8.454127311706543));
#313=VERTEX_POINT('',#312);
#314=CARTESIAN_POINT('',(42.100502014160156,63.4530029296875,3.454127311706543));
#315=VERTEX_POINT('',#314);
#316=CARTESIAN_POINT('',(42.4462776184082,63.2681884765625,8.454127311706543));
#317=VERTEX_POINT('',#316);
#318=CARTESIAN_POINT('',(42.4462776184082,63.2681884765625,3.454127311706543));
#319=VERTEX_POINT('',#318);
#320=CARTESIAN_POINT('',(42.749351501464844,63.01946258544922,8.454127311706543));
#321=VERTEX_POINT('',#320);
#322=CARTESIAN_POINT('',(42.749351501464844,63.01946258544922,3.454127311706543));
#323=VERTEX_POINT('',#322);
#324=CARTESIAN_POINT('',(42.998077392578125,62.71638488769531,8.454127311706543));
#325=VERTEX_POINT('',#324);
#326=CARTESIAN_POINT('',(42.998077392578125,62.71638488769531,3.454127311706543));
#327=VERTEX_POINT('',#326);
#328=CARTESIAN_POINT('',(43.18289566040039,62.37061309814453,8.454127311706543));
#329=VERTEX_POINT('',#328);
#330=CARTESIAN_POINT('',(43.18289566040039,62.37061309814453,3.454127311706543));
#331=VERTEX_POINT('',#330);
#332=CARTESIAN_POINT('',(43.29670715332031,61.99542999267578,8.454127311706543));
#333=VERTEX_POINT('',#332);
#334=CARTESIAN_POINT('',(43.29670715332031,61.99542999267578,3.454127311706543));
#335=VERTEX_POINT('',#334);
#336=CARTESIAN_POINT('',(43.33513641357422,61.605247497558594,8.454127311706543));
#337=VERTEX_POINT('',#336);
#338=CARTESIAN_POINT('',(43.33513641357422,61.605247497558594,3.454127311706543));
#339=VERTEX_POINT('',#338);
#340=CARTESIAN_POINT('',(43.29670715332031,61.215065002441406,8.454127311706543));
#341=VERTEX_POINT('',#340);
#342=CARTESIAN_POINT('',(43.29670715332031,61.215065002441406,3.454127311706543));
#343=VERTEX_POINT('',#342);
#344=CARTESIAN_POINT('',(43.18289566040039,60.839881896972656,8.454127311706543));
#345=VERTEX_POINT('',#344);
#346=CARTESIAN_POINT('',(43.18289566040039,60.839881896972656,3.454127311706543));
#347=VERTEX_POINT('',#346);
#348=CARTESIAN_POINT('',(42.998077392578125,60.494102478027344,8.454127311706543));
#349=VERTEX_POINT('',#348);
#350=CARTESIAN_POINT('',(42.998077392578125,60.494102478027344,3.454127311706543));
#351=VERTEX_POINT('',#350);
#352=CARTESIAN_POINT('',(42.749351501464844,60.19103240966797,8.454127311706543));
#353=VERTEX_POINT('',#352);
#354=CARTESIAN_POINT('',(42.749351501464844,60.19103240966797,3.454127311706543));
#355=VERTEX_POINT('',#354);
#356=CARTESIAN_POINT('',(42.4462776184082,59.94230651855469,8.454127311706543));
#357=VERTEX_POINT('',#356);
#358=CARTESIAN_POINT('',(42.4462776184082,59.94230651855469,3.454127311706543));
#359=VERTEX_POINT('',#358);
#360=CARTESIAN_POINT('',(42.100502014160156,59.757484436035156,8.454127311706543));
#361=VERTEX_POINT('',#360);
#362=CARTESIAN_POINT('',(42.100502014160156,59.757484436035156,3.454127311706543));
#363=VERTEX_POINT('',#362);
#364=CARTESIAN_POINT('',(41.725318908691406,59.6436767578125,8.454127311706543));
#365=VERTEX_POINT('',#364);
#366=CARTESIAN_POINT('',(41.725318908691406,59.6436767578125,3.454127311706543));
#367=VERTEX_POINT('',#366);
#368=CARTESIAN_POINT('',(41.33513641357422,59.605247497558594,8.454127311706543));
#369=VERTEX_POINT('',#368);
#370=CARTESIAN_POINT('',(41.33513641357422,59.605247497558594,3.454127311706543));
#371=VERTEX_POINT('',#370);
#372=CARTESIAN_POINT('',(40.94495391845703,59.6436767578125,8.454127311706543));
#373=VERTEX_POINT('',#372);
#374=CARTESIAN_POINT('',(40.94495391845703,59.6436767578125,3.454127311706543));
#375=VERTEX_POINT('',#374);
#376=CARTESIAN_POINT('',(40.56977081298828,59.757484436035156,8.454127311706543));
#377=VERTEX_POINT('',#376);
#378=CARTESIAN_POINT('',(40.56977081298828,59.757484436035156,3.454127311706543));
#379=VERTEX_POINT('',#378);
#380=CARTESIAN_POINT('',(40.223995208740234,59.94230651855469,8.454127311706543));
#381=VERTEX_POINT('',#380);
#382=CARTESIAN_POINT('',(40.223995208740234,59.94230651855469,3.454127311706543));
#383=VERTEX_POINT('',#382);
#384=CARTESIAN_POINT('',(39.920921325683594,60.19103240966797,8.454127311706543));
#385=VERTEX_POINT('',#384);
#386=CARTESIAN_POINT('',(39.920921325683594,60.19103240966797,3.454127311706543));
#387=VERTEX_POINT('',#386);
#388=CARTESIAN_POINT('',(39.67219543457031,60.494102478027344,8.454127311706543));
#389=VERTEX_POINT('',#388);
#390=CARTESIAN_POINT('',(39.67219543457031,60.494102478027344,3.454127311706543));
#391=VERTEX_POINT('',#390);
#392=CARTESIAN_POINT('',(39.48737716674805,60.839881896972656,8.454127311706543));
#393=VERTEX_POINT('',#392);
#394=CARTESIAN_POINT('',(39.48737716674805,60.839881896972656,3.454127311706543));
#395=VERTEX_POINT('',#394);
#396=CARTESIAN_POINT('',(39.373565673828125,61.215065002441406,8.454127311706543));
#397=VERTEX_POINT('',#396);
#398=CARTESIAN_POINT('',(39.373565673828125,61.215065002441406,3.454127311706543));
#399=VERTEX_POINT('',#398);
#400=CARTESIAN_POINT('',(39.33513641357422,61.605247497558594,8.454127311706543));
#401=VERTEX_POINT('',#400);
#402=CARTESIAN_POINT('',(39.33513641357422,61.605247497558594,3.454127311706543));
#403=VERTEX_POINT('',#402);
#404=CARTESIAN_POINT('',(39.373565673828125,61.99542999267578,8.454127311706543));
#405=VERTEX_POINT('',#404);
#406=CARTESIAN_POINT('',(39.373565673828125,61.99542999267578,3.454127311706543));
#407=VERTEX_POINT('',#406);
#408=CARTESIAN_POINT('',(39.48737716674805,62.37061309814453,8.454127311706543));
#409=VERTEX_POINT('',#408);
#410=CARTESIAN_POINT('',(39.48737716674805,62.37061309814453,3.454127311706543));
#411=VERTEX_POINT('',#410);
#412=CARTESIAN_POINT('',(39.67219543457031,62.71638488769531,8.454127311706543));
#413=VERTEX_POINT('',#412);
#414=CARTESIAN_POINT('',(39.67219543457031,62.71638488769531,3.454127311706543));
#415=VERTEX_POINT('',#414);
#416=CARTESIAN_POINT('',(39.920921325683594,63.01946258544922,8.454127311706543));
#417=VERTEX_POINT('',#416);
#418=CARTESIAN_POINT('',(39.920921325683594,63.01946258544922,3.454127311706543));
#419=VERTEX_POINT('',#418);
#420=CARTESIAN_POINT('',(40.223995208740234,63.2681884765625,8.454127311706543));
#421=VERTEX_POINT('',#420);
#422=CARTESIAN_POINT('',(40.223995208740234,63.2681884765625,3.454127311706543));
#423=VERTEX_POINT('',#422);
#424=CARTESIAN_POINT('',(40.56977081298828,63.4530029296875,8.454127311706543));
#425=VERTEX_POINT('',#424);
#426=CARTESIAN_POINT('',(40.56977081298828,63.4530029296875,3.454127311706543));
#427=VERTEX_POINT('',#426);
#428=CARTESIAN_POINT('',(40.94495391845703,63.56681823730469,8.454127311706543));
#429=VERTEX_POINT('',#428);
#430=CARTESIAN_POINT('',(40.94495391845703,63.56681823730469,3.454127311706543));
#431=VERTEX_POINT('',#430);
#432=CARTESIAN_POINT('',(-41.33513641357422,63.605247497558594,3.454127311706543));
#433=VERTEX_POINT('',#432);
#434=CARTESIAN_POINT('',(-41.725318908691406,63.56681823730469,3.454127311706543));
#435=VERTEX_POINT('',#434);
#436=CARTESIAN_POINT('',(-41.725318908691406,63.56681823730469,8.454127311706543));
#437=VERTEX_POINT('',#436);
#438=CARTESIAN_POINT('',(-41.33513641357422,63.605247497558594,8.454127311706543));
#439=VERTEX_POINT('',#438);
#440=CARTESIAN_POINT('',(-42.100502014160156,63.4530029296875,3.454127311706543));
#441=VERTEX_POINT('',#440);
#442=CARTESIAN_POINT('',(-42.100502014160156,63.4530029296875,8.454127311706543));
#443=VERTEX_POINT('',#442);
#444=CARTESIAN_POINT('',(-42.4462776184082,63.2681884765625,3.454127311706543));
#445=VERTEX_POINT('',#444);
#446=CARTESIAN_POINT('',(-42.4462776184082,63.2681884765625,8.454127311706543));
#447=VERTEX_POINT('',#446);
#448=CARTESIAN_POINT('',(-42.749351501464844,63.01946258544922,3.454127311706543));
#449=VERTEX_POINT('',#448);
#450=CARTESIAN_POINT('',(-42.749351501464844,63.01946258544922,8.454127311706543));
#451=VERTEX_POINT('',#450);
#452=CARTESIAN_POINT('',(-42.998077392578125,62.71638488769531,3.454127311706543));
#453=VERTEX_POINT('',#452);
#454=CARTESIAN_POINT('',(-42.998077392578125,62.71638488769531,8.454127311706543));
#455=VERTEX_POINT('',#454);
#456=CARTESIAN_POINT('',(-43.18289566040039,62.37061309814453,3.454127311706543));
#457=VERTEX_POINT('',#456);
#458=CARTESIAN_POINT('',(-43.18289566040039,62.37061309814453,8.454127311706543));
#459=VERTEX_POINT('',#458);
#460=CARTESIAN_POINT('',(-43.29670715332031,61.99542999267578,3.454127311706543));
#461=VERTEX_POINT('',#460);
#462=CARTESIAN_POINT('',(-43.29670715332031,61.99542999267578,8.454127311706543));
#463=VERTEX_POINT('',#462);
#464=CARTESIAN_POINT('',(-43.33513641357422,61.605247497558594,3.454127311706543));
#465=VERTEX_POINT('',#464);
#466=CARTESIAN_POINT('',(-43.33513641357422,61.605247497558594,8.454127311706543));
#467=VERTEX_POINT('',#466);
#468=CARTESIAN_POINT('',(-43.29670715332031,61.215065002441406,3.454127311706543));
#469=VERTEX_POINT('',#468);
#470=CARTESIAN_POINT('',(-43.29670715332031,61.215065002441406,8.454127311706543));
#471=VERTEX_POINT('',#470);
#472=CARTESIAN_POINT('',(-43.18289566040039,60.839881896972656,3.454127311706543));
#473=VERTEX_POINT('',#472);
#474=CARTESIAN_POINT('',(-43.18289566040039,60.839881896972656,8.454127311706543));
#475=VERTEX_POINT('',#474);
#476=CARTESIAN_POINT('',(-42.998077392578125,60.494102478027344,3.454127311706543));
#477=VERTEX_POINT('',#476);
#478=CARTESIAN_POINT('',(-42.998077392578125,60.494102478027344,8.454127311706543));
#479=VERTEX_POINT('',#478);
#480=CARTESIAN_POINT('',(-42.749351501464844,60.19103240966797,3.454127311706543));
#481=VERTEX_POINT('',#480);
#482=CARTESIAN_POINT('',(-42.749351501464844,60.19103240966797,8.454127311706543));
#483=VERTEX_POINT('',#482);
#484=CARTESIAN_POINT('',(-42.4462776184082,59.94230651855469,3.454127311706543));
#485=VERTEX_POINT('',#484);
#486=CARTESIAN_POINT('',(-42.4462776184082,59.94230651855469,8.454127311706543));
#487=VERTEX_POINT('',#486);
#488=CARTESIAN_POINT('',(-42.100502014160156,59.757484436035156,3.454127311706543));
#489=VERTEX_POINT('',#488);
#490=CARTESIAN_POINT('',(-42.100502014160156,59.757484436035156,8.454127311706543));
#491=VERTEX_POINT('',#490);
#492=CARTESIAN_POINT('',(-41.725318908691406,59.6436767578125,3.454127311706543));
#493=VERTEX_POINT('',#492);
#494=CARTESIAN_POINT('',(-41.725318908691406,59.6436767578125,8.454127311706543));
#495=VERTEX_POINT('',#494);
#496=CARTESIAN_POINT('',(-41.33513641357422,59.605247497558594,3.454127311706543));
#497=VERTEX_POINT('',#496);
#498=CARTESIAN_POINT('',(-41.33513641357422,59.605247497558594,8.454127311706543));
#499=VERTEX_POINT('',#498);
#500=CARTESIAN_POINT('',(-40.94495391845703,59.6436767578125,3.454127311706543));
#501=VERTEX_POINT('',#500);
#502=CARTESIAN_POINT('',(-40.94495391845703,59.6436767578125,8.454127311706543));
#503=VERTEX_POINT('',#502);
#504=CARTESIAN_POINT('',(-40.56977081298828,59.757484436035156,3.454127311706543));
#505=VERTEX_POINT('',#504);
#506=CARTESIAN_POINT('',(-40.56977081298828,59.757484436035156,8.454127311706543));
#507=VERTEX_POINT('',#506);
#508=CARTESIAN_POINT('',(-40.223995208740234,59.94230651855469,3.454127311706543));
#509=VERTEX_POINT('',#508);
#510=CARTESIAN_POINT('',(-40.223995208740234,59.94230651855469,8.454127311706543));
#511=VERTEX_POINT('',#510);
#512=CARTESIAN_POINT('',(-39.920921325683594,60.19103240966797,3.454127311706543));
#513=VERTEX_POINT('',#512);
#514=CARTESIAN_POINT('',(-39.920921325683594,60.19103240966797,8.454127311706543));
#515=VERTEX_POINT('',#514);
#516=CARTESIAN_POINT('',(-39.67219543457031,60.494102478027344,3.454127311706543));
#517=VERTEX_POINT('',#516);
#518=CARTESIAN_POINT('',(-39.67219543457031,60.494102478027344,8.454127311706543));
#519=VERTEX_POINT('',#518);
#520=CARTESIAN_POINT('',(-39.48737716674805,60.839881896972656,3.454127311706543));
#521=VERTEX_POINT('',#520);
#522=CARTESIAN_POINT('',(-39.48737716674805,60.839881896972656,8.454127311706543));
#523=VERTEX_POINT('',#522);
#524=CARTESIAN_POINT('',(-39.373565673828125,61.215065002441406,3.454127311706543));
#525=VERTEX_POINT('',#524);
#526=CARTESIAN_POINT('',(-39.373565673828125,61.215065002441406,8.454127311706543));
#527=VERTEX_POINT('',#526);
#528=CARTESIAN_POINT('',(-39.33513641357422,61.605247497558594,3.454127311706543));
#529=VERTEX_POINT('',#528);
#530=CARTESIAN_POINT('',(-39.33513641357422,61.605247497558594,8.454127311706543));
#531=VERTEX_POINT('',#530);
#532=CARTESIAN_POINT('',(-39.373565673828125,61.99542999267578,3.454127311706543));
#533=VERTEX_POINT('',#532);
#534=CARTESIAN_POINT('',(-39.373565673828125,61.99542999267578,8.454127311706543));
#535=VERTEX_POINT('',#534);
#536=CARTESIAN_POINT('',(-39.48737716674805,62.37061309814453,3.454127311706543));
#537=VERTEX_POINT('',#536);
#538=CARTESIAN_POINT('',(-39.48737716674805,62.37061309814453,8.454127311706543));
#539=VERTEX_POINT('',#538);
#540=CARTESIAN_POINT('',(-39.67219543457031,62.71638488769531,3.454127311706543));
#541=VERTEX_POINT('',#540);
#542=CARTESIAN_POINT('',(-39.67219543457031,62.71638488769531,8.454127311706543));
#543=VERTEX_POINT('',#542);
#544=CARTESIAN_POINT('',(-39.920921325683594,63.01946258544922,3.454127311706543));
#545=VERTEX_POINT('',#544);
#546=CARTESIAN_POINT('',(-39.920921325683594,63.01946258544922,8.454127311706543));
#547=VERTEX_POINT('',#546);
#548=CARTESIAN_POINT('',(-40.223995208740234,63.2681884765625,3.454127311706543));
#549=VERTEX_POINT('',#548);
#550=CARTESIAN_POINT('',(-40.223995208740234,63.2681884765625,8.454127311706543));
#551=VERTEX_POINT('',#550);
#552=CARTESIAN_POINT('',(-40.56977081298828,63.4530029296875,3.454127311706543));
#553=VERTEX_POINT('',#552);
#554=CARTESIAN_POINT('',(-40.56977081298828,63.4530029296875,8.454127311706543));
#555=VERTEX_POINT('',#554);
#556=CARTESIAN_POINT('',(-40.94495391845703,63.56681823730469,8.454127311706543));
#557=VERTEX_POINT('',#556);
#558=CARTESIAN_POINT('',(-40.94495391845703,63.56681823730469,3.454127311706543));
#559=VERTEX_POINT('',#558);
#560=CARTESIAN_POINT('',(-41.33513641357422,-48.37287902832031,3.454127311706543));
#561=VERTEX_POINT('',#560);
#562=CARTESIAN_POINT('',(-41.33513641357422,-48.37287902832031,8.454127311706543));
#563=VERTEX_POINT('',#562);
#564=CARTESIAN_POINT('',(-41.725318908691406,-48.334449768066406,8.454127311706543));
#565=VERTEX_POINT('',#564);
#566=CARTESIAN_POINT('',(-41.725318908691406,-48.334449768066406,3.454127311706543));
#567=VERTEX_POINT('',#566);
#568=CARTESIAN_POINT('',(-42.100502014160156,-48.22063446044922,8.454127311706543));
#569=VERTEX_POINT('',#568);
#570=CARTESIAN_POINT('',(-42.100502014160156,-48.22063446044922,3.454127311706543));
#571=VERTEX_POINT('',#570);
#572=CARTESIAN_POINT('',(-42.4462776184082,-48.03582000732422,8.454127311706543));
#573=VERTEX_POINT('',#572);
#574=CARTESIAN_POINT('',(-42.4462776184082,-48.03582000732422,3.454127311706543));
#575=VERTEX_POINT('',#574);
#576=CARTESIAN_POINT('',(-42.749351501464844,-47.78709411621094,8.454127311706543));
#577=VERTEX_POINT('',#576);
#578=CARTESIAN_POINT('',(-42.749351501464844,-47.78709411621094,3.454127311706543));
#579=VERTEX_POINT('',#578);
#580=CARTESIAN_POINT('',(-42.998077392578125,-47.48401641845703,8.454127311706543));
#581=VERTEX_POINT('',#580);
#582=CARTESIAN_POINT('',(-42.998077392578125,-47.48401641845703,3.454127311706543));
#583=VERTEX_POINT('',#582);
#584=CARTESIAN_POINT('',(-43.18289566040039,-47.13824462890625,8.454127311706543));
#585=VERTEX_POINT('',#584);
#586=CARTESIAN_POINT('',(-43.18289566040039,-47.13824462890625,3.454127311706543));
#587=VERTEX_POINT('',#586);
#588=CARTESIAN_POINT('',(-43.29670715332031,-46.7630615234375,8.454127311706543));
#589=VERTEX_POINT('',#588);
#590=CARTESIAN_POINT('',(-43.29670715332031,-46.7630615234375,3.454127311706543));
#591=VERTEX_POINT('',#590);
#592=CARTESIAN_POINT('',(-43.33513641357422,-46.37287902832031,8.454127311706543));
#593=VERTEX_POINT('',#592);
#594=CARTESIAN_POINT('',(-43.33513641357422,-46.37287902832031,3.454127311706543));
#595=VERTEX_POINT('',#594);
#596=CARTESIAN_POINT('',(-43.29670715332031,-45.982696533203125,8.454127311706543));
#597=VERTEX_POINT('',#596);
#598=CARTESIAN_POINT('',(-43.29670715332031,-45.982696533203125,3.454127311706543));
#599=VERTEX_POINT('',#598);
#600=CARTESIAN_POINT('',(-43.18289566040039,-45.607513427734375,8.454127311706543));
#601=VERTEX_POINT('',#600);
#602=CARTESIAN_POINT('',(-43.18289566040039,-45.607513427734375,3.454127311706543));
#603=VERTEX_POINT('',#602);
#604=CARTESIAN_POINT('',(-42.998077392578125,-45.26173400878906,8.454127311706543));
#605=VERTEX_POINT('',#604);
#606=CARTESIAN_POINT('',(-42.998077392578125,-45.26173400878906,3.454127311706543));
#607=VERTEX_POINT('',#606);
#608=CARTESIAN_POINT('',(-42.749351501464844,-44.95866394042969,8.454127311706543));
#609=VERTEX_POINT('',#608);
#610=CARTESIAN_POINT('',(-42.749351501464844,-44.95866394042969,3.454127311706543));
#611=VERTEX_POINT('',#610);
#612=CARTESIAN_POINT('',(-42.4462776184082,-44.709938049316406,8.454127311706543));
#613=VERTEX_POINT('',#612);
#614=CARTESIAN_POINT('',(-42.4462776184082,-44.709938049316406,3.454127311706543));
#615=VERTEX_POINT('',#614);
#616=CARTESIAN_POINT('',(-42.100502014160156,-44.525115966796875,8.454127311706543));
#617=VERTEX_POINT('',#616);
#618=CARTESIAN_POINT('',(-42.100502014160156,-44.525115966796875,3.454127311706543));
#619=VERTEX_POINT('',#618);
#620=CARTESIAN_POINT('',(-41.725318908691406,-44.41130828857422,8.454127311706543));
#621=VERTEX_POINT('',#620);
#622=CARTESIAN_POINT('',(-41.725318908691406,-44.41130828857422,3.454127311706543));
#623=VERTEX_POINT('',#622);
#624=CARTESIAN_POINT('',(-41.33513641357422,-44.37287902832031,8.454127311706543));
#625=VERTEX_POINT('',#624);
#626=CARTESIAN_POINT('',(-41.33513641357422,-44.37287902832031,3.454127311706543));
#627=VERTEX_POINT('',#626);
#628=CARTESIAN_POINT('',(-40.94495391845703,-44.41130828857422,8.454127311706543));
#629=VERTEX_POINT('',#628);
#630=CARTESIAN_POINT('',(-40.94495391845703,-44.41130828857422,3.454127311706543));
#631=VERTEX_POINT('',#630);
#632=CARTESIAN_POINT('',(-40.56977081298828,-44.525115966796875,8.454127311706543));
#633=VERTEX_POINT('',#632);
#634=CARTESIAN_POINT('',(-40.56977081298828,-44.525115966796875,3.454127311706543));
#635=VERTEX_POINT('',#634);
#636=CARTESIAN_POINT('',(-40.223995208740234,-44.709938049316406,8.454127311706543));
#637=VERTEX_POINT('',#636);
#638=CARTESIAN_POINT('',(-40.223995208740234,-44.709938049316406,3.454127311706543));
#639=VERTEX_POINT('',#638);
#640=CARTESIAN_POINT('',(-39.920921325683594,-44.95866394042969,8.454127311706543));
#641=VERTEX_POINT('',#640);
#642=CARTESIAN_POINT('',(-39.920921325683594,-44.95866394042969,3.454127311706543));
#643=VERTEX_POINT('',#642);
#644=CARTESIAN_POINT('',(-39.67219543457031,-45.26173400878906,8.454127311706543));
#645=VERTEX_POINT('',#644);
#646=CARTESIAN_POINT('',(-39.67219543457031,-45.26173400878906,3.454127311706543));
#647=VERTEX_POINT('',#646);
#648=CARTESIAN_POINT('',(-39.48737716674805,-45.607513427734375,8.454127311706543));
#649=VERTEX_POINT('',#648);
#650=CARTESIAN_POINT('',(-39.48737716674805,-45.607513427734375,3.454127311706543));
#651=VERTEX_POINT('',#650);
#652=CARTESIAN_POINT('',(-39.373565673828125,-45.982696533203125,8.454127311706543));
#653=VERTEX_POINT('',#652);
#654=CARTESIAN_POINT('',(-39.373565673828125,-45.982696533203125,3.454127311706543));
#655=VERTEX_POINT('',#654);
#656=CARTESIAN_POINT('',(-39.33513641357422,-46.37287902832031,8.454127311706543));
#657=VERTEX_POINT('',#656);
#658=CARTESIAN_POINT('',(-39.33513641357422,-46.37287902832031,3.454127311706543));
#659=VERTEX_POINT('',#658);
#660=CARTESIAN_POINT('',(-39.373565673828125,-46.7630615234375,8.454127311706543));
#661=VERTEX_POINT('',#660);
#662=CARTESIAN_POINT('',(-39.373565673828125,-46.7630615234375,3.454127311706543));
#663=VERTEX_POINT('',#662);
#664=CARTESIAN_POINT('',(-39.48737716674805,-47.13824462890625,8.454127311706543));
#665=VERTEX_POINT('',#664);
#666=CARTESIAN_POINT('',(-39.48737716674805,-47.13824462890625,3.454127311706543));
#667=VERTEX_POINT('',#666);
#668=CARTESIAN_POINT('',(-39.67219543457031,-47.48401641845703,8.454127311706543));
#669=VERTEX_POINT('',#668);
#670=CARTESIAN_POINT('',(-39.67219543457031,-47.48401641845703,3.454127311706543));
#671=VERTEX_POINT('',#670);
#672=CARTESIAN_POINT('',(-39.920921325683594,-47.78709411621094,8.454127311706543));
#673=VERTEX_POINT('',#672);
#674=CARTESIAN_POINT('',(-39.920921325683594,-47.78709411621094,3.454127311706543));
#675=VERTEX_POINT('',#674);
#676=CARTESIAN_POINT('',(-40.223995208740234,-48.03582000732422,8.454127311706543));
#677=VERTEX_POINT('',#676);
#678=CARTESIAN_POINT('',(-40.223995208740234,-48.03582000732422,3.454127311706543));
#679=VERTEX_POINT('',#678);
#680=CARTESIAN_POINT('',(-40.56977081298828,-48.22063446044922,8.454127311706543));
#681=VERTEX_POINT('',#680);
#682=CARTESIAN_POINT('',(-40.56977081298828,-48.22063446044922,3.454127311706543));
#683=VERTEX_POINT('',#682);
#684=CARTESIAN_POINT('',(-40.94495391845703,-48.334449768066406,8.454127311706543));
#685=VERTEX_POINT('',#684);
#686=CARTESIAN_POINT('',(-40.94495391845703,-48.334449768066406,3.454127311706543));
#687=VERTEX_POINT('',#686);
#688=FACE_SURFACE('',(#693),#689,.T.);
#689=PLANE('',#690);
#690=AXIS2_PLACEMENT_3D('',#34,#691,#692);
#691=DIRECTION('',(0,1,0));
#692=DIRECTION('',(0,0,1));
#693=FACE_BOUND('',#694,.T.);
#694=EDGE_LOOP('',(#695,#696,#697));
#695=ORIENTED_EDGE('',*,*,#698,.T.);
#696=ORIENTED_EDGE('',*,*,#699,.T.);
#697=ORIENTED_EDGE('',*,*,#700,.T.);
#698=EDGE_CURVE('',#35,#37,#701,.F.);
#699=EDGE_CURVE('',#37,#39,#702,.T.);
#700=EDGE_CURVE('',#39,#35,#703,.T.);
#701=LINE('',#34,#704);
#702=LINE('',#36,#705);
#703=LINE('',#38,#706);
#704=VECTOR('',#707,1.0);
#705=VECTOR('',#708,1.0);
#706=VECTOR('',#709,1.0);
#707=DIRECTION('',(0,0,1));
#708=DIRECTION('',(0.9999999999999191,0,-4.025437544933621E-07));
#709=DIRECTION('',(-0.9653362222020541,0,-0.26100953642475666));
#710=FACE_SURFACE('',(#715),#711,.T.);
#711=PLANE('',#712);
#712=AXIS2_PLACEMENT_3D('',#34,#713,#714);
#713=DIRECTION('',(-0,1,0));
#714=DIRECTION('',(0.9653362222020541,0,0.26100953642475666));
#715=FACE_BOUND('',#716,.T.);
#716=EDGE_LOOP('',(#717,#718,#719));
#717=ORIENTED_EDGE('',*,*,#720,.T.);
#718=ORIENTED_EDGE('',*,*,#721,.T.);
#719=ORIENTED_EDGE('',*,*,#722,.T.);
#720=EDGE_CURVE('',#35,#39,#723,.F.);
#721=EDGE_CURVE('',#39,#41,#724,.T.);
#722=EDGE_CURVE('',#41,#35,#725,.T.);
#723=LINE('',#34,#726);
#724=LINE('',#38,#727);
#725=LINE('',#40,#728);
#726=VECTOR('',#729,1.0);
#727=VECTOR('',#730,1.0);
#728=VECTOR('',#731,1.0);
#729=DIRECTION('',(0.9653362222020541,0,0.26100953642475666));
#730=DIRECTION('',(0,0,-1));
#731=DIRECTION('',(-0.9999999999999949,0,1.0063593862334816E-07));
#732=FACE_SURFACE('',(#737),#733,.T.);
#733=PLANE('',#734);
#734=AXIS2_PLACEMENT_3D('',#42,#735,#736);
#735=DIRECTION('',(0,1,0));
#736=DIRECTION('',(-1,0,0));
#737=FACE_BOUND('',#738,.T.);
#738=EDGE_LOOP('',(#739,#740,#741));
#739=ORIENTED_EDGE('',*,*,#742,.T.);
#740=ORIENTED_EDGE('',*,*,#743,.T.);
#741=ORIENTED_EDGE('',*,*,#744,.T.);
#742=EDGE_CURVE('',#43,#45,#745,.F.);
#743=EDGE_CURVE('',#45,#47,#746,.T.);
#744=EDGE_CURVE('',#47,#43,#747,.T.);
#745=LINE('',#42,#748);
#746=LINE('',#44,#749);
#747=LINE('',#46,#750);
#748=VECTOR('',#751,1.0);
#749=VECTOR('',#752,1.0);
#750=VECTOR('',#753,1.0);
#751=DIRECTION('',(-1,0,0));
#752=DIRECTION('',(0.9974262493392243,0,0.07169991024462716));
#753=DIRECTION('',(0.9997706041801143,0,-0.02141819360564724));
#754=FACE_SURFACE('',(#759),#755,.T.);
#755=PLANE('',#756);
#756=AXIS2_PLACEMENT_3D('',#42,#757,#758);
#757=DIRECTION('',(0,1,0));
#758=DIRECTION('',(-0.9997706041801143,0,0.02141819360564724));
#759=FACE_BOUND('',#760,.T.);
#760=EDGE_LOOP('',(#761,#762,#763));
#761=ORIENTED_EDGE('',*,*,#764,.T.);
#762=ORIENTED_EDGE('',*,*,#765,.T.);
#763=ORIENTED_EDGE('',*,*,#766,.T.);
#764=EDGE_CURVE('',#43,#47,#767,.F.);
#765=EDGE_CURVE('',#47,#49,#768,.T.);
#766=EDGE_CURVE('',#49,#43,#769,.T.);
#767=LINE('',#42,#770);
#768=LINE('',#46,#771);
#769=LINE('',#48,#772);
#770=VECTOR('',#773,1.0);
#771=VECTOR('',#774,1.0);
#772=VECTOR('',#775,1.0);
#773=DIRECTION('',(-0.9997706041801143,0,0.02141819360564724));
#774=DIRECTION('',(1,0,0));
#775=DIRECTION('',(0.9777219859245833,0,-0.20990406913561488));
#776=FACE_SURFACE('',(#781),#777,.T.);
#777=PLANE('',#778);
#778=AXIS2_PLACEMENT_3D('',#50,#779,#780);
#779=DIRECTION('',(0,1,0));
#780=DIRECTION('',(-1,0,0));
#781=FACE_BOUND('',#782,.T.);
#782=EDGE_LOOP('',(#783,#784,#785));
#783=ORIENTED_EDGE('',*,*,#786,.T.);
#784=ORIENTED_EDGE('',*,*,#787,.T.);
#785=ORIENTED_EDGE('',*,*,#788,.T.);
#786=EDGE_CURVE('',#51,#53,#789,.F.);
#787=EDGE_CURVE('',#53,#55,#790,.T.);
#788=EDGE_CURVE('',#55,#51,#791,.T.);
#789=LINE('',#50,#792);
#790=LINE('',#52,#793);
#791=LINE('',#54,#794);
#792=VECTOR('',#795,1.0);
#793=VECTOR('',#796,1.0);
#794=VECTOR('',#797,1.0);
#795=DIRECTION('',(-1,0,0));
#796=DIRECTION('',(0,0,1));
#797=DIRECTION('',(0.26137808523254435,0,-0.9652364977352279));
#798=FACE_SURFACE('',(#803),#799,.T.);
#799=PLANE('',#800);
#800=AXIS2_PLACEMENT_3D('',#56,#801,#802);
#801=DIRECTION('',(0,1,0));
#802=DIRECTION('',(-7.443982173149429E-07,0,-0.9999999999997229));
#803=FACE_BOUND('',#804,.T.);
#804=EDGE_LOOP('',(#805,#806,#807));
#805=ORIENTED_EDGE('',*,*,#808,.T.);
#806=ORIENTED_EDGE('',*,*,#809,.T.);
#807=ORIENTED_EDGE('',*,*,#810,.T.);
#808=EDGE_CURVE('',#57,#59,#811,.F.);
#809=EDGE_CURVE('',#59,#51,#812,.T.);
#810=EDGE_CURVE('',#51,#57,#813,.T.);
#811=LINE('',#56,#814);
#812=LINE('',#58,#815);
#813=LINE('',#50,#816);
#814=VECTOR('',#817,1.0);
#815=VECTOR('',#818,1.0);
#816=VECTOR('',#819,1.0);
#817=DIRECTION('',(-7.443982173149429E-07,0,-0.9999999999997229));
#818=DIRECTION('',(-0.9297116788272631,0,-0.3682881945599014));
#819=DIRECTION('',(0.5806765179947976,0,0.8141343755483105));
#820=FACE_SURFACE('',(#825),#821,.T.);
#821=PLANE('',#822);
#822=AXIS2_PLACEMENT_3D('',#42,#823,#824);
#823=DIRECTION('',(0,1,0));
#824=DIRECTION('',(-0.9777219859245833,0,0.20990406913561488));
#825=FACE_BOUND('',#826,.T.);
#826=EDGE_LOOP('',(#827,#828,#829));
#827=ORIENTED_EDGE('',*,*,#830,.T.);
#828=ORIENTED_EDGE('',*,*,#831,.T.);
#829=ORIENTED_EDGE('',*,*,#832,.T.);
#830=EDGE_CURVE('',#43,#49,#833,.F.);
#831=EDGE_CURVE('',#49,#61,#834,.T.);
#832=EDGE_CURVE('',#61,#43,#835,.T.);
#833=LINE('',#42,#836);
#834=LINE('',#48,#837);
#835=LINE('',#60,#838);
#836=VECTOR('',#839,1.0);
#837=VECTOR('',#840,1.0);
#838=VECTOR('',#841,1.0);
#839=DIRECTION('',(-0.9777219859245833,0,0.20990406913561488));
#840=DIRECTION('',(7.443982173149429E-07,0,0.9999999999997229));
#841=DIRECTION('',(0.7962194398238779,0,-0.6050079368459146));
#842=FACE_SURFACE('',(#847),#843,.T.);
#843=PLANE('',#844);
#844=AXIS2_PLACEMENT_3D('',#56,#845,#846);
#845=DIRECTION('',(0,1,0));
#846=DIRECTION('',(-0.5806765179947976,0,-0.8141343755483105));
#847=FACE_BOUND('',#848,.T.);
#848=EDGE_LOOP('',(#849,#850,#851));
#849=ORIENTED_EDGE('',*,*,#852,.T.);
#850=ORIENTED_EDGE('',*,*,#853,.T.);
#851=ORIENTED_EDGE('',*,*,#854,.T.);
#852=EDGE_CURVE('',#57,#51,#855,.F.);
#853=EDGE_CURVE('',#51,#55,#856,.T.);
#854=EDGE_CURVE('',#55,#57,#857,.T.);
#855=LINE('',#56,#858);
#856=LINE('',#50,#859);
#857=LINE('',#54,#860);
#858=VECTOR('',#861,1.0);
#859=VECTOR('',#862,1.0);
#860=VECTOR('',#863,1.0);
#861=DIRECTION('',(-0.5806765179947976,0,-0.8141343755483105));
#862=DIRECTION('',(-0.26137808523254435,0,0.9652364977352279));
#863=DIRECTION('',(0.7316736364615428,0,-0.6816551105266813));
#864=FACE_SURFACE('',(#869),#865,.T.);
#865=PLANE('',#866);
#866=AXIS2_PLACEMENT_3D('',#62,#867,#868);
#867=DIRECTION('',(0,1,0));
#868=DIRECTION('',(0,0,-1));
#869=FACE_BOUND('',#870,.T.);
#870=EDGE_LOOP('',(#871,#872,#873));
#871=ORIENTED_EDGE('',*,*,#874,.T.);
#872=ORIENTED_EDGE('',*,*,#875,.T.);
#873=ORIENTED_EDGE('',*,*,#876,.T.);
#874=EDGE_CURVE('',#63,#43,#877,.F.);
#875=EDGE_CURVE('',#43,#61,#878,.T.);
#876=EDGE_CURVE('',#61,#63,#879,.T.);
#877=LINE('',#62,#880);
#878=LINE('',#42,#881);
#879=LINE('',#60,#882);
#880=VECTOR('',#883,1.0);
#881=VECTOR('',#884,1.0);
#882=VECTOR('',#885,1.0);
#883=DIRECTION('',(0,0,-1));
#884=DIRECTION('',(-0.7962194398238779,0,0.6050079368459146));
#885=DIRECTION('',(0.7316734984933129,0,0.6816552586187214));
#886=FACE_SURFACE('',(#891),#887,.T.);
#887=PLANE('',#888);
#888=AXIS2_PLACEMENT_3D('',#60,#889,#890);
#889=DIRECTION('',(0,1,0));
#890=DIRECTION('',(-1,0,0));
#891=FACE_BOUND('',#892,.T.);
#892=EDGE_LOOP('',(#893,#894,#895));
#893=ORIENTED_EDGE('',*,*,#896,.T.);
#894=ORIENTED_EDGE('',*,*,#897,.T.);
#895=ORIENTED_EDGE('',*,*,#898,.T.);
#896=EDGE_CURVE('',#61,#57,#899,.F.);
#897=EDGE_CURVE('',#57,#55,#900,.T.);
#898=EDGE_CURVE('',#55,#61,#901,.T.);
#899=LINE('',#60,#902);
#900=LINE('',#56,#903);
#901=LINE('',#54,#904);
#902=VECTOR('',#905,1.0);
#903=VECTOR('',#906,1.0);
#904=VECTOR('',#907,1.0);
#905=DIRECTION('',(-1,0,0));
#906=DIRECTION('',(-0.7316736364615428,0,0.6816551105266813));
#907=DIRECTION('',(0.9979512791088201,0,-0.06397846923043506));
#908=FACE_SURFACE('',(#913),#909,.T.);
#909=PLANE('',#910);
#910=AXIS2_PLACEMENT_3D('',#60,#911,#912);
#911=DIRECTION('',(0,1,-0));
#912=DIRECTION('',(-0.9979512791088201,0,0.06397846923043506));
#913=FACE_BOUND('',#914,.T.);
#914=EDGE_LOOP('',(#915,#916,#917));
#915=ORIENTED_EDGE('',*,*,#918,.T.);
#916=ORIENTED_EDGE('',*,*,#919,.T.);
#917=ORIENTED_EDGE('',*,*,#920,.T.);
#918=EDGE_CURVE('',#61,#55,#921,.F.);
#919=EDGE_CURVE('',#55,#63,#922,.T.);
#920=EDGE_CURVE('',#63,#61,#923,.T.);
#921=LINE('',#60,#924);
#922=LINE('',#54,#925);
#923=LINE('',#62,#926);
#924=VECTOR('',#927,1.0);
#925=VECTOR('',#928,1.0);
#926=VECTOR('',#929,1.0);
#927=DIRECTION('',(-0.9979512791088201,0,0.06397846923043506));
#928=DIRECTION('',(1,0,0));
#929=DIRECTION('',(-0.7316734984933129,0,-0.6816552586187214));
#930=FACE_SURFACE('',(#935),#931,.T.);
#931=PLANE('',#932);
#932=AXIS2_PLACEMENT_3D('',#44,#933,#934);
#933=DIRECTION('',(0,1,0));
#934=DIRECTION('',(-1,0,0));
#935=FACE_BOUND('',#936,.T.);
#936=EDGE_LOOP('',(#937,#938,#939));
#937=ORIENTED_EDGE('',*,*,#940,.T.);
#938=ORIENTED_EDGE('',*,*,#941,.T.);
#939=ORIENTED_EDGE('',*,*,#942,.T.);
#940=EDGE_CURVE('',#45,#51,#943,.F.);
#941=EDGE_CURVE('',#51,#59,#944,.T.);
#942=EDGE_CURVE('',#59,#45,#945,.T.);
#943=LINE('',#44,#946);
#944=LINE('',#50,#947);
#945=LINE('',#58,#948);
#946=VECTOR('',#949,1.0);
#947=VECTOR('',#950,1.0);
#948=VECTOR('',#951,1.0);
#949=DIRECTION('',(-1,0,0));
#950=DIRECTION('',(0.9297116788272631,0,0.3682881945599014));
#951=DIRECTION('',(0.99022429632327,0,-0.13948420330304295));
#952=FACE_SURFACE('',(#957),#953,.T.);
#953=PLANE('',#954);
#954=AXIS2_PLACEMENT_3D('',#44,#955,#956);
#955=DIRECTION('',(0,1,-0));
#956=DIRECTION('',(-0.99022429632327,0,0.13948420330304295));
#957=FACE_BOUND('',#958,.T.);
#958=EDGE_LOOP('',(#959,#960,#961));
#959=ORIENTED_EDGE('',*,*,#962,.T.);
#960=ORIENTED_EDGE('',*,*,#963,.T.);
#961=ORIENTED_EDGE('',*,*,#964,.T.);
#962=EDGE_CURVE('',#45,#59,#965,.F.);
#963=EDGE_CURVE('',#59,#47,#966,.T.);
#964=EDGE_CURVE('',#47,#45,#967,.T.);
#965=LINE('',#44,#968);
#966=LINE('',#58,#969);
#967=LINE('',#46,#970);
#968=VECTOR('',#971,1.0);
#969=VECTOR('',#972,1.0);
#970=VECTOR('',#973,1.0);
#971=DIRECTION('',(-0.99022429632327,0,0.13948420330304295));
#972=DIRECTION('',(1,0,0));
#973=DIRECTION('',(-0.9974262493392243,0,-0.07169991024462716));
#974=FACE_SURFACE('',(#979),#975,.T.);
#975=PLANE('',#976);
#976=AXIS2_PLACEMENT_3D('',#64,#977,#978);
#977=DIRECTION('',(-1,0,0));
#978=DIRECTION('',(0,0.058565970631072245,0.9982835404252844));
#979=FACE_BOUND('',#980,.T.);
#980=EDGE_LOOP('',(#981,#982,#983));
#981=ORIENTED_EDGE('',*,*,#984,.T.);
#982=ORIENTED_EDGE('',*,*,#985,.T.);
#983=ORIENTED_EDGE('',*,*,#986,.T.);
#984=EDGE_CURVE('',#65,#67,#987,.F.);
#985=EDGE_CURVE('',#67,#69,#988,.T.);
#986=EDGE_CURVE('',#69,#65,#989,.T.);
#987=LINE('',#64,#990);
#988=LINE('',#66,#991);
#989=LINE('',#68,#992);
#990=VECTOR('',#993,1.0);
#991=VECTOR('',#994,1.0);
#992=VECTOR('',#995,1.0);
#993=DIRECTION('',(0,0.058565970631072245,0.9982835404252844));
#994=DIRECTION('',(0,0,-1));
#995=DIRECTION('',(0,-0.3742356217238071,0.9273336505449351));
#996=FACE_SURFACE('',(#1001),#997,.T.);
#997=PLANE('',#998);
#998=AXIS2_PLACEMENT_3D('',#68,#999,#1000);
#999=DIRECTION('',(-1,0,0));
#1000=DIRECTION('',(0,-1,0));
#1001=FACE_BOUND('',#1002,.T.);
#1002=EDGE_LOOP('',(#1003,#1004,#1005));
#1003=ORIENTED_EDGE('',*,*,#1006,.T.);
#1004=ORIENTED_EDGE('',*,*,#1007,.T.);
#1005=ORIENTED_EDGE('',*,*,#1008,.T.);
#1006=EDGE_CURVE('',#69,#71,#1009,.F.);
#1007=EDGE_CURVE('',#71,#73,#1010,.T.);
#1008=EDGE_CURVE('',#73,#69,#1011,.T.);
#1009=LINE('',#68,#1012);
#1010=LINE('',#70,#1013);
#1011=LINE('',#72,#1014);
#1012=VECTOR('',#1015,1.0);
#1013=VECTOR('',#1016,1.0);
#1014=VECTOR('',#1017,1.0);
#1015=DIRECTION('',(0,-1,0));
#1016=DIRECTION('',(0,0.2440695391963071,0.9697577326510485));
#1017=DIRECTION('',(0,0.9999575705228759,-0.009211794287076858));
#1018=FACE_SURFACE('',(#1023),#1019,.T.);
#1019=PLANE('',#1020);
#1020=AXIS2_PLACEMENT_3D('',#64,#1021,#1022);
#1021=DIRECTION('',(-1,0,-0));
#1022=DIRECTION('',(0,0.3742356217238071,-0.9273336505449351));
#1023=FACE_BOUND('',#1024,.T.);
#1024=EDGE_LOOP('',(#1025,#1026,#1027));
#1025=ORIENTED_EDGE('',*,*,#1028,.T.);
#1026=ORIENTED_EDGE('',*,*,#1029,.T.);
#1027=ORIENTED_EDGE('',*,*,#1030,.T.);
#1028=EDGE_CURVE('',#65,#69,#1031,.F.);
#1029=EDGE_CURVE('',#69,#73,#1032,.T.);
#1030=EDGE_CURVE('',#73,#65,#1033,.T.);
#1031=LINE('',#64,#1034);
#1032=LINE('',#68,#1035);
#1033=LINE('',#72,#1036);
#1034=VECTOR('',#1037,1.0);
#1035=VECTOR('',#1038,1.0);
#1036=VECTOR('',#1039,1.0);
#1037=DIRECTION('',(0,0.3742356217238071,-0.9273336505449351));
#1038=DIRECTION('',(0,-0.9999575705228759,0.009211794287076858));
#1039=DIRECTION('',(0,0.9999999999999998,2.6218040339915837E-08));
#1040=FACE_SURFACE('',(#1045),#1041,.T.);
#1041=PLANE('',#1042);
#1042=AXIS2_PLACEMENT_3D('',#54,#1043,#1044);
#1043=DIRECTION('',(1,0,0));
#1044=DIRECTION('',(0,0.10640719906682475,-0.9943226377724452));
#1045=FACE_BOUND('',#1046,.T.);
#1046=EDGE_LOOP('',(#1047,#1048,#1049));
#1047=ORIENTED_EDGE('',*,*,#1050,.T.);
#1048=ORIENTED_EDGE('',*,*,#1051,.T.);
#1049=ORIENTED_EDGE('',*,*,#1052,.T.);
#1050=EDGE_CURVE('',#55,#39,#1053,.F.);
#1051=EDGE_CURVE('',#39,#75,#1054,.T.);
#1052=EDGE_CURVE('',#75,#55,#1055,.T.);
#1053=LINE('',#54,#1056);
#1054=LINE('',#38,#1057);
#1055=LINE('',#74,#1058);
#1056=VECTOR('',#1059,1.0);
#1057=VECTOR('',#1060,1.0);
#1058=VECTOR('',#1061,1.0);
#1059=DIRECTION('',(0,0.10640719906682475,-0.9943226377724452));
#1060=DIRECTION('',(0,0.9999999999999999,1.7478693559943893E-08));
#1061=DIRECTION('',(0,-0.9992027817788679,0.03992243586471138));
#1062=FACE_SURFACE('',(#1067),#1063,.T.);
#1063=PLANE('',#1064);
#1064=AXIS2_PLACEMENT_3D('',#76,#1065,#1066);
#1065=DIRECTION('',(1,0,0));
#1066=DIRECTION('',(0,-0.9999999999999998,-2.6218040339915837E-08));
#1067=FACE_BOUND('',#1068,.T.);
#1068=EDGE_LOOP('',(#1069,#1070,#1071));
#1069=ORIENTED_EDGE('',*,*,#1072,.T.);
#1070=ORIENTED_EDGE('',*,*,#1073,.T.);
#1071=ORIENTED_EDGE('',*,*,#1074,.T.);
#1072=EDGE_CURVE('',#77,#41,#1075,.F.);
#1073=EDGE_CURVE('',#41,#79,#1076,.T.);
#1074=EDGE_CURVE('',#79,#77,#1077,.T.);
#1075=LINE('',#76,#1078);
#1076=LINE('',#40,#1079);
#1077=LINE('',#78,#1080);
#1078=VECTOR('',#1081,1.0);
#1079=VECTOR('',#1082,1.0);
#1080=VECTOR('',#1083,1.0);
#1081=DIRECTION('',(0,-0.9999999999999998,-2.6218040339915837E-08));
#1082=DIRECTION('',(0,-0.2440695391963071,-0.9697577326510485));
#1083=DIRECTION('',(0,0.9999574513085447,0.009224726148751698));
#1084=FACE_SURFACE('',(#1089),#1085,.T.);
#1085=PLANE('',#1086);
#1086=AXIS2_PLACEMENT_3D('',#80,#1087,#1088);
#1087=DIRECTION('',(1,0,0));
#1088=DIRECTION('',(0,-1,0));
#1089=FACE_BOUND('',#1090,.T.);
#1090=EDGE_LOOP('',(#1091,#1092,#1093));
#1091=ORIENTED_EDGE('',*,*,#1094,.T.);
#1092=ORIENTED_EDGE('',*,*,#1095,.T.);
#1093=ORIENTED_EDGE('',*,*,#1096,.T.);
#1094=EDGE_CURVE('',#81,#55,#1097,.F.);
#1095=EDGE_CURVE('',#55,#75,#1098,.T.);
#1096=EDGE_CURVE('',#75,#81,#1099,.T.);
#1097=LINE('',#80,#1100);
#1098=LINE('',#54,#1101);
#1099=LINE('',#74,#1102);
#1100=VECTOR('',#1103,1.0);
#1101=VECTOR('',#1104,1.0);
#1102=VECTOR('',#1105,1.0);
#1103=DIRECTION('',(0,-1,0));
#1104=DIRECTION('',(0,0.9992027817788679,-0.03992243586471138));
#1105=DIRECTION('',(0,0.09259688862798748,0.9957036789208003));
#1106=FACE_SURFACE('',(#1111),#1107,.T.);
#1107=PLANE('',#1108);
#1108=AXIS2_PLACEMENT_3D('',#76,#1109,#1110);
#1109=DIRECTION('',(1,0,0));
#1110=DIRECTION('',(0,-0.9999574513085447,-0.009224726148751698));
#1111=FACE_BOUND('',#1112,.T.);
#1112=EDGE_LOOP('',(#1113,#1114,#1115));
#1113=ORIENTED_EDGE('',*,*,#1116,.T.);
#1114=ORIENTED_EDGE('',*,*,#1117,.T.);
#1115=ORIENTED_EDGE('',*,*,#1118,.T.);
#1116=EDGE_CURVE('',#77,#79,#1119,.F.);
#1117=EDGE_CURVE('',#79,#83,#1120,.T.);
#1118=EDGE_CURVE('',#83,#77,#1121,.T.);
#1119=LINE('',#76,#1122);
#1120=LINE('',#78,#1123);
#1121=LINE('',#82,#1124);
#1122=VECTOR('',#1125,1.0);
#1123=VECTOR('',#1126,1.0);
#1124=VECTOR('',#1127,1.0);
#1125=DIRECTION('',(0,-0.9999574513085447,-0.009224726148751698));
#1126=DIRECTION('',(0,1,0));
#1127=DIRECTION('',(0,-0.3742356217238071,0.9273336505449351));
#1128=FACE_SURFACE('',(#1133),#1129,.T.);
#1129=PLANE('',#1130);
#1130=AXIS2_PLACEMENT_3D('',#80,#1131,#1132);
#1131=DIRECTION('',(1,0,0));
#1132=DIRECTION('',(0,-0.09259688862798748,-0.9957036789208003));
#1133=FACE_BOUND('',#1134,.T.);
#1134=EDGE_LOOP('',(#1135,#1136,#1137));
#1135=ORIENTED_EDGE('',*,*,#1138,.T.);
#1136=ORIENTED_EDGE('',*,*,#1139,.T.);
#1137=ORIENTED_EDGE('',*,*,#1140,.T.);
#1138=EDGE_CURVE('',#81,#75,#1141,.F.);
#1139=EDGE_CURVE('',#75,#77,#1142,.T.);
#1140=EDGE_CURVE('',#77,#81,#1143,.T.);
#1141=LINE('',#80,#1144);
#1142=LINE('',#74,#1145);
#1143=LINE('',#76,#1146);
#1144=VECTOR('',#1147,1.0);
#1145=VECTOR('',#1148,1.0);
#1146=VECTOR('',#1149,1.0);
#1147=DIRECTION('',(0,-0.09259688862798748,-0.9957036789208003));
#1148=DIRECTION('',(0,0,-1));
#1149=DIRECTION('',(0,0.058565970631072245,0.9982835404252844));
#1150=FACE_SURFACE('',(#1155),#1151,.T.);
#1151=PLANE('',#1152);
#1152=AXIS2_PLACEMENT_3D('',#76,#1153,#1154);
#1153=DIRECTION('',(1,-0,0));
#1154=DIRECTION('',(0,0.3742356217238071,-0.9273336505449351));
#1155=FACE_BOUND('',#1156,.T.);
#1156=EDGE_LOOP('',(#1157,#1158,#1159));
#1157=ORIENTED_EDGE('',*,*,#1160,.T.);
#1158=ORIENTED_EDGE('',*,*,#1161,.T.);
#1159=ORIENTED_EDGE('',*,*,#1162,.T.);
#1160=EDGE_CURVE('',#77,#83,#1163,.F.);
#1161=EDGE_CURVE('',#83,#81,#1164,.T.);
#1162=EDGE_CURVE('',#81,#77,#1165,.T.);
#1163=LINE('',#76,#1166);
#1164=LINE('',#82,#1167);
#1165=LINE('',#80,#1168);
#1166=VECTOR('',#1169,1.0);
#1167=VECTOR('',#1170,1.0);
#1168=VECTOR('',#1171,1.0);
#1169=DIRECTION('',(0,0.3742356217238071,-0.9273336505449351));
#1170=DIRECTION('',(0,0,1));
#1171=DIRECTION('',(0,-0.058565970631072245,-0.9982835404252844));
#1172=FACE_SURFACE('',(#1177),#1173,.T.);
#1173=PLANE('',#1174);
#1174=AXIS2_PLACEMENT_3D('',#66,#1175,#1176);
#1175=DIRECTION('',(0,-1,0));
#1176=DIRECTION('',(-0.9860082817235799,0,-0.16669633581009982));
#1177=FACE_BOUND('',#1178,.T.);
#1178=EDGE_LOOP('',(#1179,#1180,#1181));
#1179=ORIENTED_EDGE('',*,*,#1182,.T.);
#1180=ORIENTED_EDGE('',*,*,#1183,.T.);
#1181=ORIENTED_EDGE('',*,*,#1184,.T.);
#1182=EDGE_CURVE('',#67,#85,#1185,.F.);
#1183=EDGE_CURVE('',#85,#87,#1186,.T.);
#1184=EDGE_CURVE('',#87,#67,#1187,.T.);
#1185=LINE('',#66,#1188);
#1186=LINE('',#84,#1189);
#1187=LINE('',#86,#1190);
#1188=VECTOR('',#1191,1.0);
#1189=VECTOR('',#1192,1.0);
#1190=VECTOR('',#1193,1.0);
#1191=DIRECTION('',(-0.9860082817235799,0,-0.16669633581009982));
#1192=DIRECTION('',(1,0,0));
#1193=DIRECTION('',(0.7316734984933129,0,0.6816552586187214));
#1194=FACE_SURFACE('',(#1199),#1195,.T.);
#1195=PLANE('',#1196);
#1196=AXIS2_PLACEMENT_3D('',#66,#1197,#1198);
#1197=DIRECTION('',(0,-1,0));
#1198=DIRECTION('',(-0.7316734984933129,0,-0.6816552586187214));
#1199=FACE_BOUND('',#1200,.T.);
#1200=EDGE_LOOP('',(#1201,#1202,#1203));
#1201=ORIENTED_EDGE('',*,*,#1204,.T.);
#1202=ORIENTED_EDGE('',*,*,#1205,.T.);
#1203=ORIENTED_EDGE('',*,*,#1206,.T.);
#1204=EDGE_CURVE('',#67,#87,#1207,.F.);
#1205=EDGE_CURVE('',#87,#89,#1208,.T.);
#1206=EDGE_CURVE('',#89,#67,#1209,.T.);
#1207=LINE('',#66,#1210);
#1208=LINE('',#86,#1211);
#1209=LINE('',#88,#1212);
#1210=VECTOR('',#1213,1.0);
#1211=VECTOR('',#1214,1.0);
#1212=VECTOR('',#1215,1.0);
#1213=DIRECTION('',(-0.7316734984933129,0,-0.6816552586187214));
#1214=DIRECTION('',(-7.443982173149429E-07,0,-0.9999999999997229));
#1215=DIRECTION('',(0.5606889842222699,0,0.828026486878167));
#1216=FACE_SURFACE('',(#1221),#1217,.T.);
#1217=PLANE('',#1218);
#1218=AXIS2_PLACEMENT_3D('',#90,#1219,#1220);
#1219=DIRECTION('',(0,-1,0));
#1220=DIRECTION('',(0,0,1));
#1221=FACE_BOUND('',#1222,.T.);
#1222=EDGE_LOOP('',(#1223,#1224,#1225));
#1223=ORIENTED_EDGE('',*,*,#1226,.T.);
#1224=ORIENTED_EDGE('',*,*,#1227,.T.);
#1225=ORIENTED_EDGE('',*,*,#1228,.T.);
#1226=EDGE_CURVE('',#91,#93,#1229,.F.);
#1227=EDGE_CURVE('',#93,#81,#1230,.T.);
#1228=EDGE_CURVE('',#81,#91,#1231,.T.);
#1229=LINE('',#90,#1232);
#1230=LINE('',#92,#1233);
#1231=LINE('',#80,#1234);
#1232=VECTOR('',#1235,1.0);
#1233=VECTOR('',#1236,1.0);
#1234=VECTOR('',#1237,1.0);
#1235=DIRECTION('',(0,0,1));
#1236=DIRECTION('',(-1,0,0));
#1237=DIRECTION('',(0.9928810203569177,0,-0.11911036653039886));
#1238=FACE_SURFACE('',(#1243),#1239,.T.);
#1239=PLANE('',#1240);
#1240=AXIS2_PLACEMENT_3D('',#94,#1241,#1242);
#1241=DIRECTION('',(0,-1,0));
#1242=DIRECTION('',(1,0,0));
#1243=FACE_BOUND('',#1244,.T.);
#1244=EDGE_LOOP('',(#1245,#1246,#1247));
#1245=ORIENTED_EDGE('',*,*,#1248,.T.);
#1246=ORIENTED_EDGE('',*,*,#1249,.T.);
#1247=ORIENTED_EDGE('',*,*,#1250,.T.);
#1248=EDGE_CURVE('',#95,#91,#1251,.F.);
#1249=EDGE_CURVE('',#91,#81,#1252,.T.);
#1250=EDGE_CURVE('',#81,#95,#1253,.T.);
#1251=LINE('',#94,#1254);
#1252=LINE('',#90,#1255);
#1253=LINE('',#80,#1256);
#1254=VECTOR('',#1257,1.0);
#1255=VECTOR('',#1258,1.0);
#1256=VECTOR('',#1259,1.0);
#1257=DIRECTION('',(1,0,0));
#1258=DIRECTION('',(-0.9928810203569177,0,0.11911036653039886));
#1259=DIRECTION('',(0.7316736364615428,0,-0.6816551105266813));
#1260=FACE_SURFACE('',(#1265),#1261,.T.);
#1261=PLANE('',#1262);
#1262=AXIS2_PLACEMENT_3D('',#68,#1263,#1264);
#1263=DIRECTION('',(0,-1,0));
#1264=DIRECTION('',(0,0,1));
#1265=FACE_BOUND('',#1266,.T.);
#1266=EDGE_LOOP('',(#1267,#1268,#1269));
#1267=ORIENTED_EDGE('',*,*,#1270,.T.);
#1268=ORIENTED_EDGE('',*,*,#1271,.T.);
#1269=ORIENTED_EDGE('',*,*,#1272,.T.);
#1270=EDGE_CURVE('',#69,#67,#1273,.F.);
#1271=EDGE_CURVE('',#67,#89,#1274,.T.);
#1272=EDGE_CURVE('',#89,#69,#1275,.T.);
#1273=LINE('',#68,#1276);
#1274=LINE('',#66,#1277);
#1275=LINE('',#88,#1278);
#1276=VECTOR('',#1279,1.0);
#1277=VECTOR('',#1280,1.0);
#1278=VECTOR('',#1281,1.0);
#1279=DIRECTION('',(0,0,1));
#1280=DIRECTION('',(-0.5606889842222699,0,-0.828026486878167));
#1281=DIRECTION('',(0.9777219859245833,0,-0.20990406913561488));
#1282=FACE_SURFACE('',(#1287),#1283,.T.);
#1283=PLANE('',#1284);
#1284=AXIS2_PLACEMENT_3D('',#96,#1285,#1286);
#1285=DIRECTION('',(0,-1,0));
#1286=DIRECTION('',(7.443982173149429E-07,0,0.9999999999997229));
#1287=FACE_BOUND('',#1288,.T.);
#1288=EDGE_LOOP('',(#1289,#1290,#1291));
#1289=ORIENTED_EDGE('',*,*,#1292,.T.);
#1290=ORIENTED_EDGE('',*,*,#1293,.T.);
#1291=ORIENTED_EDGE('',*,*,#1294,.T.);
#1292=EDGE_CURVE('',#97,#95,#1295,.F.);
#1293=EDGE_CURVE('',#95,#81,#1296,.T.);
#1294=EDGE_CURVE('',#81,#97,#1297,.T.);
#1295=LINE('',#96,#1298);
#1296=LINE('',#94,#1299);
#1297=LINE('',#80,#1300);
#1298=VECTOR('',#1301,1.0);
#1299=VECTOR('',#1302,1.0);
#1300=VECTOR('',#1303,1.0);
#1301=DIRECTION('',(7.443982173149429E-07,0,0.9999999999997229));
#1302=DIRECTION('',(-0.7316736364615428,0,0.6816551105266813));
#1303=DIRECTION('',(0.5606888282157607,0,-0.8280265925162291));
#1304=FACE_SURFACE('',(#1309),#1305,.T.);
#1305=PLANE('',#1306);
#1306=AXIS2_PLACEMENT_3D('',#68,#1307,#1308);
#1307=DIRECTION('',(0,-1,0));
#1308=DIRECTION('',(-0.9777219859245833,0,0.20990406913561488));
#1309=FACE_BOUND('',#1310,.T.);
#1310=EDGE_LOOP('',(#1311,#1312,#1313));
#1311=ORIENTED_EDGE('',*,*,#1314,.T.);
#1312=ORIENTED_EDGE('',*,*,#1315,.T.);
#1313=ORIENTED_EDGE('',*,*,#1316,.T.);
#1314=EDGE_CURVE('',#69,#89,#1317,.F.);
#1315=EDGE_CURVE('',#89,#97,#1318,.T.);
#1316=EDGE_CURVE('',#97,#69,#1319,.T.);
#1317=LINE('',#68,#1320);
#1318=LINE('',#88,#1321);
#1319=LINE('',#96,#1322);
#1320=VECTOR('',#1323,1.0);
#1321=VECTOR('',#1324,1.0);
#1322=VECTOR('',#1325,1.0);
#1323=DIRECTION('',(-0.9777219859245833,0,0.20990406913561488));
#1324=DIRECTION('',(-1,0,0));
#1325=DIRECTION('',(0.9998908900619807,0,-0.014771864170108132));
#1326=FACE_SURFACE('',(#1331),#1327,.T.);
#1327=PLANE('',#1328);
#1328=AXIS2_PLACEMENT_3D('',#96,#1329,#1330);
#1329=DIRECTION('',(-0,-1,0));
#1330=DIRECTION('',(-0.5606888282157607,0,0.8280265925162291));
#1331=FACE_BOUND('',#1332,.T.);
#1332=EDGE_LOOP('',(#1333,#1334,#1335));
#1333=ORIENTED_EDGE('',*,*,#1336,.T.);
#1334=ORIENTED_EDGE('',*,*,#1337,.T.);
#1335=ORIENTED_EDGE('',*,*,#1338,.T.);
#1336=EDGE_CURVE('',#97,#81,#1339,.F.);
#1337=EDGE_CURVE('',#81,#83,#1340,.T.);
#1338=EDGE_CURVE('',#83,#97,#1341,.T.);
#1339=LINE('',#96,#1342);
#1340=LINE('',#80,#1343);
#1341=LINE('',#82,#1344);
#1342=VECTOR('',#1345,1.0);
#1343=VECTOR('',#1346,1.0);
#1344=VECTOR('',#1347,1.0);
#1345=DIRECTION('',(-0.5606888282157607,0,0.8280265925162291));
#1346=DIRECTION('',(0,0,-1));
#1347=DIRECTION('',(0.9777219684426481,0,0.20990415056552186));
#1348=FACE_SURFACE('',(#1353),#1349,.T.);
#1349=PLANE('',#1350);
#1350=AXIS2_PLACEMENT_3D('',#68,#1351,#1352);
#1351=DIRECTION('',(0,-1,0));
#1352=DIRECTION('',(-0.9998908900619807,0,0.014771864170108132));
#1353=FACE_BOUND('',#1354,.T.);
#1354=EDGE_LOOP('',(#1355,#1356,#1357));
#1355=ORIENTED_EDGE('',*,*,#1358,.T.);
#1356=ORIENTED_EDGE('',*,*,#1359,.T.);
#1357=ORIENTED_EDGE('',*,*,#1360,.T.);
#1358=EDGE_CURVE('',#69,#97,#1361,.F.);
#1359=EDGE_CURVE('',#97,#83,#1362,.T.);
#1360=EDGE_CURVE('',#83,#69,#1363,.T.);
#1361=LINE('',#68,#1364);
#1362=LINE('',#96,#1365);
#1363=LINE('',#82,#1366);
#1364=VECTOR('',#1367,1.0);
#1365=VECTOR('',#1368,1.0);
#1366=VECTOR('',#1369,1.0);
#1367=DIRECTION('',(-0.9998908900619807,0,0.014771864170108132));
#1368=DIRECTION('',(-0.9777219684426481,0,-0.20990415056552186));
#1369=DIRECTION('',(1,0,0));
#1370=FACE_SURFACE('',(#1375),#1371,.T.);
#1371=PLANE('',#1372);
#1372=AXIS2_PLACEMENT_3D('',#98,#1373,#1374);
#1373=DIRECTION('',(0,0,-1));
#1374=DIRECTION('',(-0.1912192172449519,-0.9815473554323438,0));
#1375=FACE_BOUND('',#1376,.T.);
#1376=EDGE_LOOP('',(#1377,#1378,#1379));
#1377=ORIENTED_EDGE('',*,*,#1380,.T.);
#1378=ORIENTED_EDGE('',*,*,#1381,.T.);
#1379=ORIENTED_EDGE('',*,*,#1382,.T.);
#1380=EDGE_CURVE('',#99,#87,#1383,.F.);
#1381=EDGE_CURVE('',#87,#85,#1384,.T.);
#1382=EDGE_CURVE('',#85,#99,#1385,.T.);
#1383=LINE('',#98,#1386);
#1384=LINE('',#86,#1387);
#1385=LINE('',#84,#1388);
#1386=VECTOR('',#1389,1.0);
#1387=VECTOR('',#1390,1.0);
#1388=VECTOR('',#1391,1.0);
#1389=DIRECTION('',(-0.1912192172449519,-0.9815473554323438,0));
#1390=DIRECTION('',(-1,0,0));
#1391=DIRECTION('',(0.9946825283244938,0.1029886782417973,0));
#1392=FACE_SURFACE('',(#1397),#1393,.T.);
#1393=PLANE('',#1394);
#1394=AXIS2_PLACEMENT_3D('',#90,#1395,#1396);
#1395=DIRECTION('',(0,0,-1));
#1396=DIRECTION('',(-1,0,0));
#1397=FACE_BOUND('',#1398,.T.);
#1398=EDGE_LOOP('',(#1399,#1400,#1401));
#1399=ORIENTED_EDGE('',*,*,#1402,.T.);
#1400=ORIENTED_EDGE('',*,*,#1403,.T.);
#1401=ORIENTED_EDGE('',*,*,#1404,.T.);
#1402=EDGE_CURVE('',#91,#95,#1405,.F.);
#1403=EDGE_CURVE('',#95,#101,#1406,.T.);
#1404=EDGE_CURVE('',#101,#91,#1407,.T.);
#1405=LINE('',#90,#1408);
#1406=LINE('',#94,#1409);
#1407=LINE('',#100,#1410);
#1408=VECTOR('',#1411,1.0);
#1409=VECTOR('',#1412,1.0);
#1410=VECTOR('',#1413,1.0);
#1411=DIRECTION('',(-1,0,0));
#1412=DIRECTION('',(-0.19121841210113982,0.9815475122853292,0));
#1413=DIRECTION('',(0.9975940435990078,-0.06932621564589354,0));
#1414=FACE_SURFACE('',(#1419),#1415,.T.);
#1415=PLANE('',#1416);
#1416=AXIS2_PLACEMENT_3D('',#98,#1417,#1418);
#1417=DIRECTION('',(0,0,-1));
#1418=DIRECTION('',(-0.9946825283244938,-0.1029886782417973,0));
#1419=FACE_BOUND('',#1420,.T.);
#1420=EDGE_LOOP('',(#1421,#1422,#1423));
#1421=ORIENTED_EDGE('',*,*,#1424,.T.);
#1422=ORIENTED_EDGE('',*,*,#1425,.T.);
#1423=ORIENTED_EDGE('',*,*,#1426,.T.);
#1424=EDGE_CURVE('',#99,#85,#1427,.F.);
#1425=EDGE_CURVE('',#85,#91,#1428,.T.);
#1426=EDGE_CURVE('',#91,#99,#1429,.T.);
#1427=LINE('',#98,#1430);
#1428=LINE('',#84,#1431);
#1429=LINE('',#90,#1432);
#1430=VECTOR('',#1433,1.0);
#1431=VECTOR('',#1434,1.0);
#1432=VECTOR('',#1435,1.0);
#1433=DIRECTION('',(-0.9946825283244938,-0.1029886782417973,0));
#1434=DIRECTION('',(-1,0,0));
#1435=DIRECTION('',(0.9975940441663721,0.06932620748160467,0));
#1436=FACE_SURFACE('',(#1441),#1437,.T.);
#1437=PLANE('',#1438);
#1438=AXIS2_PLACEMENT_3D('',#90,#1439,#1440);
#1439=DIRECTION('',(0,0,-1));
#1440=DIRECTION('',(-0.9975940435990078,0.06932621564589354,0));
#1441=FACE_BOUND('',#1442,.T.);
#1442=EDGE_LOOP('',(#1443,#1444,#1445));
#1443=ORIENTED_EDGE('',*,*,#1446,.T.);
#1444=ORIENTED_EDGE('',*,*,#1447,.T.);
#1445=ORIENTED_EDGE('',*,*,#1448,.T.);
#1446=EDGE_CURVE('',#91,#101,#1449,.F.);
#1447=EDGE_CURVE('',#101,#99,#1450,.T.);
#1448=EDGE_CURVE('',#99,#91,#1451,.T.);
#1449=LINE('',#90,#1452);
#1450=LINE('',#100,#1453);
#1451=LINE('',#98,#1454);
#1452=VECTOR('',#1455,1.0);
#1453=VECTOR('',#1456,1.0);
#1454=VECTOR('',#1457,1.0);
#1455=DIRECTION('',(-0.9975940435990078,0.06932621564589354,0));
#1456=DIRECTION('',(1,0,0));
#1457=DIRECTION('',(-0.9975940441663721,-0.06932620748160467,0));
#1458=FACE_SURFACE('',(#1463),#1459,.T.);
#1459=PLANE('',#1460);
#1460=AXIS2_PLACEMENT_3D('',#66,#1461,#1462);
#1461=DIRECTION('',(0,0,1));
#1462=DIRECTION('',(-0.018101450811101448,0.9998361553167265,0));
#1463=FACE_BOUND('',#1464,.T.);
#1464=EDGE_LOOP('',(#1465,#1466,#1467));
#1465=ORIENTED_EDGE('',*,*,#1468,.T.);
#1466=ORIENTED_EDGE('',*,*,#1469,.T.);
#1467=ORIENTED_EDGE('',*,*,#1470,.T.);
#1468=EDGE_CURVE('',#67,#103,#1471,.F.);
#1469=EDGE_CURVE('',#103,#105,#1472,.T.);
#1470=EDGE_CURVE('',#105,#67,#1473,.T.);
#1471=LINE('',#66,#1474);
#1472=LINE('',#102,#1475);
#1473=LINE('',#104,#1476);
#1474=VECTOR('',#1477,1.0);
#1475=VECTOR('',#1478,1.0);
#1476=VECTOR('',#1479,1.0);
#1477=DIRECTION('',(-0.018101450811101448,0.9998361553167265,0));
#1478=DIRECTION('',(-1,0,0));
#1479=DIRECTION('',(0.9994693217618605,-0.032574143993152845,0));
#1480=FACE_SURFACE('',(#1485),#1481,.T.);
#1481=PLANE('',#1482);
#1482=AXIS2_PLACEMENT_3D('',#104,#1483,#1484);
#1483=DIRECTION('',(0,0,1));
#1484=DIRECTION('',(-0.8852403247285255,-0.4651339242353055,0));
#1485=FACE_BOUND('',#1486,.T.);
#1486=EDGE_LOOP('',(#1487,#1488,#1489));
#1487=ORIENTED_EDGE('',*,*,#1490,.T.);
#1488=ORIENTED_EDGE('',*,*,#1491,.T.);
#1489=ORIENTED_EDGE('',*,*,#1492,.T.);
#1490=EDGE_CURVE('',#105,#81,#1493,.F.);
#1491=EDGE_CURVE('',#81,#93,#1494,.T.);
#1492=EDGE_CURVE('',#93,#105,#1495,.T.);
#1493=LINE('',#104,#1496);
#1494=LINE('',#80,#1497);
#1495=LINE('',#92,#1498);
#1496=VECTOR('',#1499,1.0);
#1497=VECTOR('',#1500,1.0);
#1498=VECTOR('',#1501,1.0);
#1499=DIRECTION('',(-0.8852403247285255,-0.4651339242353055,0));
#1500=DIRECTION('',(1,0,0));
#1501=DIRECTION('',(-0.9975940441663721,0.06932620748160467,0));
#1502=FACE_SURFACE('',(#1507),#1503,.T.);
#1503=PLANE('',#1504);
#1504=AXIS2_PLACEMENT_3D('',#104,#1505,#1506);
#1505=DIRECTION('',(0,0,1));
#1506=DIRECTION('',(0.9975940441663721,-0.06932620748160467,0));
#1507=FACE_BOUND('',#1508,.T.);
#1508=EDGE_LOOP('',(#1509,#1510,#1511));
#1509=ORIENTED_EDGE('',*,*,#1512,.T.);
#1510=ORIENTED_EDGE('',*,*,#1513,.T.);
#1511=ORIENTED_EDGE('',*,*,#1514,.T.);
#1512=EDGE_CURVE('',#105,#93,#1515,.F.);
#1513=EDGE_CURVE('',#93,#67,#1516,.T.);
#1514=EDGE_CURVE('',#67,#105,#1517,.T.);
#1515=LINE('',#104,#1518);
#1516=LINE('',#92,#1519);
#1517=LINE('',#66,#1520);
#1518=VECTOR('',#1521,1.0);
#1519=VECTOR('',#1522,1.0);
#1520=VECTOR('',#1523,1.0);
#1521=DIRECTION('',(0.9975940441663721,-0.06932620748160467,0));
#1522=DIRECTION('',(1,0,0));
#1523=DIRECTION('',(-0.9994693217618605,0.032574143993152845,0));
#1524=FACE_SURFACE('',(#1529),#1525,.T.);
#1525=PLANE('',#1526);
#1526=AXIS2_PLACEMENT_3D('',#104,#1527,#1528);
#1527=DIRECTION('',(0,0,1));
#1528=DIRECTION('',(-1,0,0));
#1529=FACE_BOUND('',#1530,.T.);
#1530=EDGE_LOOP('',(#1531,#1532,#1533));
#1531=ORIENTED_EDGE('',*,*,#1534,.T.);
#1532=ORIENTED_EDGE('',*,*,#1535,.T.);
#1533=ORIENTED_EDGE('',*,*,#1536,.T.);
#1534=EDGE_CURVE('',#105,#107,#1537,.F.);
#1535=EDGE_CURVE('',#107,#109,#1538,.T.);
#1536=EDGE_CURVE('',#109,#105,#1539,.T.);
#1537=LINE('',#104,#1540);
#1538=LINE('',#106,#1541);
#1539=LINE('',#108,#1542);
#1540=VECTOR('',#1543,1.0);
#1541=VECTOR('',#1544,1.0);
#1542=VECTOR('',#1545,1.0);
#1543=DIRECTION('',(-1,0,0));
#1544=DIRECTION('',(0,-1,0));
#1545=DIRECTION('',(0.935781214901786,0.3525812216170018,0));
#1546=FACE_SURFACE('',(#1551),#1547,.T.);
#1547=PLANE('',#1548);
#1548=AXIS2_PLACEMENT_3D('',#110,#1549,#1550);
#1549=DIRECTION('',(0,0,1));
#1550=DIRECTION('',(1,0,0));
#1551=FACE_BOUND('',#1552,.T.);
#1552=EDGE_LOOP('',(#1553,#1554,#1555));
#1553=ORIENTED_EDGE('',*,*,#1556,.T.);
#1554=ORIENTED_EDGE('',*,*,#1557,.T.);
#1555=ORIENTED_EDGE('',*,*,#1558,.T.);
#1556=EDGE_CURVE('',#111,#113,#1559,.F.);
#1557=EDGE_CURVE('',#113,#115,#1560,.T.);
#1558=EDGE_CURVE('',#115,#111,#1561,.T.);
#1559=LINE('',#110,#1562);
#1560=LINE('',#112,#1563);
#1561=LINE('',#114,#1564);
#1562=VECTOR('',#1565,1.0);
#1563=VECTOR('',#1566,1.0);
#1564=VECTOR('',#1567,1.0);
#1565=DIRECTION('',(1,0,0));
#1566=DIRECTION('',(0,1,0));
#1567=DIRECTION('',(-0.9984448200723972,-0.05574891273019,0));
#1568=FACE_SURFACE('',(#1573),#1569,.T.);
#1569=PLANE('',#1570);
#1570=AXIS2_PLACEMENT_3D('',#116,#1571,#1572);
#1571=DIRECTION('',(0,-0,1));
#1572=DIRECTION('',(0,1,0));
#1573=FACE_BOUND('',#1574,.T.);
#1574=EDGE_LOOP('',(#1575,#1576,#1577));
#1575=ORIENTED_EDGE('',*,*,#1578,.T.);
#1576=ORIENTED_EDGE('',*,*,#1579,.T.);
#1577=ORIENTED_EDGE('',*,*,#1580,.T.);
#1578=EDGE_CURVE('',#117,#119,#1581,.F.);
#1579=EDGE_CURVE('',#119,#103,#1582,.T.);
#1580=EDGE_CURVE('',#103,#117,#1583,.T.);
#1581=LINE('',#116,#1584);
#1582=LINE('',#118,#1585);
#1583=LINE('',#102,#1586);
#1584=VECTOR('',#1587,1.0);
#1585=VECTOR('',#1588,1.0);
#1586=VECTOR('',#1589,1.0);
#1587=DIRECTION('',(0,1,0));
#1588=DIRECTION('',(-1,0,0));
#1589=DIRECTION('',(0.9634186022014762,-0.2680011136770774,0));
#1590=FACE_SURFACE('',(#1595),#1591,.T.);
#1591=PLANE('',#1592);
#1592=AXIS2_PLACEMENT_3D('',#80,#1593,#1594);
#1593=DIRECTION('',(0,-0,1));
#1594=DIRECTION('',(0.8852403247285255,0.4651339242353055,0));
#1595=FACE_BOUND('',#1596,.T.);
#1596=EDGE_LOOP('',(#1597,#1598,#1599));
#1597=ORIENTED_EDGE('',*,*,#1600,.T.);
#1598=ORIENTED_EDGE('',*,*,#1601,.T.);
#1599=ORIENTED_EDGE('',*,*,#1602,.T.);
#1600=EDGE_CURVE('',#81,#105,#1603,.F.);
#1601=EDGE_CURVE('',#105,#109,#1604,.T.);
#1602=EDGE_CURVE('',#109,#81,#1605,.T.);
#1603=LINE('',#80,#1606);
#1604=LINE('',#104,#1607);
#1605=LINE('',#108,#1608);
#1606=VECTOR('',#1609,1.0);
#1607=VECTOR('',#1610,1.0);
#1608=VECTOR('',#1611,1.0);
#1609=DIRECTION('',(0.8852403247285255,0.4651339242353055,0));
#1610=DIRECTION('',(-0.935781214901786,-0.3525812216170018,0));
#1611=DIRECTION('',(0.9551854456926864,0.29600804775692174,0));
#1612=FACE_SURFACE('',(#1617),#1613,.T.);
#1613=PLANE('',#1614);
#1614=AXIS2_PLACEMENT_3D('',#54,#1615,#1616);
#1615=DIRECTION('',(0,-0,1));
#1616=DIRECTION('',(0,1,0));
#1617=FACE_BOUND('',#1618,.T.);
#1618=EDGE_LOOP('',(#1619,#1620,#1621));
#1619=ORIENTED_EDGE('',*,*,#1622,.T.);
#1620=ORIENTED_EDGE('',*,*,#1623,.T.);
#1621=ORIENTED_EDGE('',*,*,#1624,.T.);
#1622=EDGE_CURVE('',#55,#81,#1625,.F.);
#1623=EDGE_CURVE('',#81,#109,#1626,.T.);
#1624=EDGE_CURVE('',#109,#55,#1627,.T.);
#1625=LINE('',#54,#1628);
#1626=LINE('',#80,#1629);
#1627=LINE('',#108,#1630);
#1628=VECTOR('',#1631,1.0);
#1629=VECTOR('',#1632,1.0);
#1630=VECTOR('',#1633,1.0);
#1631=DIRECTION('',(0,1,0));
#1632=DIRECTION('',(-0.9551854456926864,-0.29600804775692174,0));
#1633=DIRECTION('',(0.08816817093582319,-0.9961056036554716,0));
#1634=FACE_SURFACE('',(#1639),#1635,.T.);
#1635=PLANE('',#1636);
#1636=AXIS2_PLACEMENT_3D('',#114,#1637,#1638);
#1637=DIRECTION('',(0,-0,1));
#1638=DIRECTION('',(0,1,0));
#1639=FACE_BOUND('',#1640,.T.);
#1640=EDGE_LOOP('',(#1641,#1642,#1643));
#1641=ORIENTED_EDGE('',*,*,#1644,.T.);
#1642=ORIENTED_EDGE('',*,*,#1645,.T.);
#1643=ORIENTED_EDGE('',*,*,#1646,.T.);
#1644=EDGE_CURVE('',#115,#117,#1647,.F.);
#1645=EDGE_CURVE('',#117,#103,#1648,.T.);
#1646=EDGE_CURVE('',#103,#115,#1649,.T.);
#1647=LINE('',#114,#1650);
#1648=LINE('',#116,#1651);
#1649=LINE('',#102,#1652);
#1650=VECTOR('',#1653,1.0);
#1651=VECTOR('',#1654,1.0);
#1652=VECTOR('',#1655,1.0);
#1653=DIRECTION('',(0,1,0));
#1654=DIRECTION('',(-0.9634186022014762,0.2680011136770774,0));
#1655=DIRECTION('',(0.08484015915365026,-0.9963945741496103,0));
#1656=FACE_SURFACE('',(#1661),#1657,.T.);
#1657=PLANE('',#1658);
#1658=AXIS2_PLACEMENT_3D('',#114,#1659,#1660);
#1659=DIRECTION('',(0,0,1));
#1660=DIRECTION('',(-0.08484015915365026,0.9963945741496103,0));
#1661=FACE_BOUND('',#1662,.T.);
#1662=EDGE_LOOP('',(#1663,#1664,#1665));
#1663=ORIENTED_EDGE('',*,*,#1666,.T.);
#1664=ORIENTED_EDGE('',*,*,#1667,.T.);
#1665=ORIENTED_EDGE('',*,*,#1668,.T.);
#1666=EDGE_CURVE('',#115,#103,#1669,.F.);
#1667=EDGE_CURVE('',#103,#67,#1670,.T.);
#1668=EDGE_CURVE('',#67,#115,#1671,.T.);
#1669=LINE('',#114,#1672);
#1670=LINE('',#102,#1673);
#1671=LINE('',#66,#1674);
#1672=VECTOR('',#1675,1.0);
#1673=VECTOR('',#1676,1.0);
#1674=VECTOR('',#1677,1.0);
#1675=DIRECTION('',(-0.08484015915365026,0.9963945741496103,0));
#1676=DIRECTION('',(0.018101450811101448,-0.9998361553167265,0));
#1677=DIRECTION('',(0.08619635265069521,-0.996278168379553,0));
#1678=FACE_SURFACE('',(#1683),#1679,.T.);
#1679=PLANE('',#1680);
#1680=AXIS2_PLACEMENT_3D('',#54,#1681,#1682);
#1681=DIRECTION('',(0,0,1));
#1682=DIRECTION('',(-0.08816817093582319,0.9961056036554716,0));
#1683=FACE_BOUND('',#1684,.T.);
#1684=EDGE_LOOP('',(#1685,#1686,#1687));
#1685=ORIENTED_EDGE('',*,*,#1688,.T.);
#1686=ORIENTED_EDGE('',*,*,#1689,.T.);
#1687=ORIENTED_EDGE('',*,*,#1690,.T.);
#1688=EDGE_CURVE('',#55,#109,#1691,.F.);
#1689=EDGE_CURVE('',#109,#121,#1692,.T.);
#1690=EDGE_CURVE('',#121,#55,#1693,.T.);
#1691=LINE('',#54,#1694);
#1692=LINE('',#108,#1695);
#1693=LINE('',#120,#1696);
#1694=VECTOR('',#1697,1.0);
#1695=VECTOR('',#1698,1.0);
#1696=VECTOR('',#1699,1.0);
#1697=DIRECTION('',(-0.08816817093582319,0.9961056036554716,0));
#1698=DIRECTION('',(0,-1,0));
#1699=DIRECTION('',(0.9763468332212882,0.21621022468598025,0));
#1700=FACE_SURFACE('',(#1705),#1701,.T.);
#1701=PLANE('',#1702);
#1702=AXIS2_PLACEMENT_3D('',#114,#1703,#1704);
#1703=DIRECTION('',(0,0,1));
#1704=DIRECTION('',(-0.08619635265069521,0.996278168379553,0));
#1705=FACE_BOUND('',#1706,.T.);
#1706=EDGE_LOOP('',(#1707,#1708,#1709));
#1707=ORIENTED_EDGE('',*,*,#1710,.T.);
#1708=ORIENTED_EDGE('',*,*,#1711,.T.);
#1709=ORIENTED_EDGE('',*,*,#1712,.T.);
#1710=EDGE_CURVE('',#115,#67,#1713,.F.);
#1711=EDGE_CURVE('',#67,#63,#1714,.T.);
#1712=EDGE_CURVE('',#63,#115,#1715,.T.);
#1713=LINE('',#114,#1716);
#1714=LINE('',#66,#1717);
#1715=LINE('',#62,#1718);
#1716=VECTOR('',#1719,1.0);
#1717=VECTOR('',#1720,1.0);
#1718=VECTOR('',#1721,1.0);
#1719=DIRECTION('',(-0.08619635265069521,0.996278168379553,0));
#1720=DIRECTION('',(0,-1,0));
#1721=DIRECTION('',(0.9987797409769679,0.04938652664422894,0));
#1722=FACE_SURFACE('',(#1727),#1723,.T.);
#1723=PLANE('',#1724);
#1724=AXIS2_PLACEMENT_3D('',#62,#1725,#1726);
#1725=DIRECTION('',(0,0,1));
#1726=DIRECTION('',(-1,0,0));
#1727=FACE_BOUND('',#1728,.T.);
#1728=EDGE_LOOP('',(#1729,#1730,#1731));
#1729=ORIENTED_EDGE('',*,*,#1732,.T.);
#1730=ORIENTED_EDGE('',*,*,#1733,.T.);
#1731=ORIENTED_EDGE('',*,*,#1734,.T.);
#1732=EDGE_CURVE('',#63,#55,#1735,.F.);
#1733=EDGE_CURVE('',#55,#121,#1736,.T.);
#1734=EDGE_CURVE('',#121,#63,#1737,.T.);
#1735=LINE('',#62,#1738);
#1736=LINE('',#54,#1739);
#1737=LINE('',#120,#1740);
#1738=VECTOR('',#1741,1.0);
#1739=VECTOR('',#1742,1.0);
#1740=VECTOR('',#1743,1.0);
#1741=DIRECTION('',(-1,0,0));
#1742=DIRECTION('',(-0.9763468332212882,-0.21621022468598025,0));
#1743=DIRECTION('',(0.9996764531654677,0.025435978190558064,0));
#1744=FACE_SURFACE('',(#1749),#1745,.T.);
#1745=PLANE('',#1746);
#1746=AXIS2_PLACEMENT_3D('',#110,#1747,#1748);
#1747=DIRECTION('',(0,0,1));
#1748=DIRECTION('',(0.9984448200723972,0.05574891273019,0));
#1749=FACE_BOUND('',#1750,.T.);
#1750=EDGE_LOOP('',(#1751,#1752,#1753));
#1751=ORIENTED_EDGE('',*,*,#1754,.T.);
#1752=ORIENTED_EDGE('',*,*,#1755,.T.);
#1753=ORIENTED_EDGE('',*,*,#1756,.T.);
#1754=EDGE_CURVE('',#111,#115,#1757,.F.);
#1755=EDGE_CURVE('',#115,#63,#1758,.T.);
#1756=EDGE_CURVE('',#63,#111,#1759,.T.);
#1757=LINE('',#110,#1760);
#1758=LINE('',#114,#1761);
#1759=LINE('',#62,#1762);
#1760=VECTOR('',#1763,1.0);
#1761=VECTOR('',#1764,1.0);
#1762=VECTOR('',#1765,1.0);
#1763=DIRECTION('',(0.9984448200723972,0.05574891273019,0));
#1764=DIRECTION('',(-0.9987797409769679,-0.04938652664422894,0));
#1765=DIRECTION('',(-0.9983512782104716,-0.05739969769534815,0));
#1766=FACE_SURFACE('',(#1771),#1767,.T.);
#1767=PLANE('',#1768);
#1768=AXIS2_PLACEMENT_3D('',#120,#1769,#1770);
#1769=DIRECTION('',(0,0,1));
#1770=DIRECTION('',(1,0,0));
#1771=FACE_BOUND('',#1772,.T.);
#1772=EDGE_LOOP('',(#1773,#1774,#1775));
#1773=ORIENTED_EDGE('',*,*,#1776,.T.);
#1774=ORIENTED_EDGE('',*,*,#1777,.T.);
#1775=ORIENTED_EDGE('',*,*,#1778,.T.);
#1776=EDGE_CURVE('',#121,#111,#1779,.F.);
#1777=EDGE_CURVE('',#111,#63,#1780,.T.);
#1778=EDGE_CURVE('',#63,#121,#1781,.T.);
#1779=LINE('',#120,#1782);
#1780=LINE('',#110,#1783);
#1781=LINE('',#62,#1784);
#1782=VECTOR('',#1785,1.0);
#1783=VECTOR('',#1786,1.0);
#1784=VECTOR('',#1787,1.0);
#1785=DIRECTION('',(1,0,0));
#1786=DIRECTION('',(0.9983512782104716,0.05739969769534815,0));
#1787=DIRECTION('',(-0.9996764531654677,-0.025435978190558064,0));
#1788=FACE_SURFACE('',(#1793),#1789,.T.);
#1789=PLANE('',#1790);
#1790=AXIS2_PLACEMENT_3D('',#122,#1791,#1792);
#1791=DIRECTION('',(1,0,-0));
#1792=DIRECTION('',(0,0.36420887400096064,0.9313172907763242));
#1793=FACE_BOUND('',#1794,.T.);
#1794=EDGE_LOOP('',(#1795,#1796,#1797));
#1795=ORIENTED_EDGE('',*,*,#1798,.T.);
#1796=ORIENTED_EDGE('',*,*,#1799,.T.);
#1797=ORIENTED_EDGE('',*,*,#1800,.T.);
#1798=EDGE_CURVE('',#123,#117,#1801,.F.);
#1799=EDGE_CURVE('',#117,#115,#1802,.T.);
#1800=EDGE_CURVE('',#115,#123,#1803,.T.);
#1801=LINE('',#122,#1804);
#1802=LINE('',#116,#1805);
#1803=LINE('',#114,#1806);
#1804=VECTOR('',#1807,1.0);
#1805=VECTOR('',#1808,1.0);
#1806=VECTOR('',#1809,1.0);
#1807=DIRECTION('',(0,0.36420887400096064,0.9313172907763242));
#1808=DIRECTION('',(0,-1,0));
#1809=DIRECTION('',(0,0.9991701201384143,-0.040731695552563285));
#1810=FACE_SURFACE('',(#1815),#1811,.T.);
#1811=PLANE('',#1812);
#1812=AXIS2_PLACEMENT_3D('',#122,#1813,#1814);
#1813=DIRECTION('',(1,0,0));
#1814=DIRECTION('',(0,-0.9991701201384143,0.040731695552563285));
#1815=FACE_BOUND('',#1816,.T.);
#1816=EDGE_LOOP('',(#1817,#1818,#1819));
#1817=ORIENTED_EDGE('',*,*,#1820,.T.);
#1818=ORIENTED_EDGE('',*,*,#1821,.T.);
#1819=ORIENTED_EDGE('',*,*,#1822,.T.);
#1820=EDGE_CURVE('',#123,#115,#1823,.F.);
#1821=EDGE_CURVE('',#115,#125,#1824,.T.);
#1822=EDGE_CURVE('',#125,#123,#1825,.T.);
#1823=LINE('',#122,#1826);
#1824=LINE('',#114,#1827);
#1825=LINE('',#124,#1828);
#1826=VECTOR('',#1829,1.0);
#1827=VECTOR('',#1830,1.0);
#1828=VECTOR('',#1831,1.0);
#1829=DIRECTION('',(0,-0.9991701201384143,0.040731695552563285));
#1830=DIRECTION('',(0,8.711934021035578E-07,-0.9999999999996205));
#1831=DIRECTION('',(0,0.9999999999999998,2.663601134040612E-08));
#1832=FACE_SURFACE('',(#1837),#1833,.T.);
#1833=PLANE('',#1834);
#1834=AXIS2_PLACEMENT_3D('',#126,#1835,#1836);
#1835=DIRECTION('',(0,0.9999999999977174,2.136681370590755E-06));
#1836=DIRECTION('',(-1,0,0));
#1837=FACE_BOUND('',#1838,.T.);
#1838=EDGE_LOOP('',(#1839,#1840,#1841));
#1839=ORIENTED_EDGE('',*,*,#1842,.T.);
#1840=ORIENTED_EDGE('',*,*,#1843,.T.);
#1841=ORIENTED_EDGE('',*,*,#1844,.T.);
#1842=EDGE_CURVE('',#127,#129,#1845,.F.);
#1843=EDGE_CURVE('',#129,#131,#1846,.T.);
#1844=EDGE_CURVE('',#131,#127,#1847,.T.);
#1845=LINE('',#126,#1848);
#1846=LINE('',#128,#1849);
#1847=LINE('',#130,#1850);
#1848=VECTOR('',#1851,1.0);
#1849=VECTOR('',#1852,1.0);
#1850=VECTOR('',#1853,1.0);
#1851=DIRECTION('',(-1,0,0));
#1852=DIRECTION('',(1.0683406852947676E-06,-2.136681370589535E-06,0.9999999999971467));
#1853=DIRECTION('',(0.9678523564647732,5.374159987077689E-07,-0.2515190173432158));
#1854=FACE_SURFACE('',(#1859),#1855,.T.);
#1855=PLANE('',#1856);
#1856=AXIS2_PLACEMENT_3D('',#130,#1857,#1858);
#1857=DIRECTION('',(0,1,0));
#1858=DIRECTION('',(0,0,1));
#1859=FACE_BOUND('',#1860,.T.);
#1860=EDGE_LOOP('',(#1861,#1862,#1863));
#1861=ORIENTED_EDGE('',*,*,#1864,.T.);
#1862=ORIENTED_EDGE('',*,*,#1865,.T.);
#1863=ORIENTED_EDGE('',*,*,#1866,.T.);
#1864=EDGE_CURVE('',#131,#107,#1867,.F.);
#1865=EDGE_CURVE('',#107,#105,#1868,.T.);
#1866=EDGE_CURVE('',#105,#131,#1869,.T.);
#1867=LINE('',#130,#1870);
#1868=LINE('',#106,#1871);
#1869=LINE('',#104,#1872);
#1870=VECTOR('',#1873,1.0);
#1871=VECTOR('',#1874,1.0);
#1872=VECTOR('',#1875,1.0);
#1873=DIRECTION('',(0,0,1));
#1874=DIRECTION('',(1,0,0));
#1875=DIRECTION('',(-0.952788122563443,0,-0.30363595554879463));
#1876=FACE_SURFACE('',(#1881),#1877,.T.);
#1877=PLANE('',#1878);
#1878=AXIS2_PLACEMENT_3D('',#102,#1879,#1880);
#1879=DIRECTION('',(-0,0.9999999999995394,9.597477015237813E-07));
#1880=DIRECTION('',(1,0,0));
#1881=FACE_BOUND('',#1882,.T.);
#1882=EDGE_LOOP('',(#1883,#1884,#1885));
#1883=ORIENTED_EDGE('',*,*,#1886,.T.);
#1884=ORIENTED_EDGE('',*,*,#1887,.T.);
#1885=ORIENTED_EDGE('',*,*,#1888,.T.);
#1886=EDGE_CURVE('',#103,#119,#1889,.F.);
#1887=EDGE_CURVE('',#119,#133,#1890,.T.);
#1888=EDGE_CURVE('',#133,#103,#1891,.T.);
#1889=LINE('',#102,#1892);
#1890=LINE('',#118,#1893);
#1891=LINE('',#132,#1894);
#1892=VECTOR('',#1895,1.0);
#1893=VECTOR('',#1896,1.0);
#1894=VECTOR('',#1897,1.0);
#1895=DIRECTION('',(1,0,0));
#1896=DIRECTION('',(4.798738507618354E-07,9.597477015236707E-07,-0.9999999999994242));
#1897=DIRECTION('',(-0.7674867234155414,-6.152605069397707E-07,0.6410648402310781));
#1898=FACE_SURFACE('',(#1903),#1899,.T.);
#1899=PLANE('',#1900);
#1900=AXIS2_PLACEMENT_3D('',#130,#1901,#1902);
#1901=DIRECTION('',(0,1,0));
#1902=DIRECTION('',(0.952788122563443,0,0.30363595554879463));
#1903=FACE_BOUND('',#1904,.T.);
#1904=EDGE_LOOP('',(#1905,#1906,#1907));
#1905=ORIENTED_EDGE('',*,*,#1908,.T.);
#1906=ORIENTED_EDGE('',*,*,#1909,.T.);
#1907=ORIENTED_EDGE('',*,*,#1910,.T.);
#1908=EDGE_CURVE('',#131,#105,#1911,.F.);
#1909=EDGE_CURVE('',#105,#103,#1912,.T.);
#1910=EDGE_CURVE('',#103,#131,#1913,.T.);
#1911=LINE('',#130,#1914);
#1912=LINE('',#104,#1915);
#1913=LINE('',#102,#1916);
#1914=VECTOR('',#1917,1.0);
#1915=VECTOR('',#1918,1.0);
#1916=VECTOR('',#1919,1.0);
#1917=DIRECTION('',(0.952788122563443,0,0.30363595554879463));
#1918=DIRECTION('',(1,0,0));
#1919=DIRECTION('',(-0.9985923014461893,0,-0.053041639231864474));
#1920=FACE_SURFACE('',(#1925),#1921,.T.);
#1921=PLANE('',#1922);
#1922=AXIS2_PLACEMENT_3D('',#134,#1923,#1924);
#1923=DIRECTION('',(0,0.9999999999713792,7.565798806278699E-06));
#1924=DIRECTION('',(7.565798806062162E-06,7.565798806062162E-06,-0.9999999999427587));
#1925=FACE_BOUND('',#1926,.T.);
#1926=EDGE_LOOP('',(#1927,#1928,#1929));
#1927=ORIENTED_EDGE('',*,*,#1930,.T.);
#1928=ORIENTED_EDGE('',*,*,#1931,.T.);
#1929=ORIENTED_EDGE('',*,*,#1932,.T.);
#1930=EDGE_CURVE('',#135,#137,#1933,.F.);
#1931=EDGE_CURVE('',#137,#127,#1934,.T.);
#1932=EDGE_CURVE('',#127,#135,#1935,.T.);
#1933=LINE('',#134,#1936);
#1934=LINE('',#136,#1937);
#1935=LINE('',#126,#1938);
#1936=VECTOR('',#1939,1.0);
#1937=VECTOR('',#1940,1.0);
#1938=VECTOR('',#1941,1.0);
#1939=DIRECTION('',(7.565798806062162E-06,7.565798806062162E-06,-0.9999999999427587));
#1940=DIRECTION('',(-1,0,0));
#1941=DIRECTION('',(0.998900960625608,-3.5461495944576174E-07,0.04687078899604425));
#1942=FACE_SURFACE('',(#1947),#1943,.T.);
#1943=PLANE('',#1944);
#1944=AXIS2_PLACEMENT_3D('',#138,#1945,#1946);
#1945=DIRECTION('',(-0,0.9999999999713792,7.565798806278699E-06));
#1946=DIRECTION('',(1,0,0));
#1947=FACE_BOUND('',#1948,.T.);
#1948=EDGE_LOOP('',(#1949,#1950,#1951));
#1949=ORIENTED_EDGE('',*,*,#1952,.T.);
#1950=ORIENTED_EDGE('',*,*,#1953,.T.);
#1951=ORIENTED_EDGE('',*,*,#1954,.T.);
#1952=EDGE_CURVE('',#139,#135,#1955,.F.);
#1953=EDGE_CURVE('',#135,#127,#1956,.T.);
#1954=EDGE_CURVE('',#127,#139,#1957,.T.);
#1955=LINE('',#138,#1958);
#1956=LINE('',#134,#1959);
#1957=LINE('',#126,#1960);
#1958=VECTOR('',#1961,1.0);
#1959=VECTOR('',#1962,1.0);
#1960=VECTOR('',#1963,1.0);
#1961=DIRECTION('',(1,0,0));
#1962=DIRECTION('',(-0.998900960625608,3.5461495944576174E-07,-0.04687078899604425));
#1963=DIRECTION('',(-7.565798806062162E-06,-7.565798806062162E-06,0.9999999999427587));
#1964=FACE_SURFACE('',(#1969),#1965,.T.);
#1965=PLANE('',#1966);
#1966=AXIS2_PLACEMENT_3D('',#102,#1967,#1968);
#1967=DIRECTION('',(0,0.9999999999995396,9.597477015237815E-07));
#1968=DIRECTION('',(0.7674867234155414,6.152605069397707E-07,-0.6410648402310781));
#1969=FACE_BOUND('',#1970,.T.);
#1970=EDGE_LOOP('',(#1971,#1972,#1973));
#1971=ORIENTED_EDGE('',*,*,#1974,.T.);
#1972=ORIENTED_EDGE('',*,*,#1975,.T.);
#1973=ORIENTED_EDGE('',*,*,#1976,.T.);
#1974=EDGE_CURVE('',#103,#133,#1977,.F.);
#1975=EDGE_CURVE('',#133,#141,#1978,.T.);
#1976=EDGE_CURVE('',#141,#103,#1979,.T.);
#1977=LINE('',#102,#1980);
#1978=LINE('',#132,#1981);
#1979=LINE('',#140,#1982);
#1980=VECTOR('',#1983,1.0);
#1981=VECTOR('',#1984,1.0);
#1982=VECTOR('',#1985,1.0);
#1983=DIRECTION('',(0.7674867234155414,6.152605069397707E-07,-0.6410648402310781));
#1984=DIRECTION('',(-1,0,0));
#1985=DIRECTION('',(0.4691470355382461,-8.475724579002257E-07,0.8831200705707902));
#1986=FACE_SURFACE('',(#1991),#1987,.T.);
#1987=PLANE('',#1988);
#1988=AXIS2_PLACEMENT_3D('',#140,#1989,#1990);
#1989=DIRECTION('',(-0.6411993084303901,0.7673743850738558,9.546152442785777E-07));
#1990=DIRECTION('',(-7.565798806062162E-06,-7.565798806062162E-06,0.9999999999427587));
#1991=FACE_BOUND('',#1992,.T.);
#1992=EDGE_LOOP('',(#1993,#1994,#1995));
#1993=ORIENTED_EDGE('',*,*,#1996,.T.);
#1994=ORIENTED_EDGE('',*,*,#1997,.T.);
#1995=ORIENTED_EDGE('',*,*,#1998,.T.);
#1996=EDGE_CURVE('',#141,#143,#1999,.F.);
#1997=EDGE_CURVE('',#143,#99,#2000,.T.);
#1998=EDGE_CURVE('',#99,#141,#2001,.T.);
#1999=LINE('',#140,#2002);
#2000=LINE('',#142,#2003);
#2001=LINE('',#98,#2004);
#2002=VECTOR('',#2005,1.0);
#2003=VECTOR('',#2006,1.0);
#2004=VECTOR('',#2007,1.0);
#2005=DIRECTION('',(-7.565798806062162E-06,-7.565798806062162E-06,0.9999999999427587));
#2006=DIRECTION('',(1.4887964346286484E-06,0,0.9999999999988918));
#2007=DIRECTION('',(1.0683406852947676E-06,2.136681370589535E-06,-0.9999999999971467));
#2008=FACE_SURFACE('',(#2013),#2009,.T.);
#2009=PLANE('',#2010);
#2010=AXIS2_PLACEMENT_3D('',#102,#2011,#2012);
#2011=DIRECTION('',(-2.2154496904641216E-06,0.9999999999952631,2.13667900373047E-06));
#2012=DIRECTION('',(-0.4691470355382461,8.475724579002257E-07,-0.8831200705707902));
#2013=FACE_BOUND('',#2014,.T.);
#2014=EDGE_LOOP('',(#2015,#2016,#2017));
#2015=ORIENTED_EDGE('',*,*,#2018,.T.);
#2016=ORIENTED_EDGE('',*,*,#2019,.T.);
#2017=ORIENTED_EDGE('',*,*,#2020,.T.);
#2018=EDGE_CURVE('',#103,#141,#2021,.F.);
#2019=EDGE_CURVE('',#141,#99,#2022,.T.);
#2020=EDGE_CURVE('',#99,#103,#2023,.T.);
#2021=LINE('',#102,#2024);
#2022=LINE('',#140,#2025);
#2023=LINE('',#98,#2026);
#2024=VECTOR('',#2027,1.0);
#2025=VECTOR('',#2028,1.0);
#2026=VECTOR('',#2029,1.0);
#2027=DIRECTION('',(-0.4691470355382461,8.475724579002257E-07,-0.8831200705707902));
#2028=DIRECTION('',(-1.0683406852947676E-06,-2.136681370589535E-06,0.9999999999971467));
#2029=DIRECTION('',(0.6941949152192414,0,0.7197870655157331));
#2030=FACE_SURFACE('',(#2035),#2031,.T.);
#2031=PLANE('',#2032);
#2032=AXIS2_PLACEMENT_3D('',#138,#2033,#2034);
#2033=DIRECTION('',(1.4108856151362164E-06,0.999999999970384,7.565809480747873E-06));
#2034=DIRECTION('',(7.565798806062162E-06,7.565798806062162E-06,-0.9999999999427587));
#2035=FACE_BOUND('',#2036,.T.);
#2036=EDGE_LOOP('',(#2037,#2038,#2039));
#2037=ORIENTED_EDGE('',*,*,#2040,.T.);
#2038=ORIENTED_EDGE('',*,*,#2041,.T.);
#2039=ORIENTED_EDGE('',*,*,#2042,.T.);
#2040=EDGE_CURVE('',#139,#127,#2043,.F.);
#2041=EDGE_CURVE('',#127,#131,#2044,.T.);
#2042=EDGE_CURVE('',#131,#139,#2045,.T.);
#2043=LINE('',#138,#2046);
#2044=LINE('',#126,#2047);
#2045=LINE('',#130,#2048);
#2046=VECTOR('',#2049,1.0);
#2047=VECTOR('',#2050,1.0);
#2048=VECTOR('',#2051,1.0);
#2049=DIRECTION('',(7.565798806062162E-06,7.565798806062162E-06,-0.9999999999427587));
#2050=DIRECTION('',(-0.9678523564647732,-5.374159987077689E-07,0.2515190173432158));
#2051=DIRECTION('',(0.9830530180964671,0,-0.18332147613257727));
#2052=FACE_SURFACE('',(#2057),#2053,.T.);
#2053=PLANE('',#2054);
#2054=AXIS2_PLACEMENT_3D('',#102,#2055,#2056);
#2055=DIRECTION('',(0,1,0));
#2056=DIRECTION('',(-0.6941949152192414,0,-0.7197870655157331));
#2057=FACE_BOUND('',#2058,.T.);
#2058=EDGE_LOOP('',(#2059,#2060,#2061));
#2059=ORIENTED_EDGE('',*,*,#2062,.T.);
#2060=ORIENTED_EDGE('',*,*,#2063,.T.);
#2061=ORIENTED_EDGE('',*,*,#2064,.T.);
#2062=EDGE_CURVE('',#103,#99,#2065,.F.);
#2063=EDGE_CURVE('',#99,#101,#2066,.T.);
#2064=EDGE_CURVE('',#101,#103,#2067,.T.);
#2065=LINE('',#102,#2068);
#2066=LINE('',#98,#2069);
#2067=LINE('',#100,#2070);
#2068=VECTOR('',#2071,1.0);
#2069=VECTOR('',#2072,1.0);
#2070=VECTOR('',#2073,1.0);
#2071=DIRECTION('',(-0.6941949152192414,0,-0.7197870655157331));
#2072=DIRECTION('',(-1,0,0));
#2073=DIRECTION('',(0.9979747513825596,0,0.06361128518524363));
#2074=FACE_SURFACE('',(#2079),#2075,.T.);
#2075=PLANE('',#2076);
#2076=AXIS2_PLACEMENT_3D('',#100,#2077,#2078);
#2077=DIRECTION('',(0,1,0));
#2078=DIRECTION('',(-1.4887964346286484E-06,0,-0.9999999999988918));
#2079=FACE_BOUND('',#2080,.T.);
#2080=EDGE_LOOP('',(#2081,#2082,#2083));
#2081=ORIENTED_EDGE('',*,*,#2084,.T.);
#2082=ORIENTED_EDGE('',*,*,#2085,.T.);
#2083=ORIENTED_EDGE('',*,*,#2086,.T.);
#2084=EDGE_CURVE('',#101,#139,#2087,.F.);
#2085=EDGE_CURVE('',#139,#131,#2088,.T.);
#2086=EDGE_CURVE('',#131,#101,#2089,.T.);
#2087=LINE('',#100,#2090);
#2088=LINE('',#138,#2091);
#2089=LINE('',#130,#2092);
#2090=VECTOR('',#2093,1.0);
#2091=VECTOR('',#2094,1.0);
#2092=VECTOR('',#2095,1.0);
#2093=DIRECTION('',(-1.4887964346286484E-06,0,-0.9999999999988918));
#2094=DIRECTION('',(-0.9830530180964671,0,0.18332147613257727));
#2095=DIRECTION('',(1,0,0));
#2096=FACE_SURFACE('',(#2101),#2097,.T.);
#2097=PLANE('',#2098);
#2098=AXIS2_PLACEMENT_3D('',#130,#2099,#2100);
#2099=DIRECTION('',(0,1,0));
#2100=DIRECTION('',(0.9985923014461893,0,0.053041639231864474));
#2101=FACE_BOUND('',#2102,.T.);
#2102=EDGE_LOOP('',(#2103,#2104,#2105));
#2103=ORIENTED_EDGE('',*,*,#2106,.T.);
#2104=ORIENTED_EDGE('',*,*,#2107,.T.);
#2105=ORIENTED_EDGE('',*,*,#2108,.T.);
#2106=EDGE_CURVE('',#131,#103,#2109,.F.);
#2107=EDGE_CURVE('',#103,#101,#2110,.T.);
#2108=EDGE_CURVE('',#101,#131,#2111,.T.);
#2109=LINE('',#130,#2112);
#2110=LINE('',#102,#2113);
#2111=LINE('',#100,#2114);
#2112=VECTOR('',#2115,1.0);
#2113=VECTOR('',#2116,1.0);
#2114=VECTOR('',#2117,1.0);
#2115=DIRECTION('',(0.9985923014461893,0,0.053041639231864474));
#2116=DIRECTION('',(-0.9979747513825596,0,-0.06361128518524363));
#2117=DIRECTION('',(-1,0,0));
#2118=FACE_SURFACE('',(#2123),#2119,.T.);
#2119=PLANE('',#2120);
#2120=AXIS2_PLACEMENT_3D('',#52,#2121,#2122);
#2121=DIRECTION('',(1,0,0));
#2122=DIRECTION('',(0,1,0));
#2123=FACE_BOUND('',#2124,.T.);
#2124=EDGE_LOOP('',(#2125,#2126,#2127));
#2125=ORIENTED_EDGE('',*,*,#2128,.T.);
#2126=ORIENTED_EDGE('',*,*,#2129,.T.);
#2127=ORIENTED_EDGE('',*,*,#2130,.T.);
#2128=EDGE_CURVE('',#53,#79,#2131,.F.);
#2129=EDGE_CURVE('',#79,#41,#2132,.T.);
#2130=EDGE_CURVE('',#41,#53,#2133,.T.);
#2131=LINE('',#52,#2134);
#2132=LINE('',#78,#2135);
#2133=LINE('',#40,#2136);
#2134=VECTOR('',#2137,1.0);
#2135=VECTOR('',#2138,1.0);
#2136=VECTOR('',#2139,1.0);
#2137=DIRECTION('',(0,1,0));
#2138=DIRECTION('',(0,0.2440695391963071,0.9697577326510485));
#2139=DIRECTION('',(0,-0.42119315887182157,-0.9069709603507582));
#2140=FACE_SURFACE('',(#2145),#2141,.T.);
#2141=PLANE('',#2142);
#2142=AXIS2_PLACEMENT_3D('',#40,#2143,#2144);
#2143=DIRECTION('',(1,0,-0));
#2144=DIRECTION('',(0,0,1));
#2145=FACE_BOUND('',#2146,.T.);
#2146=EDGE_LOOP('',(#2147,#2148,#2149));
#2147=ORIENTED_EDGE('',*,*,#2150,.T.);
#2148=ORIENTED_EDGE('',*,*,#2151,.T.);
#2149=ORIENTED_EDGE('',*,*,#2152,.T.);
#2150=EDGE_CURVE('',#41,#39,#2153,.F.);
#2151=EDGE_CURVE('',#39,#55,#2154,.T.);
#2152=EDGE_CURVE('',#55,#41,#2155,.T.);
#2153=LINE('',#40,#2156);
#2154=LINE('',#38,#2157);
#2155=LINE('',#54,#2158);
#2156=VECTOR('',#2159,1.0);
#2157=VECTOR('',#2160,1.0);
#2158=VECTOR('',#2161,1.0);
#2159=DIRECTION('',(0,0,1));
#2160=DIRECTION('',(0,-0.10640719906682475,0.9943226377724452));
#2161=DIRECTION('',(0,0.06735679618008315,-0.9977289521750657));
#2162=FACE_SURFACE('',(#2167),#2163,.T.);
#2163=PLANE('',#2164);
#2164=AXIS2_PLACEMENT_3D('',#40,#2165,#2166);
#2165=DIRECTION('',(1,0,0));
#2166=DIRECTION('',(0,-0.06735679618008315,0.9977289521750657));
#2167=FACE_BOUND('',#2168,.T.);
#2168=EDGE_LOOP('',(#2169,#2170,#2171));
#2169=ORIENTED_EDGE('',*,*,#2172,.T.);
#2170=ORIENTED_EDGE('',*,*,#2173,.T.);
#2171=ORIENTED_EDGE('',*,*,#2174,.T.);
#2172=EDGE_CURVE('',#41,#55,#2175,.F.);
#2173=EDGE_CURVE('',#55,#53,#2176,.T.);
#2174=EDGE_CURVE('',#53,#41,#2177,.T.);
#2175=LINE('',#40,#2178);
#2176=LINE('',#54,#2179);
#2177=LINE('',#52,#2180);
#2178=VECTOR('',#2181,1.0);
#2179=VECTOR('',#2182,1.0);
#2180=VECTOR('',#2183,1.0);
#2181=DIRECTION('',(0,-0.06735679618008315,0.9977289521750657));
#2182=DIRECTION('',(0,0,-1));
#2183=DIRECTION('',(0,0.42119315887182157,0.9069709603507582));
#2184=FACE_SURFACE('',(#2189),#2185,.T.);
#2185=PLANE('',#2186);
#2186=AXIS2_PLACEMENT_3D('',#144,#2187,#2188);
#2187=DIRECTION('',(-1,-0,0));
#2188=DIRECTION('',(0,-0.9999999999999998,-2.739684194045913E-08));
#2189=FACE_BOUND('',#2190,.T.);
#2190=EDGE_LOOP('',(#2191,#2192,#2193));
#2191=ORIENTED_EDGE('',*,*,#2194,.T.);
#2192=ORIENTED_EDGE('',*,*,#2195,.T.);
#2193=ORIENTED_EDGE('',*,*,#2196,.T.);
#2194=EDGE_CURVE('',#145,#147,#2197,.F.);
#2195=EDGE_CURVE('',#147,#109,#2198,.T.);
#2196=EDGE_CURVE('',#109,#145,#2199,.T.);
#2197=LINE('',#144,#2200);
#2198=LINE('',#146,#2201);
#2199=LINE('',#108,#2202);
#2200=VECTOR('',#2203,1.0);
#2201=VECTOR('',#2204,1.0);
#2202=VECTOR('',#2205,1.0);
#2203=DIRECTION('',(0,-0.9999999999999998,-2.739684194045913E-08));
#2204=DIRECTION('',(0,0.9990780301932229,0.042931219237633184));
#2205=DIRECTION('',(0,0.5002186522631927,-0.8658991280328183));
#2206=FACE_SURFACE('',(#2211),#2207,.T.);
#2207=PLANE('',#2208);
#2208=AXIS2_PLACEMENT_3D('',#108,#2209,#2210);
#2209=DIRECTION('',(-1,0,0));
#2210=DIRECTION('',(0,1,0));
#2211=FACE_BOUND('',#2212,.T.);
#2212=EDGE_LOOP('',(#2213,#2214,#2215));
#2213=ORIENTED_EDGE('',*,*,#2216,.T.);
#2214=ORIENTED_EDGE('',*,*,#2217,.T.);
#2215=ORIENTED_EDGE('',*,*,#2218,.T.);
#2216=EDGE_CURVE('',#109,#107,#2219,.F.);
#2217=EDGE_CURVE('',#107,#131,#2220,.T.);
#2218=EDGE_CURVE('',#131,#109,#2221,.T.);
#2219=LINE('',#108,#2222);
#2220=LINE('',#106,#2223);
#2221=LINE('',#130,#2224);
#2222=VECTOR('',#2225,1.0);
#2223=VECTOR('',#2226,1.0);
#2224=VECTOR('',#2227,1.0);
#2225=DIRECTION('',(0,1,0));
#2226=DIRECTION('',(0,0,-1));
#2227=DIRECTION('',(0,-0.7635163174939915,0.6457885357610604));
#2228=FACE_SURFACE('',(#2233),#2229,.T.);
#2229=PLANE('',#2230);
#2230=AXIS2_PLACEMENT_3D('',#144,#2231,#2232);
#2231=DIRECTION('',(-1,0,0));
#2232=DIRECTION('',(0,-0.5002186522631927,0.8658991280328183));
#2233=FACE_BOUND('',#2234,.T.);
#2234=EDGE_LOOP('',(#2235,#2236,#2237));
#2235=ORIENTED_EDGE('',*,*,#2238,.T.);
#2236=ORIENTED_EDGE('',*,*,#2239,.T.);
#2237=ORIENTED_EDGE('',*,*,#2240,.T.);
#2238=EDGE_CURVE('',#145,#109,#2241,.F.);
#2239=EDGE_CURVE('',#109,#131,#2242,.T.);
#2240=EDGE_CURVE('',#131,#145,#2243,.T.);
#2241=LINE('',#144,#2244);
#2242=LINE('',#108,#2245);
#2243=LINE('',#130,#2246);
#2244=VECTOR('',#2247,1.0);
#2245=VECTOR('',#2248,1.0);
#2246=VECTOR('',#2249,1.0);
#2247=DIRECTION('',(0,-0.5002186522631927,0.8658991280328183));
#2248=DIRECTION('',(0,0.7635163174939915,-0.6457885357610604));
#2249=DIRECTION('',(0,-1,0));
#2250=FACE_SURFACE('',(#2255),#2251,.T.);
#2251=PLANE('',#2252);
#2252=AXIS2_PLACEMENT_3D('',#66,#2253,#2254);
#2253=DIRECTION('',(-1,0,0));
#2254=DIRECTION('',(0,-0.058565970631072245,-0.9982835404252844));
#2255=FACE_BOUND('',#2256,.T.);
#2256=EDGE_LOOP('',(#2257,#2258,#2259));
#2257=ORIENTED_EDGE('',*,*,#2260,.T.);
#2258=ORIENTED_EDGE('',*,*,#2261,.T.);
#2259=ORIENTED_EDGE('',*,*,#2262,.T.);
#2260=EDGE_CURVE('',#67,#65,#2263,.F.);
#2261=EDGE_CURVE('',#65,#149,#2264,.T.);
#2262=EDGE_CURVE('',#149,#67,#2265,.T.);
#2263=LINE('',#66,#2266);
#2264=LINE('',#64,#2267);
#2265=LINE('',#148,#2268);
#2266=VECTOR('',#2269,1.0);
#2267=VECTOR('',#2270,1.0);
#2268=VECTOR('',#2271,1.0);
#2269=DIRECTION('',(0,-0.058565970631072245,-0.9982835404252844));
#2270=DIRECTION('',(0,0,1));
#2271=DIRECTION('',(0,0.09259688862798748,0.9957036789208003));
#2272=FACE_SURFACE('',(#2277),#2273,.T.);
#2273=PLANE('',#2274);
#2274=AXIS2_PLACEMENT_3D('',#150,#2275,#2276);
#2275=DIRECTION('',(-1,0,-0));
#2276=DIRECTION('',(0,0,-1));
#2277=FACE_BOUND('',#2278,.T.);
#2278=EDGE_LOOP('',(#2279,#2280,#2281));
#2279=ORIENTED_EDGE('',*,*,#2282,.T.);
#2280=ORIENTED_EDGE('',*,*,#2283,.T.);
#2281=ORIENTED_EDGE('',*,*,#2284,.T.);
#2282=EDGE_CURVE('',#151,#73,#2285,.F.);
#2283=EDGE_CURVE('',#73,#71,#2286,.T.);
#2284=EDGE_CURVE('',#71,#151,#2287,.T.);
#2285=LINE('',#150,#2288);
#2286=LINE('',#72,#2289);
#2287=LINE('',#70,#2290);
#2288=VECTOR('',#2291,1.0);
#2289=VECTOR('',#2292,1.0);
#2290=VECTOR('',#2293,1.0);
#2291=DIRECTION('',(0,0,-1));
#2292=DIRECTION('',(0,-0.2440695391963071,-0.9697577326510485));
#2293=DIRECTION('',(0,0.07093014622718169,0.9974812852160138));
#2294=FACE_SURFACE('',(#2299),#2295,.T.);
#2295=PLANE('',#2296);
#2296=AXIS2_PLACEMENT_3D('',#66,#2297,#2298);
#2297=DIRECTION('',(-1,0,0));
#2298=DIRECTION('',(0,-0.09259688862798748,-0.9957036789208003));
#2299=FACE_BOUND('',#2300,.T.);
#2300=EDGE_LOOP('',(#2301,#2302,#2303));
#2301=ORIENTED_EDGE('',*,*,#2304,.T.);
#2302=ORIENTED_EDGE('',*,*,#2305,.T.);
#2303=ORIENTED_EDGE('',*,*,#2306,.T.);
#2304=EDGE_CURVE('',#67,#149,#2307,.F.);
#2305=EDGE_CURVE('',#149,#151,#2308,.T.);
#2306=EDGE_CURVE('',#151,#67,#2309,.T.);
#2307=LINE('',#66,#2310);
#2308=LINE('',#148,#2311);
#2309=LINE('',#150,#2312);
#2310=VECTOR('',#2313,1.0);
#2311=VECTOR('',#2314,1.0);
#2312=VECTOR('',#2315,1.0);
#2313=DIRECTION('',(0,-0.09259688862798748,-0.9957036789208003));
#2314=DIRECTION('',(0,-0.9999999999999999,-1.7478693559943893E-08));
#2315=DIRECTION('',(0,0.9992018883686168,0.03994479040613778));
#2316=FACE_SURFACE('',(#2321),#2317,.T.);
#2317=PLANE('',#2318);
#2318=AXIS2_PLACEMENT_3D('',#70,#2319,#2320);
#2319=DIRECTION('',(-1,0,0));
#2320=DIRECTION('',(0,-1,0));
#2321=FACE_BOUND('',#2322,.T.);
#2322=EDGE_LOOP('',(#2323,#2324,#2325));
#2323=ORIENTED_EDGE('',*,*,#2326,.T.);
#2324=ORIENTED_EDGE('',*,*,#2327,.T.);
#2325=ORIENTED_EDGE('',*,*,#2328,.T.);
#2326=EDGE_CURVE('',#71,#43,#2329,.F.);
#2327=EDGE_CURVE('',#43,#63,#2330,.T.);
#2328=EDGE_CURVE('',#63,#71,#2331,.T.);
#2329=LINE('',#70,#2332);
#2330=LINE('',#42,#2333);
#2331=LINE('',#62,#2334);
#2332=VECTOR('',#2335,1.0);
#2333=VECTOR('',#2336,1.0);
#2334=VECTOR('',#2337,1.0);
#2335=DIRECTION('',(0,-1,0));
#2336=DIRECTION('',(0,0,1));
#2337=DIRECTION('',(0,0.026988153283240474,-0.9996357534534067));
#2338=FACE_SURFACE('',(#2343),#2339,.T.);
#2339=PLANE('',#2340);
#2340=AXIS2_PLACEMENT_3D('',#62,#2341,#2342);
#2341=DIRECTION('',(-1,0,0));
#2342=DIRECTION('',(0,1,0));
#2343=FACE_BOUND('',#2344,.T.);
#2344=EDGE_LOOP('',(#2345,#2346,#2347));
#2345=ORIENTED_EDGE('',*,*,#2348,.T.);
#2346=ORIENTED_EDGE('',*,*,#2349,.T.);
#2347=ORIENTED_EDGE('',*,*,#2350,.T.);
#2348=EDGE_CURVE('',#63,#67,#2351,.F.);
#2349=EDGE_CURVE('',#67,#151,#2352,.T.);
#2350=EDGE_CURVE('',#151,#63,#2353,.T.);
#2351=LINE('',#62,#2354);
#2352=LINE('',#66,#2355);
#2353=LINE('',#150,#2356);
#2354=VECTOR('',#2357,1.0);
#2355=VECTOR('',#2358,1.0);
#2356=VECTOR('',#2359,1.0);
#2357=DIRECTION('',(0,1,0));
#2358=DIRECTION('',(0,-0.9992018883686168,-0.03994479040613778));
#2359=DIRECTION('',(0,-0.10640719906682475,0.9943226377724452));
#2360=FACE_SURFACE('',(#2365),#2361,.T.);
#2361=PLANE('',#2362);
#2362=AXIS2_PLACEMENT_3D('',#62,#2363,#2364);
#2363=DIRECTION('',(-1,0,0));
#2364=DIRECTION('',(0,0.10640719906682475,-0.9943226377724452));
#2365=FACE_BOUND('',#2366,.T.);
#2366=EDGE_LOOP('',(#2367,#2368,#2369));
#2367=ORIENTED_EDGE('',*,*,#2370,.T.);
#2368=ORIENTED_EDGE('',*,*,#2371,.T.);
#2369=ORIENTED_EDGE('',*,*,#2372,.T.);
#2370=EDGE_CURVE('',#63,#151,#2373,.F.);
#2371=EDGE_CURVE('',#151,#71,#2374,.T.);
#2372=EDGE_CURVE('',#71,#63,#2375,.T.);
#2373=LINE('',#62,#2376);
#2374=LINE('',#150,#2377);
#2375=LINE('',#70,#2378);
#2376=VECTOR('',#2379,1.0);
#2377=VECTOR('',#2380,1.0);
#2378=VECTOR('',#2381,1.0);
#2379=DIRECTION('',(0,0.10640719906682475,-0.9943226377724452));
#2380=DIRECTION('',(0,-0.07093014622718169,-0.9974812852160138));
#2381=DIRECTION('',(0,-0.026988153283240474,0.9996357534534067));
#2382=FACE_SURFACE('',(#2387),#2383,.T.);
#2383=PLANE('',#2384);
#2384=AXIS2_PLACEMENT_3D('',#38,#2385,#2386);
#2385=DIRECTION('',(-4.025437544932873E-07,-6.093404580126239E-07,-0.9999999999997333));
#2386=DIRECTION('',(-0.9999999999999191,0,4.025437544933621E-07));
#2387=FACE_BOUND('',#2388,.T.);
#2388=EDGE_LOOP('',(#2389,#2390,#2391));
#2389=ORIENTED_EDGE('',*,*,#2392,.T.);
#2390=ORIENTED_EDGE('',*,*,#2393,.T.);
#2391=ORIENTED_EDGE('',*,*,#2394,.T.);
#2392=EDGE_CURVE('',#39,#37,#2395,.F.);
#2393=EDGE_CURVE('',#37,#147,#2396,.T.);
#2394=EDGE_CURVE('',#147,#39,#2397,.T.);
#2395=LINE('',#38,#2398);
#2396=LINE('',#36,#2399);
#2397=LINE('',#146,#2400);
#2398=VECTOR('',#2401,1.0);
#2399=VECTOR('',#2402,1.0);
#2400=VECTOR('',#2403,1.0);
#2401=DIRECTION('',(-0.9999999999999191,0,4.025437544933621E-07));
#2402=DIRECTION('',(0,0.9999999999998145,-6.093404580126734E-07));
#2403=DIRECTION('',(0.8960461586795693,-0.44396090088608026,-9.017444622856447E-08));
#2404=FACE_SURFACE('',(#2409),#2405,.T.);
#2405=PLANE('',#2406);
#2406=AXIS2_PLACEMENT_3D('',#146,#2407,#2408);
#2407=DIRECTION('',(-2.0127187724669317E-07,2.739684194045857E-08,-0.9999999999999793));
#2408=DIRECTION('',(0,0.9999999999999998,2.739684194045913E-08));
#2409=FACE_BOUND('',#2410,.T.);
#2410=EDGE_LOOP('',(#2411,#2412,#2413));
#2411=ORIENTED_EDGE('',*,*,#2414,.T.);
#2412=ORIENTED_EDGE('',*,*,#2415,.T.);
#2413=ORIENTED_EDGE('',*,*,#2416,.T.);
#2414=EDGE_CURVE('',#147,#145,#2417,.F.);
#2415=EDGE_CURVE('',#145,#75,#2418,.T.);
#2416=EDGE_CURVE('',#75,#147,#2419,.T.);
#2417=LINE('',#146,#2420);
#2418=LINE('',#144,#2421);
#2419=LINE('',#74,#2422);
#2420=VECTOR('',#2423,1.0);
#2421=VECTOR('',#2424,1.0);
#2422=VECTOR('',#2425,1.0);
#2423=DIRECTION('',(0,0.9999999999999998,2.739684194045913E-08));
#2424=DIRECTION('',(0.9999999999999798,0,-2.0127187724669324E-07));
#2425=DIRECTION('',(-0.09037437550404691,-0.9959078633348837,-9.09491010634873E-09));
#2426=FACE_SURFACE('',(#2431),#2427,.T.);
#2427=PLANE('',#2428);
#2428=AXIS2_PLACEMENT_3D('',#146,#2429,#2430);
#2429=DIRECTION('',(-9.197583058759763E-08,1.747869355994382E-08,-0.9999999999999956));
#2430=DIRECTION('',(0.09037437550404691,0.9959078633348837,9.09491010634873E-09));
#2431=FACE_BOUND('',#2432,.T.);
#2432=EDGE_LOOP('',(#2433,#2434,#2435));
#2433=ORIENTED_EDGE('',*,*,#2436,.T.);
#2434=ORIENTED_EDGE('',*,*,#2437,.T.);
#2435=ORIENTED_EDGE('',*,*,#2438,.T.);
#2436=EDGE_CURVE('',#147,#75,#2439,.F.);
#2437=EDGE_CURVE('',#75,#39,#2440,.T.);
#2438=EDGE_CURVE('',#39,#147,#2441,.T.);
#2439=LINE('',#146,#2442);
#2440=LINE('',#74,#2443);
#2441=LINE('',#38,#2444);
#2442=VECTOR('',#2445,1.0);
#2443=VECTOR('',#2446,1.0);
#2444=VECTOR('',#2447,1.0);
#2445=DIRECTION('',(0.09037437550404691,0.9959078633348837,9.09491010634873E-09));
#2446=DIRECTION('',(0,-0.9999999999999999,-1.7478693559943893E-08));
#2447=DIRECTION('',(-0.8960461586795693,0.44396090088608026,9.017444622856447E-08));
#2448=FACE_SURFACE('',(#2453),#2449,.T.);
#2449=PLANE('',#2450);
#2450=AXIS2_PLACEMENT_3D('',#138,#2451,#2452);
#2451=DIRECTION('',(0.9815475122842813,0.19121841210093568,-1.461324436709077E-06));
#2452=DIRECTION('',(1.4887964346286484E-06,0,0.9999999999988918));
#2453=FACE_BOUND('',#2454,.T.);
#2454=EDGE_LOOP('',(#2455,#2456,#2457));
#2455=ORIENTED_EDGE('',*,*,#2458,.T.);
#2456=ORIENTED_EDGE('',*,*,#2459,.T.);
#2457=ORIENTED_EDGE('',*,*,#2460,.T.);
#2458=EDGE_CURVE('',#139,#101,#2461,.F.);
#2459=EDGE_CURVE('',#101,#95,#2462,.T.);
#2460=EDGE_CURVE('',#95,#139,#2463,.T.);
#2461=LINE('',#138,#2464);
#2462=LINE('',#100,#2465);
#2463=LINE('',#94,#2466);
#2464=VECTOR('',#2467,1.0);
#2465=VECTOR('',#2468,1.0);
#2466=VECTOR('',#2469,1.0);
#2467=DIRECTION('',(1.4887964346286484E-06,0,0.9999999999988918));
#2468=DIRECTION('',(0.19121841210113982,-0.9815475122853292,0));
#2469=DIRECTION('',(-0.12718784076496073,0.6528650464362394,-0.7467198164662259));
#2470=FACE_SURFACE('',(#2475),#2471,.T.);
#2471=PLANE('',#2472);
#2472=AXIS2_PLACEMENT_3D('',#138,#2473,#2474);
#2473=DIRECTION('',(0.9815473554320817,0.19121921724490082,-7.306621015940407E-07));
#2474=DIRECTION('',(0.12718784076496073,-0.6528650464362394,0.7467198164662259));
#2475=FACE_BOUND('',#2476,.T.);
#2476=EDGE_LOOP('',(#2477,#2478,#2479));
#2477=ORIENTED_EDGE('',*,*,#2480,.T.);
#2478=ORIENTED_EDGE('',*,*,#2481,.T.);
#2479=ORIENTED_EDGE('',*,*,#2482,.T.);
#2480=EDGE_CURVE('',#139,#95,#2483,.F.);
#2481=EDGE_CURVE('',#95,#97,#2484,.T.);
#2482=EDGE_CURVE('',#97,#139,#2485,.T.);
#2483=LINE('',#138,#2486);
#2484=LINE('',#94,#2487);
#2485=LINE('',#96,#2488);
#2486=VECTOR('',#2489,1.0);
#2487=VECTOR('',#2490,1.0);
#2488=VECTOR('',#2491,1.0);
#2489=DIRECTION('',(0.12718784076496073,-0.6528650464362394,0.7467198164662259));
#2490=DIRECTION('',(-7.443982173149429E-07,0,-0.9999999999997229));
#2491=DIRECTION('',(-0.1912192172449519,0.9815473554323438,0));
#2492=FACE_SURFACE('',(#2497),#2493,.T.);
#2493=PLANE('',#2494);
#2494=AXIS2_PLACEMENT_3D('',#78,#2495,#2496);
#2495=DIRECTION('',(-6.571524132589125E-05,-0,-0.9999999978407537));
#2496=DIRECTION('',(0,-1,0));
#2497=FACE_BOUND('',#2498,.T.);
#2498=EDGE_LOOP('',(#2499,#2500,#2501));
#2499=ORIENTED_EDGE('',*,*,#2502,.T.);
#2500=ORIENTED_EDGE('',*,*,#2503,.T.);
#2501=ORIENTED_EDGE('',*,*,#2504,.T.);
#2502=EDGE_CURVE('',#79,#53,#2505,.F.);
#2503=EDGE_CURVE('',#53,#153,#2506,.T.);
#2504=EDGE_CURVE('',#153,#79,#2507,.T.);
#2505=LINE('',#78,#2508);
#2506=LINE('',#52,#2509);
#2507=LINE('',#152,#2510);
#2508=VECTOR('',#2511,1.0);
#2509=VECTOR('',#2512,1.0);
#2510=VECTOR('',#2513,1.0);
#2511=DIRECTION('',(0,-1,0));
#2512=DIRECTION('',(-0.9763467666187065,-0.21621051592506035,6.416086352464103E-05));
#2513=DIRECTION('',(0.9714766733557876,0.23713512824953087,-6.384082416989768E-05));
#2514=FACE_SURFACE('',(#2519),#2515,.T.);
#2515=PLANE('',#2516);
#2516=AXIS2_PLACEMENT_3D('',#152,#2517,#2518);
#2517=DIRECTION('',(-6.571524132589124E-05,0,-0.9999999978407536));
#2518=DIRECTION('',(0,1,0));
#2519=FACE_BOUND('',#2520,.T.);
#2520=EDGE_LOOP('',(#2521,#2522,#2523));
#2521=ORIENTED_EDGE('',*,*,#2524,.T.);
#2522=ORIENTED_EDGE('',*,*,#2525,.T.);
#2523=ORIENTED_EDGE('',*,*,#2526,.T.);
#2524=EDGE_CURVE('',#153,#129,#2527,.F.);
#2525=EDGE_CURVE('',#129,#83,#2528,.T.);
#2526=EDGE_CURVE('',#83,#153,#2529,.T.);
#2527=LINE('',#152,#2530);
#2528=LINE('',#128,#2531);
#2529=LINE('',#82,#2532);
#2530=VECTOR('',#2533,1.0);
#2531=VECTOR('',#2534,1.0);
#2532=VECTOR('',#2535,1.0);
#2533=DIRECTION('',(0,1,0));
#2534=DIRECTION('',(0.9731770030930148,-0.2300576374758464,-6.395256174915442E-05));
#2535=DIRECTION('',(-0.08423659961297525,-0.9964457813925452,5.535628483991932E-06));
#2536=FACE_SURFACE('',(#2541),#2537,.T.);
#2537=PLANE('',#2538);
#2538=AXIS2_PLACEMENT_3D('',#78,#2539,#2540);
#2539=DIRECTION('',(-6.571524132589125E-05,0,-0.9999999978407536));
#2540=DIRECTION('',(-0.9714766733557876,-0.23713512824953087,6.384082416989768E-05));
#2541=FACE_BOUND('',#2542,.T.);
#2542=EDGE_LOOP('',(#2543,#2544,#2545));
#2543=ORIENTED_EDGE('',*,*,#2546,.T.);
#2544=ORIENTED_EDGE('',*,*,#2547,.T.);
#2545=ORIENTED_EDGE('',*,*,#2548,.T.);
#2546=EDGE_CURVE('',#79,#153,#2549,.F.);
#2547=EDGE_CURVE('',#153,#83,#2550,.T.);
#2548=EDGE_CURVE('',#83,#79,#2551,.T.);
#2549=LINE('',#78,#2552);
#2550=LINE('',#152,#2553);
#2551=LINE('',#82,#2554);
#2552=VECTOR('',#2555,1.0);
#2553=VECTOR('',#2556,1.0);
#2554=VECTOR('',#2557,1.0);
#2555=DIRECTION('',(-0.9714766733557876,-0.23713512824953087,6.384082416989768E-05));
#2556=DIRECTION('',(0.08423659961297525,0.9964457813925452,-5.535628483991932E-06));
#2557=DIRECTION('',(0,-1,0));
#2558=FACE_SURFACE('',(#2563),#2559,.T.);
#2559=PLANE('',#2560);
#2560=AXIS2_PLACEMENT_3D('',#154,#2561,#2562);
#2561=DIRECTION('',(6.571524132589125E-05,0,-0.9999999978407537));
#2562=DIRECTION('',(-0.9763467666187065,0.21621051592506035,-6.416086352464103E-05));
#2563=FACE_BOUND('',#2564,.T.);
#2564=EDGE_LOOP('',(#2565,#2566,#2567));
#2565=ORIENTED_EDGE('',*,*,#2568,.T.);
#2566=ORIENTED_EDGE('',*,*,#2569,.T.);
#2567=ORIENTED_EDGE('',*,*,#2570,.T.);
#2568=EDGE_CURVE('',#155,#43,#2571,.F.);
#2569=EDGE_CURVE('',#43,#71,#2572,.T.);
#2570=EDGE_CURVE('',#71,#155,#2573,.T.);
#2571=LINE('',#154,#2574);
#2572=LINE('',#42,#2575);
#2573=LINE('',#70,#2576);
#2574=VECTOR('',#2577,1.0);
#2575=VECTOR('',#2578,1.0);
#2576=VECTOR('',#2579,1.0);
#2577=DIRECTION('',(-0.9763467666187065,0.21621051592506035,-6.416086352464103E-05));
#2578=DIRECTION('',(0,1,0));
#2579=DIRECTION('',(0.9714766733557876,-0.23713512824953087,6.384082416989768E-05));
#2580=FACE_SURFACE('',(#2585),#2581,.T.);
#2581=PLANE('',#2582);
#2582=AXIS2_PLACEMENT_3D('',#70,#2583,#2584);
#2583=DIRECTION('',(6.571524132589125E-05,0,-0.9999999978407536));
#2584=DIRECTION('',(0,1,0));
#2585=FACE_BOUND('',#2586,.T.);
#2586=EDGE_LOOP('',(#2587,#2588,#2589));
#2587=ORIENTED_EDGE('',*,*,#2590,.T.);
#2588=ORIENTED_EDGE('',*,*,#2591,.T.);
#2589=ORIENTED_EDGE('',*,*,#2592,.T.);
#2590=EDGE_CURVE('',#71,#69,#2593,.F.);
#2591=EDGE_CURVE('',#69,#133,#2594,.T.);
#2592=EDGE_CURVE('',#133,#71,#2595,.T.);
#2593=LINE('',#70,#2596);
#2594=LINE('',#68,#2597);
#2595=LINE('',#132,#2598);
#2596=VECTOR('',#2599,1.0);
#2597=VECTOR('',#2600,1.0);
#2598=VECTOR('',#2601,1.0);
#2599=DIRECTION('',(0,1,0));
#2600=DIRECTION('',(0.9731770030930148,0.2300576374758464,6.395256174915442E-05));
#2601=DIRECTION('',(-0.08429107146489939,-0.9964411750026273,-5.539208114894325E-06));
#2602=FACE_SURFACE('',(#2607),#2603,.T.);
#2603=PLANE('',#2604);
#2604=AXIS2_PLACEMENT_3D('',#70,#2605,#2606);
#2605=DIRECTION('',(6.571524132589124E-05,0,-0.9999999978407536));
#2606=DIRECTION('',(0.08429107146489939,0.9964411750026273,5.539208114894325E-06));
#2607=FACE_BOUND('',#2608,.T.);
#2608=EDGE_LOOP('',(#2609,#2610,#2611));
#2609=ORIENTED_EDGE('',*,*,#2612,.T.);
#2610=ORIENTED_EDGE('',*,*,#2613,.T.);
#2611=ORIENTED_EDGE('',*,*,#2614,.T.);
#2612=EDGE_CURVE('',#71,#133,#2615,.F.);
#2613=EDGE_CURVE('',#133,#155,#2616,.T.);
#2614=EDGE_CURVE('',#155,#71,#2617,.T.);
#2615=LINE('',#70,#2618);
#2616=LINE('',#132,#2619);
#2617=LINE('',#154,#2620);
#2618=VECTOR('',#2621,1.0);
#2619=VECTOR('',#2622,1.0);
#2620=VECTOR('',#2623,1.0);
#2621=DIRECTION('',(0.08429107146489939,0.9964411750026273,5.539208114894325E-06));
#2622=DIRECTION('',(0,-1,0));
#2623=DIRECTION('',(-0.9714766733557876,0.23713512824953087,-6.384082416989768E-05));
#2624=FACE_SURFACE('',(#2629),#2625,.T.);
#2625=PLANE('',#2626);
#2626=AXIS2_PLACEMENT_3D('',#140,#2627,#2628);
#2627=DIRECTION('',(0,0.9999999999713792,7.565798806278699E-06));
#2628=DIRECTION('',(-1,0,0));
#2629=FACE_BOUND('',#2630,.T.);
#2630=EDGE_LOOP('',(#2631,#2632,#2633));
#2631=ORIENTED_EDGE('',*,*,#2634,.T.);
#2632=ORIENTED_EDGE('',*,*,#2635,.T.);
#2633=ORIENTED_EDGE('',*,*,#2636,.T.);
#2634=EDGE_CURVE('',#141,#137,#2637,.F.);
#2635=EDGE_CURVE('',#137,#135,#2638,.T.);
#2636=EDGE_CURVE('',#135,#141,#2639,.T.);
#2637=LINE('',#140,#2640);
#2638=LINE('',#136,#2641);
#2639=LINE('',#134,#2642);
#2640=VECTOR('',#2643,1.0);
#2641=VECTOR('',#2644,1.0);
#2642=VECTOR('',#2645,1.0);
#2643=DIRECTION('',(-1,0,0));
#2644=DIRECTION('',(-7.565798806062162E-06,-7.565798806062162E-06,0.9999999999427587));
#2645=DIRECTION('',(0.9997249004127604,1.7745362877601722E-07,-0.023454711566434108));
#2646=FACE_SURFACE('',(#2651),#2647,.T.);
#2647=PLANE('',#2648);
#2648=AXIS2_PLACEMENT_3D('',#140,#2649,#2650);
#2649=DIRECTION('',(0,0.9999999999713792,7.565798806278699E-06));
#2650=DIRECTION('',(-0.9997249004127604,-1.7745362877601722E-07,0.023454711566434108));
#2651=FACE_BOUND('',#2652,.T.);
#2652=EDGE_LOOP('',(#2653,#2654,#2655));
#2653=ORIENTED_EDGE('',*,*,#2656,.T.);
#2654=ORIENTED_EDGE('',*,*,#2657,.T.);
#2655=ORIENTED_EDGE('',*,*,#2658,.T.);
#2656=EDGE_CURVE('',#141,#135,#2659,.F.);
#2657=EDGE_CURVE('',#135,#143,#2660,.T.);
#2658=EDGE_CURVE('',#143,#141,#2661,.T.);
#2659=LINE('',#140,#2662);
#2660=LINE('',#134,#2663);
#2661=LINE('',#142,#2664);
#2662=VECTOR('',#2665,1.0);
#2663=VECTOR('',#2666,1.0);
#2664=VECTOR('',#2667,1.0);
#2665=DIRECTION('',(-0.9997249004127604,-1.7745362877601722E-07,0.023454711566434108));
#2666=DIRECTION('',(1,0,0));
#2667=DIRECTION('',(7.565798806062162E-06,7.565798806062162E-06,-0.9999999999427587));
#2668=FACE_SURFACE('',(#2673),#2669,.T.);
#2669=PLANE('',#2670);
#2670=AXIS2_PLACEMENT_3D('',#124,#2671,#2672);
#2671=DIRECTION('',(1.0063593862334813E-07,1.7478693559943804E-08,-0.9999999999999947));
#2672=DIRECTION('',(-0.9999999999999949,0,-1.0063593862334816E-07));
#2673=FACE_BOUND('',#2674,.T.);
#2674=EDGE_LOOP('',(#2675,#2676,#2677));
#2675=ORIENTED_EDGE('',*,*,#2678,.T.);
#2676=ORIENTED_EDGE('',*,*,#2679,.T.);
#2677=ORIENTED_EDGE('',*,*,#2680,.T.);
#2678=EDGE_CURVE('',#125,#151,#2681,.F.);
#2679=EDGE_CURVE('',#151,#149,#2682,.T.);
#2680=EDGE_CURVE('',#149,#125,#2683,.T.);
#2681=LINE('',#124,#2684);
#2682=LINE('',#150,#2685);
#2683=LINE('',#148,#2686);
#2684=VECTOR('',#2687,1.0);
#2685=VECTOR('',#2688,1.0);
#2686=VECTOR('',#2689,1.0);
#2687=DIRECTION('',(-0.9999999999999949,0,-1.0063593862334816E-07));
#2688=DIRECTION('',(0,0.9999999999999999,1.7478693559943893E-08));
#2689=DIRECTION('',(0.08651559954114602,-0.9962504961283765,-8.706578565384982E-09));
#2690=FACE_SURFACE('',(#2695),#2691,.T.);
#2691=PLANE('',#2692);
#2692=AXIS2_PLACEMENT_3D('',#148,#2693,#2694);
#2693=DIRECTION('',(2.0127187724669322E-07,0,-0.9999999999999797));
#2694=DIRECTION('',(0.9999999999999798,0,2.0127187724669324E-07));
#2695=FACE_BOUND('',#2696,.T.);
#2696=EDGE_LOOP('',(#2697,#2698,#2699));
#2697=ORIENTED_EDGE('',*,*,#2700,.T.);
#2698=ORIENTED_EDGE('',*,*,#2701,.T.);
#2699=ORIENTED_EDGE('',*,*,#2702,.T.);
#2700=EDGE_CURVE('',#149,#157,#2703,.F.);
#2701=EDGE_CURVE('',#157,#123,#2704,.T.);
#2702=EDGE_CURVE('',#123,#149,#2705,.T.);
#2703=LINE('',#148,#2706);
#2704=LINE('',#156,#2707);
#2705=LINE('',#122,#2708);
#2706=VECTOR('',#2709,1.0);
#2707=VECTOR('',#2710,1.0);
#2708=VECTOR('',#2711,1.0);
#2709=DIRECTION('',(0.9999999999999798,0,2.0127187724669324E-07));
#2710=DIRECTION('',(0,-1,0));
#2711=DIRECTION('',(-0.9840635032329987,0.17781738274071687,-1.9806430862566705E-07));
#2712=FACE_SURFACE('',(#2717),#2713,.T.);
#2713=PLANE('',#2714);
#2714=AXIS2_PLACEMENT_3D('',#148,#2715,#2716);
#2715=DIRECTION('',(2.060849262091252E-07,2.6636011340405556E-08,-0.9999999999999785));
#2716=DIRECTION('',(0.9840635032329987,-0.17781738274071687,1.9806430862566705E-07));
#2717=FACE_BOUND('',#2718,.T.);
#2718=EDGE_LOOP('',(#2719,#2720,#2721));
#2719=ORIENTED_EDGE('',*,*,#2722,.T.);
#2720=ORIENTED_EDGE('',*,*,#2723,.T.);
#2721=ORIENTED_EDGE('',*,*,#2724,.T.);
#2722=EDGE_CURVE('',#149,#123,#2725,.F.);
#2723=EDGE_CURVE('',#123,#125,#2726,.T.);
#2724=EDGE_CURVE('',#125,#149,#2727,.T.);
#2725=LINE('',#148,#2728);
#2726=LINE('',#122,#2729);
#2727=LINE('',#124,#2730);
#2728=VECTOR('',#2731,1.0);
#2729=VECTOR('',#2732,1.0);
#2730=VECTOR('',#2733,1.0);
#2731=DIRECTION('',(0.9840635032329987,-0.17781738274071687,1.9806430862566705E-07));
#2732=DIRECTION('',(0,-0.9999999999999998,-2.663601134040612E-08));
#2733=DIRECTION('',(-0.08651559954114602,0.9962504961283765,8.706578565384982E-09));
#2734=FACE_SURFACE('',(#2739),#2735,.T.);
#2735=PLANE('',#2736);
#2736=AXIS2_PLACEMENT_3D('',#74,#2737,#2738);
#2737=DIRECTION('',(-0,-1,0));
#2738=DIRECTION('',(-0.9999999999999798,0,2.0127187724669324E-07));
#2739=FACE_BOUND('',#2740,.T.);
#2740=EDGE_LOOP('',(#2741,#2742,#2743));
#2741=ORIENTED_EDGE('',*,*,#2744,.T.);
#2742=ORIENTED_EDGE('',*,*,#2745,.T.);
#2743=ORIENTED_EDGE('',*,*,#2746,.T.);
#2744=EDGE_CURVE('',#75,#145,#2747,.F.);
#2745=EDGE_CURVE('',#145,#159,#2748,.T.);
#2746=EDGE_CURVE('',#159,#75,#2749,.T.);
#2747=LINE('',#74,#2750);
#2748=LINE('',#144,#2751);
#2749=LINE('',#158,#2752);
#2750=VECTOR('',#2753,1.0);
#2751=VECTOR('',#2754,1.0);
#2752=VECTOR('',#2755,1.0);
#2753=DIRECTION('',(-0.9999999999999798,0,2.0127187724669324E-07));
#2754=DIRECTION('',(0,0,-1));
#2755=DIRECTION('',(0.9653362466795293,0,0.26100944589550606));
#2756=FACE_SURFACE('',(#2761),#2757,.T.);
#2757=PLANE('',#2758);
#2758=AXIS2_PLACEMENT_3D('',#74,#2759,#2760);
#2759=DIRECTION('',(0,-1,-0));
#2760=DIRECTION('',(-0.9653362466795293,0,-0.26100944589550606));
#2761=FACE_BOUND('',#2762,.T.);
#2762=EDGE_LOOP('',(#2763,#2764,#2765));
#2763=ORIENTED_EDGE('',*,*,#2766,.T.);
#2764=ORIENTED_EDGE('',*,*,#2767,.T.);
#2765=ORIENTED_EDGE('',*,*,#2768,.T.);
#2766=EDGE_CURVE('',#75,#159,#2769,.F.);
#2767=EDGE_CURVE('',#159,#77,#2770,.T.);
#2768=EDGE_CURVE('',#77,#75,#2771,.T.);
#2769=LINE('',#74,#2772);
#2770=LINE('',#158,#2773);
#2771=LINE('',#76,#2774);
#2772=VECTOR('',#2775,1.0);
#2773=VECTOR('',#2776,1.0);
#2774=VECTOR('',#2777,1.0);
#2775=DIRECTION('',(-0.9653362466795293,0,-0.26100944589550606));
#2776=DIRECTION('',(0.9999999999999949,0,-1.0063593862334816E-07));
#2777=DIRECTION('',(0,0,1));
#2778=FACE_SURFACE('',(#2783),#2779,.T.);
#2779=PLANE('',#2780);
#2780=AXIS2_PLACEMENT_3D('',#160,#2781,#2782);
#2781=DIRECTION('',(-2.012718772466931E-07,-3.495738711988706E-08,0.9999999999999791));
#2782=DIRECTION('',(0,0.9999999999999993,3.495738711988777E-08));
#2783=FACE_BOUND('',#2784,.T.);
#2784=EDGE_LOOP('',(#2785,#2786,#2787));
#2785=ORIENTED_EDGE('',*,*,#2788,.T.);
#2786=ORIENTED_EDGE('',*,*,#2789,.T.);
#2787=ORIENTED_EDGE('',*,*,#2790,.T.);
#2788=EDGE_CURVE('',#161,#163,#2791,.F.);
#2789=EDGE_CURVE('',#163,#65,#2792,.T.);
#2790=EDGE_CURVE('',#65,#161,#2793,.T.);
#2791=LINE('',#160,#2794);
#2792=LINE('',#162,#2795);
#2793=LINE('',#64,#2796);
#2794=VECTOR('',#2797,1.0);
#2795=VECTOR('',#2798,1.0);
#2796=VECTOR('',#2799,1.0);
#2797=DIRECTION('',(0,0.9999999999999993,3.495738711988777E-08));
#2798=DIRECTION('',(-0.9999999999999798,0,-2.0127187724669324E-07));
#2799=DIRECTION('',(0.086515599541146,-0.9962504961283762,-1.741315713076996E-08));
#2800=FACE_SURFACE('',(#2805),#2801,.T.);
#2801=PLANE('',#2802);
#2802=AXIS2_PLACEMENT_3D('',#160,#2803,#2804);
#2803=DIRECTION('',(-1.0063593862334812E-07,-2.62180403399157E-08,0.9999999999999944));
#2804=DIRECTION('',(-0.086515599541146,0.9962504961283762,1.741315713076996E-08));
#2805=FACE_BOUND('',#2806,.T.);
#2806=EDGE_LOOP('',(#2807,#2808,#2809));
#2807=ORIENTED_EDGE('',*,*,#2810,.T.);
#2808=ORIENTED_EDGE('',*,*,#2811,.T.);
#2809=ORIENTED_EDGE('',*,*,#2812,.T.);
#2810=EDGE_CURVE('',#161,#65,#2813,.F.);
#2811=EDGE_CURVE('',#65,#73,#2814,.T.);
#2812=EDGE_CURVE('',#73,#161,#2815,.T.);
#2813=LINE('',#160,#2816);
#2814=LINE('',#64,#2817);
#2815=LINE('',#72,#2818);
#2816=VECTOR('',#2819,1.0);
#2817=VECTOR('',#2820,1.0);
#2818=VECTOR('',#2821,1.0);
#2819=DIRECTION('',(-0.086515599541146,0.9962504961283762,1.741315713076996E-08));
#2820=DIRECTION('',(0,-0.9999999999999998,-2.6218040339915837E-08));
#2821=DIRECTION('',(0.9999999999999949,0,1.0063593862334816E-07));
#2822=FACE_SURFACE('',(#2827),#2823,.T.);
#2823=PLANE('',#2824);
#2824=AXIS2_PLACEMENT_3D('',#124,#2825,#2826);
#2825=DIRECTION('',(0,1,0));
#2826=DIRECTION('',(0,0,-1));
#2827=FACE_BOUND('',#2828,.T.);
#2828=EDGE_LOOP('',(#2829,#2830,#2831));
#2829=ORIENTED_EDGE('',*,*,#2832,.T.);
#2830=ORIENTED_EDGE('',*,*,#2833,.T.);
#2831=ORIENTED_EDGE('',*,*,#2834,.T.);
#2832=EDGE_CURVE('',#125,#161,#2835,.F.);
#2833=EDGE_CURVE('',#161,#73,#2836,.T.);
#2834=EDGE_CURVE('',#73,#125,#2837,.T.);
#2835=LINE('',#124,#2838);
#2836=LINE('',#160,#2839);
#2837=LINE('',#72,#2840);
#2838=VECTOR('',#2841,1.0);
#2839=VECTOR('',#2842,1.0);
#2840=VECTOR('',#2843,1.0);
#2841=DIRECTION('',(0,0,-1));
#2842=DIRECTION('',(-0.9999999999999949,0,-1.0063593862334816E-07));
#2843=DIRECTION('',(0.9653361732470821,0,0.2610097174832373));
#2844=FACE_SURFACE('',(#2849),#2845,.T.);
#2845=PLANE('',#2846);
#2846=AXIS2_PLACEMENT_3D('',#124,#2847,#2848);
#2847=DIRECTION('',(0,1,0));
#2848=DIRECTION('',(-0.9653361732470821,0,-0.2610097174832373));
#2849=FACE_BOUND('',#2850,.T.);
#2850=EDGE_LOOP('',(#2851,#2852,#2853));
#2851=ORIENTED_EDGE('',*,*,#2854,.T.);
#2852=ORIENTED_EDGE('',*,*,#2855,.T.);
#2853=ORIENTED_EDGE('',*,*,#2856,.T.);
#2854=EDGE_CURVE('',#125,#73,#2857,.F.);
#2855=EDGE_CURVE('',#73,#151,#2858,.T.);
#2856=EDGE_CURVE('',#151,#125,#2859,.T.);
#2857=LINE('',#124,#2860);
#2858=LINE('',#72,#2861);
#2859=LINE('',#150,#2862);
#2860=VECTOR('',#2863,1.0);
#2861=VECTOR('',#2864,1.0);
#2862=VECTOR('',#2865,1.0);
#2863=DIRECTION('',(-0.9653361732470821,0,-0.2610097174832373));
#2864=DIRECTION('',(0,0,1));
#2865=DIRECTION('',(0.9999999999999949,0,1.0063593862334816E-07));
#2866=FACE_SURFACE('',(#2871),#2867,.T.);
#2867=PLANE('',#2868);
#2868=AXIS2_PLACEMENT_3D('',#64,#2869,#2870);
#2869=DIRECTION('',(0,-1,0));
#2870=DIRECTION('',(0.9999999999999798,0,2.0127187724669324E-07));
#2871=FACE_BOUND('',#2872,.T.);
#2872=EDGE_LOOP('',(#2873,#2874,#2875));
#2873=ORIENTED_EDGE('',*,*,#2876,.T.);
#2874=ORIENTED_EDGE('',*,*,#2877,.T.);
#2875=ORIENTED_EDGE('',*,*,#2878,.T.);
#2876=EDGE_CURVE('',#65,#163,#2879,.F.);
#2877=EDGE_CURVE('',#163,#157,#2880,.T.);
#2878=EDGE_CURVE('',#157,#65,#2881,.T.);
#2879=LINE('',#64,#2882);
#2880=LINE('',#162,#2883);
#2881=LINE('',#156,#2884);
#2882=VECTOR('',#2885,1.0);
#2883=VECTOR('',#2886,1.0);
#2884=VECTOR('',#2887,1.0);
#2885=DIRECTION('',(0.9999999999999798,0,2.0127187724669324E-07));
#2886=DIRECTION('',(0,0,1));
#2887=DIRECTION('',(-0.9653361732470821,0,-0.2610097174832373));
#2888=FACE_SURFACE('',(#2893),#2889,.T.);
#2889=PLANE('',#2890);
#2890=AXIS2_PLACEMENT_3D('',#64,#2891,#2892);
#2891=DIRECTION('',(0,-1,0));
#2892=DIRECTION('',(0.9653361732470821,0,0.2610097174832373));
#2893=FACE_BOUND('',#2894,.T.);
#2894=EDGE_LOOP('',(#2895,#2896,#2897));
#2895=ORIENTED_EDGE('',*,*,#2898,.T.);
#2896=ORIENTED_EDGE('',*,*,#2899,.T.);
#2897=ORIENTED_EDGE('',*,*,#2900,.T.);
#2898=EDGE_CURVE('',#65,#157,#2901,.F.);
#2899=EDGE_CURVE('',#157,#149,#2902,.T.);
#2900=EDGE_CURVE('',#149,#65,#2903,.T.);
#2901=LINE('',#64,#2904);
#2902=LINE('',#156,#2905);
#2903=LINE('',#148,#2906);
#2904=VECTOR('',#2907,1.0);
#2905=VECTOR('',#2908,1.0);
#2906=VECTOR('',#2909,1.0);
#2907=DIRECTION('',(0.9653361732470821,0,0.2610097174832373));
#2908=DIRECTION('',(-0.9999999999999798,0,-2.0127187724669324E-07));
#2909=DIRECTION('',(0,0,-1));
#2910=FACE_SURFACE('',(#2915),#2911,.T.);
#2911=PLANE('',#2912);
#2912=AXIS2_PLACEMENT_3D('',#88,#2913,#2914);
#2913=DIRECTION('',(0,-0,1));
#2914=DIRECTION('',(0.19121841210113982,0.9815475122853292,0));
#2915=FACE_BOUND('',#2916,.T.);
#2916=EDGE_LOOP('',(#2917,#2918,#2919));
#2917=ORIENTED_EDGE('',*,*,#2920,.T.);
#2918=ORIENTED_EDGE('',*,*,#2921,.T.);
#2919=ORIENTED_EDGE('',*,*,#2922,.T.);
#2920=EDGE_CURVE('',#89,#143,#2923,.F.);
#2921=EDGE_CURVE('',#143,#135,#2924,.T.);
#2922=EDGE_CURVE('',#135,#89,#2925,.T.);
#2923=LINE('',#88,#2926);
#2924=LINE('',#142,#2927);
#2925=LINE('',#134,#2928);
#2926=VECTOR('',#2929,1.0);
#2927=VECTOR('',#2930,1.0);
#2928=VECTOR('',#2931,1.0);
#2929=DIRECTION('',(0.19121841210113982,0.9815475122853292,0));
#2930=DIRECTION('',(-1,0,0));
#2931=DIRECTION('',(0.9986166174650869,-0.05258185354842865,0));
#2932=FACE_SURFACE('',(#2937),#2933,.T.);
#2933=PLANE('',#2934);
#2934=AXIS2_PLACEMENT_3D('',#134,#2935,#2936);
#2935=DIRECTION('',(0,0,1));
#2936=DIRECTION('',(-1,0,0));
#2937=FACE_BOUND('',#2938,.T.);
#2938=EDGE_LOOP('',(#2939,#2940,#2941));
#2939=ORIENTED_EDGE('',*,*,#2942,.T.);
#2940=ORIENTED_EDGE('',*,*,#2943,.T.);
#2941=ORIENTED_EDGE('',*,*,#2944,.T.);
#2942=EDGE_CURVE('',#135,#139,#2945,.F.);
#2943=EDGE_CURVE('',#139,#97,#2946,.T.);
#2944=EDGE_CURVE('',#97,#135,#2947,.T.);
#2945=LINE('',#134,#2948);
#2946=LINE('',#138,#2949);
#2947=LINE('',#96,#2950);
#2948=VECTOR('',#2951,1.0);
#2949=VECTOR('',#2952,1.0);
#2950=VECTOR('',#2953,1.0);
#2951=DIRECTION('',(-1,0,0));
#2952=DIRECTION('',(0.1912192172449519,-0.9815473554323438,0));
#2953=DIRECTION('',(0.9943870440351411,0.10580362307149181,0));
#2954=FACE_SURFACE('',(#2959),#2955,.T.);
#2955=PLANE('',#2956);
#2956=AXIS2_PLACEMENT_3D('',#134,#2957,#2958);
#2957=DIRECTION('',(0,0,1));
#2958=DIRECTION('',(-0.9943870440351411,-0.10580362307149181,0));
#2959=FACE_BOUND('',#2960,.T.);
#2960=EDGE_LOOP('',(#2961,#2962,#2963));
#2961=ORIENTED_EDGE('',*,*,#2964,.T.);
#2962=ORIENTED_EDGE('',*,*,#2965,.T.);
#2963=ORIENTED_EDGE('',*,*,#2966,.T.);
#2964=EDGE_CURVE('',#135,#97,#2967,.F.);
#2965=EDGE_CURVE('',#97,#89,#2968,.T.);
#2966=EDGE_CURVE('',#89,#135,#2969,.T.);
#2967=LINE('',#134,#2970);
#2968=LINE('',#96,#2971);
#2969=LINE('',#88,#2972);
#2970=VECTOR('',#2973,1.0);
#2971=VECTOR('',#2974,1.0);
#2972=VECTOR('',#2975,1.0);
#2973=DIRECTION('',(-0.9943870440351411,-0.10580362307149181,0));
#2974=DIRECTION('',(1,0,0));
#2975=DIRECTION('',(-0.9986166174650869,0.05258185354842865,0));
#2976=FACE_SURFACE('',(#2981),#2977,.T.);
#2977=PLANE('',#2978);
#2978=AXIS2_PLACEMENT_3D('',#152,#2979,#2980);
#2979=DIRECTION('',(0,-0.999999999992845,3.782899403220552E-06));
#2980=DIRECTION('',(1,0,0));
#2981=FACE_BOUND('',#2982,.T.);
#2982=EDGE_LOOP('',(#2983,#2984,#2985));
#2983=ORIENTED_EDGE('',*,*,#2986,.T.);
#2984=ORIENTED_EDGE('',*,*,#2987,.T.);
#2985=ORIENTED_EDGE('',*,*,#2988,.T.);
#2986=EDGE_CURVE('',#153,#155,#2989,.F.);
#2987=EDGE_CURVE('',#155,#165,#2990,.T.);
#2988=EDGE_CURVE('',#165,#153,#2991,.T.);
#2989=LINE('',#152,#2992);
#2990=LINE('',#154,#2993);
#2991=LINE('',#164,#2994);
#2992=VECTOR('',#2995,1.0);
#2993=VECTOR('',#2996,1.0);
#2994=VECTOR('',#2997,1.0);
#2995=DIRECTION('',(1,0,0));
#2996=DIRECTION('',(-3.7828994031934842E-06,3.7828994031934842E-06,0.9999999999856896));
#2997=DIRECTION('',(-0.9999398729401384,-4.148281750732178E-08,-0.010965879101016745));
#2998=FACE_SURFACE('',(#3003),#2999,.T.);
#2999=PLANE('',#3000);
#3000=AXIS2_PLACEMENT_3D('',#152,#3001,#3002);
#3001=DIRECTION('',(0,-0.9999999999928448,3.782899403220552E-06));
#3002=DIRECTION('',(0.9999398729401384,4.148281750732178E-08,0.010965879101016745));
#3003=FACE_BOUND('',#3004,.T.);
#3004=EDGE_LOOP('',(#3005,#3006,#3007));
#3005=ORIENTED_EDGE('',*,*,#3008,.T.);
#3006=ORIENTED_EDGE('',*,*,#3009,.T.);
#3007=ORIENTED_EDGE('',*,*,#3010,.T.);
#3008=EDGE_CURVE('',#153,#165,#3011,.F.);
#3009=EDGE_CURVE('',#165,#167,#3012,.T.);
#3010=EDGE_CURVE('',#167,#153,#3013,.T.);
#3011=LINE('',#152,#3014);
#3012=LINE('',#164,#3015);
#3013=LINE('',#166,#3016);
#3014=VECTOR('',#3017,1.0);
#3015=VECTOR('',#3018,1.0);
#3016=VECTOR('',#3019,1.0);
#3017=DIRECTION('',(0.9999398729401384,4.148281750732178E-08,0.010965879101016745));
#3018=DIRECTION('',(-1,0,0));
#3019=DIRECTION('',(-0.9999159593816723,-4.904280312307631E-08,-0.012964342398577414));
#3020=FACE_SURFACE('',(#3025),#3021,.T.);
#3021=PLANE('',#3022);
#3022=AXIS2_PLACEMENT_3D('',#168,#3023,#3024);
#3023=DIRECTION('',(0,-1,0));
#3024=DIRECTION('',(0.9242478884365718,0,0.3817929291128089));
#3025=FACE_BOUND('',#3026,.T.);
#3026=EDGE_LOOP('',(#3027,#3028,#3029));
#3027=ORIENTED_EDGE('',*,*,#3030,.T.);
#3028=ORIENTED_EDGE('',*,*,#3031,.T.);
#3029=ORIENTED_EDGE('',*,*,#3032,.T.);
#3030=EDGE_CURVE('',#169,#111,#3033,.F.);
#3031=EDGE_CURVE('',#111,#121,#3034,.T.);
#3032=EDGE_CURVE('',#121,#169,#3035,.T.);
#3033=LINE('',#168,#3036);
#3034=LINE('',#110,#3037);
#3035=LINE('',#120,#3038);
#3036=VECTOR('',#3039,1.0);
#3037=VECTOR('',#3040,1.0);
#3038=VECTOR('',#3041,1.0);
#3039=DIRECTION('',(0.9242478884365718,0,0.3817929291128089));
#3040=DIRECTION('',(-1,0,0));
#3041=DIRECTION('',(0.992426862734082,0,-0.12283697376518062));
#3042=FACE_SURFACE('',(#3047),#3043,.T.);
#3043=PLANE('',#3044);
#3044=AXIS2_PLACEMENT_3D('',#170,#3045,#3046);
#3045=DIRECTION('',(0,-1,0));
#3046=DIRECTION('',(1,0,0));
#3047=FACE_BOUND('',#3048,.T.);
#3048=EDGE_LOOP('',(#3049,#3050,#3051));
#3049=ORIENTED_EDGE('',*,*,#3052,.T.);
#3050=ORIENTED_EDGE('',*,*,#3053,.T.);
#3051=ORIENTED_EDGE('',*,*,#3054,.T.);
#3052=EDGE_CURVE('',#171,#169,#3055,.F.);
#3053=EDGE_CURVE('',#169,#121,#3056,.T.);
#3054=EDGE_CURVE('',#121,#171,#3057,.T.);
#3055=LINE('',#170,#3058);
#3056=LINE('',#168,#3059);
#3057=LINE('',#120,#3060);
#3058=VECTOR('',#3061,1.0);
#3059=VECTOR('',#3062,1.0);
#3060=VECTOR('',#3063,1.0);
#3061=DIRECTION('',(1,0,0));
#3062=DIRECTION('',(-0.992426862734082,0,0.12283697376518062));
#3063=DIRECTION('',(0.9554619615462403,0,-0.2951142830128879));
#3064=FACE_SURFACE('',(#3069),#3065,.T.);
#3065=PLANE('',#3066);
#3066=AXIS2_PLACEMENT_3D('',#152,#3067,#3068);
#3067=DIRECTION('',(0,-0.9999999999928451,3.7828994032205524E-06));
#3068=DIRECTION('',(0.9999159593816723,4.904280312307631E-08,0.012964342398577414));
#3069=FACE_BOUND('',#3070,.T.);
#3070=EDGE_LOOP('',(#3071,#3072,#3073));
#3071=ORIENTED_EDGE('',*,*,#3074,.T.);
#3072=ORIENTED_EDGE('',*,*,#3075,.T.);
#3073=ORIENTED_EDGE('',*,*,#3076,.T.);
#3074=EDGE_CURVE('',#153,#167,#3077,.F.);
#3075=EDGE_CURVE('',#167,#173,#3078,.T.);
#3076=EDGE_CURVE('',#173,#153,#3079,.T.);
#3077=LINE('',#152,#3080);
#3078=LINE('',#166,#3081);
#3079=LINE('',#172,#3082);
#3080=VECTOR('',#3083,1.0);
#3081=VECTOR('',#3084,1.0);
#3082=VECTOR('',#3085,1.0);
#3083=DIRECTION('',(0.9999159593816723,4.904280312307631E-08,0.012964342398577414));
#3084=DIRECTION('',(-1,0,0));
#3085=DIRECTION('',(-0.9974796584095743,-2.684081373345504E-07,-0.07095302008404505));
#3086=FACE_SURFACE('',(#3091),#3087,.T.);
#3087=PLANE('',#3088);
#3088=AXIS2_PLACEMENT_3D('',#172,#3089,#3090);
#3089=DIRECTION('',(0,-1,0));
#3090=DIRECTION('',(7.443982173149429E-07,0,0.9999999999997229));
#3091=FACE_BOUND('',#3092,.T.);
#3092=EDGE_LOOP('',(#3093,#3094,#3095));
#3093=ORIENTED_EDGE('',*,*,#3096,.T.);
#3094=ORIENTED_EDGE('',*,*,#3097,.T.);
#3095=ORIENTED_EDGE('',*,*,#3098,.T.);
#3096=EDGE_CURVE('',#173,#171,#3099,.F.);
#3097=EDGE_CURVE('',#171,#121,#3100,.T.);
#3098=EDGE_CURVE('',#121,#173,#3101,.T.);
#3099=LINE('',#172,#3102);
#3100=LINE('',#170,#3103);
#3101=LINE('',#120,#3104);
#3102=VECTOR('',#3105,1.0);
#3103=VECTOR('',#3106,1.0);
#3104=VECTOR('',#3107,1.0);
#3105=DIRECTION('',(7.443982173149429E-07,0,0.9999999999997229));
#3106=DIRECTION('',(-0.9554619615462403,0,0.2951142830128879));
#3107=DIRECTION('',(0.8981280499189924,0,-0.43973401727488376));
#3108=FACE_SURFACE('',(#3113),#3109,.T.);
#3109=PLANE('',#3110);
#3110=AXIS2_PLACEMENT_3D('',#172,#3111,#3112);
#3111=DIRECTION('',(2.3495180516965578E-07,-0.9999999999998572,4.798737380148156E-07));
#3112=DIRECTION('',(-0.8981280499189924,0,0.43973401727488376));
#3113=FACE_BOUND('',#3114,.T.);
#3114=EDGE_LOOP('',(#3115,#3116,#3117));
#3115=ORIENTED_EDGE('',*,*,#3118,.T.);
#3116=ORIENTED_EDGE('',*,*,#3119,.T.);
#3117=ORIENTED_EDGE('',*,*,#3120,.T.);
#3118=EDGE_CURVE('',#173,#121,#3121,.F.);
#3119=EDGE_CURVE('',#121,#153,#3122,.T.);
#3120=EDGE_CURVE('',#153,#173,#3123,.T.);
#3121=LINE('',#172,#3124);
#3122=LINE('',#120,#3125);
#3123=LINE('',#152,#3126);
#3124=VECTOR('',#3127,1.0);
#3125=VECTOR('',#3128,1.0);
#3126=VECTOR('',#3129,1.0);
#3127=DIRECTION('',(-0.8981280499189924,0,0.43973401727488376));
#3128=DIRECTION('',(-4.798738507620012E-07,-4.798738507620012E-07,-0.9999999999997697));
#3129=DIRECTION('',(0.9974796584095743,2.684081373345504E-07,0.07095302008404505));
#3130=FACE_SURFACE('',(#3135),#3131,.T.);
#3131=PLANE('',#3132);
#3132=AXIS2_PLACEMENT_3D('',#112,#3133,#3134);
#3133=DIRECTION('',(-0,-1,0));
#3134=DIRECTION('',(-1,0,0));
#3135=FACE_BOUND('',#3136,.T.);
#3136=EDGE_LOOP('',(#3137,#3138,#3139));
#3137=ORIENTED_EDGE('',*,*,#3140,.T.);
#3138=ORIENTED_EDGE('',*,*,#3141,.T.);
#3139=ORIENTED_EDGE('',*,*,#3142,.T.);
#3140=EDGE_CURVE('',#113,#111,#3143,.F.);
#3141=EDGE_CURVE('',#111,#169,#3144,.T.);
#3142=EDGE_CURVE('',#169,#113,#3145,.T.);
#3143=LINE('',#112,#3146);
#3144=LINE('',#110,#3147);
#3145=LINE('',#168,#3148);
#3146=VECTOR('',#3149,1.0);
#3147=VECTOR('',#3150,1.0);
#3148=VECTOR('',#3151,1.0);
#3149=DIRECTION('',(-1,0,0));
#3150=DIRECTION('',(-0.9242478884365718,0,-0.3817929291128089));
#3151=DIRECTION('',(0.9970184442081442,0,0.0771636048197041));
#3152=FACE_SURFACE('',(#3157),#3153,.T.);
#3153=PLANE('',#3154);
#3154=AXIS2_PLACEMENT_3D('',#174,#3155,#3156);
#3155=DIRECTION('',(0,-1,-0));
#3156=DIRECTION('',(-7.443982173149429E-07,0,-0.9999999999997229));
#3157=FACE_BOUND('',#3158,.T.);
#3158=EDGE_LOOP('',(#3159,#3160,#3161));
#3159=ORIENTED_EDGE('',*,*,#3162,.T.);
#3160=ORIENTED_EDGE('',*,*,#3163,.T.);
#3161=ORIENTED_EDGE('',*,*,#3164,.T.);
#3162=EDGE_CURVE('',#175,#167,#3165,.F.);
#3163=EDGE_CURVE('',#167,#165,#3166,.T.);
#3164=EDGE_CURVE('',#165,#175,#3167,.T.);
#3165=LINE('',#174,#3168);
#3166=LINE('',#166,#3169);
#3167=LINE('',#164,#3170);
#3168=VECTOR('',#3171,1.0);
#3169=VECTOR('',#3172,1.0);
#3170=VECTOR('',#3173,1.0);
#3171=DIRECTION('',(-7.443982173149429E-07,0,-0.9999999999997229));
#3172=DIRECTION('',(1,0,0));
#3173=DIRECTION('',(-0.9840559544871816,0,0.17785915337232958));
#3174=FACE_SURFACE('',(#3179),#3175,.T.);
#3175=PLANE('',#3176);
#3176=AXIS2_PLACEMENT_3D('',#112,#3177,#3178);
#3177=DIRECTION('',(0,-1,0));
#3178=DIRECTION('',(-0.9970184442081442,0,-0.0771636048197041));
#3179=FACE_BOUND('',#3180,.T.);
#3180=EDGE_LOOP('',(#3181,#3182,#3183));
#3181=ORIENTED_EDGE('',*,*,#3184,.T.);
#3182=ORIENTED_EDGE('',*,*,#3185,.T.);
#3183=ORIENTED_EDGE('',*,*,#3186,.T.);
#3184=EDGE_CURVE('',#113,#169,#3187,.F.);
#3185=EDGE_CURVE('',#169,#175,#3188,.T.);
#3186=EDGE_CURVE('',#175,#113,#3189,.T.);
#3187=LINE('',#112,#3190);
#3188=LINE('',#168,#3191);
#3189=LINE('',#174,#3192);
#3190=VECTOR('',#3193,1.0);
#3191=VECTOR('',#3194,1.0);
#3192=VECTOR('',#3195,1.0);
#3193=DIRECTION('',(-0.9970184442081442,0,-0.0771636048197041));
#3194=DIRECTION('',(1,0,0));
#3195=DIRECTION('',(0.9554619503504274,0,0.2951143192604478));
#3196=FACE_SURFACE('',(#3201),#3197,.T.);
#3197=PLANE('',#3198);
#3198=AXIS2_PLACEMENT_3D('',#174,#3199,#3200);
#3199=DIRECTION('',(0,-1,0));
#3200=DIRECTION('',(0.9840559544871816,0,-0.17785915337232958));
#3201=FACE_BOUND('',#3202,.T.);
#3202=EDGE_LOOP('',(#3203,#3204,#3205));
#3203=ORIENTED_EDGE('',*,*,#3206,.T.);
#3204=ORIENTED_EDGE('',*,*,#3207,.T.);
#3205=ORIENTED_EDGE('',*,*,#3208,.T.);
#3206=EDGE_CURVE('',#175,#165,#3209,.F.);
#3207=EDGE_CURVE('',#165,#113,#3210,.T.);
#3208=EDGE_CURVE('',#113,#175,#3211,.T.);
#3209=LINE('',#174,#3212);
#3210=LINE('',#164,#3213);
#3211=LINE('',#112,#3214);
#3212=VECTOR('',#3215,1.0);
#3213=VECTOR('',#3216,1.0);
#3214=VECTOR('',#3217,1.0);
#3215=DIRECTION('',(0.9840559544871816,0,-0.17785915337232958));
#3216=DIRECTION('',(0,0,1));
#3217=DIRECTION('',(-0.9554619503504274,0,-0.2951143192604478));
#3218=FACE_SURFACE('',(#3223),#3219,.T.);
#3219=PLANE('',#3220);
#3220=AXIS2_PLACEMENT_3D('',#170,#3221,#3222);
#3221=DIRECTION('',(0,0,-1));
#3222=DIRECTION('',(0,1,0));
#3223=FACE_BOUND('',#3224,.T.);
#3224=EDGE_LOOP('',(#3225,#3226,#3227));
#3225=ORIENTED_EDGE('',*,*,#3228,.T.);
#3226=ORIENTED_EDGE('',*,*,#3229,.T.);
#3227=ORIENTED_EDGE('',*,*,#3230,.T.);
#3228=EDGE_CURVE('',#171,#57,#3231,.F.);
#3229=EDGE_CURVE('',#57,#61,#3232,.T.);
#3230=EDGE_CURVE('',#61,#171,#3233,.T.);
#3231=LINE('',#170,#3234);
#3232=LINE('',#56,#3235);
#3233=LINE('',#60,#3236);
#3234=VECTOR('',#3237,1.0);
#3235=VECTOR('',#3238,1.0);
#3236=VECTOR('',#3239,1.0);
#3237=DIRECTION('',(0,1,0));
#3238=DIRECTION('',(1,0,0));
#3239=DIRECTION('',(-0.999456074396754,-0.03297810412121903,0));
#3240=FACE_SURFACE('',(#3245),#3241,.T.);
#3241=PLANE('',#3242);
#3242=AXIS2_PLACEMENT_3D('',#60,#3243,#3244);
#3243=DIRECTION('',(0,-0,-1));
#3244=DIRECTION('',(0,-1,0));
#3245=FACE_BOUND('',#3246,.T.);
#3246=EDGE_LOOP('',(#3247,#3248,#3249));
#3247=ORIENTED_EDGE('',*,*,#3250,.T.);
#3248=ORIENTED_EDGE('',*,*,#3251,.T.);
#3249=ORIENTED_EDGE('',*,*,#3252,.T.);
#3250=EDGE_CURVE('',#61,#175,#3253,.F.);
#3251=EDGE_CURVE('',#175,#169,#3254,.T.);
#3252=EDGE_CURVE('',#169,#61,#3255,.T.);
#3253=LINE('',#60,#3256);
#3254=LINE('',#174,#3257);
#3255=LINE('',#168,#3258);
#3256=VECTOR('',#3259,1.0);
#3257=VECTOR('',#3260,1.0);
#3258=VECTOR('',#3261,1.0);
#3259=DIRECTION('',(0,-1,0));
#3260=DIRECTION('',(-1,0,0));
#3261=DIRECTION('',(0.998777413856236,0.0494335672458412,0));
#3262=FACE_SURFACE('',(#3267),#3263,.T.);
#3263=PLANE('',#3264);
#3264=AXIS2_PLACEMENT_3D('',#60,#3265,#3266);
#3265=DIRECTION('',(0,0,-1));
#3266=DIRECTION('',(-0.998777413856236,-0.0494335672458412,0));
#3267=FACE_BOUND('',#3268,.T.);
#3268=EDGE_LOOP('',(#3269,#3270,#3271));
#3269=ORIENTED_EDGE('',*,*,#3272,.T.);
#3270=ORIENTED_EDGE('',*,*,#3273,.T.);
#3271=ORIENTED_EDGE('',*,*,#3274,.T.);
#3272=EDGE_CURVE('',#61,#169,#3275,.F.);
#3273=EDGE_CURVE('',#169,#171,#3276,.T.);
#3274=EDGE_CURVE('',#171,#61,#3277,.T.);
#3275=LINE('',#60,#3278);
#3276=LINE('',#168,#3279);
#3277=LINE('',#170,#3280);
#3278=VECTOR('',#3281,1.0);
#3279=VECTOR('',#3282,1.0);
#3280=VECTOR('',#3283,1.0);
#3281=DIRECTION('',(-0.998777413856236,-0.0494335672458412,0));
#3282=DIRECTION('',(-1,0,0));
#3283=DIRECTION('',(0.999456074396754,0.03297810412121903,0));
#3284=FACE_SURFACE('',(#3289),#3285,.T.);
#3285=PLANE('',#3286);
#3286=AXIS2_PLACEMENT_3D('',#58,#3287,#3288);
#3287=DIRECTION('',(0.9999999999997228,0,-7.443982173149429E-07));
#3288=DIRECTION('',(7.443982173149429E-07,0,0.9999999999997229));
#3289=FACE_BOUND('',#3290,.T.);
#3290=EDGE_LOOP('',(#3291,#3292,#3293));
#3291=ORIENTED_EDGE('',*,*,#3294,.T.);
#3292=ORIENTED_EDGE('',*,*,#3295,.T.);
#3293=ORIENTED_EDGE('',*,*,#3296,.T.);
#3294=EDGE_CURVE('',#59,#57,#3297,.F.);
#3295=EDGE_CURVE('',#57,#171,#3298,.T.);
#3296=EDGE_CURVE('',#171,#59,#3299,.T.);
#3297=LINE('',#58,#3300);
#3298=LINE('',#56,#3301);
#3299=LINE('',#170,#3302);
#3300=VECTOR('',#3303,1.0);
#3301=VECTOR('',#3304,1.0);
#3302=VECTOR('',#3305,1.0);
#3303=DIRECTION('',(7.443982173149429E-07,0,0.9999999999997229));
#3304=DIRECTION('',(0,-1,0));
#3305=DIRECTION('',(-5.758958803553497E-07,0.6336259869856914,-0.7736395211053252));
#3306=FACE_SURFACE('',(#3311),#3307,.T.);
#3307=PLANE('',#3308);
#3308=AXIS2_PLACEMENT_3D('',#58,#3309,#3310);
#3309=DIRECTION('',(0.9999999999997228,0,-7.443982173149429E-07));
#3310=DIRECTION('',(5.758958803553497E-07,-0.6336259869856914,0.7736395211053252));
#3311=FACE_BOUND('',#3312,.T.);
#3312=EDGE_LOOP('',(#3313,#3314,#3315));
#3313=ORIENTED_EDGE('',*,*,#3316,.T.);
#3314=ORIENTED_EDGE('',*,*,#3317,.T.);
#3315=ORIENTED_EDGE('',*,*,#3318,.T.);
#3316=EDGE_CURVE('',#59,#171,#3319,.F.);
#3317=EDGE_CURVE('',#171,#173,#3320,.T.);
#3318=EDGE_CURVE('',#173,#59,#3321,.T.);
#3319=LINE('',#58,#3322);
#3320=LINE('',#170,#3323);
#3321=LINE('',#172,#3324);
#3322=VECTOR('',#3325,1.0);
#3323=VECTOR('',#3326,1.0);
#3324=VECTOR('',#3327,1.0);
#3325=DIRECTION('',(5.758958803553497E-07,-0.6336259869856914,0.7736395211053252));
#3326=DIRECTION('',(-7.443982173149429E-07,0,-0.9999999999997229));
#3327=DIRECTION('',(0,1,0));
#3328=FACE_SURFACE('',(#3333),#3329,.T.);
#3329=PLANE('',#3330);
#3330=AXIS2_PLACEMENT_3D('',#166,#3331,#3332);
#3331=DIRECTION('',(-0.9999999999997228,0,7.443982173149429E-07));
#3332=DIRECTION('',(7.443982173149429E-07,0,0.9999999999997229));
#3333=FACE_BOUND('',#3334,.T.);
#3334=EDGE_LOOP('',(#3335,#3336,#3337));
#3335=ORIENTED_EDGE('',*,*,#3338,.T.);
#3336=ORIENTED_EDGE('',*,*,#3339,.T.);
#3337=ORIENTED_EDGE('',*,*,#3340,.T.);
#3338=EDGE_CURVE('',#167,#175,#3341,.F.);
#3339=EDGE_CURVE('',#175,#61,#3342,.T.);
#3340=EDGE_CURVE('',#61,#167,#3343,.T.);
#3341=LINE('',#166,#3344);
#3342=LINE('',#174,#3345);
#3343=LINE('',#60,#3346);
#3344=VECTOR('',#3347,1.0);
#3345=VECTOR('',#3348,1.0);
#3346=VECTOR('',#3349,1.0);
#3347=DIRECTION('',(7.443982173149429E-07,0,0.9999999999997229));
#3348=DIRECTION('',(0,1,0));
#3349=DIRECTION('',(-5.758958803553497E-07,-0.6336259869856914,-0.7736395211053252));
#3350=FACE_SURFACE('',(#3355),#3351,.T.);
#3351=PLANE('',#3352);
#3352=AXIS2_PLACEMENT_3D('',#166,#3353,#3354);
#3353=DIRECTION('',(-0.9999999999997228,0,7.443982173149429E-07));
#3354=DIRECTION('',(5.758958803553497E-07,0.6336259869856914,0.7736395211053252));
#3355=FACE_BOUND('',#3356,.T.);
#3356=EDGE_LOOP('',(#3357,#3358,#3359));
#3357=ORIENTED_EDGE('',*,*,#3360,.T.);
#3358=ORIENTED_EDGE('',*,*,#3361,.T.);
#3359=ORIENTED_EDGE('',*,*,#3362,.T.);
#3360=EDGE_CURVE('',#167,#61,#3363,.F.);
#3361=EDGE_CURVE('',#61,#49,#3364,.T.);
#3362=EDGE_CURVE('',#49,#167,#3365,.T.);
#3363=LINE('',#166,#3366);
#3364=LINE('',#60,#3367);
#3365=LINE('',#48,#3368);
#3366=VECTOR('',#3369,1.0);
#3367=VECTOR('',#3370,1.0);
#3368=VECTOR('',#3371,1.0);
#3369=DIRECTION('',(5.758958803553497E-07,0.6336259869856914,0.7736395211053252));
#3370=DIRECTION('',(-7.443982173149429E-07,0,-0.9999999999997229));
#3371=DIRECTION('',(0,-1,0));
#3372=FACE_SURFACE('',(#3377),#3373,.T.);
#3373=PLANE('',#3374);
#3374=AXIS2_PLACEMENT_3D('',#172,#3375,#3376);
#3375=DIRECTION('',(0,0,1));
#3376=DIRECTION('',(1,0,0));
#3377=FACE_BOUND('',#3378,.T.);
#3378=EDGE_LOOP('',(#3379,#3380,#3381));
#3379=ORIENTED_EDGE('',*,*,#3382,.T.);
#3380=ORIENTED_EDGE('',*,*,#3383,.T.);
#3381=ORIENTED_EDGE('',*,*,#3384,.T.);
#3382=EDGE_CURVE('',#173,#167,#3385,.F.);
#3383=EDGE_CURVE('',#167,#49,#3386,.T.);
#3384=EDGE_CURVE('',#49,#173,#3387,.T.);
#3385=LINE('',#172,#3388);
#3386=LINE('',#166,#3389);
#3387=LINE('',#48,#3390);
#3388=VECTOR('',#3391,1.0);
#3389=VECTOR('',#3392,1.0);
#3390=VECTOR('',#3393,1.0);
#3391=DIRECTION('',(1,0,0));
#3392=DIRECTION('',(0,1,0));
#3393=DIRECTION('',(-0.999456074396754,-0.03297810412121903,0));
#3394=FACE_SURFACE('',(#3399),#3395,.T.);
#3395=PLANE('',#3396);
#3396=AXIS2_PLACEMENT_3D('',#46,#3397,#3398);
#3397=DIRECTION('',(0,0,1));
#3398=DIRECTION('',(-1,0,0));
#3399=FACE_BOUND('',#3400,.T.);
#3400=EDGE_LOOP('',(#3401,#3402,#3403));
#3401=ORIENTED_EDGE('',*,*,#3404,.T.);
#3402=ORIENTED_EDGE('',*,*,#3405,.T.);
#3403=ORIENTED_EDGE('',*,*,#3406,.T.);
#3404=EDGE_CURVE('',#47,#59,#3407,.F.);
#3405=EDGE_CURVE('',#59,#173,#3408,.T.);
#3406=EDGE_CURVE('',#173,#47,#3409,.T.);
#3407=LINE('',#46,#3410);
#3408=LINE('',#58,#3411);
#3409=LINE('',#172,#3412);
#3410=VECTOR('',#3413,1.0);
#3411=VECTOR('',#3414,1.0);
#3412=VECTOR('',#3415,1.0);
#3413=DIRECTION('',(-1,0,0));
#3414=DIRECTION('',(0,-1,0));
#3415=DIRECTION('',(0.9951363856600048,0.09850672025573826,0));
#3416=FACE_SURFACE('',(#3421),#3417,.T.);
#3417=PLANE('',#3418);
#3418=AXIS2_PLACEMENT_3D('',#48,#3419,#3420);
#3419=DIRECTION('',(0,0,1));
#3420=DIRECTION('',(-1,0,0));
#3421=FACE_BOUND('',#3422,.T.);
#3422=EDGE_LOOP('',(#3423,#3424,#3425));
#3423=ORIENTED_EDGE('',*,*,#3426,.T.);
#3424=ORIENTED_EDGE('',*,*,#3427,.T.);
#3425=ORIENTED_EDGE('',*,*,#3428,.T.);
#3426=EDGE_CURVE('',#49,#47,#3429,.F.);
#3427=EDGE_CURVE('',#47,#173,#3430,.T.);
#3428=EDGE_CURVE('',#173,#49,#3431,.T.);
#3429=LINE('',#48,#3432);
#3430=LINE('',#46,#3433);
#3431=LINE('',#172,#3434);
#3432=VECTOR('',#3435,1.0);
#3433=VECTOR('',#3436,1.0);
#3434=VECTOR('',#3437,1.0);
#3435=DIRECTION('',(-1,0,0));
#3436=DIRECTION('',(-0.9951363856600048,-0.09850672025573826,0));
#3437=DIRECTION('',(0.999456074396754,0.03297810412121903,0));
#3438=FACE_SURFACE('',(#3443),#3439,.T.);
#3439=PLANE('',#3440);
#3440=AXIS2_PLACEMENT_3D('',#108,#3441,#3442);
#3441=DIRECTION('',(-1,0,0));
#3442=DIRECTION('',(0,-0.9990780301932229,-0.042931219237633184));
#3443=FACE_BOUND('',#3444,.T.);
#3444=EDGE_LOOP('',(#3445,#3446,#3447));
#3445=ORIENTED_EDGE('',*,*,#3448,.T.);
#3446=ORIENTED_EDGE('',*,*,#3449,.T.);
#3447=ORIENTED_EDGE('',*,*,#3450,.T.);
#3448=EDGE_CURVE('',#109,#147,#3451,.F.);
#3449=EDGE_CURVE('',#147,#37,#3452,.T.);
#3450=EDGE_CURVE('',#37,#109,#3453,.T.);
#3451=LINE('',#108,#3454);
#3452=LINE('',#146,#3455);
#3453=LINE('',#36,#3456);
#3454=VECTOR('',#3457,1.0);
#3455=VECTOR('',#3458,1.0);
#3456=VECTOR('',#3459,1.0);
#3457=DIRECTION('',(0,-0.9990780301932229,-0.042931219237633184));
#3458=DIRECTION('',(0,-0.9999999999998145,6.093404580126734E-07));
#3459=DIRECTION('',(0,0.9991573638648389,0.04104341889591851));
#3460=FACE_SURFACE('',(#3465),#3461,.T.);
#3461=PLANE('',#3462);
#3462=AXIS2_PLACEMENT_3D('',#120,#3463,#3464);
#3463=DIRECTION('',(-1,0,0));
#3464=DIRECTION('',(0,1,0));
#3465=FACE_BOUND('',#3466,.T.);
#3466=EDGE_LOOP('',(#3467,#3468,#3469));
#3467=ORIENTED_EDGE('',*,*,#3470,.T.);
#3468=ORIENTED_EDGE('',*,*,#3471,.T.);
#3469=ORIENTED_EDGE('',*,*,#3472,.T.);
#3470=EDGE_CURVE('',#121,#109,#3473,.F.);
#3471=EDGE_CURVE('',#109,#37,#3474,.T.);
#3472=EDGE_CURVE('',#37,#121,#3475,.T.);
#3473=LINE('',#120,#3476);
#3474=LINE('',#108,#3477);
#3475=LINE('',#36,#3478);
#3476=VECTOR('',#3479,1.0);
#3477=VECTOR('',#3480,1.0);
#3478=VECTOR('',#3481,1.0);
#3479=DIRECTION('',(0,1,0));
#3480=DIRECTION('',(0,-0.9991573638648389,-0.04104341889591851));
#3481=DIRECTION('',(0,-0.5057650371952411,0.8626712740962785));
#3482=FACE_SURFACE('',(#3487),#3483,.T.);
#3483=PLANE('',#3484);
#3484=AXIS2_PLACEMENT_3D('',#144,#3485,#3486);
#3485=DIRECTION('',(-0.9999999999994293,0,1.0683406852972064E-06));
#3486=DIRECTION('',(0,1,0));
#3487=FACE_BOUND('',#3488,.T.);
#3488=EDGE_LOOP('',(#3489,#3490,#3491));
#3489=ORIENTED_EDGE('',*,*,#3492,.T.);
#3490=ORIENTED_EDGE('',*,*,#3493,.T.);
#3491=ORIENTED_EDGE('',*,*,#3494,.T.);
#3492=EDGE_CURVE('',#145,#131,#3495,.F.);
#3493=EDGE_CURVE('',#131,#129,#3496,.T.);
#3494=EDGE_CURVE('',#129,#145,#3497,.T.);
#3495=LINE('',#144,#3498);
#3496=LINE('',#130,#3499);
#3497=LINE('',#128,#3500);
#3498=VECTOR('',#3501,1.0);
#3499=VECTOR('',#3502,1.0);
#3500=VECTOR('',#3503,1.0);
#3501=DIRECTION('',(0,1,0));
#3502=DIRECTION('',(-1.0683406852947676E-06,2.136681370589535E-06,-0.9999999999971467));
#3503=DIRECTION('',(8.581869694309434E-07,-0.5955886222808302,0.8032896071834155));
#3504=FACE_SURFACE('',(#3509),#3505,.T.);
#3505=PLANE('',#3506);
#3506=AXIS2_PLACEMENT_3D('',#158,#3507,#3508);
#3507=DIRECTION('',(-0.9999999999989618,-1.4409055803376355E-06,0));
#3508=DIRECTION('',(0,0,1));
#3509=FACE_BOUND('',#3510,.T.);
#3510=EDGE_LOOP('',(#3511,#3512,#3513));
#3511=ORIENTED_EDGE('',*,*,#3514,.T.);
#3512=ORIENTED_EDGE('',*,*,#3515,.T.);
#3513=ORIENTED_EDGE('',*,*,#3516,.T.);
#3514=EDGE_CURVE('',#159,#145,#3517,.F.);
#3515=EDGE_CURVE('',#145,#129,#3518,.T.);
#3516=EDGE_CURVE('',#129,#159,#3519,.T.);
#3517=LINE('',#158,#3520);
#3518=LINE('',#144,#3521);
#3519=LINE('',#128,#3522);
#3520=VECTOR('',#3523,1.0);
#3521=VECTOR('',#3524,1.0);
#3522=VECTOR('',#3525,1.0);
#3523=DIRECTION('',(0,0,1));
#3524=DIRECTION('',(-8.581869694309434E-07,0.5955886222808302,-0.8032896071834155));
#3525=DIRECTION('',(1.3465323112793472E-06,-0.9345041962863572,0.3559521135228394));
#3526=FACE_SURFACE('',(#3531),#3527,.T.);
#3527=PLANE('',#3528);
#3528=AXIS2_PLACEMENT_3D('',#152,#3529,#3530);
#3529=DIRECTION('',(-0.99999999999955,8.185086294165021E-07,4.798734579810078E-07));
#3530=DIRECTION('',(4.798738507620012E-07,4.798738507620012E-07,0.9999999999997697));
#3531=FACE_BOUND('',#3532,.T.);
#3532=EDGE_LOOP('',(#3533,#3534,#3535));
#3533=ORIENTED_EDGE('',*,*,#3536,.T.);
#3534=ORIENTED_EDGE('',*,*,#3537,.T.);
#3535=ORIENTED_EDGE('',*,*,#3538,.T.);
#3536=EDGE_CURVE('',#153,#121,#3539,.F.);
#3537=EDGE_CURVE('',#121,#37,#3540,.T.);
#3538=EDGE_CURVE('',#37,#153,#3541,.T.);
#3539=LINE('',#152,#3542);
#3540=LINE('',#120,#3543);
#3541=LINE('',#36,#3544);
#3542=VECTOR('',#3545,1.0);
#3543=VECTOR('',#3546,1.0);
#3544=VECTOR('',#3547,1.0);
#3545=DIRECTION('',(4.798738507620012E-07,4.798738507620012E-07,0.9999999999997697));
#3546=DIRECTION('',(0,0.5057650371952411,-0.8626712740962785));
#3547=DIRECTION('',(-8.674266071903483E-07,-0.5837434095748169,-0.811938194554989));
#3548=FACE_SURFACE('',(#3553),#3549,.T.);
#3549=PLANE('',#3550);
#3550=AXIS2_PLACEMENT_3D('',#34,#3551,#3552);
#3551=DIRECTION('',(-0.9999999999928448,-9.918029612598664E-14,3.7829027204214374E-06));
#3552=DIRECTION('',(0,0.9999999999999998,2.6218040339915837E-08));
#3553=FACE_BOUND('',#3554,.T.);
#3554=EDGE_LOOP('',(#3555,#3556,#3557));
#3555=ORIENTED_EDGE('',*,*,#3558,.T.);
#3556=ORIENTED_EDGE('',*,*,#3559,.T.);
#3557=ORIENTED_EDGE('',*,*,#3560,.T.);
#3558=EDGE_CURVE('',#35,#159,#3561,.F.);
#3559=EDGE_CURVE('',#159,#129,#3562,.T.);
#3560=EDGE_CURVE('',#129,#35,#3563,.T.);
#3561=LINE('',#34,#3564);
#3562=LINE('',#158,#3565);
#3563=LINE('',#128,#3566);
#3564=VECTOR('',#3567,1.0);
#3565=VECTOR('',#3568,1.0);
#3566=VECTOR('',#3569,1.0);
#3567=DIRECTION('',(0,0.9999999999999998,2.6218040339915837E-08));
#3568=DIRECTION('',(-1.3465323112793472E-06,0.9345041962863572,-0.3559521135228394));
#3569=DIRECTION('',(3.412799523804535E-08,-0.9999593043934667,0.009021616093193954));
#3570=FACE_SURFACE('',(#3575),#3571,.T.);
#3571=PLANE('',#3572);
#3572=AXIS2_PLACEMENT_3D('',#152,#3573,#3574);
#3573=DIRECTION('',(-0.9999999999988959,1.4859724203502375E-06,0));
#3574=DIRECTION('',(8.674266071903483E-07,0.5837434095748169,0.811938194554989));
#3575=FACE_BOUND('',#3576,.T.);
#3576=EDGE_LOOP('',(#3577,#3578,#3579));
#3577=ORIENTED_EDGE('',*,*,#3580,.T.);
#3578=ORIENTED_EDGE('',*,*,#3581,.T.);
#3579=ORIENTED_EDGE('',*,*,#3582,.T.);
#3580=EDGE_CURVE('',#153,#37,#3583,.F.);
#3581=EDGE_CURVE('',#37,#35,#3584,.T.);
#3582=EDGE_CURVE('',#35,#153,#3585,.T.);
#3583=LINE('',#152,#3586);
#3584=LINE('',#36,#3587);
#3585=LINE('',#34,#3588);
#3586=VECTOR('',#3589,1.0);
#3587=VECTOR('',#3590,1.0);
#3588=VECTOR('',#3591,1.0);
#3589=DIRECTION('',(8.674266071903483E-07,0.5837434095748169,0.811938194554989));
#3590=DIRECTION('',(0,0,-1));
#3591=DIRECTION('',(-1.383092481889512E-06,-0.930765916612366,-0.36561565676380586));
#3592=FACE_SURFACE('',(#3597),#3593,.T.);
#3593=PLANE('',#3594);
#3594=AXIS2_PLACEMENT_3D('',#34,#3595,#3596);
#3595=DIRECTION('',(-0.9999999999928447,0,3.7829137136025813E-06));
#3596=DIRECTION('',(-3.412799523804535E-08,0.9999593043934667,-0.009021616093193954));
#3597=FACE_BOUND('',#3598,.T.);
#3598=EDGE_LOOP('',(#3599,#3600,#3601));
#3599=ORIENTED_EDGE('',*,*,#3602,.T.);
#3600=ORIENTED_EDGE('',*,*,#3603,.T.);
#3601=ORIENTED_EDGE('',*,*,#3604,.T.);
#3602=EDGE_CURVE('',#35,#129,#3605,.F.);
#3603=EDGE_CURVE('',#129,#153,#3606,.T.);
#3604=EDGE_CURVE('',#153,#35,#3607,.T.);
#3605=LINE('',#34,#3608);
#3606=LINE('',#128,#3609);
#3607=LINE('',#152,#3610);
#3608=VECTOR('',#3611,1.0);
#3609=VECTOR('',#3612,1.0);
#3610=VECTOR('',#3613,1.0);
#3611=DIRECTION('',(-3.412799523804535E-08,0.9999593043934667,-0.009021616093193954));
#3612=DIRECTION('',(0,-1,0));
#3613=DIRECTION('',(1.383092481889512E-06,0.930765916612366,0.36561565676380586));
#3614=FACE_SURFACE('',(#3619),#3615,.T.);
#3615=PLANE('',#3616);
#3616=AXIS2_PLACEMENT_3D('',#88,#3617,#3618);
#3617=DIRECTION('',(-0.9815473554320817,0.19121921724490082,7.306621015940407E-07));
#3618=DIRECTION('',(7.443982173149429E-07,0,0.9999999999997229));
#3619=FACE_BOUND('',#3620,.T.);
#3620=EDGE_LOOP('',(#3621,#3622,#3623));
#3621=ORIENTED_EDGE('',*,*,#3624,.T.);
#3622=ORIENTED_EDGE('',*,*,#3625,.T.);
#3623=ORIENTED_EDGE('',*,*,#3626,.T.);
#3624=EDGE_CURVE('',#89,#87,#3627,.F.);
#3625=EDGE_CURVE('',#87,#99,#3628,.T.);
#3626=EDGE_CURVE('',#99,#89,#3629,.T.);
#3627=LINE('',#88,#3630);
#3628=LINE('',#86,#3631);
#3629=LINE('',#98,#3632);
#3630=VECTOR('',#3633,1.0);
#3631=VECTOR('',#3634,1.0);
#3632=VECTOR('',#3635,1.0);
#3633=DIRECTION('',(7.443982173149429E-07,0,0.9999999999997229));
#3634=DIRECTION('',(0.1912192172449519,0.9815473554323438,0));
#3635=DIRECTION('',(-0.12718784076496073,-0.6528650464362394,-0.7467198164662259));
#3636=FACE_SURFACE('',(#3641),#3637,.T.);
#3637=PLANE('',#3638);
#3638=AXIS2_PLACEMENT_3D('',#88,#3639,#3640);
#3639=DIRECTION('',(-0.9815475122842813,0.19121841210093568,1.461324436709077E-06));
#3640=DIRECTION('',(0.12718784076496073,0.6528650464362394,0.7467198164662259));
#3641=FACE_BOUND('',#3642,.T.);
#3642=EDGE_LOOP('',(#3643,#3644,#3645));
#3643=ORIENTED_EDGE('',*,*,#3646,.T.);
#3644=ORIENTED_EDGE('',*,*,#3647,.T.);
#3645=ORIENTED_EDGE('',*,*,#3648,.T.);
#3646=EDGE_CURVE('',#89,#99,#3649,.F.);
#3647=EDGE_CURVE('',#99,#143,#3650,.T.);
#3648=EDGE_CURVE('',#143,#89,#3651,.T.);
#3649=LINE('',#88,#3652);
#3650=LINE('',#98,#3653);
#3651=LINE('',#142,#3654);
#3652=VECTOR('',#3655,1.0);
#3653=VECTOR('',#3656,1.0);
#3654=VECTOR('',#3657,1.0);
#3655=DIRECTION('',(0.12718784076496073,0.6528650464362394,0.7467198164662259));
#3656=DIRECTION('',(-1.4887964346286484E-06,0,-0.9999999999988918));
#3657=DIRECTION('',(-0.19121841210113982,-0.9815475122853292,0));
#3658=FACE_SURFACE('',(#3663),#3659,.T.);
#3659=PLANE('',#3660);
#3660=AXIS2_PLACEMENT_3D('',#90,#3661,#3662);
#3661=DIRECTION('',(0,-1,0));
#3662=DIRECTION('',(1,0,0));
#3663=FACE_BOUND('',#3664,.T.);
#3664=EDGE_LOOP('',(#3665,#3666,#3667));
#3665=ORIENTED_EDGE('',*,*,#3668,.T.);
#3666=ORIENTED_EDGE('',*,*,#3669,.T.);
#3667=ORIENTED_EDGE('',*,*,#3670,.T.);
#3668=EDGE_CURVE('',#91,#85,#3671,.F.);
#3669=EDGE_CURVE('',#85,#67,#3672,.T.);
#3670=EDGE_CURVE('',#67,#91,#3673,.T.);
#3671=LINE('',#90,#3674);
#3672=LINE('',#84,#3675);
#3673=LINE('',#66,#3676);
#3674=VECTOR('',#3677,1.0);
#3675=VECTOR('',#3678,1.0);
#3676=VECTOR('',#3679,1.0);
#3677=DIRECTION('',(1,0,0));
#3678=DIRECTION('',(0.9860082817235799,0,0.16669633581009982));
#3679=DIRECTION('',(-0.9928810203569177,0,-0.11911036653039886));
#3680=FACE_SURFACE('',(#3685),#3681,.T.);
#3681=PLANE('',#3682);
#3682=AXIS2_PLACEMENT_3D('',#90,#3683,#3684);
#3683=DIRECTION('',(0,-1,0));
#3684=DIRECTION('',(0.9928810203569177,0,0.11911036653039886));
#3685=FACE_BOUND('',#3686,.T.);
#3686=EDGE_LOOP('',(#3687,#3688,#3689));
#3687=ORIENTED_EDGE('',*,*,#3690,.T.);
#3688=ORIENTED_EDGE('',*,*,#3691,.T.);
#3689=ORIENTED_EDGE('',*,*,#3692,.T.);
#3690=EDGE_CURVE('',#91,#67,#3693,.F.);
#3691=EDGE_CURVE('',#67,#93,#3694,.T.);
#3692=EDGE_CURVE('',#93,#91,#3695,.T.);
#3693=LINE('',#90,#3696);
#3694=LINE('',#66,#3697);
#3695=LINE('',#92,#3698);
#3696=VECTOR('',#3699,1.0);
#3697=VECTOR('',#3700,1.0);
#3698=VECTOR('',#3701,1.0);
#3699=DIRECTION('',(0.9928810203569177,0,0.11911036653039886));
#3700=DIRECTION('',(-1,0,0));
#3701=DIRECTION('',(0,0,-1));
#3702=FACE_SURFACE('',(#3707),#3703,.T.);
#3703=PLANE('',#3704);
#3704=AXIS2_PLACEMENT_3D('',#160,#3705,#3706);
#3705=DIRECTION('',(1,0,-0));
#3706=DIRECTION('',(0,0,1));
#3707=FACE_BOUND('',#3708,.T.);
#3708=EDGE_LOOP('',(#3709,#3710,#3711));
#3709=ORIENTED_EDGE('',*,*,#3712,.T.);
#3710=ORIENTED_EDGE('',*,*,#3713,.T.);
#3711=ORIENTED_EDGE('',*,*,#3714,.T.);
#3712=EDGE_CURVE('',#161,#125,#3715,.F.);
#3713=EDGE_CURVE('',#125,#115,#3716,.T.);
#3714=EDGE_CURVE('',#115,#161,#3717,.T.);
#3715=LINE('',#160,#3718);
#3716=LINE('',#124,#3719);
#3717=LINE('',#114,#3720);
#3718=VECTOR('',#3721,1.0);
#3719=VECTOR('',#3722,1.0);
#3720=VECTOR('',#3723,1.0);
#3721=DIRECTION('',(0,0,1));
#3722=DIRECTION('',(0,-8.711934021035578E-07,0.9999999999996205));
#3723=DIRECTION('',(0,5.495911179479416E-07,-0.999999999999849));
#3724=FACE_SURFACE('',(#3729),#3725,.T.);
#3725=PLANE('',#3726);
#3726=AXIS2_PLACEMENT_3D('',#114,#3727,#3728);
#3727=DIRECTION('',(1,0,0));
#3728=DIRECTION('',(0,-1,0));
#3729=FACE_BOUND('',#3730,.T.);
#3730=EDGE_LOOP('',(#3731,#3732,#3733));
#3731=ORIENTED_EDGE('',*,*,#3734,.T.);
#3732=ORIENTED_EDGE('',*,*,#3735,.T.);
#3733=ORIENTED_EDGE('',*,*,#3736,.T.);
#3734=EDGE_CURVE('',#115,#113,#3737,.F.);
#3735=EDGE_CURVE('',#113,#165,#3738,.T.);
#3736=EDGE_CURVE('',#165,#115,#3739,.T.);
#3737=LINE('',#114,#3740);
#3738=LINE('',#112,#3741);
#3739=LINE('',#164,#3742);
#3740=VECTOR('',#3743,1.0);
#3741=VECTOR('',#3744,1.0);
#3742=VECTOR('',#3745,1.0);
#3743=DIRECTION('',(0,-1,0));
#3744=DIRECTION('',(0,0,-1));
#3745=DIRECTION('',(0,0.3468867362947721,0.9379070274727453));
#3746=FACE_SURFACE('',(#3751),#3747,.T.);
#3747=PLANE('',#3748);
#3748=AXIS2_PLACEMENT_3D('',#164,#3749,#3750);
#3749=DIRECTION('',(0.999999999992845,0,3.782899403220552E-06));
#3750=DIRECTION('',(3.7828994031934842E-06,-3.7828994031934842E-06,-0.9999999999856896));
#3751=FACE_BOUND('',#3752,.T.);
#3752=EDGE_LOOP('',(#3753,#3754,#3755));
#3753=ORIENTED_EDGE('',*,*,#3756,.T.);
#3754=ORIENTED_EDGE('',*,*,#3757,.T.);
#3755=ORIENTED_EDGE('',*,*,#3758,.T.);
#3756=EDGE_CURVE('',#165,#155,#3759,.F.);
#3757=EDGE_CURVE('',#155,#133,#3760,.T.);
#3758=EDGE_CURVE('',#133,#165,#3761,.T.);
#3759=LINE('',#164,#3762);
#3760=LINE('',#154,#3763);
#3761=LINE('',#132,#3764);
#3762=VECTOR('',#3765,1.0);
#3763=VECTOR('',#3766,1.0);
#3764=VECTOR('',#3767,1.0);
#3765=DIRECTION('',(3.7828994031934842E-06,-3.7828994031934842E-06,-0.9999999999856896));
#3766=DIRECTION('',(0,1,0));
#3767=DIRECTION('',(-3.336181355984577E-08,-0.9999611108754948,0.00881911201001133));
#3768=FACE_SURFACE('',(#3773),#3769,.T.);
#3769=PLANE('',#3770);
#3770=AXIS2_PLACEMENT_3D('',#132,#3771,#3772);
#3771=DIRECTION('',(0.9999999999998849,0,4.798738507620564E-07));
#3772=DIRECTION('',(-4.798738507618354E-07,-9.597477015236707E-07,0.9999999999994242));
#3773=FACE_BOUND('',#3774,.T.);
#3774=EDGE_LOOP('',(#3775,#3776,#3777));
#3775=ORIENTED_EDGE('',*,*,#3778,.T.);
#3776=ORIENTED_EDGE('',*,*,#3779,.T.);
#3777=ORIENTED_EDGE('',*,*,#3780,.T.);
#3778=EDGE_CURVE('',#133,#119,#3781,.F.);
#3779=EDGE_CURVE('',#119,#117,#3782,.T.);
#3780=EDGE_CURVE('',#117,#133,#3783,.T.);
#3781=LINE('',#132,#3784);
#3782=LINE('',#118,#3785);
#3783=LINE('',#116,#3786);
#3784=VECTOR('',#3787,1.0);
#3785=VECTOR('',#3788,1.0);
#3786=VECTOR('',#3789,1.0);
#3787=DIRECTION('',(-4.798738507618354E-07,-9.597477015236707E-07,0.9999999999994242));
#3788=DIRECTION('',(0,-1,0));
#3789=DIRECTION('',(4.552888630806213E-07,0.31597411328885583,-0.9487678112853082));
#3790=FACE_SURFACE('',(#3795),#3791,.T.);
#3791=PLANE('',#3792);
#3792=AXIS2_PLACEMENT_3D('',#116,#3793,#3794);
#3793=DIRECTION('',(1,0,0));
#3794=DIRECTION('',(0,-0.36420887400096064,-0.9313172907763242));
#3795=FACE_BOUND('',#3796,.T.);
#3796=EDGE_LOOP('',(#3797,#3798,#3799));
#3797=ORIENTED_EDGE('',*,*,#3800,.T.);
#3798=ORIENTED_EDGE('',*,*,#3801,.T.);
#3799=ORIENTED_EDGE('',*,*,#3802,.T.);
#3800=EDGE_CURVE('',#117,#123,#3803,.F.);
#3801=EDGE_CURVE('',#123,#157,#3804,.T.);
#3802=EDGE_CURVE('',#157,#117,#3805,.T.);
#3803=LINE('',#116,#3806);
#3804=LINE('',#122,#3807);
#3805=LINE('',#156,#3808);
#3806=VECTOR('',#3809,1.0);
#3807=VECTOR('',#3810,1.0);
#3808=VECTOR('',#3811,1.0);
#3809=DIRECTION('',(0,-0.36420887400096064,-0.9313172907763242));
#3810=DIRECTION('',(0,1,0));
#3811=DIRECTION('',(0,0,1));
#3812=FACE_SURFACE('',(#3817),#3813,.T.);
#3813=PLANE('',#3814);
#3814=AXIS2_PLACEMENT_3D('',#132,#3815,#3816);
#3815=DIRECTION('',(0.9999999999989618,-1.4409055803376355E-06,0));
#3816=DIRECTION('',(-4.552888630806213E-07,-0.31597411328885583,0.9487678112853082));
#3817=FACE_BOUND('',#3818,.T.);
#3818=EDGE_LOOP('',(#3819,#3820,#3821));
#3819=ORIENTED_EDGE('',*,*,#3822,.T.);
#3820=ORIENTED_EDGE('',*,*,#3823,.T.);
#3821=ORIENTED_EDGE('',*,*,#3824,.T.);
#3822=EDGE_CURVE('',#133,#117,#3825,.F.);
#3823=EDGE_CURVE('',#117,#157,#3826,.T.);
#3824=EDGE_CURVE('',#157,#133,#3827,.T.);
#3825=LINE('',#132,#3828);
#3826=LINE('',#116,#3829);
#3827=LINE('',#156,#3830);
#3828=VECTOR('',#3831,1.0);
#3829=VECTOR('',#3832,1.0);
#3830=VECTOR('',#3833,1.0);
#3831=DIRECTION('',(-4.552888630806213E-07,-0.31597411328885583,0.9487678112853082));
#3832=DIRECTION('',(0,0,-1));
#3833=DIRECTION('',(8.581869694309434E-07,0.5955886222808302,-0.8032896071834155));
#3834=FACE_SURFACE('',(#3839),#3835,.T.);
#3835=PLANE('',#3836);
#3836=AXIS2_PLACEMENT_3D('',#160,#3837,#3838);
#3837=DIRECTION('',(1,0,0));
#3838=DIRECTION('',(0,-5.495911179479416E-07,0.999999999999849));
#3839=FACE_BOUND('',#3840,.T.);
#3840=EDGE_LOOP('',(#3841,#3842,#3843));
#3841=ORIENTED_EDGE('',*,*,#3844,.T.);
#3842=ORIENTED_EDGE('',*,*,#3845,.T.);
#3843=ORIENTED_EDGE('',*,*,#3846,.T.);
#3844=EDGE_CURVE('',#161,#115,#3847,.F.);
#3845=EDGE_CURVE('',#115,#165,#3848,.T.);
#3846=EDGE_CURVE('',#165,#161,#3849,.T.);
#3847=LINE('',#160,#3850);
#3848=LINE('',#114,#3851);
#3849=LINE('',#164,#3852);
#3850=VECTOR('',#3853,1.0);
#3851=VECTOR('',#3854,1.0);
#3852=VECTOR('',#3855,1.0);
#3853=DIRECTION('',(0,-5.495911179479416E-07,0.999999999999849));
#3854=DIRECTION('',(0,-0.3468867362947721,-0.9379070274727453));
#3855=DIRECTION('',(0,0.999999999998896,-1.485974628467553E-06));
#3856=FACE_SURFACE('',(#3861),#3857,.T.);
#3857=PLANE('',#3858);
#3858=AXIS2_PLACEMENT_3D('',#132,#3859,#3860);
#3859=DIRECTION('',(0.9999999999989618,-1.4409055803376355E-06,0));
#3860=DIRECTION('',(-8.581869694309434E-07,-0.5955886222808302,0.8032896071834155));
#3861=FACE_BOUND('',#3862,.T.);
#3862=EDGE_LOOP('',(#3863,#3864,#3865));
#3863=ORIENTED_EDGE('',*,*,#3866,.T.);
#3864=ORIENTED_EDGE('',*,*,#3867,.T.);
#3865=ORIENTED_EDGE('',*,*,#3868,.T.);
#3866=EDGE_CURVE('',#133,#157,#3869,.F.);
#3867=EDGE_CURVE('',#157,#163,#3870,.T.);
#3868=EDGE_CURVE('',#163,#133,#3871,.T.);
#3869=LINE('',#132,#3872);
#3870=LINE('',#156,#3873);
#3871=LINE('',#162,#3874);
#3872=VECTOR('',#3875,1.0);
#3873=VECTOR('',#3876,1.0);
#3874=VECTOR('',#3877,1.0);
#3875=DIRECTION('',(-8.581869694309434E-07,-0.5955886222808302,0.8032896071834155));
#3876=DIRECTION('',(0,0,-1));
#3877=DIRECTION('',(1.3465321499307217E-06,0.9345040843091202,-0.3559524075038114));
#3878=FACE_SURFACE('',(#3883),#3879,.T.);
#3879=PLANE('',#3880);
#3880=AXIS2_PLACEMENT_3D('',#160,#3881,#3882);
#3881=DIRECTION('',(0.9999999999928423,5.62223981664284E-12,3.783536884768149E-06));
#3882=DIRECTION('',(0,-0.999999999998896,1.485974628467553E-06));
#3883=FACE_BOUND('',#3884,.T.);
#3884=EDGE_LOOP('',(#3885,#3886,#3887));
#3885=ORIENTED_EDGE('',*,*,#3888,.T.);
#3886=ORIENTED_EDGE('',*,*,#3889,.T.);
#3887=ORIENTED_EDGE('',*,*,#3890,.T.);
#3888=EDGE_CURVE('',#161,#165,#3891,.F.);
#3889=EDGE_CURVE('',#165,#133,#3892,.T.);
#3890=EDGE_CURVE('',#133,#161,#3893,.T.);
#3891=LINE('',#160,#3894);
#3892=LINE('',#164,#3895);
#3893=LINE('',#132,#3896);
#3894=VECTOR('',#3897,1.0);
#3895=VECTOR('',#3898,1.0);
#3896=VECTOR('',#3899,1.0);
#3897=DIRECTION('',(0,-0.999999999998896,1.485974628467553E-06));
#3898=DIRECTION('',(3.336181355984577E-08,0.9999611108754948,-0.00881911201001133));
#3899=DIRECTION('',(-3.412799523804535E-08,-0.9999593043934667,0.009021616093193954));
#3900=FACE_SURFACE('',(#3905),#3901,.T.);
#3901=PLANE('',#3902);
#3902=AXIS2_PLACEMENT_3D('',#132,#3903,#3904);
#3903=DIRECTION('',(0.9999999999928448,-1.3224026673751554E-13,3.782899056041921E-06));
#3904=DIRECTION('',(-1.3465321499307217E-06,-0.9345040843091202,0.3559524075038114));
#3905=FACE_BOUND('',#3906,.T.);
#3906=EDGE_LOOP('',(#3907,#3908,#3909));
#3907=ORIENTED_EDGE('',*,*,#3910,.T.);
#3908=ORIENTED_EDGE('',*,*,#3911,.T.);
#3909=ORIENTED_EDGE('',*,*,#3912,.T.);
#3910=EDGE_CURVE('',#133,#163,#3913,.F.);
#3911=EDGE_CURVE('',#163,#161,#3914,.T.);
#3912=EDGE_CURVE('',#161,#133,#3915,.T.);
#3913=LINE('',#132,#3916);
#3914=LINE('',#162,#3917);
#3915=LINE('',#160,#3918);
#3916=VECTOR('',#3919,1.0);
#3917=VECTOR('',#3920,1.0);
#3918=VECTOR('',#3921,1.0);
#3919=DIRECTION('',(-1.3465321499307217E-06,-0.9345040843091202,0.3559524075038114));
#3920=DIRECTION('',(0,-0.9999999999999993,-3.495738711988777E-08));
#3921=DIRECTION('',(3.412799523804535E-08,0.9999593043934667,-0.009021616093193954));
#3922=FACE_SURFACE('',(#3927),#3923,.T.);
#3923=PLANE('',#3924);
#3924=AXIS2_PLACEMENT_3D('',#76,#3925,#3926);
#3925=DIRECTION('',(1.0063593862334812E-07,-2.62180403399157E-08,0.9999999999999944));
#3926=DIRECTION('',(-0.9999999999999949,0,1.0063593862334816E-07));
#3927=FACE_BOUND('',#3928,.T.);
#3928=EDGE_LOOP('',(#3929,#3930,#3931));
#3929=ORIENTED_EDGE('',*,*,#3932,.T.);
#3930=ORIENTED_EDGE('',*,*,#3933,.T.);
#3931=ORIENTED_EDGE('',*,*,#3934,.T.);
#3932=EDGE_CURVE('',#77,#159,#3935,.F.);
#3933=EDGE_CURVE('',#159,#35,#3936,.T.);
#3934=EDGE_CURVE('',#35,#77,#3937,.T.);
#3935=LINE('',#76,#3938);
#3936=LINE('',#158,#3939);
#3937=LINE('',#34,#3940);
#3938=VECTOR('',#3941,1.0);
#3939=VECTOR('',#3942,1.0);
#3940=VECTOR('',#3943,1.0);
#3941=DIRECTION('',(-0.9999999999999949,0,1.0063593862334816E-07));
#3942=DIRECTION('',(0,-0.9999999999999998,-2.6218040339915837E-08));
#3943=DIRECTION('',(0.086515599541146,0.9962504961283762,1.741315713076996E-08));
#3944=FACE_SURFACE('',(#3949),#3945,.T.);
#3945=PLANE('',#3946);
#3946=AXIS2_PLACEMENT_3D('',#76,#3947,#3948);
#3947=DIRECTION('',(1.0063593862334812E-07,-2.62180403399157E-08,0.9999999999999944));
#3948=DIRECTION('',(-0.086515599541146,-0.9962504961283762,-1.741315713076996E-08));
#3949=FACE_BOUND('',#3950,.T.);
#3950=EDGE_LOOP('',(#3951,#3952,#3953));
#3951=ORIENTED_EDGE('',*,*,#3954,.T.);
#3952=ORIENTED_EDGE('',*,*,#3955,.T.);
#3953=ORIENTED_EDGE('',*,*,#3956,.T.);
#3954=EDGE_CURVE('',#77,#35,#3957,.F.);
#3955=EDGE_CURVE('',#35,#41,#3958,.T.);
#3956=EDGE_CURVE('',#41,#77,#3959,.T.);
#3957=LINE('',#76,#3960);
#3958=LINE('',#34,#3961);
#3959=LINE('',#40,#3962);
#3960=VECTOR('',#3963,1.0);
#3961=VECTOR('',#3964,1.0);
#3962=VECTOR('',#3965,1.0);
#3963=DIRECTION('',(-0.086515599541146,-0.9962504961283762,-1.741315713076996E-08));
#3964=DIRECTION('',(0.9999999999999949,0,-1.0063593862334816E-07));
#3965=DIRECTION('',(0,0.9999999999999998,2.6218040339915837E-08));
#3966=FACE_SURFACE('',(#3971),#3967,.T.);
#3967=PLANE('',#3968);
#3968=AXIS2_PLACEMENT_3D('',#140,#3969,#3970);
#3969=DIRECTION('',(0,0.00027798494316399954,-0.9999999613621849));
#3970=DIRECTION('',(1,0,0));
#3971=FACE_BOUND('',#3972,.T.);
#3972=EDGE_LOOP('',(#3973,#3974,#3975));
#3973=ORIENTED_EDGE('',*,*,#3976,.T.);
#3974=ORIENTED_EDGE('',*,*,#3977,.T.);
#3975=ORIENTED_EDGE('',*,*,#3978,.T.);
#3976=EDGE_CURVE('',#141,#133,#3979,.F.);
#3977=EDGE_CURVE('',#133,#69,#3980,.T.);
#3978=EDGE_CURVE('',#69,#141,#3981,.T.);
#3979=LINE('',#140,#3982);
#3980=LINE('',#132,#3983);
#3981=LINE('',#68,#3984);
#3982=VECTOR('',#3985,1.0);
#3983=VECTOR('',#3986,1.0);
#3984=VECTOR('',#3987,1.0);
#3985=DIRECTION('',(1,0,0));
#3986=DIRECTION('',(-0.9731770030930148,-0.2300576374758464,-6.395256174915442E-05));
#3987=DIRECTION('',(-0.8852394937153902,0.4651354878396802,0.00012930066714656794));
#3988=FACE_SURFACE('',(#3993),#3989,.T.);
#3989=PLANE('',#3990);
#3990=AXIS2_PLACEMENT_3D('',#68,#3991,#3992);
#3991=DIRECTION('',(0,0.00027798494316399954,-0.9999999613621849));
#3992=DIRECTION('',(-1,0,0));
#3993=FACE_BOUND('',#3994,.T.);
#3994=EDGE_LOOP('',(#3995,#3996,#3997));
#3995=ORIENTED_EDGE('',*,*,#3998,.T.);
#3996=ORIENTED_EDGE('',*,*,#3999,.T.);
#3997=ORIENTED_EDGE('',*,*,#4000,.T.);
#3998=EDGE_CURVE('',#69,#83,#4001,.F.);
#3999=EDGE_CURVE('',#83,#129,#4002,.T.);
#4000=EDGE_CURVE('',#129,#69,#4003,.T.);
#4001=LINE('',#68,#4004);
#4002=LINE('',#82,#4005);
#4003=LINE('',#128,#4006);
#4004=VECTOR('',#4007,1.0);
#4005=VECTOR('',#4008,1.0);
#4006=VECTOR('',#4009,1.0);
#4007=DIRECTION('',(-1,0,0));
#4008=DIRECTION('',(-0.9731770030930148,0.2300576374758464,6.395256174915442E-05));
#4009=DIRECTION('',(0.9996313166660311,-0.02715199225779197,-7.547845316203908E-06));
#4010=FACE_SURFACE('',(#4015),#4011,.T.);
#4011=PLANE('',#4012);
#4012=AXIS2_PLACEMENT_3D('',#68,#4013,#4014);
#4013=DIRECTION('',(0,0.00027798494316399954,-0.9999999613621849));
#4014=DIRECTION('',(-0.9996313166660311,0.02715199225779197,7.547845316203908E-06));
#4015=FACE_BOUND('',#4016,.T.);
#4016=EDGE_LOOP('',(#4017,#4018,#4019));
#4017=ORIENTED_EDGE('',*,*,#4020,.T.);
#4018=ORIENTED_EDGE('',*,*,#4021,.T.);
#4019=ORIENTED_EDGE('',*,*,#4022,.T.);
#4020=EDGE_CURVE('',#69,#129,#4023,.F.);
#4021=EDGE_CURVE('',#129,#127,#4024,.T.);
#4022=EDGE_CURVE('',#127,#69,#4025,.T.);
#4023=LINE('',#68,#4026);
#4024=LINE('',#128,#4027);
#4025=LINE('',#126,#4028);
#4026=VECTOR('',#4029,1.0);
#4027=VECTOR('',#4030,1.0);
#4028=VECTOR('',#4031,1.0);
#4029=DIRECTION('',(-0.9996313166660311,0.02715199225779197,7.547845316203908E-06));
#4030=DIRECTION('',(1,0,0));
#4031=DIRECTION('',(0.9994693179914377,-0.03257425842186776,-9.055153725883697E-06));
#4032=FACE_SURFACE('',(#4037),#4033,.T.);
#4033=PLANE('',#4034);
#4034=AXIS2_PLACEMENT_3D('',#136,#4035,#4036);
#4035=DIRECTION('',(0,0.0002779849431639995,-0.9999999613621848));
#4036=DIRECTION('',(1,0,0));
#4037=FACE_BOUND('',#4038,.T.);
#4038=EDGE_LOOP('',(#4039,#4040,#4041));
#4039=ORIENTED_EDGE('',*,*,#4042,.T.);
#4040=ORIENTED_EDGE('',*,*,#4043,.T.);
#4041=ORIENTED_EDGE('',*,*,#4044,.T.);
#4042=EDGE_CURVE('',#137,#141,#4045,.F.);
#4043=EDGE_CURVE('',#141,#69,#4046,.T.);
#4044=EDGE_CURVE('',#69,#137,#4047,.T.);
#4045=LINE('',#136,#4048);
#4046=LINE('',#140,#4049);
#4047=LINE('',#68,#4050);
#4048=VECTOR('',#4051,1.0);
#4049=VECTOR('',#4052,1.0);
#4050=VECTOR('',#4053,1.0);
#4051=DIRECTION('',(1,0,0));
#4052=DIRECTION('',(0.8852394937153902,-0.4651354878396802,-0.00012930066714656794));
#4053=DIRECTION('',(-0.9988777178256739,0.047363537220319316,1.3166350710955466E-05));
#4054=FACE_SURFACE('',(#4059),#4055,.T.);
#4055=PLANE('',#4056);
#4056=AXIS2_PLACEMENT_3D('',#68,#4057,#4058);
#4057=DIRECTION('',(0,0.0002779849431639995,-0.9999999613621848));
#4058=DIRECTION('',(-0.9994693179914377,0.03257425842186776,9.055153725883697E-06));
#4059=FACE_BOUND('',#4060,.T.);
#4060=EDGE_LOOP('',(#4061,#4062,#4063));
#4061=ORIENTED_EDGE('',*,*,#4064,.T.);
#4062=ORIENTED_EDGE('',*,*,#4065,.T.);
#4063=ORIENTED_EDGE('',*,*,#4066,.T.);
#4064=EDGE_CURVE('',#69,#127,#4067,.F.);
#4065=EDGE_CURVE('',#127,#137,#4068,.T.);
#4066=EDGE_CURVE('',#137,#69,#4069,.T.);
#4067=LINE('',#68,#4070);
#4068=LINE('',#126,#4071);
#4069=LINE('',#136,#4072);
#4070=VECTOR('',#4073,1.0);
#4071=VECTOR('',#4074,1.0);
#4072=VECTOR('',#4075,1.0);
#4073=DIRECTION('',(-0.9994693179914377,0.03257425842186776,9.055153725883697E-06));
#4074=DIRECTION('',(1,0,0));
#4075=DIRECTION('',(0.9988777178256739,-0.047363537220319316,-1.3166350710955466E-05));
#4076=FACE_SURFACE('',(#4081),#4077,.T.);
#4077=PLANE('',#4078);
#4078=AXIS2_PLACEMENT_3D('',#44,#4079,#4080);
#4079=DIRECTION('',(0,-0.00029675180425462854,-0.9999999559691823));
#4080=DIRECTION('',(1,0,0));
#4081=FACE_BOUND('',#4082,.T.);
#4082=EDGE_LOOP('',(#4083,#4084,#4085));
#4083=ORIENTED_EDGE('',*,*,#4086,.T.);
#4084=ORIENTED_EDGE('',*,*,#4087,.T.);
#4085=ORIENTED_EDGE('',*,*,#4088,.T.);
#4086=EDGE_CURVE('',#45,#43,#4089,.F.);
#4087=EDGE_CURVE('',#43,#155,#4090,.T.);
#4088=EDGE_CURVE('',#155,#45,#4091,.T.);
#4089=LINE('',#44,#4092);
#4090=LINE('',#42,#4093);
#4091=LINE('',#154,#4094);
#4092=VECTOR('',#4095,1.0);
#4093=VECTOR('',#4096,1.0);
#4094=VECTOR('',#4097,1.0);
#4095=DIRECTION('',(1,0,0));
#4096=DIRECTION('',(0.9763467666187065,-0.21621051592506035,6.416086352464103E-05));
#4097=DIRECTION('',(-0.9995586832468306,0.029705869254294342,-8.815270686307519E-06));
#4098=FACE_SURFACE('',(#4103),#4099,.T.);
#4099=PLANE('',#4100);
#4100=AXIS2_PLACEMENT_3D('',#154,#4101,#4102);
#4101=DIRECTION('',(-0,-0.0002967518042546286,-0.9999999559691825));
#4102=DIRECTION('',(-1,0,0));
#4103=FACE_BOUND('',#4104,.T.);
#4104=EDGE_LOOP('',(#4105,#4106,#4107));
#4105=ORIENTED_EDGE('',*,*,#4108,.T.);
#4106=ORIENTED_EDGE('',*,*,#4109,.T.);
#4107=ORIENTED_EDGE('',*,*,#4110,.T.);
#4108=EDGE_CURVE('',#155,#153,#4111,.F.);
#4109=EDGE_CURVE('',#153,#53,#4112,.T.);
#4110=EDGE_CURVE('',#53,#155,#4113,.T.);
#4111=LINE('',#154,#4114);
#4112=LINE('',#152,#4115);
#4113=LINE('',#52,#4116);
#4114=VECTOR('',#4117,1.0);
#4115=VECTOR('',#4118,1.0);
#4116=VECTOR('',#4119,1.0);
#4117=DIRECTION('',(-1,0,0));
#4118=DIRECTION('',(0.9763467666187065,0.21621051592506035,-6.416086352464103E-05));
#4119=DIRECTION('',(0.9996764519912009,-0.02543602322119113,7.548186116303904E-06));
#4120=FACE_SURFACE('',(#4125),#4121,.T.);
#4121=PLANE('',#4122);
#4122=AXIS2_PLACEMENT_3D('',#50,#4123,#4124);
#4123=DIRECTION('',(0,-0.00029675180425462854,-0.9999999559691823));
#4124=DIRECTION('',(1,0,0));
#4125=FACE_BOUND('',#4126,.T.);
#4126=EDGE_LOOP('',(#4127,#4128,#4129));
#4127=ORIENTED_EDGE('',*,*,#4130,.T.);
#4128=ORIENTED_EDGE('',*,*,#4131,.T.);
#4129=ORIENTED_EDGE('',*,*,#4132,.T.);
#4130=EDGE_CURVE('',#51,#45,#4133,.F.);
#4131=EDGE_CURVE('',#45,#155,#4134,.T.);
#4132=EDGE_CURVE('',#155,#51,#4135,.T.);
#4133=LINE('',#50,#4136);
#4134=LINE('',#44,#4137);
#4135=LINE('',#154,#4138);
#4136=VECTOR('',#4139,1.0);
#4137=VECTOR('',#4140,1.0);
#4138=VECTOR('',#4141,1.0);
#4139=DIRECTION('',(1,0,0));
#4140=DIRECTION('',(0.9995586832468306,-0.029705869254294342,8.815270686307519E-06));
#4141=DIRECTION('',(-0.999658885440085,0.026117287390138647,-7.750352496514659E-06));
#4142=FACE_SURFACE('',(#4147),#4143,.T.);
#4143=PLANE('',#4144);
#4144=AXIS2_PLACEMENT_3D('',#154,#4145,#4146);
#4145=DIRECTION('',(0,-0.00029675180425462854,-0.9999999559691823));
#4146=DIRECTION('',(-0.9996764519912009,0.02543602322119113,-7.548186116303904E-06));
#4147=FACE_BOUND('',#4148,.T.);
#4148=EDGE_LOOP('',(#4149,#4150,#4151));
#4149=ORIENTED_EDGE('',*,*,#4152,.T.);
#4150=ORIENTED_EDGE('',*,*,#4153,.T.);
#4151=ORIENTED_EDGE('',*,*,#4154,.T.);
#4152=EDGE_CURVE('',#155,#53,#4155,.F.);
#4153=EDGE_CURVE('',#53,#51,#4156,.T.);
#4154=EDGE_CURVE('',#51,#155,#4157,.T.);
#4155=LINE('',#154,#4158);
#4156=LINE('',#52,#4159);
#4157=LINE('',#50,#4160);
#4158=VECTOR('',#4161,1.0);
#4159=VECTOR('',#4162,1.0);
#4160=VECTOR('',#4163,1.0);
#4161=DIRECTION('',(-0.9996764519912009,0.02543602322119113,-7.548186116303904E-06));
#4162=DIRECTION('',(1,0,0));
#4163=DIRECTION('',(0.999658885440085,-0.026117287390138647,7.750352496514659E-06));
#4164=FACE_SURFACE('',(#4169),#4165,.T.);
#4165=PLANE('',#4166);
#4166=AXIS2_PLACEMENT_3D('',#176,#4167,#4168);
#4167=DIRECTION('',(0.09801622777686081,-0.9951848165503704,0));
#4168=DIRECTION('',(0.9951848165503705,0.09801622777686082,0));
#4169=FACE_BOUND('',#4170,.T.);
#4170=EDGE_LOOP('',(#4171,#4172,#4173));
#4171=ORIENTED_EDGE('',*,*,#4174,.T.);
#4172=ORIENTED_EDGE('',*,*,#4175,.T.);
#4173=ORIENTED_EDGE('',*,*,#4176,.T.);
#4174=EDGE_CURVE('',#177,#179,#4177,.F.);
#4175=EDGE_CURVE('',#179,#181,#4178,.T.);
#4176=EDGE_CURVE('',#181,#177,#4179,.T.);
#4177=LINE('',#176,#4180);
#4178=LINE('',#178,#4181);
#4179=LINE('',#180,#4182);
#4180=VECTOR('',#4183,1.0);
#4181=VECTOR('',#4184,1.0);
#4182=VECTOR('',#4185,1.0);
#4183=DIRECTION('',(0.9951848165503705,0.09801622777686082,0));
#4184=DIRECTION('',(0,0,1));
#4185=DIRECTION('',(-0.07779768562235291,-0.007662331204876454,-0.9969397217446561));
#4186=FACE_SURFACE('',(#4191),#4187,.T.);
#4187=PLANE('',#4188);
#4188=AXIS2_PLACEMENT_3D('',#176,#4189,#4190);
#4189=DIRECTION('',(0.09801622777686081,-0.9951848165503704,0));
#4190=DIRECTION('',(0.07779768562235291,0.007662331204876454,0.9969397217446561));
#4191=FACE_BOUND('',#4192,.T.);
#4192=EDGE_LOOP('',(#4193,#4194,#4195));
#4193=ORIENTED_EDGE('',*,*,#4196,.T.);
#4194=ORIENTED_EDGE('',*,*,#4197,.T.);
#4195=ORIENTED_EDGE('',*,*,#4198,.T.);
#4196=EDGE_CURVE('',#177,#181,#4199,.F.);
#4197=EDGE_CURVE('',#181,#183,#4200,.T.);
#4198=EDGE_CURVE('',#183,#177,#4201,.T.);
#4199=LINE('',#176,#4202);
#4200=LINE('',#180,#4203);
#4201=LINE('',#182,#4204);
#4202=VECTOR('',#4205,1.0);
#4203=VECTOR('',#4206,1.0);
#4204=VECTOR('',#4207,1.0);
#4205=DIRECTION('',(0.07779768562235291,0.007662331204876454,0.9969397217446561));
#4206=DIRECTION('',(-0.9951848165503705,-0.09801622777686082,0));
#4207=DIRECTION('',(0,0,-1));
#4208=FACE_SURFACE('',(#4213),#4209,.T.);
#4209=PLANE('',#4210);
#4210=AXIS2_PLACEMENT_3D('',#178,#4211,#4212);
#4211=DIRECTION('',(0.2902957875711588,-0.9569369653840533,0));
#4212=DIRECTION('',(0.9569369653840532,0.2902957875711588,0));
#4213=FACE_BOUND('',#4214,.T.);
#4214=EDGE_LOOP('',(#4215,#4216,#4217));
#4215=ORIENTED_EDGE('',*,*,#4218,.T.);
#4216=ORIENTED_EDGE('',*,*,#4219,.T.);
#4217=ORIENTED_EDGE('',*,*,#4220,.T.);
#4218=EDGE_CURVE('',#179,#185,#4221,.F.);
#4219=EDGE_CURVE('',#185,#187,#4222,.T.);
#4220=EDGE_CURVE('',#187,#179,#4223,.T.);
#4221=LINE('',#178,#4224);
#4222=LINE('',#184,#4225);
#4223=LINE('',#186,#4226);
#4224=VECTOR('',#4227,1.0);
#4225=VECTOR('',#4228,1.0);
#4226=VECTOR('',#4229,1.0);
#4227=DIRECTION('',(0.9569369653840532,0.2902957875711588,0));
#4228=DIRECTION('',(0,0,1));
#4229=DIRECTION('',(-0.07480699246713768,-0.02269340152970473,-0.9969397792269267));
#4230=FACE_SURFACE('',(#4235),#4231,.T.);
#4231=PLANE('',#4232);
#4232=AXIS2_PLACEMENT_3D('',#178,#4233,#4234);
#4233=DIRECTION('',(0.2902957875711588,-0.9569369653840533,0));
#4234=DIRECTION('',(0.07480699246713768,0.02269340152970473,0.9969397792269267));
#4235=FACE_BOUND('',#4236,.T.);
#4236=EDGE_LOOP('',(#4237,#4238,#4239));
#4237=ORIENTED_EDGE('',*,*,#4240,.T.);
#4238=ORIENTED_EDGE('',*,*,#4241,.T.);
#4239=ORIENTED_EDGE('',*,*,#4242,.T.);
#4240=EDGE_CURVE('',#179,#187,#4243,.F.);
#4241=EDGE_CURVE('',#187,#181,#4244,.T.);
#4242=EDGE_CURVE('',#181,#179,#4245,.T.);
#4243=LINE('',#178,#4246);
#4244=LINE('',#186,#4247);
#4245=LINE('',#180,#4248);
#4246=VECTOR('',#4249,1.0);
#4247=VECTOR('',#4250,1.0);
#4248=VECTOR('',#4251,1.0);
#4249=DIRECTION('',(0.07480699246713768,0.02269340152970473,0.9969397792269267));
#4250=DIRECTION('',(-0.9569369653840532,-0.2902957875711588,0));
#4251=DIRECTION('',(0,0,-1));
#4252=FACE_SURFACE('',(#4257),#4253,.T.);
#4253=PLANE('',#4254);
#4254=AXIS2_PLACEMENT_3D('',#184,#4255,#4256);
#4255=DIRECTION('',(0.47138392560551917,-0.8819281119687309,0));
#4256=DIRECTION('',(0.881928111968731,0.4713839256055192,0));
#4257=FACE_BOUND('',#4258,.T.);
#4258=EDGE_LOOP('',(#4259,#4260,#4261));
#4259=ORIENTED_EDGE('',*,*,#4262,.T.);
#4260=ORIENTED_EDGE('',*,*,#4263,.T.);
#4261=ORIENTED_EDGE('',*,*,#4264,.T.);
#4262=EDGE_CURVE('',#185,#189,#4265,.F.);
#4263=EDGE_CURVE('',#189,#191,#4266,.T.);
#4264=EDGE_CURVE('',#191,#185,#4267,.T.);
#4265=LINE('',#184,#4268);
#4266=LINE('',#188,#4269);
#4267=LINE('',#190,#4270);
#4268=VECTOR('',#4271,1.0);
#4269=VECTOR('',#4272,1.0);
#4270=VECTOR('',#4273,1.0);
#4271=DIRECTION('',(0.881928111968731,0.4713839256055192,0));
#4272=DIRECTION('',(0,0,1));
#4273=DIRECTION('',(-0.06894348972856927,-0.03684977538662361,-0.9969397621110324));
#4274=FACE_SURFACE('',(#4279),#4275,.T.);
#4275=PLANE('',#4276);
#4276=AXIS2_PLACEMENT_3D('',#184,#4277,#4278);
#4277=DIRECTION('',(0.47138392560551917,-0.8819281119687309,0));
#4278=DIRECTION('',(0.06894348972856927,0.03684977538662361,0.9969397621110324));
#4279=FACE_BOUND('',#4280,.T.);
#4280=EDGE_LOOP('',(#4281,#4282,#4283));
#4281=ORIENTED_EDGE('',*,*,#4284,.T.);
#4282=ORIENTED_EDGE('',*,*,#4285,.T.);
#4283=ORIENTED_EDGE('',*,*,#4286,.T.);
#4284=EDGE_CURVE('',#185,#191,#4287,.F.);
#4285=EDGE_CURVE('',#191,#187,#4288,.T.);
#4286=EDGE_CURVE('',#187,#185,#4289,.T.);
#4287=LINE('',#184,#4290);
#4288=LINE('',#190,#4291);
#4289=LINE('',#186,#4292);
#4290=VECTOR('',#4293,1.0);
#4291=VECTOR('',#4294,1.0);
#4292=VECTOR('',#4295,1.0);
#4293=DIRECTION('',(0.06894348972856927,0.03684977538662361,0.9969397621110324));
#4294=DIRECTION('',(-0.881928111968731,-0.4713839256055192,0));
#4295=DIRECTION('',(0,0,-1));
#4296=FACE_SURFACE('',(#4301),#4297,.T.);
#4297=PLANE('',#4298);
#4298=AXIS2_PLACEMENT_3D('',#188,#4299,#4300);
#4299=DIRECTION('',(0.6343926489794667,-0.773010974644484,0));
#4300=DIRECTION('',(0.773010974644484,0.6343926489794667,0));
#4301=FACE_BOUND('',#4302,.T.);
#4302=EDGE_LOOP('',(#4303,#4304,#4305));
#4303=ORIENTED_EDGE('',*,*,#4306,.T.);
#4304=ORIENTED_EDGE('',*,*,#4307,.T.);
#4305=ORIENTED_EDGE('',*,*,#4308,.T.);
#4306=EDGE_CURVE('',#189,#193,#4309,.F.);
#4307=EDGE_CURVE('',#193,#195,#4310,.T.);
#4308=EDGE_CURVE('',#195,#189,#4311,.T.);
#4309=LINE('',#188,#4312);
#4310=LINE('',#192,#4313);
#4311=LINE('',#194,#4314);
#4312=VECTOR('',#4315,1.0);
#4313=VECTOR('',#4316,1.0);
#4314=VECTOR('',#4317,1.0);
#4315=DIRECTION('',(0.773010974644484,0.6343926489794667,0));
#4316=DIRECTION('',(0,0,1));
#4317=DIRECTION('',(-0.06042927953756584,-0.04959294496354099,-0.9969397383916512));
#4318=FACE_SURFACE('',(#4323),#4319,.T.);
#4319=PLANE('',#4320);
#4320=AXIS2_PLACEMENT_3D('',#188,#4321,#4322);
#4321=DIRECTION('',(0.6343926489794667,-0.773010974644484,0));
#4322=DIRECTION('',(0.06042927953756584,0.04959294496354099,0.9969397383916512));
#4323=FACE_BOUND('',#4324,.T.);
#4324=EDGE_LOOP('',(#4325,#4326,#4327));
#4325=ORIENTED_EDGE('',*,*,#4328,.T.);
#4326=ORIENTED_EDGE('',*,*,#4329,.T.);
#4327=ORIENTED_EDGE('',*,*,#4330,.T.);
#4328=EDGE_CURVE('',#189,#195,#4331,.F.);
#4329=EDGE_CURVE('',#195,#191,#4332,.T.);
#4330=EDGE_CURVE('',#191,#189,#4333,.T.);
#4331=LINE('',#188,#4334);
#4332=LINE('',#194,#4335);
#4333=LINE('',#190,#4336);
#4334=VECTOR('',#4337,1.0);
#4335=VECTOR('',#4338,1.0);
#4336=VECTOR('',#4339,1.0);
#4337=DIRECTION('',(0.06042927953756584,0.04959294496354099,0.9969397383916512));
#4338=DIRECTION('',(-0.773010974644484,-0.6343926489794667,0));
#4339=DIRECTION('',(0,0,-1));
#4340=FACE_SURFACE('',(#4345),#4341,.T.);
#4341=PLANE('',#4342);
#4342=AXIS2_PLACEMENT_3D('',#192,#4343,#4344);
#4343=DIRECTION('',(0.773014890337251,-0.634387877656003,0));
#4344=DIRECTION('',(0.634387877656003,0.773014890337251,0));
#4345=FACE_BOUND('',#4346,.T.);
#4346=EDGE_LOOP('',(#4347,#4348,#4349));
#4347=ORIENTED_EDGE('',*,*,#4350,.T.);
#4348=ORIENTED_EDGE('',*,*,#4351,.T.);
#4349=ORIENTED_EDGE('',*,*,#4352,.T.);
#4350=EDGE_CURVE('',#193,#197,#4353,.F.);
#4351=EDGE_CURVE('',#197,#199,#4354,.T.);
#4352=EDGE_CURVE('',#199,#193,#4355,.T.);
#4353=LINE('',#192,#4356);
#4354=LINE('',#196,#4357);
#4355=LINE('',#198,#4358);
#4356=VECTOR('',#4359,1.0);
#4357=VECTOR('',#4360,1.0);
#4358=VECTOR('',#4361,1.0);
#4359=DIRECTION('',(0.634387877656003,0.773014890337251,0));
#4360=DIRECTION('',(0,0,1));
#4361=DIRECTION('',(-0.04959294268409661,-0.06043003736467402,-0.9969396925692325));
#4362=FACE_SURFACE('',(#4367),#4363,.T.);
#4363=PLANE('',#4364);
#4364=AXIS2_PLACEMENT_3D('',#192,#4365,#4366);
#4365=DIRECTION('',(0.773014890337251,-0.634387877656003,0));
#4366=DIRECTION('',(0.04959294268409661,0.06043003736467402,0.9969396925692325));
#4367=FACE_BOUND('',#4368,.T.);
#4368=EDGE_LOOP('',(#4369,#4370,#4371));
#4369=ORIENTED_EDGE('',*,*,#4372,.T.);
#4370=ORIENTED_EDGE('',*,*,#4373,.T.);
#4371=ORIENTED_EDGE('',*,*,#4374,.T.);
#4372=EDGE_CURVE('',#193,#199,#4375,.F.);
#4373=EDGE_CURVE('',#199,#195,#4376,.T.);
#4374=EDGE_CURVE('',#195,#193,#4377,.T.);
#4375=LINE('',#192,#4378);
#4376=LINE('',#198,#4379);
#4377=LINE('',#194,#4380);
#4378=VECTOR('',#4381,1.0);
#4379=VECTOR('',#4382,1.0);
#4380=VECTOR('',#4383,1.0);
#4381=DIRECTION('',(0.04959294268409661,0.06043003736467402,0.9969396925692325));
#4382=DIRECTION('',(-0.634387877656003,-0.773014890337251,0));
#4383=DIRECTION('',(0,0,-1));
#4384=FACE_SURFACE('',(#4389),#4385,.T.);
#4385=PLANE('',#4386);
#4386=AXIS2_PLACEMENT_3D('',#196,#4387,#4388);
#4387=DIRECTION('',(0.8819219050120677,-0.4713955382265359,0));
#4388=DIRECTION('',(0.4713955382265359,0.8819219050120677,0));
#4389=FACE_BOUND('',#4390,.T.);
#4390=EDGE_LOOP('',(#4391,#4392,#4393));
#4391=ORIENTED_EDGE('',*,*,#4394,.T.);
#4392=ORIENTED_EDGE('',*,*,#4395,.T.);
#4393=ORIENTED_EDGE('',*,*,#4396,.T.);
#4394=EDGE_CURVE('',#197,#201,#4397,.F.);
#4395=EDGE_CURVE('',#201,#203,#4398,.T.);
#4396=EDGE_CURVE('',#203,#197,#4399,.T.);
#4397=LINE('',#196,#4400);
#4398=LINE('',#200,#4401);
#4399=LINE('',#202,#4402);
#4400=VECTOR('',#4403,1.0);
#4401=VECTOR('',#4404,1.0);
#4402=VECTOR('',#4405,1.0);
#4403=DIRECTION('',(0.4713955382265359,0.8819219050120677,0));
#4404=DIRECTION('',(0,0,1));
#4405=DIRECTION('',(-0.036850536890824,-0.06894273080678795,-0.9969397864463836));
#4406=FACE_SURFACE('',(#4411),#4407,.T.);
#4407=PLANE('',#4408);
#4408=AXIS2_PLACEMENT_3D('',#196,#4409,#4410);
#4409=DIRECTION('',(0.8819219050120677,-0.4713955382265359,0));
#4410=DIRECTION('',(0.036850536890824,0.06894273080678795,0.9969397864463836));
#4411=FACE_BOUND('',#4412,.T.);
#4412=EDGE_LOOP('',(#4413,#4414,#4415));
#4413=ORIENTED_EDGE('',*,*,#4416,.T.);
#4414=ORIENTED_EDGE('',*,*,#4417,.T.);
#4415=ORIENTED_EDGE('',*,*,#4418,.T.);
#4416=EDGE_CURVE('',#197,#203,#4419,.F.);
#4417=EDGE_CURVE('',#203,#199,#4420,.T.);
#4418=EDGE_CURVE('',#199,#197,#4421,.T.);
#4419=LINE('',#196,#4422);
#4420=LINE('',#202,#4423);
#4421=LINE('',#198,#4424);
#4422=VECTOR('',#4425,1.0);
#4423=VECTOR('',#4426,1.0);
#4424=VECTOR('',#4427,1.0);
#4425=DIRECTION('',(0.036850536890824,0.06894273080678795,0.9969397864463836));
#4426=DIRECTION('',(-0.4713955382265359,-0.8819219050120677,0));
#4427=DIRECTION('',(0,0,-1));
#4428=FACE_SURFACE('',(#4433),#4429,.T.);
#4429=PLANE('',#4430);
#4430=AXIS2_PLACEMENT_3D('',#200,#4431,#4432);
#4431=DIRECTION('',(0.9569396682142505,-0.2902868777571596,0));
#4432=DIRECTION('',(0.29028687775715967,0.9569396682142506,0));
#4433=FACE_BOUND('',#4434,.T.);
#4434=EDGE_LOOP('',(#4435,#4436,#4437));
#4435=ORIENTED_EDGE('',*,*,#4438,.T.);
#4436=ORIENTED_EDGE('',*,*,#4439,.T.);
#4437=ORIENTED_EDGE('',*,*,#4440,.T.);
#4438=EDGE_CURVE('',#201,#205,#4441,.F.);
#4439=EDGE_CURVE('',#205,#207,#4442,.T.);
#4440=EDGE_CURVE('',#207,#201,#4443,.T.);
#4441=LINE('',#200,#4444);
#4442=LINE('',#204,#4445);
#4443=LINE('',#206,#4446);
#4444=VECTOR('',#4447,1.0);
#4445=VECTOR('',#4448,1.0);
#4446=VECTOR('',#4449,1.0);
#4447=DIRECTION('',(0.29028687775715967,0.9569396682142506,0));
#4448=DIRECTION('',(0,0,1));
#4449=DIRECTION('',(-0.022692641316699257,-0.0748069937583377,-0.9969397964345248));
#4450=FACE_SURFACE('',(#4455),#4451,.T.);
#4451=PLANE('',#4452);
#4452=AXIS2_PLACEMENT_3D('',#200,#4453,#4454);
#4453=DIRECTION('',(0.9569396682142505,-0.2902868777571596,0));
#4454=DIRECTION('',(0.022692641316699257,0.0748069937583377,0.9969397964345248));
#4455=FACE_BOUND('',#4456,.T.);
#4456=EDGE_LOOP('',(#4457,#4458,#4459));
#4457=ORIENTED_EDGE('',*,*,#4460,.T.);
#4458=ORIENTED_EDGE('',*,*,#4461,.T.);
#4459=ORIENTED_EDGE('',*,*,#4462,.T.);
#4460=EDGE_CURVE('',#201,#207,#4463,.F.);
#4461=EDGE_CURVE('',#207,#203,#4464,.T.);
#4462=EDGE_CURVE('',#203,#201,#4465,.T.);
#4463=LINE('',#200,#4466);
#4464=LINE('',#206,#4467);
#4465=LINE('',#202,#4468);
#4466=VECTOR('',#4469,1.0);
#4467=VECTOR('',#4470,1.0);
#4468=VECTOR('',#4471,1.0);
#4469=DIRECTION('',(0.022692641316699257,0.0748069937583377,0.9969397964345248));
#4470=DIRECTION('',(-0.29028687775715967,-0.9569396682142506,0));
#4471=DIRECTION('',(0,0,-1));
#4472=FACE_SURFACE('',(#4477),#4473,.T.);
#4473=PLANE('',#4474);
#4474=AXIS2_PLACEMENT_3D('',#204,#4475,#4476);
#4475=DIRECTION('',(0.9951848165503704,-0.09801622777686081,0));
#4476=DIRECTION('',(0.09801622777686082,0.9951848165503705,0));
#4477=FACE_BOUND('',#4478,.T.);
#4478=EDGE_LOOP('',(#4479,#4480,#4481));
#4479=ORIENTED_EDGE('',*,*,#4482,.T.);
#4480=ORIENTED_EDGE('',*,*,#4483,.T.);
#4481=ORIENTED_EDGE('',*,*,#4484,.T.);
#4482=EDGE_CURVE('',#205,#209,#4485,.F.);
#4483=EDGE_CURVE('',#209,#211,#4486,.T.);
#4484=EDGE_CURVE('',#211,#205,#4487,.T.);
#4485=LINE('',#204,#4488);
#4486=LINE('',#208,#4489);
#4487=LINE('',#210,#4490);
#4488=VECTOR('',#4491,1.0);
#4489=VECTOR('',#4492,1.0);
#4490=VECTOR('',#4493,1.0);
#4491=DIRECTION('',(0.09801622777686082,0.9951848165503705,0));
#4492=DIRECTION('',(0,0,1));
#4493=DIRECTION('',(-0.007662331204876454,-0.07779768562235291,-0.9969397217446561));
#4494=FACE_SURFACE('',(#4499),#4495,.T.);
#4495=PLANE('',#4496);
#4496=AXIS2_PLACEMENT_3D('',#204,#4497,#4498);
#4497=DIRECTION('',(0.9951848165503704,-0.09801622777686081,0));
#4498=DIRECTION('',(0.007662331204876454,0.07779768562235291,0.9969397217446561));
#4499=FACE_BOUND('',#4500,.T.);
#4500=EDGE_LOOP('',(#4501,#4502,#4503));
#4501=ORIENTED_EDGE('',*,*,#4504,.T.);
#4502=ORIENTED_EDGE('',*,*,#4505,.T.);
#4503=ORIENTED_EDGE('',*,*,#4506,.T.);
#4504=EDGE_CURVE('',#205,#211,#4507,.F.);
#4505=EDGE_CURVE('',#211,#207,#4508,.T.);
#4506=EDGE_CURVE('',#207,#205,#4509,.T.);
#4507=LINE('',#204,#4510);
#4508=LINE('',#210,#4511);
#4509=LINE('',#206,#4512);
#4510=VECTOR('',#4513,1.0);
#4511=VECTOR('',#4514,1.0);
#4512=VECTOR('',#4515,1.0);
#4513=DIRECTION('',(0.007662331204876454,0.07779768562235291,0.9969397217446561));
#4514=DIRECTION('',(-0.09801622777686082,-0.9951848165503705,0));
#4515=DIRECTION('',(0,0,-1));
#4516=FACE_SURFACE('',(#4521),#4517,.T.);
#4517=PLANE('',#4518);
#4518=AXIS2_PLACEMENT_3D('',#208,#4519,#4520);
#4519=DIRECTION('',(0.9951848165503704,0.09801622777686081,0));
#4520=DIRECTION('',(-0.09801622777686082,0.9951848165503705,0));
#4521=FACE_BOUND('',#4522,.T.);
#4522=EDGE_LOOP('',(#4523,#4524,#4525));
#4523=ORIENTED_EDGE('',*,*,#4526,.T.);
#4524=ORIENTED_EDGE('',*,*,#4527,.T.);
#4525=ORIENTED_EDGE('',*,*,#4528,.T.);
#4526=EDGE_CURVE('',#209,#213,#4529,.F.);
#4527=EDGE_CURVE('',#213,#215,#4530,.T.);
#4528=EDGE_CURVE('',#215,#209,#4531,.T.);
#4529=LINE('',#208,#4532);
#4530=LINE('',#212,#4533);
#4531=LINE('',#214,#4534);
#4532=VECTOR('',#4535,1.0);
#4533=VECTOR('',#4536,1.0);
#4534=VECTOR('',#4537,1.0);
#4535=DIRECTION('',(-0.09801622777686082,0.9951848165503705,0));
#4536=DIRECTION('',(0,0,1));
#4537=DIRECTION('',(0.007662331204876454,-0.07779768562235291,-0.9969397217446561));
#4538=FACE_SURFACE('',(#4543),#4539,.T.);
#4539=PLANE('',#4540);
#4540=AXIS2_PLACEMENT_3D('',#208,#4541,#4542);
#4541=DIRECTION('',(0.9951848165503704,0.09801622777686081,-0));
#4542=DIRECTION('',(-0.007662331204876454,0.07779768562235291,0.9969397217446561));
#4543=FACE_BOUND('',#4544,.T.);
#4544=EDGE_LOOP('',(#4545,#4546,#4547));
#4545=ORIENTED_EDGE('',*,*,#4548,.T.);
#4546=ORIENTED_EDGE('',*,*,#4549,.T.);
#4547=ORIENTED_EDGE('',*,*,#4550,.T.);
#4548=EDGE_CURVE('',#209,#215,#4551,.F.);
#4549=EDGE_CURVE('',#215,#211,#4552,.T.);
#4550=EDGE_CURVE('',#211,#209,#4553,.T.);
#4551=LINE('',#208,#4554);
#4552=LINE('',#214,#4555);
#4553=LINE('',#210,#4556);
#4554=VECTOR('',#4557,1.0);
#4555=VECTOR('',#4558,1.0);
#4556=VECTOR('',#4559,1.0);
#4557=DIRECTION('',(-0.007662331204876454,0.07779768562235291,0.9969397217446561));
#4558=DIRECTION('',(0.09801622777686082,-0.9951848165503705,0));
#4559=DIRECTION('',(0,0,-1));
#4560=FACE_SURFACE('',(#4565),#4561,.T.);
#4561=PLANE('',#4562);
#4562=AXIS2_PLACEMENT_3D('',#212,#4563,#4564);
#4563=DIRECTION('',(0.9569396682142505,0.2902868777571596,0));
#4564=DIRECTION('',(-0.29028687775715967,0.9569396682142506,0));
#4565=FACE_BOUND('',#4566,.T.);
#4566=EDGE_LOOP('',(#4567,#4568,#4569));
#4567=ORIENTED_EDGE('',*,*,#4570,.T.);
#4568=ORIENTED_EDGE('',*,*,#4571,.T.);
#4569=ORIENTED_EDGE('',*,*,#4572,.T.);
#4570=EDGE_CURVE('',#213,#217,#4573,.F.);
#4571=EDGE_CURVE('',#217,#219,#4574,.T.);
#4572=EDGE_CURVE('',#219,#213,#4575,.T.);
#4573=LINE('',#212,#4576);
#4574=LINE('',#216,#4577);
#4575=LINE('',#218,#4578);
#4576=VECTOR('',#4579,1.0);
#4577=VECTOR('',#4580,1.0);
#4578=VECTOR('',#4581,1.0);
#4579=DIRECTION('',(-0.29028687775715967,0.9569396682142506,0));
#4580=DIRECTION('',(0,0,1));
#4581=DIRECTION('',(0.022692641316699257,-0.0748069937583377,-0.9969397964345248));
#4582=FACE_SURFACE('',(#4587),#4583,.T.);
#4583=PLANE('',#4584);
#4584=AXIS2_PLACEMENT_3D('',#212,#4585,#4586);
#4585=DIRECTION('',(0.9569396682142505,0.2902868777571596,-0));
#4586=DIRECTION('',(-0.022692641316699257,0.0748069937583377,0.9969397964345248));
#4587=FACE_BOUND('',#4588,.T.);
#4588=EDGE_LOOP('',(#4589,#4590,#4591));
#4589=ORIENTED_EDGE('',*,*,#4592,.T.);
#4590=ORIENTED_EDGE('',*,*,#4593,.T.);
#4591=ORIENTED_EDGE('',*,*,#4594,.T.);
#4592=EDGE_CURVE('',#213,#219,#4595,.F.);
#4593=EDGE_CURVE('',#219,#215,#4596,.T.);
#4594=EDGE_CURVE('',#215,#213,#4597,.T.);
#4595=LINE('',#212,#4598);
#4596=LINE('',#218,#4599);
#4597=LINE('',#214,#4600);
#4598=VECTOR('',#4601,1.0);
#4599=VECTOR('',#4602,1.0);
#4600=VECTOR('',#4603,1.0);
#4601=DIRECTION('',(-0.022692641316699257,0.0748069937583377,0.9969397964345248));
#4602=DIRECTION('',(0.29028687775715967,-0.9569396682142506,0));
#4603=DIRECTION('',(0,0,-1));
#4604=FACE_SURFACE('',(#4609),#4605,.T.);
#4605=PLANE('',#4606);
#4606=AXIS2_PLACEMENT_3D('',#216,#4607,#4608);
#4607=DIRECTION('',(0.881926229059021,0.47138744838798496,0));
#4608=DIRECTION('',(-0.47138744838798496,0.8819262290590211,0));
#4609=FACE_BOUND('',#4610,.T.);
#4610=EDGE_LOOP('',(#4611,#4612,#4613));
#4611=ORIENTED_EDGE('',*,*,#4614,.T.);
#4612=ORIENTED_EDGE('',*,*,#4615,.T.);
#4613=ORIENTED_EDGE('',*,*,#4616,.T.);
#4614=EDGE_CURVE('',#217,#221,#4617,.F.);
#4615=EDGE_CURVE('',#221,#223,#4618,.T.);
#4616=EDGE_CURVE('',#223,#217,#4619,.T.);
#4617=LINE('',#216,#4620);
#4618=LINE('',#220,#4621);
#4619=LINE('',#222,#4622);
#4620=VECTOR('',#4623,1.0);
#4621=VECTOR('',#4624,1.0);
#4622=VECTOR('',#4625,1.0);
#4623=DIRECTION('',(-0.47138744838798496,0.8819262290590211,0));
#4624=DIRECTION('',(0,0,1));
#4625=DIRECTION('',(0.036850533026032924,-0.06894424478548015,-0.9969396818898609));
#4626=FACE_SURFACE('',(#4631),#4627,.T.);
#4627=PLANE('',#4628);
#4628=AXIS2_PLACEMENT_3D('',#216,#4629,#4630);
#4629=DIRECTION('',(0.881926229059021,0.47138744838798496,-0));
#4630=DIRECTION('',(-0.036850533026032924,0.06894424478548015,0.9969396818898609));
#4631=FACE_BOUND('',#4632,.T.);
#4632=EDGE_LOOP('',(#4633,#4634,#4635));
#4633=ORIENTED_EDGE('',*,*,#4636,.T.);
#4634=ORIENTED_EDGE('',*,*,#4637,.T.);
#4635=ORIENTED_EDGE('',*,*,#4638,.T.);
#4636=EDGE_CURVE('',#217,#223,#4639,.F.);
#4637=EDGE_CURVE('',#223,#219,#4640,.T.);
#4638=EDGE_CURVE('',#219,#217,#4641,.T.);
#4639=LINE('',#216,#4642);
#4640=LINE('',#222,#4643);
#4641=LINE('',#218,#4644);
#4642=VECTOR('',#4645,1.0);
#4643=VECTOR('',#4646,1.0);
#4644=VECTOR('',#4647,1.0);
#4645=DIRECTION('',(-0.036850533026032924,0.06894424478548015,0.9969396818898609));
#4646=DIRECTION('',(0.47138744838798496,-0.8819262290590211,0));
#4647=DIRECTION('',(0,0,-1));
#4648=FACE_SURFACE('',(#4653),#4649,.T.);
#4649=PLANE('',#4650);
#4650=AXIS2_PLACEMENT_3D('',#220,#4651,#4652);
#4651=DIRECTION('',(0.7730070588633648,0.6343974203505326,0));
#4652=DIRECTION('',(-0.6343974203505326,0.7730070588633648,0));
#4653=FACE_BOUND('',#4654,.T.);
#4654=EDGE_LOOP('',(#4655,#4656,#4657));
#4655=ORIENTED_EDGE('',*,*,#4658,.T.);
#4656=ORIENTED_EDGE('',*,*,#4659,.T.);
#4657=ORIENTED_EDGE('',*,*,#4660,.T.);
#4658=EDGE_CURVE('',#221,#225,#4661,.F.);
#4659=EDGE_CURVE('',#225,#227,#4662,.T.);
#4660=EDGE_CURVE('',#227,#221,#4663,.T.);
#4661=LINE('',#220,#4664);
#4662=LINE('',#224,#4665);
#4663=LINE('',#226,#4666);
#4664=VECTOR('',#4667,1.0);
#4665=VECTOR('',#4668,1.0);
#4666=VECTOR('',#4669,1.0);
#4667=DIRECTION('',(-0.6343974203505326,0.7730070588633648,0));
#4668=DIRECTION('',(0,0,1));
#4669=DIRECTION('',(0.04959294724295699,-0.060428521710353164,-0.9969397842134994));
#4670=FACE_SURFACE('',(#4675),#4671,.T.);
#4671=PLANE('',#4672);
#4672=AXIS2_PLACEMENT_3D('',#220,#4673,#4674);
#4673=DIRECTION('',(0.7730070588633648,0.6343974203505326,-0));
#4674=DIRECTION('',(-0.04959294724295699,0.060428521710353164,0.9969397842134994));
#4675=FACE_BOUND('',#4676,.T.);
#4676=EDGE_LOOP('',(#4677,#4678,#4679));
#4677=ORIENTED_EDGE('',*,*,#4680,.T.);
#4678=ORIENTED_EDGE('',*,*,#4681,.T.);
#4679=ORIENTED_EDGE('',*,*,#4682,.T.);
#4680=EDGE_CURVE('',#221,#227,#4683,.F.);
#4681=EDGE_CURVE('',#227,#223,#4684,.T.);
#4682=EDGE_CURVE('',#223,#221,#4685,.T.);
#4683=LINE('',#220,#4686);
#4684=LINE('',#226,#4687);
#4685=LINE('',#222,#4688);
#4686=VECTOR('',#4689,1.0);
#4687=VECTOR('',#4690,1.0);
#4688=VECTOR('',#4691,1.0);
#4689=DIRECTION('',(-0.04959294724295699,0.060428521710353164,0.9969397842134994));
#4690=DIRECTION('',(0.6343974203505326,-0.7730070588633648,0));
#4691=DIRECTION('',(0,0,-1));
#4692=FACE_SURFACE('',(#4697),#4693,.T.);
#4693=PLANE('',#4694);
#4694=AXIS2_PLACEMENT_3D('',#224,#4695,#4696);
#4695=DIRECTION('',(0.6343926489794667,0.773010974644484,0));
#4696=DIRECTION('',(-0.773010974644484,0.6343926489794667,0));
#4697=FACE_BOUND('',#4698,.T.);
#4698=EDGE_LOOP('',(#4699,#4700,#4701));
#4699=ORIENTED_EDGE('',*,*,#4702,.T.);
#4700=ORIENTED_EDGE('',*,*,#4703,.T.);
#4701=ORIENTED_EDGE('',*,*,#4704,.T.);
#4702=EDGE_CURVE('',#225,#229,#4705,.F.);
#4703=EDGE_CURVE('',#229,#231,#4706,.T.);
#4704=EDGE_CURVE('',#231,#225,#4707,.T.);
#4705=LINE('',#224,#4708);
#4706=LINE('',#228,#4709);
#4707=LINE('',#230,#4710);
#4708=VECTOR('',#4711,1.0);
#4709=VECTOR('',#4712,1.0);
#4710=VECTOR('',#4713,1.0);
#4711=DIRECTION('',(-0.773010974644484,0.6343926489794667,0));
#4712=DIRECTION('',(0,0,1));
#4713=DIRECTION('',(0.06042927953756584,-0.04959294496354099,-0.9969397383916512));
#4714=FACE_SURFACE('',(#4719),#4715,.T.);
#4715=PLANE('',#4716);
#4716=AXIS2_PLACEMENT_3D('',#224,#4717,#4718);
#4717=DIRECTION('',(0.6343926489794667,0.773010974644484,-0));
#4718=DIRECTION('',(-0.06042927953756584,0.04959294496354099,0.9969397383916512));
#4719=FACE_BOUND('',#4720,.T.);
#4720=EDGE_LOOP('',(#4721,#4722,#4723));
#4721=ORIENTED_EDGE('',*,*,#4724,.T.);
#4722=ORIENTED_EDGE('',*,*,#4725,.T.);
#4723=ORIENTED_EDGE('',*,*,#4726,.T.);
#4724=EDGE_CURVE('',#225,#231,#4727,.F.);
#4725=EDGE_CURVE('',#231,#227,#4728,.T.);
#4726=EDGE_CURVE('',#227,#225,#4729,.T.);
#4727=LINE('',#224,#4730);
#4728=LINE('',#230,#4731);
#4729=LINE('',#226,#4732);
#4730=VECTOR('',#4733,1.0);
#4731=VECTOR('',#4734,1.0);
#4732=VECTOR('',#4735,1.0);
#4733=DIRECTION('',(-0.06042927953756584,0.04959294496354099,0.9969397383916512));
#4734=DIRECTION('',(0.773010974644484,-0.6343926489794667,0));
#4735=DIRECTION('',(0,0,-1));
#4736=FACE_SURFACE('',(#4741),#4737,.T.);
#4737=PLANE('',#4738);
#4738=AXIS2_PLACEMENT_3D('',#228,#4739,#4740);
#4739=DIRECTION('',(0.4713990608453744,0.8819200221301811,0));
#4740=DIRECTION('',(-0.881920022130181,0.47139906084537436,0));
#4741=FACE_BOUND('',#4742,.T.);
#4742=EDGE_LOOP('',(#4743,#4744,#4745));
#4743=ORIENTED_EDGE('',*,*,#4746,.T.);
#4744=ORIENTED_EDGE('',*,*,#4747,.T.);
#4745=ORIENTED_EDGE('',*,*,#4748,.T.);
#4746=EDGE_CURVE('',#229,#233,#4749,.F.);
#4747=EDGE_CURVE('',#233,#235,#4750,.T.);
#4748=EDGE_CURVE('',#235,#229,#4751,.T.);
#4749=LINE('',#228,#4752);
#4750=LINE('',#232,#4753);
#4751=LINE('',#234,#4754);
#4752=VECTOR('',#4755,1.0);
#4753=VECTOR('',#4756,1.0);
#4754=VECTOR('',#4757,1.0);
#4755=DIRECTION('',(-0.881920022130181,0.47139906084537436,0));
#4756=DIRECTION('',(0,0,1));
#4757=DIRECTION('',(0.06894348586377819,-0.036851294530190454,-0.996939706225206));
#4758=FACE_SURFACE('',(#4763),#4759,.T.);
#4759=PLANE('',#4760);
#4760=AXIS2_PLACEMENT_3D('',#228,#4761,#4762);
#4761=DIRECTION('',(0.4713990608453744,0.8819200221301811,-0));
#4762=DIRECTION('',(-0.06894348586377819,0.036851294530190454,0.996939706225206));
#4763=FACE_BOUND('',#4764,.T.);
#4764=EDGE_LOOP('',(#4765,#4766,#4767));
#4765=ORIENTED_EDGE('',*,*,#4768,.T.);
#4766=ORIENTED_EDGE('',*,*,#4769,.T.);
#4767=ORIENTED_EDGE('',*,*,#4770,.T.);
#4768=EDGE_CURVE('',#229,#235,#4771,.F.);
#4769=EDGE_CURVE('',#235,#231,#4772,.T.);
#4770=EDGE_CURVE('',#231,#229,#4773,.T.);
#4771=LINE('',#228,#4774);
#4772=LINE('',#234,#4775);
#4773=LINE('',#230,#4776);
#4774=VECTOR('',#4777,1.0);
#4775=VECTOR('',#4778,1.0);
#4776=VECTOR('',#4779,1.0);
#4777=DIRECTION('',(-0.06894348586377819,0.036851294530190454,0.996939706225206));
#4778=DIRECTION('',(0.881920022130181,-0.47139906084537436,0));
#4779=DIRECTION('',(0,0,-1));
#4780=FACE_SURFACE('',(#4785),#4781,.T.);
#4781=PLANE('',#4782);
#4782=AXIS2_PLACEMENT_3D('',#232,#4783,#4784);
#4783=DIRECTION('',(0.2902779678676651,0.9569423709767578,0));
#4784=DIRECTION('',(-0.9569423709767578,0.290277967867665,0));
#4785=FACE_BOUND('',#4786,.T.);
#4786=EDGE_LOOP('',(#4787,#4788,#4789));
#4787=ORIENTED_EDGE('',*,*,#4790,.T.);
#4788=ORIENTED_EDGE('',*,*,#4791,.T.);
#4789=ORIENTED_EDGE('',*,*,#4792,.T.);
#4790=EDGE_CURVE('',#233,#237,#4793,.F.);
#4791=EDGE_CURVE('',#237,#239,#4794,.T.);
#4792=EDGE_CURVE('',#239,#233,#4795,.T.);
#4793=LINE('',#232,#4796);
#4794=LINE('',#236,#4797);
#4795=LINE('',#238,#4798);
#4796=VECTOR('',#4799,1.0);
#4797=VECTOR('',#4800,1.0);
#4798=VECTOR('',#4801,1.0);
#4799=DIRECTION('',(-0.9569423709767578,0.290277967867665,0));
#4800=DIRECTION('',(0,0,1));
#4801=DIRECTION('',(0.07480699504949449,-0.022691881103654412,-0.9969398136415469));
#4802=FACE_SURFACE('',(#4807),#4803,.T.);
#4803=PLANE('',#4804);
#4804=AXIS2_PLACEMENT_3D('',#232,#4805,#4806);
#4805=DIRECTION('',(0.2902779678676651,0.9569423709767578,-0));
#4806=DIRECTION('',(-0.07480699504949449,0.022691881103654412,0.9969398136415469));
#4807=FACE_BOUND('',#4808,.T.);
#4808=EDGE_LOOP('',(#4809,#4810,#4811));
#4809=ORIENTED_EDGE('',*,*,#4812,.T.);
#4810=ORIENTED_EDGE('',*,*,#4813,.T.);
#4811=ORIENTED_EDGE('',*,*,#4814,.T.);
#4812=EDGE_CURVE('',#233,#239,#4815,.F.);
#4813=EDGE_CURVE('',#239,#235,#4816,.T.);
#4814=EDGE_CURVE('',#235,#233,#4817,.T.);
#4815=LINE('',#232,#4818);
#4816=LINE('',#238,#4819);
#4817=LINE('',#234,#4820);
#4818=VECTOR('',#4821,1.0);
#4819=VECTOR('',#4822,1.0);
#4820=VECTOR('',#4823,1.0);
#4821=DIRECTION('',(-0.07480699504949449,0.022691881103654412,0.9969398136415469));
#4822=DIRECTION('',(0.9569423709767578,-0.290277967867665,0));
#4823=DIRECTION('',(0,0,-1));
#4824=FACE_SURFACE('',(#4829),#4825,.T.);
#4825=PLANE('',#4826);
#4826=AXIS2_PLACEMENT_3D('',#236,#4827,#4828);
#4827=DIRECTION('',(0.09801622777686081,0.9951848165503704,0));
#4828=DIRECTION('',(-0.9951848165503705,0.09801622777686082,0));
#4829=FACE_BOUND('',#4830,.T.);
#4830=EDGE_LOOP('',(#4831,#4832,#4833));
#4831=ORIENTED_EDGE('',*,*,#4834,.T.);
#4832=ORIENTED_EDGE('',*,*,#4835,.T.);
#4833=ORIENTED_EDGE('',*,*,#4836,.T.);
#4834=EDGE_CURVE('',#237,#241,#4837,.F.);
#4835=EDGE_CURVE('',#241,#243,#4838,.T.);
#4836=EDGE_CURVE('',#243,#237,#4839,.T.);
#4837=LINE('',#236,#4840);
#4838=LINE('',#240,#4841);
#4839=LINE('',#242,#4842);
#4840=VECTOR('',#4843,1.0);
#4841=VECTOR('',#4844,1.0);
#4842=VECTOR('',#4845,1.0);
#4843=DIRECTION('',(-0.9951848165503705,0.09801622777686082,0));
#4844=DIRECTION('',(0,0,1));
#4845=DIRECTION('',(0.07779768562235291,-0.007662331204876454,-0.9969397217446561));
#4846=FACE_SURFACE('',(#4851),#4847,.T.);
#4847=PLANE('',#4848);
#4848=AXIS2_PLACEMENT_3D('',#236,#4849,#4850);
#4849=DIRECTION('',(0.09801622777686081,0.9951848165503704,-0));
#4850=DIRECTION('',(-0.07779768562235291,0.007662331204876454,0.9969397217446561));
#4851=FACE_BOUND('',#4852,.T.);
#4852=EDGE_LOOP('',(#4853,#4854,#4855));
#4853=ORIENTED_EDGE('',*,*,#4856,.T.);
#4854=ORIENTED_EDGE('',*,*,#4857,.T.);
#4855=ORIENTED_EDGE('',*,*,#4858,.T.);
#4856=EDGE_CURVE('',#237,#243,#4859,.F.);
#4857=EDGE_CURVE('',#243,#239,#4860,.T.);
#4858=EDGE_CURVE('',#239,#237,#4861,.T.);
#4859=LINE('',#236,#4862);
#4860=LINE('',#242,#4863);
#4861=LINE('',#238,#4864);
#4862=VECTOR('',#4865,1.0);
#4863=VECTOR('',#4866,1.0);
#4864=VECTOR('',#4867,1.0);
#4865=DIRECTION('',(-0.07779768562235291,0.007662331204876454,0.9969397217446561));
#4866=DIRECTION('',(0.9951848165503705,-0.09801622777686082,0));
#4867=DIRECTION('',(0,0,-1));
#4868=FACE_SURFACE('',(#4873),#4869,.T.);
#4869=PLANE('',#4870);
#4870=AXIS2_PLACEMENT_3D('',#240,#4871,#4872);
#4871=DIRECTION('',(-0.09801622777686081,0.9951848165503704,0));
#4872=DIRECTION('',(-0.9951848165503705,-0.09801622777686082,0));
#4873=FACE_BOUND('',#4874,.T.);
#4874=EDGE_LOOP('',(#4875,#4876,#4877));
#4875=ORIENTED_EDGE('',*,*,#4878,.T.);
#4876=ORIENTED_EDGE('',*,*,#4879,.T.);
#4877=ORIENTED_EDGE('',*,*,#4880,.T.);
#4878=EDGE_CURVE('',#241,#245,#4881,.F.);
#4879=EDGE_CURVE('',#245,#247,#4882,.T.);
#4880=EDGE_CURVE('',#247,#241,#4883,.T.);
#4881=LINE('',#240,#4884);
#4882=LINE('',#244,#4885);
#4883=LINE('',#246,#4886);
#4884=VECTOR('',#4887,1.0);
#4885=VECTOR('',#4888,1.0);
#4886=VECTOR('',#4889,1.0);
#4887=DIRECTION('',(-0.9951848165503705,-0.09801622777686082,0));
#4888=DIRECTION('',(0,0,1));
#4889=DIRECTION('',(0.07779768562235291,0.007662331204876454,-0.9969397217446561));
#4890=FACE_SURFACE('',(#4895),#4891,.T.);
#4891=PLANE('',#4892);
#4892=AXIS2_PLACEMENT_3D('',#240,#4893,#4894);
#4893=DIRECTION('',(-0.09801622777686081,0.9951848165503704,0));
#4894=DIRECTION('',(-0.07779768562235291,-0.007662331204876454,0.9969397217446561));
#4895=FACE_BOUND('',#4896,.T.);
#4896=EDGE_LOOP('',(#4897,#4898,#4899));
#4897=ORIENTED_EDGE('',*,*,#4900,.T.);
#4898=ORIENTED_EDGE('',*,*,#4901,.T.);
#4899=ORIENTED_EDGE('',*,*,#4902,.T.);
#4900=EDGE_CURVE('',#241,#247,#4903,.F.);
#4901=EDGE_CURVE('',#247,#243,#4904,.T.);
#4902=EDGE_CURVE('',#243,#241,#4905,.T.);
#4903=LINE('',#240,#4906);
#4904=LINE('',#246,#4907);
#4905=LINE('',#242,#4908);
#4906=VECTOR('',#4909,1.0);
#4907=VECTOR('',#4910,1.0);
#4908=VECTOR('',#4911,1.0);
#4909=DIRECTION('',(-0.07779768562235291,-0.007662331204876454,0.9969397217446561));
#4910=DIRECTION('',(0.9951848165503705,0.09801622777686082,0));
#4911=DIRECTION('',(0,0,-1));
#4912=FACE_SURFACE('',(#4917),#4913,.T.);
#4913=PLANE('',#4914);
#4914=AXIS2_PLACEMENT_3D('',#244,#4915,#4916);
#4915=DIRECTION('',(-0.2902779678676651,0.9569423709767578,0));
#4916=DIRECTION('',(-0.9569423709767578,-0.290277967867665,0));
#4917=FACE_BOUND('',#4918,.T.);
#4918=EDGE_LOOP('',(#4919,#4920,#4921));
#4919=ORIENTED_EDGE('',*,*,#4922,.T.);
#4920=ORIENTED_EDGE('',*,*,#4923,.T.);
#4921=ORIENTED_EDGE('',*,*,#4924,.T.);
#4922=EDGE_CURVE('',#245,#249,#4925,.F.);
#4923=EDGE_CURVE('',#249,#251,#4926,.T.);
#4924=EDGE_CURVE('',#251,#245,#4927,.T.);
#4925=LINE('',#244,#4928);
#4926=LINE('',#248,#4929);
#4927=LINE('',#250,#4930);
#4928=VECTOR('',#4931,1.0);
#4929=VECTOR('',#4932,1.0);
#4930=VECTOR('',#4933,1.0);
#4931=DIRECTION('',(-0.9569423709767578,-0.290277967867665,0));
#4932=DIRECTION('',(0,0,1));
#4933=DIRECTION('',(0.07480699504949449,0.022691881103654412,-0.9969398136415469));
#4934=FACE_SURFACE('',(#4939),#4935,.T.);
#4935=PLANE('',#4936);
#4936=AXIS2_PLACEMENT_3D('',#244,#4937,#4938);
#4937=DIRECTION('',(-0.2902779678676651,0.9569423709767578,0));
#4938=DIRECTION('',(-0.07480699504949449,-0.022691881103654412,0.9969398136415469));
#4939=FACE_BOUND('',#4940,.T.);
#4940=EDGE_LOOP('',(#4941,#4942,#4943));
#4941=ORIENTED_EDGE('',*,*,#4944,.T.);
#4942=ORIENTED_EDGE('',*,*,#4945,.T.);
#4943=ORIENTED_EDGE('',*,*,#4946,.T.);
#4944=EDGE_CURVE('',#245,#251,#4947,.F.);
#4945=EDGE_CURVE('',#251,#247,#4948,.T.);
#4946=EDGE_CURVE('',#247,#245,#4949,.T.);
#4947=LINE('',#244,#4950);
#4948=LINE('',#250,#4951);
#4949=LINE('',#246,#4952);
#4950=VECTOR('',#4953,1.0);
#4951=VECTOR('',#4954,1.0);
#4952=VECTOR('',#4955,1.0);
#4953=DIRECTION('',(-0.07480699504949449,-0.022691881103654412,0.9969398136415469));
#4954=DIRECTION('',(0.9569423709767578,0.290277967867665,0));
#4955=DIRECTION('',(0,0,-1));
#4956=FACE_SURFACE('',(#4961),#4957,.T.);
#4957=PLANE('',#4958);
#4958=AXIS2_PLACEMENT_3D('',#248,#4959,#4960);
#4959=DIRECTION('',(-0.4713990608453744,0.8819200221301811,0));
#4960=DIRECTION('',(-0.881920022130181,-0.47139906084537436,0));
#4961=FACE_BOUND('',#4962,.T.);
#4962=EDGE_LOOP('',(#4963,#4964,#4965));
#4963=ORIENTED_EDGE('',*,*,#4966,.T.);
#4964=ORIENTED_EDGE('',*,*,#4967,.T.);
#4965=ORIENTED_EDGE('',*,*,#4968,.T.);
#4966=EDGE_CURVE('',#249,#253,#4969,.F.);
#4967=EDGE_CURVE('',#253,#255,#4970,.T.);
#4968=EDGE_CURVE('',#255,#249,#4971,.T.);
#4969=LINE('',#248,#4972);
#4970=LINE('',#252,#4973);
#4971=LINE('',#254,#4974);
#4972=VECTOR('',#4975,1.0);
#4973=VECTOR('',#4976,1.0);
#4974=VECTOR('',#4977,1.0);
#4975=DIRECTION('',(-0.881920022130181,-0.47139906084537436,0));
#4976=DIRECTION('',(0,0,1));
#4977=DIRECTION('',(0.06894348586377819,0.036851294530190454,-0.996939706225206));
#4978=FACE_SURFACE('',(#4983),#4979,.T.);
#4979=PLANE('',#4980);
#4980=AXIS2_PLACEMENT_3D('',#248,#4981,#4982);
#4981=DIRECTION('',(-0.4713990608453744,0.8819200221301811,0));
#4982=DIRECTION('',(-0.06894348586377819,-0.036851294530190454,0.996939706225206));
#4983=FACE_BOUND('',#4984,.T.);
#4984=EDGE_LOOP('',(#4985,#4986,#4987));
#4985=ORIENTED_EDGE('',*,*,#4988,.T.);
#4986=ORIENTED_EDGE('',*,*,#4989,.T.);
#4987=ORIENTED_EDGE('',*,*,#4990,.T.);
#4988=EDGE_CURVE('',#249,#255,#4991,.F.);
#4989=EDGE_CURVE('',#255,#251,#4992,.T.);
#4990=EDGE_CURVE('',#251,#249,#4993,.T.);
#4991=LINE('',#248,#4994);
#4992=LINE('',#254,#4995);
#4993=LINE('',#250,#4996);
#4994=VECTOR('',#4997,1.0);
#4995=VECTOR('',#4998,1.0);
#4996=VECTOR('',#4999,1.0);
#4997=DIRECTION('',(-0.06894348586377819,-0.036851294530190454,0.996939706225206));
#4998=DIRECTION('',(0.881920022130181,0.47139906084537436,0));
#4999=DIRECTION('',(0,0,-1));
#5000=FACE_SURFACE('',(#5005),#5001,.T.);
#5001=PLANE('',#5002);
#5002=AXIS2_PLACEMENT_3D('',#252,#5003,#5004);
#5003=DIRECTION('',(-0.6343926489794667,0.773010974644484,0));
#5004=DIRECTION('',(-0.773010974644484,-0.6343926489794667,0));
#5005=FACE_BOUND('',#5006,.T.);
#5006=EDGE_LOOP('',(#5007,#5008,#5009));
#5007=ORIENTED_EDGE('',*,*,#5010,.T.);
#5008=ORIENTED_EDGE('',*,*,#5011,.T.);
#5009=ORIENTED_EDGE('',*,*,#5012,.T.);
#5010=EDGE_CURVE('',#253,#257,#5013,.F.);
#5011=EDGE_CURVE('',#257,#259,#5014,.T.);
#5012=EDGE_CURVE('',#259,#253,#5015,.T.);
#5013=LINE('',#252,#5016);
#5014=LINE('',#256,#5017);
#5015=LINE('',#258,#5018);
#5016=VECTOR('',#5019,1.0);
#5017=VECTOR('',#5020,1.0);
#5018=VECTOR('',#5021,1.0);
#5019=DIRECTION('',(-0.773010974644484,-0.6343926489794667,0));
#5020=DIRECTION('',(0,0,1));
#5021=DIRECTION('',(0.06042927953756584,0.04959294496354099,-0.9969397383916512));
#5022=FACE_SURFACE('',(#5027),#5023,.T.);
#5023=PLANE('',#5024);
#5024=AXIS2_PLACEMENT_3D('',#252,#5025,#5026);
#5025=DIRECTION('',(-0.6343926489794667,0.773010974644484,0));
#5026=DIRECTION('',(-0.06042927953756584,-0.04959294496354099,0.9969397383916512));
#5027=FACE_BOUND('',#5028,.T.);
#5028=EDGE_LOOP('',(#5029,#5030,#5031));
#5029=ORIENTED_EDGE('',*,*,#5032,.T.);
#5030=ORIENTED_EDGE('',*,*,#5033,.T.);
#5031=ORIENTED_EDGE('',*,*,#5034,.T.);
#5032=EDGE_CURVE('',#253,#259,#5035,.F.);
#5033=EDGE_CURVE('',#259,#255,#5036,.T.);
#5034=EDGE_CURVE('',#255,#253,#5037,.T.);
#5035=LINE('',#252,#5038);
#5036=LINE('',#258,#5039);
#5037=LINE('',#254,#5040);
#5038=VECTOR('',#5041,1.0);
#5039=VECTOR('',#5042,1.0);
#5040=VECTOR('',#5043,1.0);
#5041=DIRECTION('',(-0.06042927953756584,-0.04959294496354099,0.9969397383916512));
#5042=DIRECTION('',(0.773010974644484,0.6343926489794667,0));
#5043=DIRECTION('',(0,0,-1));
#5044=FACE_SURFACE('',(#5049),#5045,.T.);
#5045=PLANE('',#5046);
#5046=AXIS2_PLACEMENT_3D('',#256,#5047,#5048);
#5047=DIRECTION('',(-0.7730070588633648,0.6343974203505326,0));
#5048=DIRECTION('',(-0.6343974203505326,-0.7730070588633648,0));
#5049=FACE_BOUND('',#5050,.T.);
#5050=EDGE_LOOP('',(#5051,#5052,#5053));
#5051=ORIENTED_EDGE('',*,*,#5054,.T.);
#5052=ORIENTED_EDGE('',*,*,#5055,.T.);
#5053=ORIENTED_EDGE('',*,*,#5056,.T.);
#5054=EDGE_CURVE('',#257,#261,#5057,.F.);
#5055=EDGE_CURVE('',#261,#263,#5058,.T.);
#5056=EDGE_CURVE('',#263,#257,#5059,.T.);
#5057=LINE('',#256,#5060);
#5058=LINE('',#260,#5061);
#5059=LINE('',#262,#5062);
#5060=VECTOR('',#5063,1.0);
#5061=VECTOR('',#5064,1.0);
#5062=VECTOR('',#5065,1.0);
#5063=DIRECTION('',(-0.6343974203505326,-0.7730070588633648,0));
#5064=DIRECTION('',(0,0,1));
#5065=DIRECTION('',(0.04959294724295699,0.060428521710353164,-0.9969397842134994));
#5066=FACE_SURFACE('',(#5071),#5067,.T.);
#5067=PLANE('',#5068);
#5068=AXIS2_PLACEMENT_3D('',#256,#5069,#5070);
#5069=DIRECTION('',(-0.7730070588633648,0.6343974203505326,0));
#5070=DIRECTION('',(-0.04959294724295699,-0.060428521710353164,0.9969397842134994));
#5071=FACE_BOUND('',#5072,.T.);
#5072=EDGE_LOOP('',(#5073,#5074,#5075));
#5073=ORIENTED_EDGE('',*,*,#5076,.T.);
#5074=ORIENTED_EDGE('',*,*,#5077,.T.);
#5075=ORIENTED_EDGE('',*,*,#5078,.T.);
#5076=EDGE_CURVE('',#257,#263,#5079,.F.);
#5077=EDGE_CURVE('',#263,#259,#5080,.T.);
#5078=EDGE_CURVE('',#259,#257,#5081,.T.);
#5079=LINE('',#256,#5082);
#5080=LINE('',#262,#5083);
#5081=LINE('',#258,#5084);
#5082=VECTOR('',#5085,1.0);
#5083=VECTOR('',#5086,1.0);
#5084=VECTOR('',#5087,1.0);
#5085=DIRECTION('',(-0.04959294724295699,-0.060428521710353164,0.9969397842134994));
#5086=DIRECTION('',(0.6343974203505326,0.7730070588633648,0));
#5087=DIRECTION('',(0,0,-1));
#5088=FACE_SURFACE('',(#5093),#5089,.T.);
#5089=PLANE('',#5090);
#5090=AXIS2_PLACEMENT_3D('',#260,#5091,#5092);
#5091=DIRECTION('',(-0.881926229059021,0.47138744838798496,0));
#5092=DIRECTION('',(-0.47138744838798496,-0.8819262290590211,0));
#5093=FACE_BOUND('',#5094,.T.);
#5094=EDGE_LOOP('',(#5095,#5096,#5097));
#5095=ORIENTED_EDGE('',*,*,#5098,.T.);
#5096=ORIENTED_EDGE('',*,*,#5099,.T.);
#5097=ORIENTED_EDGE('',*,*,#5100,.T.);
#5098=EDGE_CURVE('',#261,#265,#5101,.F.);
#5099=EDGE_CURVE('',#265,#267,#5102,.T.);
#5100=EDGE_CURVE('',#267,#261,#5103,.T.);
#5101=LINE('',#260,#5104);
#5102=LINE('',#264,#5105);
#5103=LINE('',#266,#5106);
#5104=VECTOR('',#5107,1.0);
#5105=VECTOR('',#5108,1.0);
#5106=VECTOR('',#5109,1.0);
#5107=DIRECTION('',(-0.47138744838798496,-0.8819262290590211,0));
#5108=DIRECTION('',(0,0,1));
#5109=DIRECTION('',(0.036850533026032924,0.06894424478548015,-0.9969396818898609));
#5110=FACE_SURFACE('',(#5115),#5111,.T.);
#5111=PLANE('',#5112);
#5112=AXIS2_PLACEMENT_3D('',#260,#5113,#5114);
#5113=DIRECTION('',(-0.881926229059021,0.47138744838798496,0));
#5114=DIRECTION('',(-0.036850533026032924,-0.06894424478548015,0.9969396818898609));
#5115=FACE_BOUND('',#5116,.T.);
#5116=EDGE_LOOP('',(#5117,#5118,#5119));
#5117=ORIENTED_EDGE('',*,*,#5120,.T.);
#5118=ORIENTED_EDGE('',*,*,#5121,.T.);
#5119=ORIENTED_EDGE('',*,*,#5122,.T.);
#5120=EDGE_CURVE('',#261,#267,#5123,.F.);
#5121=EDGE_CURVE('',#267,#263,#5124,.T.);
#5122=EDGE_CURVE('',#263,#261,#5125,.T.);
#5123=LINE('',#260,#5126);
#5124=LINE('',#266,#5127);
#5125=LINE('',#262,#5128);
#5126=VECTOR('',#5129,1.0);
#5127=VECTOR('',#5130,1.0);
#5128=VECTOR('',#5131,1.0);
#5129=DIRECTION('',(-0.036850533026032924,-0.06894424478548015,0.9969396818898609));
#5130=DIRECTION('',(0.47138744838798496,0.8819262290590211,0));
#5131=DIRECTION('',(0,0,-1));
#5132=FACE_SURFACE('',(#5137),#5133,.T.);
#5133=PLANE('',#5134);
#5134=AXIS2_PLACEMENT_3D('',#264,#5135,#5136);
#5135=DIRECTION('',(-0.9569396682142505,0.2902868777571596,0));
#5136=DIRECTION('',(-0.29028687775715967,-0.9569396682142506,0));
#5137=FACE_BOUND('',#5138,.T.);
#5138=EDGE_LOOP('',(#5139,#5140,#5141));
#5139=ORIENTED_EDGE('',*,*,#5142,.T.);
#5140=ORIENTED_EDGE('',*,*,#5143,.T.);
#5141=ORIENTED_EDGE('',*,*,#5144,.T.);
#5142=EDGE_CURVE('',#265,#269,#5145,.F.);
#5143=EDGE_CURVE('',#269,#271,#5146,.T.);
#5144=EDGE_CURVE('',#271,#265,#5147,.T.);
#5145=LINE('',#264,#5148);
#5146=LINE('',#268,#5149);
#5147=LINE('',#270,#5150);
#5148=VECTOR('',#5151,1.0);
#5149=VECTOR('',#5152,1.0);
#5150=VECTOR('',#5153,1.0);
#5151=DIRECTION('',(-0.29028687775715967,-0.9569396682142506,0));
#5152=DIRECTION('',(0,0,1));
#5153=DIRECTION('',(0.022692641316699257,0.0748069937583377,-0.9969397964345248));
#5154=FACE_SURFACE('',(#5159),#5155,.T.);
#5155=PLANE('',#5156);
#5156=AXIS2_PLACEMENT_3D('',#264,#5157,#5158);
#5157=DIRECTION('',(-0.9569396682142505,0.2902868777571596,0));
#5158=DIRECTION('',(-0.022692641316699257,-0.0748069937583377,0.9969397964345248));
#5159=FACE_BOUND('',#5160,.T.);
#5160=EDGE_LOOP('',(#5161,#5162,#5163));
#5161=ORIENTED_EDGE('',*,*,#5164,.T.);
#5162=ORIENTED_EDGE('',*,*,#5165,.T.);
#5163=ORIENTED_EDGE('',*,*,#5166,.T.);
#5164=EDGE_CURVE('',#265,#271,#5167,.F.);
#5165=EDGE_CURVE('',#271,#267,#5168,.T.);
#5166=EDGE_CURVE('',#267,#265,#5169,.T.);
#5167=LINE('',#264,#5170);
#5168=LINE('',#270,#5171);
#5169=LINE('',#266,#5172);
#5170=VECTOR('',#5173,1.0);
#5171=VECTOR('',#5174,1.0);
#5172=VECTOR('',#5175,1.0);
#5173=DIRECTION('',(-0.022692641316699257,-0.0748069937583377,0.9969397964345248));
#5174=DIRECTION('',(0.29028687775715967,0.9569396682142506,0));
#5175=DIRECTION('',(0,0,-1));
#5176=FACE_SURFACE('',(#5181),#5177,.T.);
#5177=PLANE('',#5178);
#5178=AXIS2_PLACEMENT_3D('',#268,#5179,#5180);
#5179=DIRECTION('',(-0.9951848165503704,0.09801622777686081,0));
#5180=DIRECTION('',(-0.09801622777686082,-0.9951848165503705,0));
#5181=FACE_BOUND('',#5182,.T.);
#5182=EDGE_LOOP('',(#5183,#5184,#5185));
#5183=ORIENTED_EDGE('',*,*,#5186,.T.);
#5184=ORIENTED_EDGE('',*,*,#5187,.T.);
#5185=ORIENTED_EDGE('',*,*,#5188,.T.);
#5186=EDGE_CURVE('',#269,#273,#5189,.F.);
#5187=EDGE_CURVE('',#273,#275,#5190,.T.);
#5188=EDGE_CURVE('',#275,#269,#5191,.T.);
#5189=LINE('',#268,#5192);
#5190=LINE('',#272,#5193);
#5191=LINE('',#274,#5194);
#5192=VECTOR('',#5195,1.0);
#5193=VECTOR('',#5196,1.0);
#5194=VECTOR('',#5197,1.0);
#5195=DIRECTION('',(-0.09801622777686082,-0.9951848165503705,0));
#5196=DIRECTION('',(0,0,1));
#5197=DIRECTION('',(0.007662331204876454,0.07779768562235291,-0.9969397217446561));
#5198=FACE_SURFACE('',(#5203),#5199,.T.);
#5199=PLANE('',#5200);
#5200=AXIS2_PLACEMENT_3D('',#268,#5201,#5202);
#5201=DIRECTION('',(-0.9951848165503704,0.09801622777686081,0));
#5202=DIRECTION('',(-0.007662331204876454,-0.07779768562235291,0.9969397217446561));
#5203=FACE_BOUND('',#5204,.T.);
#5204=EDGE_LOOP('',(#5205,#5206,#5207));
#5205=ORIENTED_EDGE('',*,*,#5208,.T.);
#5206=ORIENTED_EDGE('',*,*,#5209,.T.);
#5207=ORIENTED_EDGE('',*,*,#5210,.T.);
#5208=EDGE_CURVE('',#269,#275,#5211,.F.);
#5209=EDGE_CURVE('',#275,#271,#5212,.T.);
#5210=EDGE_CURVE('',#271,#269,#5213,.T.);
#5211=LINE('',#268,#5214);
#5212=LINE('',#274,#5215);
#5213=LINE('',#270,#5216);
#5214=VECTOR('',#5217,1.0);
#5215=VECTOR('',#5218,1.0);
#5216=VECTOR('',#5219,1.0);
#5217=DIRECTION('',(-0.007662331204876454,-0.07779768562235291,0.9969397217446561));
#5218=DIRECTION('',(0.09801622777686082,0.9951848165503705,0));
#5219=DIRECTION('',(0,0,-1));
#5220=FACE_SURFACE('',(#5225),#5221,.T.);
#5221=PLANE('',#5222);
#5222=AXIS2_PLACEMENT_3D('',#272,#5223,#5224);
#5223=DIRECTION('',(-0.9951848165503704,-0.09801622777686081,0));
#5224=DIRECTION('',(0.09801622777686082,-0.9951848165503705,0));
#5225=FACE_BOUND('',#5226,.T.);
#5226=EDGE_LOOP('',(#5227,#5228,#5229));
#5227=ORIENTED_EDGE('',*,*,#5230,.T.);
#5228=ORIENTED_EDGE('',*,*,#5231,.T.);
#5229=ORIENTED_EDGE('',*,*,#5232,.T.);
#5230=EDGE_CURVE('',#273,#277,#5233,.F.);
#5231=EDGE_CURVE('',#277,#279,#5234,.T.);
#5232=EDGE_CURVE('',#279,#273,#5235,.T.);
#5233=LINE('',#272,#5236);
#5234=LINE('',#276,#5237);
#5235=LINE('',#278,#5238);
#5236=VECTOR('',#5239,1.0);
#5237=VECTOR('',#5240,1.0);
#5238=VECTOR('',#5241,1.0);
#5239=DIRECTION('',(0.09801622777686082,-0.9951848165503705,0));
#5240=DIRECTION('',(0,0,1));
#5241=DIRECTION('',(-0.007662331204876454,0.07779768562235291,-0.9969397217446561));
#5242=FACE_SURFACE('',(#5247),#5243,.T.);
#5243=PLANE('',#5244);
#5244=AXIS2_PLACEMENT_3D('',#272,#5245,#5246);
#5245=DIRECTION('',(-0.9951848165503704,-0.09801622777686081,0));
#5246=DIRECTION('',(0.007662331204876454,-0.07779768562235291,0.9969397217446561));
#5247=FACE_BOUND('',#5248,.T.);
#5248=EDGE_LOOP('',(#5249,#5250,#5251));
#5249=ORIENTED_EDGE('',*,*,#5252,.T.);
#5250=ORIENTED_EDGE('',*,*,#5253,.T.);
#5251=ORIENTED_EDGE('',*,*,#5254,.T.);
#5252=EDGE_CURVE('',#273,#279,#5255,.F.);
#5253=EDGE_CURVE('',#279,#275,#5256,.T.);
#5254=EDGE_CURVE('',#275,#273,#5257,.T.);
#5255=LINE('',#272,#5258);
#5256=LINE('',#278,#5259);
#5257=LINE('',#274,#5260);
#5258=VECTOR('',#5261,1.0);
#5259=VECTOR('',#5262,1.0);
#5260=VECTOR('',#5263,1.0);
#5261=DIRECTION('',(0.007662331204876454,-0.07779768562235291,0.9969397217446561));
#5262=DIRECTION('',(-0.09801622777686082,0.9951848165503705,0));
#5263=DIRECTION('',(0,0,-1));
#5264=FACE_SURFACE('',(#5269),#5265,.T.);
#5265=PLANE('',#5266);
#5266=AXIS2_PLACEMENT_3D('',#276,#5267,#5268);
#5267=DIRECTION('',(-0.9569396682142505,-0.2902868777571596,0));
#5268=DIRECTION('',(0.29028687775715967,-0.9569396682142506,0));
#5269=FACE_BOUND('',#5270,.T.);
#5270=EDGE_LOOP('',(#5271,#5272,#5273));
#5271=ORIENTED_EDGE('',*,*,#5274,.T.);
#5272=ORIENTED_EDGE('',*,*,#5275,.T.);
#5273=ORIENTED_EDGE('',*,*,#5276,.T.);
#5274=EDGE_CURVE('',#277,#281,#5277,.F.);
#5275=EDGE_CURVE('',#281,#283,#5278,.T.);
#5276=EDGE_CURVE('',#283,#277,#5279,.T.);
#5277=LINE('',#276,#5280);
#5278=LINE('',#280,#5281);
#5279=LINE('',#282,#5282);
#5280=VECTOR('',#5283,1.0);
#5281=VECTOR('',#5284,1.0);
#5282=VECTOR('',#5285,1.0);
#5283=DIRECTION('',(0.29028687775715967,-0.9569396682142506,0));
#5284=DIRECTION('',(0,0,1));
#5285=DIRECTION('',(-0.022692641316699257,0.0748069937583377,-0.9969397964345248));
#5286=FACE_SURFACE('',(#5291),#5287,.T.);
#5287=PLANE('',#5288);
#5288=AXIS2_PLACEMENT_3D('',#276,#5289,#5290);
#5289=DIRECTION('',(-0.9569396682142505,-0.2902868777571596,0));
#5290=DIRECTION('',(0.022692641316699257,-0.0748069937583377,0.9969397964345248));
#5291=FACE_BOUND('',#5292,.T.);
#5292=EDGE_LOOP('',(#5293,#5294,#5295));
#5293=ORIENTED_EDGE('',*,*,#5296,.T.);
#5294=ORIENTED_EDGE('',*,*,#5297,.T.);
#5295=ORIENTED_EDGE('',*,*,#5298,.T.);
#5296=EDGE_CURVE('',#277,#283,#5299,.F.);
#5297=EDGE_CURVE('',#283,#279,#5300,.T.);
#5298=EDGE_CURVE('',#279,#277,#5301,.T.);
#5299=LINE('',#276,#5302);
#5300=LINE('',#282,#5303);
#5301=LINE('',#278,#5304);
#5302=VECTOR('',#5305,1.0);
#5303=VECTOR('',#5306,1.0);
#5304=VECTOR('',#5307,1.0);
#5305=DIRECTION('',(0.022692641316699257,-0.0748069937583377,0.9969397964345248));
#5306=DIRECTION('',(-0.29028687775715967,0.9569396682142506,0));
#5307=DIRECTION('',(0,0,-1));
#5308=FACE_SURFACE('',(#5313),#5309,.T.);
#5309=PLANE('',#5310);
#5310=AXIS2_PLACEMENT_3D('',#280,#5311,#5312);
#5311=DIRECTION('',(-0.8819219050120677,-0.4713955382265359,0));
#5312=DIRECTION('',(0.4713955382265359,-0.8819219050120677,0));
#5313=FACE_BOUND('',#5314,.T.);
#5314=EDGE_LOOP('',(#5315,#5316,#5317));
#5315=ORIENTED_EDGE('',*,*,#5318,.T.);
#5316=ORIENTED_EDGE('',*,*,#5319,.T.);
#5317=ORIENTED_EDGE('',*,*,#5320,.T.);
#5318=EDGE_CURVE('',#281,#285,#5321,.F.);
#5319=EDGE_CURVE('',#285,#287,#5322,.T.);
#5320=EDGE_CURVE('',#287,#281,#5323,.T.);
#5321=LINE('',#280,#5324);
#5322=LINE('',#284,#5325);
#5323=LINE('',#286,#5326);
#5324=VECTOR('',#5327,1.0);
#5325=VECTOR('',#5328,1.0);
#5326=VECTOR('',#5329,1.0);
#5327=DIRECTION('',(0.4713955382265359,-0.8819219050120677,0));
#5328=DIRECTION('',(0,0,1));
#5329=DIRECTION('',(-0.036850536890824,0.06894273080678795,-0.9969397864463836));
#5330=FACE_SURFACE('',(#5335),#5331,.T.);
#5331=PLANE('',#5332);
#5332=AXIS2_PLACEMENT_3D('',#280,#5333,#5334);
#5333=DIRECTION('',(-0.8819219050120677,-0.4713955382265359,0));
#5334=DIRECTION('',(0.036850536890824,-0.06894273080678795,0.9969397864463836));
#5335=FACE_BOUND('',#5336,.T.);
#5336=EDGE_LOOP('',(#5337,#5338,#5339));
#5337=ORIENTED_EDGE('',*,*,#5340,.T.);
#5338=ORIENTED_EDGE('',*,*,#5341,.T.);
#5339=ORIENTED_EDGE('',*,*,#5342,.T.);
#5340=EDGE_CURVE('',#281,#287,#5343,.F.);
#5341=EDGE_CURVE('',#287,#283,#5344,.T.);
#5342=EDGE_CURVE('',#283,#281,#5345,.T.);
#5343=LINE('',#280,#5346);
#5344=LINE('',#286,#5347);
#5345=LINE('',#282,#5348);
#5346=VECTOR('',#5349,1.0);
#5347=VECTOR('',#5350,1.0);
#5348=VECTOR('',#5351,1.0);
#5349=DIRECTION('',(0.036850536890824,-0.06894273080678795,0.9969397864463836));
#5350=DIRECTION('',(-0.4713955382265359,0.8819219050120677,0));
#5351=DIRECTION('',(0,0,-1));
#5352=FACE_SURFACE('',(#5357),#5353,.T.);
#5353=PLANE('',#5354);
#5354=AXIS2_PLACEMENT_3D('',#284,#5355,#5356);
#5355=DIRECTION('',(-0.773014890337251,-0.634387877656003,0));
#5356=DIRECTION('',(0.634387877656003,-0.773014890337251,0));
#5357=FACE_BOUND('',#5358,.T.);
#5358=EDGE_LOOP('',(#5359,#5360,#5361));
#5359=ORIENTED_EDGE('',*,*,#5362,.T.);
#5360=ORIENTED_EDGE('',*,*,#5363,.T.);
#5361=ORIENTED_EDGE('',*,*,#5364,.T.);
#5362=EDGE_CURVE('',#285,#289,#5365,.F.);
#5363=EDGE_CURVE('',#289,#291,#5366,.T.);
#5364=EDGE_CURVE('',#291,#285,#5367,.T.);
#5365=LINE('',#284,#5368);
#5366=LINE('',#288,#5369);
#5367=LINE('',#290,#5370);
#5368=VECTOR('',#5371,1.0);
#5369=VECTOR('',#5372,1.0);
#5370=VECTOR('',#5373,1.0);
#5371=DIRECTION('',(0.634387877656003,-0.773014890337251,0));
#5372=DIRECTION('',(0,0,1));
#5373=DIRECTION('',(-0.04959294268409661,0.06043003736467402,-0.9969396925692325));
#5374=FACE_SURFACE('',(#5379),#5375,.T.);
#5375=PLANE('',#5376);
#5376=AXIS2_PLACEMENT_3D('',#284,#5377,#5378);
#5377=DIRECTION('',(-0.773014890337251,-0.634387877656003,0));
#5378=DIRECTION('',(0.04959294268409661,-0.06043003736467402,0.9969396925692325));
#5379=FACE_BOUND('',#5380,.T.);
#5380=EDGE_LOOP('',(#5381,#5382,#5383));
#5381=ORIENTED_EDGE('',*,*,#5384,.T.);
#5382=ORIENTED_EDGE('',*,*,#5385,.T.);
#5383=ORIENTED_EDGE('',*,*,#5386,.T.);
#5384=EDGE_CURVE('',#285,#291,#5387,.F.);
#5385=EDGE_CURVE('',#291,#287,#5388,.T.);
#5386=EDGE_CURVE('',#287,#285,#5389,.T.);
#5387=LINE('',#284,#5390);
#5388=LINE('',#290,#5391);
#5389=LINE('',#286,#5392);
#5390=VECTOR('',#5393,1.0);
#5391=VECTOR('',#5394,1.0);
#5392=VECTOR('',#5395,1.0);
#5393=DIRECTION('',(0.04959294268409661,-0.06043003736467402,0.9969396925692325));
#5394=DIRECTION('',(-0.634387877656003,0.773014890337251,0));
#5395=DIRECTION('',(0,0,-1));
#5396=FACE_SURFACE('',(#5401),#5397,.T.);
#5397=PLANE('',#5398);
#5398=AXIS2_PLACEMENT_3D('',#288,#5399,#5400);
#5399=DIRECTION('',(-0.6343926489794667,-0.773010974644484,0));
#5400=DIRECTION('',(0.773010974644484,-0.6343926489794667,0));
#5401=FACE_BOUND('',#5402,.T.);
#5402=EDGE_LOOP('',(#5403,#5404,#5405));
#5403=ORIENTED_EDGE('',*,*,#5406,.T.);
#5404=ORIENTED_EDGE('',*,*,#5407,.T.);
#5405=ORIENTED_EDGE('',*,*,#5408,.T.);
#5406=EDGE_CURVE('',#289,#293,#5409,.F.);
#5407=EDGE_CURVE('',#293,#295,#5410,.T.);
#5408=EDGE_CURVE('',#295,#289,#5411,.T.);
#5409=LINE('',#288,#5412);
#5410=LINE('',#292,#5413);
#5411=LINE('',#294,#5414);
#5412=VECTOR('',#5415,1.0);
#5413=VECTOR('',#5416,1.0);
#5414=VECTOR('',#5417,1.0);
#5415=DIRECTION('',(0.773010974644484,-0.6343926489794667,0));
#5416=DIRECTION('',(0,0,1));
#5417=DIRECTION('',(-0.06042927953756584,0.04959294496354099,-0.9969397383916512));
#5418=FACE_SURFACE('',(#5423),#5419,.T.);
#5419=PLANE('',#5420);
#5420=AXIS2_PLACEMENT_3D('',#288,#5421,#5422);
#5421=DIRECTION('',(-0.6343926489794667,-0.773010974644484,0));
#5422=DIRECTION('',(0.06042927953756584,-0.04959294496354099,0.9969397383916512));
#5423=FACE_BOUND('',#5424,.T.);
#5424=EDGE_LOOP('',(#5425,#5426,#5427));
#5425=ORIENTED_EDGE('',*,*,#5428,.T.);
#5426=ORIENTED_EDGE('',*,*,#5429,.T.);
#5427=ORIENTED_EDGE('',*,*,#5430,.T.);
#5428=EDGE_CURVE('',#289,#295,#5431,.F.);
#5429=EDGE_CURVE('',#295,#291,#5432,.T.);
#5430=EDGE_CURVE('',#291,#289,#5433,.T.);
#5431=LINE('',#288,#5434);
#5432=LINE('',#294,#5435);
#5433=LINE('',#290,#5436);
#5434=VECTOR('',#5437,1.0);
#5435=VECTOR('',#5438,1.0);
#5436=VECTOR('',#5439,1.0);
#5437=DIRECTION('',(0.06042927953756584,-0.04959294496354099,0.9969397383916512));
#5438=DIRECTION('',(-0.773010974644484,0.6343926489794667,0));
#5439=DIRECTION('',(0,0,-1));
#5440=FACE_SURFACE('',(#5445),#5441,.T.);
#5441=PLANE('',#5442);
#5442=AXIS2_PLACEMENT_3D('',#292,#5443,#5444);
#5443=DIRECTION('',(-0.47138392560551917,-0.8819281119687309,0));
#5444=DIRECTION('',(0.881928111968731,-0.4713839256055192,0));
#5445=FACE_BOUND('',#5446,.T.);
#5446=EDGE_LOOP('',(#5447,#5448,#5449));
#5447=ORIENTED_EDGE('',*,*,#5450,.T.);
#5448=ORIENTED_EDGE('',*,*,#5451,.T.);
#5449=ORIENTED_EDGE('',*,*,#5452,.T.);
#5450=EDGE_CURVE('',#293,#297,#5453,.F.);
#5451=EDGE_CURVE('',#297,#299,#5454,.T.);
#5452=EDGE_CURVE('',#299,#293,#5455,.T.);
#5453=LINE('',#292,#5456);
#5454=LINE('',#296,#5457);
#5455=LINE('',#298,#5458);
#5456=VECTOR('',#5459,1.0);
#5457=VECTOR('',#5460,1.0);
#5458=VECTOR('',#5461,1.0);
#5459=DIRECTION('',(0.881928111968731,-0.4713839256055192,0));
#5460=DIRECTION('',(0,0,1));
#5461=DIRECTION('',(-0.06894348972856927,0.03684977538662361,-0.9969397621110324));
#5462=FACE_SURFACE('',(#5467),#5463,.T.);
#5463=PLANE('',#5464);
#5464=AXIS2_PLACEMENT_3D('',#292,#5465,#5466);
#5465=DIRECTION('',(-0.47138392560551917,-0.8819281119687309,0));
#5466=DIRECTION('',(0.06894348972856927,-0.03684977538662361,0.9969397621110324));
#5467=FACE_BOUND('',#5468,.T.);
#5468=EDGE_LOOP('',(#5469,#5470,#5471));
#5469=ORIENTED_EDGE('',*,*,#5472,.T.);
#5470=ORIENTED_EDGE('',*,*,#5473,.T.);
#5471=ORIENTED_EDGE('',*,*,#5474,.T.);
#5472=EDGE_CURVE('',#293,#299,#5475,.F.);
#5473=EDGE_CURVE('',#299,#295,#5476,.T.);
#5474=EDGE_CURVE('',#295,#293,#5477,.T.);
#5475=LINE('',#292,#5478);
#5476=LINE('',#298,#5479);
#5477=LINE('',#294,#5480);
#5478=VECTOR('',#5481,1.0);
#5479=VECTOR('',#5482,1.0);
#5480=VECTOR('',#5483,1.0);
#5481=DIRECTION('',(0.06894348972856927,-0.03684977538662361,0.9969397621110324));
#5482=DIRECTION('',(-0.881928111968731,0.4713839256055192,0));
#5483=DIRECTION('',(0,0,-1));
#5484=FACE_SURFACE('',(#5489),#5485,.T.);
#5485=PLANE('',#5486);
#5486=AXIS2_PLACEMENT_3D('',#182,#5487,#5488);
#5487=DIRECTION('',(0,0,1));
#5488=DIRECTION('',(0.9951848165503705,0.09801622777686082,0));
#5489=FACE_BOUND('',#5490,.T.);
#5490=EDGE_LOOP('',(#5491,#5492,#5493));
#5491=ORIENTED_EDGE('',*,*,#5494,.T.);
#5492=ORIENTED_EDGE('',*,*,#5495,.T.);
#5493=ORIENTED_EDGE('',*,*,#5496,.T.);
#5494=EDGE_CURVE('',#183,#181,#5497,.F.);
#5495=EDGE_CURVE('',#181,#187,#5498,.T.);
#5496=EDGE_CURVE('',#187,#183,#5499,.T.);
#5497=LINE('',#182,#5500);
#5498=LINE('',#180,#5501);
#5499=LINE('',#186,#5502);
#5500=VECTOR('',#5503,1.0);
#5501=VECTOR('',#5504,1.0);
#5502=VECTOR('',#5505,1.0);
#5503=DIRECTION('',(0.9951848165503705,0.09801622777686082,0));
#5504=DIRECTION('',(0.9569369653840532,0.2902957875711588,0));
#5505=DIRECTION('',(-0.9807843279631591,-0.19509511019462947,0));
#5506=FACE_SURFACE('',(#5511),#5507,.T.);
#5507=PLANE('',#5508);
#5508=AXIS2_PLACEMENT_3D('',#186,#5509,#5510);
#5509=DIRECTION('',(0,0,1));
#5510=DIRECTION('',(0.881928111968731,0.4713839256055192,0));
#5511=FACE_BOUND('',#5512,.T.);
#5512=EDGE_LOOP('',(#5513,#5514,#5515));
#5513=ORIENTED_EDGE('',*,*,#5516,.T.);
#5514=ORIENTED_EDGE('',*,*,#5517,.T.);
#5515=ORIENTED_EDGE('',*,*,#5518,.T.);
#5516=EDGE_CURVE('',#187,#191,#5519,.F.);
#5517=EDGE_CURVE('',#191,#195,#5520,.T.);
#5518=EDGE_CURVE('',#195,#187,#5521,.T.);
#5519=LINE('',#186,#5522);
#5520=LINE('',#190,#5523);
#5521=LINE('',#194,#5524);
#5522=VECTOR('',#5525,1.0);
#5523=VECTOR('',#5526,1.0);
#5524=VECTOR('',#5527,1.0);
#5525=DIRECTION('',(0.881928111968731,0.4713839256055192,0));
#5526=DIRECTION('',(0.773010974644484,0.6343926489794667,0));
#5527=DIRECTION('',(-0.8314737692381023,-0.555564011675507,0));
#5528=FACE_SURFACE('',(#5533),#5529,.T.);
#5529=PLANE('',#5530);
#5530=AXIS2_PLACEMENT_3D('',#194,#5531,#5532);
#5531=DIRECTION('',(0,0,1));
#5532=DIRECTION('',(0.634387877656003,0.773014890337251,0));
#5533=FACE_BOUND('',#5534,.T.);
#5534=EDGE_LOOP('',(#5535,#5536,#5537));
#5535=ORIENTED_EDGE('',*,*,#5538,.T.);
#5536=ORIENTED_EDGE('',*,*,#5539,.T.);
#5537=ORIENTED_EDGE('',*,*,#5540,.T.);
#5538=EDGE_CURVE('',#195,#199,#5541,.F.);
#5539=EDGE_CURVE('',#199,#203,#5542,.T.);
#5540=EDGE_CURVE('',#203,#195,#5543,.T.);
#5541=LINE('',#194,#5544);
#5542=LINE('',#198,#5545);
#5543=LINE('',#202,#5546);
#5544=VECTOR('',#5547,1.0);
#5545=VECTOR('',#5548,1.0);
#5546=VECTOR('',#5549,1.0);
#5547=DIRECTION('',(0.634387877656003,0.773014890337251,0));
#5548=DIRECTION('',(0.4713955382265359,0.8819219050120677,0));
#5549=DIRECTION('',(-0.5555673912342671,-0.8314715111157752,0));
#5550=FACE_SURFACE('',(#5555),#5551,.T.);
#5551=PLANE('',#5552);
#5552=AXIS2_PLACEMENT_3D('',#202,#5553,#5554);
#5553=DIRECTION('',(0,0,1));
#5554=DIRECTION('',(0.29028687775715967,0.9569396682142506,0));
#5555=FACE_BOUND('',#5556,.T.);
#5556=EDGE_LOOP('',(#5557,#5558,#5559));
#5557=ORIENTED_EDGE('',*,*,#5560,.T.);
#5558=ORIENTED_EDGE('',*,*,#5561,.T.);
#5559=ORIENTED_EDGE('',*,*,#5562,.T.);
#5560=EDGE_CURVE('',#203,#207,#5563,.F.);
#5561=EDGE_CURVE('',#207,#211,#5564,.T.);
#5562=EDGE_CURVE('',#211,#203,#5565,.T.);
#5563=LINE('',#202,#5566);
#5564=LINE('',#206,#5567);
#5565=LINE('',#210,#5568);
#5566=VECTOR('',#5569,1.0);
#5567=VECTOR('',#5570,1.0);
#5568=VECTOR('',#5571,1.0);
#5569=DIRECTION('',(0.29028687775715967,0.9569396682142506,0));
#5570=DIRECTION('',(0.09801622777686082,0.9951848165503705,0));
#5571=DIRECTION('',(-0.19509040787318935,-0.9807852633251953,0));
#5572=FACE_SURFACE('',(#5577),#5573,.T.);
#5573=PLANE('',#5574);
#5574=AXIS2_PLACEMENT_3D('',#210,#5575,#5576);
#5575=DIRECTION('',(0,0,1));
#5576=DIRECTION('',(-0.09801622777686082,0.9951848165503705,0));
#5577=FACE_BOUND('',#5578,.T.);
#5578=EDGE_LOOP('',(#5579,#5580,#5581));
#5579=ORIENTED_EDGE('',*,*,#5582,.T.);
#5580=ORIENTED_EDGE('',*,*,#5583,.T.);
#5581=ORIENTED_EDGE('',*,*,#5584,.T.);
#5582=EDGE_CURVE('',#211,#215,#5585,.F.);
#5583=EDGE_CURVE('',#215,#219,#5586,.T.);
#5584=EDGE_CURVE('',#219,#211,#5587,.T.);
#5585=LINE('',#210,#5588);
#5586=LINE('',#214,#5589);
#5587=LINE('',#218,#5590);
#5588=VECTOR('',#5591,1.0);
#5589=VECTOR('',#5592,1.0);
#5590=VECTOR('',#5593,1.0);
#5591=DIRECTION('',(-0.09801622777686082,0.9951848165503705,0));
#5592=DIRECTION('',(-0.29028687775715967,0.9569396682142506,0));
#5593=DIRECTION('',(0.19509040787318935,-0.9807852633251953,0));
#5594=FACE_SURFACE('',(#5599),#5595,.T.);
#5595=PLANE('',#5596);
#5596=AXIS2_PLACEMENT_3D('',#218,#5597,#5598);
#5597=DIRECTION('',(0,0,1));
#5598=DIRECTION('',(-0.47138744838798496,0.8819262290590211,0));
#5599=FACE_BOUND('',#5600,.T.);
#5600=EDGE_LOOP('',(#5601,#5602,#5603));
#5601=ORIENTED_EDGE('',*,*,#5604,.T.);
#5602=ORIENTED_EDGE('',*,*,#5605,.T.);
#5603=ORIENTED_EDGE('',*,*,#5606,.T.);
#5604=EDGE_CURVE('',#219,#223,#5607,.F.);
#5605=EDGE_CURVE('',#223,#227,#5608,.T.);
#5606=EDGE_CURVE('',#227,#219,#5609,.T.);
#5607=LINE('',#218,#5610);
#5608=LINE('',#222,#5611);
#5609=LINE('',#226,#5612);
#5610=VECTOR('',#5613,1.0);
#5611=VECTOR('',#5614,1.0);
#5612=VECTOR('',#5615,1.0);
#5613=DIRECTION('',(-0.47138744838798496,0.8819262290590211,0));
#5614=DIRECTION('',(-0.6343974203505326,0.7730070588633648,0));
#5615=DIRECTION('',(0.5555673912342671,-0.8314715111157752,0));
#5616=FACE_SURFACE('',(#5621),#5617,.T.);
#5617=PLANE('',#5618);
#5618=AXIS2_PLACEMENT_3D('',#226,#5619,#5620);
#5619=DIRECTION('',(0,0,1));
#5620=DIRECTION('',(-0.773010974644484,0.6343926489794667,0));
#5621=FACE_BOUND('',#5622,.T.);
#5622=EDGE_LOOP('',(#5623,#5624,#5625));
#5623=ORIENTED_EDGE('',*,*,#5626,.T.);
#5624=ORIENTED_EDGE('',*,*,#5627,.T.);
#5625=ORIENTED_EDGE('',*,*,#5628,.T.);
#5626=EDGE_CURVE('',#227,#231,#5629,.F.);
#5627=EDGE_CURVE('',#231,#235,#5630,.T.);
#5628=EDGE_CURVE('',#235,#227,#5631,.T.);
#5629=LINE('',#226,#5632);
#5630=LINE('',#230,#5633);
#5631=LINE('',#234,#5634);
#5632=VECTOR('',#5635,1.0);
#5633=VECTOR('',#5636,1.0);
#5634=VECTOR('',#5637,1.0);
#5635=DIRECTION('',(-0.773010974644484,0.6343926489794667,0));
#5636=DIRECTION('',(-0.881920022130181,0.47139906084537436,0));
#5637=DIRECTION('',(0.8314692529919772,-0.5555707707654927,0));
#5638=FACE_SURFACE('',(#5643),#5639,.T.);
#5639=PLANE('',#5640);
#5640=AXIS2_PLACEMENT_3D('',#234,#5641,#5642);
#5641=DIRECTION('',(0,0,1));
#5642=DIRECTION('',(-0.9569423709767578,0.290277967867665,0));
#5643=FACE_BOUND('',#5644,.T.);
#5644=EDGE_LOOP('',(#5645,#5646,#5647));
#5645=ORIENTED_EDGE('',*,*,#5648,.T.);
#5646=ORIENTED_EDGE('',*,*,#5649,.T.);
#5647=ORIENTED_EDGE('',*,*,#5650,.T.);
#5648=EDGE_CURVE('',#235,#239,#5651,.F.);
#5649=EDGE_CURVE('',#239,#243,#5652,.T.);
#5650=EDGE_CURVE('',#243,#235,#5653,.T.);
#5651=LINE('',#234,#5654);
#5652=LINE('',#238,#5655);
#5653=LINE('',#242,#5656);
#5654=VECTOR('',#5657,1.0);
#5655=VECTOR('',#5658,1.0);
#5656=VECTOR('',#5659,1.0);
#5657=DIRECTION('',(-0.9569423709767578,0.290277967867665,0));
#5658=DIRECTION('',(-0.9951848165503705,0.09801622777686082,0));
#5659=DIRECTION('',(0.9807861986664705,-0.19508570553829574,0));
#5660=FACE_SURFACE('',(#5665),#5661,.T.);
#5661=PLANE('',#5662);
#5662=AXIS2_PLACEMENT_3D('',#242,#5663,#5664);
#5663=DIRECTION('',(0,0,1));
#5664=DIRECTION('',(-0.9951848165503705,-0.09801622777686082,0));
#5665=FACE_BOUND('',#5666,.T.);
#5666=EDGE_LOOP('',(#5667,#5668,#5669));
#5667=ORIENTED_EDGE('',*,*,#5670,.T.);
#5668=ORIENTED_EDGE('',*,*,#5671,.T.);
#5669=ORIENTED_EDGE('',*,*,#5672,.T.);
#5670=EDGE_CURVE('',#243,#247,#5673,.F.);
#5671=EDGE_CURVE('',#247,#251,#5674,.T.);
#5672=EDGE_CURVE('',#251,#243,#5675,.T.);
#5673=LINE('',#242,#5676);
#5674=LINE('',#246,#5677);
#5675=LINE('',#250,#5678);
#5676=VECTOR('',#5679,1.0);
#5677=VECTOR('',#5680,1.0);
#5678=VECTOR('',#5681,1.0);
#5679=DIRECTION('',(-0.9951848165503705,-0.09801622777686082,0));
#5680=DIRECTION('',(-0.9569423709767578,-0.290277967867665,0));
#5681=DIRECTION('',(0.9807861986664705,0.19508570553829574,0));
#5682=FACE_SURFACE('',(#5687),#5683,.T.);
#5683=PLANE('',#5684);
#5684=AXIS2_PLACEMENT_3D('',#250,#5685,#5686);
#5685=DIRECTION('',(0,0,1));
#5686=DIRECTION('',(-0.881920022130181,-0.47139906084537436,0));
#5687=FACE_BOUND('',#5688,.T.);
#5688=EDGE_LOOP('',(#5689,#5690,#5691));
#5689=ORIENTED_EDGE('',*,*,#5692,.T.);
#5690=ORIENTED_EDGE('',*,*,#5693,.T.);
#5691=ORIENTED_EDGE('',*,*,#5694,.T.);
#5692=EDGE_CURVE('',#251,#255,#5695,.F.);
#5693=EDGE_CURVE('',#255,#259,#5696,.T.);
#5694=EDGE_CURVE('',#259,#251,#5697,.T.);
#5695=LINE('',#250,#5698);
#5696=LINE('',#254,#5699);
#5697=LINE('',#258,#5700);
#5698=VECTOR('',#5701,1.0);
#5699=VECTOR('',#5702,1.0);
#5700=VECTOR('',#5703,1.0);
#5701=DIRECTION('',(-0.881920022130181,-0.47139906084537436,0));
#5702=DIRECTION('',(-0.773010974644484,-0.6343926489794667,0));
#5703=DIRECTION('',(0.8314692529919772,0.5555707707654927,0));
#5704=FACE_SURFACE('',(#5709),#5705,.T.);
#5705=PLANE('',#5706);
#5706=AXIS2_PLACEMENT_3D('',#258,#5707,#5708);
#5707=DIRECTION('',(0,0,1));
#5708=DIRECTION('',(-0.6343974203505326,-0.7730070588633648,0));
#5709=FACE_BOUND('',#5710,.T.);
#5710=EDGE_LOOP('',(#5711,#5712,#5713));
#5711=ORIENTED_EDGE('',*,*,#5714,.T.);
#5712=ORIENTED_EDGE('',*,*,#5715,.T.);
#5713=ORIENTED_EDGE('',*,*,#5716,.T.);
#5714=EDGE_CURVE('',#259,#263,#5717,.F.);
#5715=EDGE_CURVE('',#263,#267,#5718,.T.);
#5716=EDGE_CURVE('',#267,#259,#5719,.T.);
#5717=LINE('',#258,#5720);
#5718=LINE('',#262,#5721);
#5719=LINE('',#266,#5722);
#5720=VECTOR('',#5723,1.0);
#5721=VECTOR('',#5724,1.0);
#5722=VECTOR('',#5725,1.0);
#5723=DIRECTION('',(-0.6343974203505326,-0.7730070588633648,0));
#5724=DIRECTION('',(-0.47138744838798496,-0.8819262290590211,0));
#5725=DIRECTION('',(0.5555673912342671,0.8314715111157752,0));
#5726=FACE_SURFACE('',(#5731),#5727,.T.);
#5727=PLANE('',#5728);
#5728=AXIS2_PLACEMENT_3D('',#266,#5729,#5730);
#5729=DIRECTION('',(0,0,1));
#5730=DIRECTION('',(-0.29028687775715967,-0.9569396682142506,0));
#5731=FACE_BOUND('',#5732,.T.);
#5732=EDGE_LOOP('',(#5733,#5734,#5735));
#5733=ORIENTED_EDGE('',*,*,#5736,.T.);
#5734=ORIENTED_EDGE('',*,*,#5737,.T.);
#5735=ORIENTED_EDGE('',*,*,#5738,.T.);
#5736=EDGE_CURVE('',#267,#271,#5739,.F.);
#5737=EDGE_CURVE('',#271,#275,#5740,.T.);
#5738=EDGE_CURVE('',#275,#267,#5741,.T.);
#5739=LINE('',#266,#5742);
#5740=LINE('',#270,#5743);
#5741=LINE('',#274,#5744);
#5742=VECTOR('',#5745,1.0);
#5743=VECTOR('',#5746,1.0);
#5744=VECTOR('',#5747,1.0);
#5745=DIRECTION('',(-0.29028687775715967,-0.9569396682142506,0));
#5746=DIRECTION('',(-0.09801622777686082,-0.9951848165503705,0));
#5747=DIRECTION('',(0.19509040787318935,0.9807852633251953,0));
#5748=FACE_SURFACE('',(#5753),#5749,.T.);
#5749=PLANE('',#5750);
#5750=AXIS2_PLACEMENT_3D('',#274,#5751,#5752);
#5751=DIRECTION('',(0,0,1));
#5752=DIRECTION('',(0.09801622777686082,-0.9951848165503705,0));
#5753=FACE_BOUND('',#5754,.T.);
#5754=EDGE_LOOP('',(#5755,#5756,#5757));
#5755=ORIENTED_EDGE('',*,*,#5758,.T.);
#5756=ORIENTED_EDGE('',*,*,#5759,.T.);
#5757=ORIENTED_EDGE('',*,*,#5760,.T.);
#5758=EDGE_CURVE('',#275,#279,#5761,.F.);
#5759=EDGE_CURVE('',#279,#283,#5762,.T.);
#5760=EDGE_CURVE('',#283,#275,#5763,.T.);
#5761=LINE('',#274,#5764);
#5762=LINE('',#278,#5765);
#5763=LINE('',#282,#5766);
#5764=VECTOR('',#5767,1.0);
#5765=VECTOR('',#5768,1.0);
#5766=VECTOR('',#5769,1.0);
#5767=DIRECTION('',(0.09801622777686082,-0.9951848165503705,0));
#5768=DIRECTION('',(0.29028687775715967,-0.9569396682142506,0));
#5769=DIRECTION('',(-0.19509040787318935,0.9807852633251953,0));
#5770=FACE_SURFACE('',(#5775),#5771,.T.);
#5771=PLANE('',#5772);
#5772=AXIS2_PLACEMENT_3D('',#282,#5773,#5774);
#5773=DIRECTION('',(0,0,1));
#5774=DIRECTION('',(0.4713955382265359,-0.8819219050120677,0));
#5775=FACE_BOUND('',#5776,.T.);
#5776=EDGE_LOOP('',(#5777,#5778,#5779));
#5777=ORIENTED_EDGE('',*,*,#5780,.T.);
#5778=ORIENTED_EDGE('',*,*,#5781,.T.);
#5779=ORIENTED_EDGE('',*,*,#5782,.T.);
#5780=EDGE_CURVE('',#283,#287,#5783,.F.);
#5781=EDGE_CURVE('',#287,#291,#5784,.T.);
#5782=EDGE_CURVE('',#291,#283,#5785,.T.);
#5783=LINE('',#282,#5786);
#5784=LINE('',#286,#5787);
#5785=LINE('',#290,#5788);
#5786=VECTOR('',#5789,1.0);
#5787=VECTOR('',#5790,1.0);
#5788=VECTOR('',#5791,1.0);
#5789=DIRECTION('',(0.4713955382265359,-0.8819219050120677,0));
#5790=DIRECTION('',(0.634387877656003,-0.773014890337251,0));
#5791=DIRECTION('',(-0.5555673912342671,0.8314715111157752,0));
#5792=FACE_SURFACE('',(#5797),#5793,.T.);
#5793=PLANE('',#5794);
#5794=AXIS2_PLACEMENT_3D('',#290,#5795,#5796);
#5795=DIRECTION('',(0,0,1));
#5796=DIRECTION('',(0.773010974644484,-0.6343926489794667,0));
#5797=FACE_BOUND('',#5798,.T.);
#5798=EDGE_LOOP('',(#5799,#5800,#5801));
#5799=ORIENTED_EDGE('',*,*,#5802,.T.);
#5800=ORIENTED_EDGE('',*,*,#5803,.T.);
#5801=ORIENTED_EDGE('',*,*,#5804,.T.);
#5802=EDGE_CURVE('',#291,#295,#5805,.F.);
#5803=EDGE_CURVE('',#295,#299,#5806,.T.);
#5804=EDGE_CURVE('',#299,#291,#5807,.T.);
#5805=LINE('',#290,#5808);
#5806=LINE('',#294,#5809);
#5807=LINE('',#298,#5810);
#5808=VECTOR('',#5811,1.0);
#5809=VECTOR('',#5812,1.0);
#5810=VECTOR('',#5813,1.0);
#5811=DIRECTION('',(0.773010974644484,-0.6343926489794667,0));
#5812=DIRECTION('',(0.881928111968731,-0.4713839256055192,0));
#5813=DIRECTION('',(-0.8314737692381023,0.555564011675507,0));
#5814=FACE_SURFACE('',(#5819),#5815,.T.);
#5815=PLANE('',#5816);
#5816=AXIS2_PLACEMENT_3D('',#298,#5817,#5818);
#5817=DIRECTION('',(0,0,1));
#5818=DIRECTION('',(0.9569369653840532,-0.2902957875711588,0));
#5819=FACE_BOUND('',#5820,.T.);
#5820=EDGE_LOOP('',(#5821,#5822,#5823));
#5821=ORIENTED_EDGE('',*,*,#5824,.T.);
#5822=ORIENTED_EDGE('',*,*,#5825,.T.);
#5823=ORIENTED_EDGE('',*,*,#5826,.T.);
#5824=EDGE_CURVE('',#299,#301,#5827,.F.);
#5825=EDGE_CURVE('',#301,#183,#5828,.T.);
#5826=EDGE_CURVE('',#183,#299,#5829,.T.);
#5827=LINE('',#298,#5830);
#5828=LINE('',#300,#5831);
#5829=LINE('',#182,#5832);
#5830=VECTOR('',#5833,1.0);
#5831=VECTOR('',#5834,1.0);
#5832=VECTOR('',#5835,1.0);
#5833=DIRECTION('',(0.9569369653840532,-0.2902957875711588,0));
#5834=DIRECTION('',(0.9951848165503705,-0.09801622777686082,0));
#5835=DIRECTION('',(-0.9807843279631591,0.19509511019462947,0));
#5836=FACE_SURFACE('',(#5841),#5837,.T.);
#5837=PLANE('',#5838);
#5838=AXIS2_PLACEMENT_3D('',#182,#5839,#5840);
#5839=DIRECTION('',(0,0,1));
#5840=DIRECTION('',(0.9807843279631591,0.19509511019462947,0));
#5841=FACE_BOUND('',#5842,.T.);
#5842=EDGE_LOOP('',(#5843,#5844,#5845));
#5843=ORIENTED_EDGE('',*,*,#5846,.T.);
#5844=ORIENTED_EDGE('',*,*,#5847,.T.);
#5845=ORIENTED_EDGE('',*,*,#5848,.T.);
#5846=EDGE_CURVE('',#183,#187,#5849,.F.);
#5847=EDGE_CURVE('',#187,#195,#5850,.T.);
#5848=EDGE_CURVE('',#195,#183,#5851,.T.);
#5849=LINE('',#182,#5852);
#5850=LINE('',#186,#5853);
#5851=LINE('',#194,#5854);
#5852=VECTOR('',#5855,1.0);
#5853=VECTOR('',#5856,1.0);
#5854=VECTOR('',#5857,1.0);
#5855=DIRECTION('',(0.9807843279631591,0.19509511019462947,0));
#5856=DIRECTION('',(0.8314737692381023,0.555564011675507,0));
#5857=DIRECTION('',(-0.9238800308064115,-0.38268222937202623,0));
#5858=FACE_SURFACE('',(#5863),#5859,.T.);
#5859=PLANE('',#5860);
#5860=AXIS2_PLACEMENT_3D('',#194,#5861,#5862);
#5861=DIRECTION('',(0,0,1));
#5862=DIRECTION('',(0.5555673912342671,0.8314715111157752,0));
#5863=FACE_BOUND('',#5864,.T.);
#5864=EDGE_LOOP('',(#5865,#5866,#5867));
#5865=ORIENTED_EDGE('',*,*,#5868,.T.);
#5866=ORIENTED_EDGE('',*,*,#5869,.T.);
#5867=ORIENTED_EDGE('',*,*,#5870,.T.);
#5868=EDGE_CURVE('',#195,#203,#5871,.F.);
#5869=EDGE_CURVE('',#203,#211,#5872,.T.);
#5870=EDGE_CURVE('',#211,#195,#5873,.T.);
#5871=LINE('',#194,#5874);
#5872=LINE('',#202,#5875);
#5873=LINE('',#210,#5876);
#5874=VECTOR('',#5877,1.0);
#5875=VECTOR('',#5878,1.0);
#5876=VECTOR('',#5879,1.0);
#5877=DIRECTION('',(0.5555673912342671,0.8314715111157752,0));
#5878=DIRECTION('',(0.19509040787318935,0.9807852633251953,0));
#5879=DIRECTION('',(-0.38268222937202623,-0.9238800308064115,0));
#5880=FACE_SURFACE('',(#5885),#5881,.T.);
#5881=PLANE('',#5882);
#5882=AXIS2_PLACEMENT_3D('',#210,#5883,#5884);
#5883=DIRECTION('',(0,0,1));
#5884=DIRECTION('',(-0.19509040787318935,0.9807852633251953,0));
#5885=FACE_BOUND('',#5886,.T.);
#5886=EDGE_LOOP('',(#5887,#5888,#5889));
#5887=ORIENTED_EDGE('',*,*,#5890,.T.);
#5888=ORIENTED_EDGE('',*,*,#5891,.T.);
#5889=ORIENTED_EDGE('',*,*,#5892,.T.);
#5890=EDGE_CURVE('',#211,#219,#5893,.F.);
#5891=EDGE_CURVE('',#219,#227,#5894,.T.);
#5892=EDGE_CURVE('',#227,#211,#5895,.T.);
#5893=LINE('',#210,#5896);
#5894=LINE('',#218,#5897);
#5895=LINE('',#226,#5898);
#5896=VECTOR('',#5899,1.0);
#5897=VECTOR('',#5900,1.0);
#5898=VECTOR('',#5901,1.0);
#5899=DIRECTION('',(-0.19509040787318935,0.9807852633251953,0));
#5900=DIRECTION('',(-0.5555673912342671,0.8314715111157752,0));
#5901=DIRECTION('',(0.38268222937202623,-0.9238800308064115,0));
#5902=FACE_SURFACE('',(#5907),#5903,.T.);
#5903=PLANE('',#5904);
#5904=AXIS2_PLACEMENT_3D('',#226,#5905,#5906);
#5905=DIRECTION('',(0,0,1));
#5906=DIRECTION('',(-0.8314692529919772,0.5555707707654927,0));
#5907=FACE_BOUND('',#5908,.T.);
#5908=EDGE_LOOP('',(#5909,#5910,#5911));
#5909=ORIENTED_EDGE('',*,*,#5912,.T.);
#5910=ORIENTED_EDGE('',*,*,#5913,.T.);
#5911=ORIENTED_EDGE('',*,*,#5914,.T.);
#5912=EDGE_CURVE('',#227,#235,#5915,.F.);
#5913=EDGE_CURVE('',#235,#243,#5916,.T.);
#5914=EDGE_CURVE('',#243,#227,#5917,.T.);
#5915=LINE('',#226,#5918);
#5916=LINE('',#234,#5919);
#5917=LINE('',#242,#5920);
#5918=VECTOR('',#5921,1.0);
#5919=VECTOR('',#5922,1.0);
#5920=VECTOR('',#5923,1.0);
#5921=DIRECTION('',(-0.8314692529919772,0.5555707707654927,0));
#5922=DIRECTION('',(-0.9807861986664705,0.19508570553829574,0));
#5923=DIRECTION('',(0.9238800308064115,-0.38268222937202623,0));
#5924=FACE_SURFACE('',(#5929),#5925,.T.);
#5925=PLANE('',#5926);
#5926=AXIS2_PLACEMENT_3D('',#242,#5927,#5928);
#5927=DIRECTION('',(0,0,1));
#5928=DIRECTION('',(-0.9807861986664705,-0.19508570553829574,0));
#5929=FACE_BOUND('',#5930,.T.);
#5930=EDGE_LOOP('',(#5931,#5932,#5933));
#5931=ORIENTED_EDGE('',*,*,#5934,.T.);
#5932=ORIENTED_EDGE('',*,*,#5935,.T.);
#5933=ORIENTED_EDGE('',*,*,#5936,.T.);
#5934=EDGE_CURVE('',#243,#251,#5937,.F.);
#5935=EDGE_CURVE('',#251,#259,#5938,.T.);
#5936=EDGE_CURVE('',#259,#243,#5939,.T.);
#5937=LINE('',#242,#5940);
#5938=LINE('',#250,#5941);
#5939=LINE('',#258,#5942);
#5940=VECTOR('',#5943,1.0);
#5941=VECTOR('',#5944,1.0);
#5942=VECTOR('',#5945,1.0);
#5943=DIRECTION('',(-0.9807861986664705,-0.19508570553829574,0));
#5944=DIRECTION('',(-0.8314692529919772,-0.5555707707654927,0));
#5945=DIRECTION('',(0.9238800308064115,0.38268222937202623,0));
#5946=FACE_SURFACE('',(#5951),#5947,.T.);
#5947=PLANE('',#5948);
#5948=AXIS2_PLACEMENT_3D('',#258,#5949,#5950);
#5949=DIRECTION('',(0,0,1));
#5950=DIRECTION('',(-0.5555673912342671,-0.8314715111157752,0));
#5951=FACE_BOUND('',#5952,.T.);
#5952=EDGE_LOOP('',(#5953,#5954,#5955));
#5953=ORIENTED_EDGE('',*,*,#5956,.T.);
#5954=ORIENTED_EDGE('',*,*,#5957,.T.);
#5955=ORIENTED_EDGE('',*,*,#5958,.T.);
#5956=EDGE_CURVE('',#259,#267,#5959,.F.);
#5957=EDGE_CURVE('',#267,#275,#5960,.T.);
#5958=EDGE_CURVE('',#275,#259,#5961,.T.);
#5959=LINE('',#258,#5962);
#5960=LINE('',#266,#5963);
#5961=LINE('',#274,#5964);
#5962=VECTOR('',#5965,1.0);
#5963=VECTOR('',#5966,1.0);
#5964=VECTOR('',#5967,1.0);
#5965=DIRECTION('',(-0.5555673912342671,-0.8314715111157752,0));
#5966=DIRECTION('',(-0.19509040787318935,-0.9807852633251953,0));
#5967=DIRECTION('',(0.38268222937202623,0.9238800308064115,0));
#5968=FACE_SURFACE('',(#5973),#5969,.T.);
#5969=PLANE('',#5970);
#5970=AXIS2_PLACEMENT_3D('',#274,#5971,#5972);
#5971=DIRECTION('',(0,0,1));
#5972=DIRECTION('',(0.19509040787318935,-0.9807852633251953,0));
#5973=FACE_BOUND('',#5974,.T.);
#5974=EDGE_LOOP('',(#5975,#5976,#5977));
#5975=ORIENTED_EDGE('',*,*,#5978,.T.);
#5976=ORIENTED_EDGE('',*,*,#5979,.T.);
#5977=ORIENTED_EDGE('',*,*,#5980,.T.);
#5978=EDGE_CURVE('',#275,#283,#5981,.F.);
#5979=EDGE_CURVE('',#283,#291,#5982,.T.);
#5980=EDGE_CURVE('',#291,#275,#5983,.T.);
#5981=LINE('',#274,#5984);
#5982=LINE('',#282,#5985);
#5983=LINE('',#290,#5986);
#5984=VECTOR('',#5987,1.0);
#5985=VECTOR('',#5988,1.0);
#5986=VECTOR('',#5989,1.0);
#5987=DIRECTION('',(0.19509040787318935,-0.9807852633251953,0));
#5988=DIRECTION('',(0.5555673912342671,-0.8314715111157752,0));
#5989=DIRECTION('',(-0.38268222937202623,0.9238800308064115,0));
#5990=FACE_SURFACE('',(#5995),#5991,.T.);
#5991=PLANE('',#5992);
#5992=AXIS2_PLACEMENT_3D('',#290,#5993,#5994);
#5993=DIRECTION('',(0,0,1));
#5994=DIRECTION('',(0.8314737692381023,-0.555564011675507,0));
#5995=FACE_BOUND('',#5996,.T.);
#5996=EDGE_LOOP('',(#5997,#5998,#5999));
#5997=ORIENTED_EDGE('',*,*,#6000,.T.);
#5998=ORIENTED_EDGE('',*,*,#6001,.T.);
#5999=ORIENTED_EDGE('',*,*,#6002,.T.);
#6000=EDGE_CURVE('',#291,#299,#6003,.F.);
#6001=EDGE_CURVE('',#299,#183,#6004,.T.);
#6002=EDGE_CURVE('',#183,#291,#6005,.T.);
#6003=LINE('',#290,#6006);
#6004=LINE('',#298,#6007);
#6005=LINE('',#182,#6008);
#6006=VECTOR('',#6009,1.0);
#6007=VECTOR('',#6010,1.0);
#6008=VECTOR('',#6011,1.0);
#6009=DIRECTION('',(0.8314737692381023,-0.555564011675507,0));
#6010=DIRECTION('',(0.9807843279631591,-0.19509511019462947,0));
#6011=DIRECTION('',(-0.9238800308064115,0.38268222937202623,0));
#6012=FACE_SURFACE('',(#6017),#6013,.T.);
#6013=PLANE('',#6014);
#6014=AXIS2_PLACEMENT_3D('',#182,#6015,#6016);
#6015=DIRECTION('',(0,0,1));
#6016=DIRECTION('',(0.9238800308064115,0.38268222937202623,0));
#6017=FACE_BOUND('',#6018,.T.);
#6018=EDGE_LOOP('',(#6019,#6020,#6021));
#6019=ORIENTED_EDGE('',*,*,#6022,.T.);
#6020=ORIENTED_EDGE('',*,*,#6023,.T.);
#6021=ORIENTED_EDGE('',*,*,#6024,.T.);
#6022=EDGE_CURVE('',#183,#195,#6025,.F.);
#6023=EDGE_CURVE('',#195,#211,#6026,.T.);
#6024=EDGE_CURVE('',#211,#183,#6027,.T.);
#6025=LINE('',#182,#6028);
#6026=LINE('',#194,#6029);
#6027=LINE('',#210,#6030);
#6028=VECTOR('',#6031,1.0);
#6029=VECTOR('',#6032,1.0);
#6030=VECTOR('',#6033,1.0);
#6031=DIRECTION('',(0.9238800308064115,0.38268222937202623,0));
#6032=DIRECTION('',(0.38268222937202623,0.9238800308064115,0));
#6033=DIRECTION('',(-0.7071067811865475,-0.7071067811865475,0));
#6034=FACE_SURFACE('',(#6039),#6035,.T.);
#6035=PLANE('',#6036);
#6036=AXIS2_PLACEMENT_3D('',#210,#6037,#6038);
#6037=DIRECTION('',(0,0,1));
#6038=DIRECTION('',(-0.38268222937202623,0.9238800308064115,0));
#6039=FACE_BOUND('',#6040,.T.);
#6040=EDGE_LOOP('',(#6041,#6042,#6043));
#6041=ORIENTED_EDGE('',*,*,#6044,.T.);
#6042=ORIENTED_EDGE('',*,*,#6045,.T.);
#6043=ORIENTED_EDGE('',*,*,#6046,.T.);
#6044=EDGE_CURVE('',#211,#227,#6047,.F.);
#6045=EDGE_CURVE('',#227,#243,#6048,.T.);
#6046=EDGE_CURVE('',#243,#211,#6049,.T.);
#6047=LINE('',#210,#6050);
#6048=LINE('',#226,#6051);
#6049=LINE('',#242,#6052);
#6050=VECTOR('',#6053,1.0);
#6051=VECTOR('',#6054,1.0);
#6052=VECTOR('',#6055,1.0);
#6053=DIRECTION('',(-0.38268222937202623,0.9238800308064115,0));
#6054=DIRECTION('',(-0.9238800308064115,0.38268222937202623,0));
#6055=DIRECTION('',(0.7071067811865475,-0.7071067811865475,0));
#6056=FACE_SURFACE('',(#6061),#6057,.T.);
#6057=PLANE('',#6058);
#6058=AXIS2_PLACEMENT_3D('',#242,#6059,#6060);
#6059=DIRECTION('',(0,0,1));
#6060=DIRECTION('',(-0.9238800308064115,-0.38268222937202623,0));
#6061=FACE_BOUND('',#6062,.T.);
#6062=EDGE_LOOP('',(#6063,#6064,#6065));
#6063=ORIENTED_EDGE('',*,*,#6066,.T.);
#6064=ORIENTED_EDGE('',*,*,#6067,.T.);
#6065=ORIENTED_EDGE('',*,*,#6068,.T.);
#6066=EDGE_CURVE('',#243,#259,#6069,.F.);
#6067=EDGE_CURVE('',#259,#275,#6070,.T.);
#6068=EDGE_CURVE('',#275,#243,#6071,.T.);
#6069=LINE('',#242,#6072);
#6070=LINE('',#258,#6073);
#6071=LINE('',#274,#6074);
#6072=VECTOR('',#6075,1.0);
#6073=VECTOR('',#6076,1.0);
#6074=VECTOR('',#6077,1.0);
#6075=DIRECTION('',(-0.9238800308064115,-0.38268222937202623,0));
#6076=DIRECTION('',(-0.38268222937202623,-0.9238800308064115,0));
#6077=DIRECTION('',(0.7071067811865475,0.7071067811865475,0));
#6078=FACE_SURFACE('',(#6083),#6079,.T.);
#6079=PLANE('',#6080);
#6080=AXIS2_PLACEMENT_3D('',#274,#6081,#6082);
#6081=DIRECTION('',(0,0,1));
#6082=DIRECTION('',(0.38268222937202623,-0.9238800308064115,0));
#6083=FACE_BOUND('',#6084,.T.);
#6084=EDGE_LOOP('',(#6085,#6086,#6087));
#6085=ORIENTED_EDGE('',*,*,#6088,.T.);
#6086=ORIENTED_EDGE('',*,*,#6089,.T.);
#6087=ORIENTED_EDGE('',*,*,#6090,.T.);
#6088=EDGE_CURVE('',#275,#291,#6091,.F.);
#6089=EDGE_CURVE('',#291,#183,#6092,.T.);
#6090=EDGE_CURVE('',#183,#275,#6093,.T.);
#6091=LINE('',#274,#6094);
#6092=LINE('',#290,#6095);
#6093=LINE('',#182,#6096);
#6094=VECTOR('',#6097,1.0);
#6095=VECTOR('',#6098,1.0);
#6096=VECTOR('',#6099,1.0);
#6097=DIRECTION('',(0.38268222937202623,-0.9238800308064115,0));
#6098=DIRECTION('',(0.9238800308064115,-0.38268222937202623,0));
#6099=DIRECTION('',(-0.7071067811865475,0.7071067811865475,0));
#6100=FACE_SURFACE('',(#6105),#6101,.T.);
#6101=PLANE('',#6102);
#6102=AXIS2_PLACEMENT_3D('',#182,#6103,#6104);
#6103=DIRECTION('',(0,0,1));
#6104=DIRECTION('',(0.7071067811865475,0.7071067811865475,0));
#6105=FACE_BOUND('',#6106,.T.);
#6106=EDGE_LOOP('',(#6107,#6108,#6109));
#6107=ORIENTED_EDGE('',*,*,#6110,.T.);
#6108=ORIENTED_EDGE('',*,*,#6111,.T.);
#6109=ORIENTED_EDGE('',*,*,#6112,.T.);
#6110=EDGE_CURVE('',#183,#211,#6113,.F.);
#6111=EDGE_CURVE('',#211,#243,#6114,.T.);
#6112=EDGE_CURVE('',#243,#183,#6115,.T.);
#6113=LINE('',#182,#6116);
#6114=LINE('',#210,#6117);
#6115=LINE('',#242,#6118);
#6116=VECTOR('',#6119,1.0);
#6117=VECTOR('',#6120,1.0);
#6118=VECTOR('',#6121,1.0);
#6119=DIRECTION('',(0.7071067811865475,0.7071067811865475,0));
#6120=DIRECTION('',(-0.7071067811865475,0.7071067811865475,0));
#6121=DIRECTION('',(0,-1,0));
#6122=FACE_SURFACE('',(#6127),#6123,.T.);
#6123=PLANE('',#6124);
#6124=AXIS2_PLACEMENT_3D('',#242,#6125,#6126);
#6125=DIRECTION('',(0,0,1));
#6126=DIRECTION('',(-0.7071067811865475,-0.7071067811865475,0));
#6127=FACE_BOUND('',#6128,.T.);
#6128=EDGE_LOOP('',(#6129,#6130,#6131));
#6129=ORIENTED_EDGE('',*,*,#6132,.T.);
#6130=ORIENTED_EDGE('',*,*,#6133,.T.);
#6131=ORIENTED_EDGE('',*,*,#6134,.T.);
#6132=EDGE_CURVE('',#243,#275,#6135,.F.);
#6133=EDGE_CURVE('',#275,#183,#6136,.T.);
#6134=EDGE_CURVE('',#183,#243,#6137,.T.);
#6135=LINE('',#242,#6138);
#6136=LINE('',#274,#6139);
#6137=LINE('',#182,#6140);
#6138=VECTOR('',#6141,1.0);
#6139=VECTOR('',#6142,1.0);
#6140=VECTOR('',#6143,1.0);
#6141=DIRECTION('',(-0.7071067811865475,-0.7071067811865475,0));
#6142=DIRECTION('',(0.7071067811865475,-0.7071067811865475,0));
#6143=DIRECTION('',(0,1,0));
#6144=FACE_SURFACE('',(#6149),#6145,.T.);
#6145=PLANE('',#6146);
#6146=AXIS2_PLACEMENT_3D('',#296,#6147,#6148);
#6147=DIRECTION('',(-0.2902957875711588,-0.9569369653840533,0));
#6148=DIRECTION('',(0.9569369653840532,-0.2902957875711588,0));
#6149=FACE_BOUND('',#6150,.T.);
#6150=EDGE_LOOP('',(#6151,#6152,#6153));
#6151=ORIENTED_EDGE('',*,*,#6154,.T.);
#6152=ORIENTED_EDGE('',*,*,#6155,.T.);
#6153=ORIENTED_EDGE('',*,*,#6156,.T.);
#6154=EDGE_CURVE('',#297,#303,#6157,.F.);
#6155=EDGE_CURVE('',#303,#301,#6158,.T.);
#6156=EDGE_CURVE('',#301,#297,#6159,.T.);
#6157=LINE('',#296,#6160);
#6158=LINE('',#302,#6161);
#6159=LINE('',#300,#6162);
#6160=VECTOR('',#6163,1.0);
#6161=VECTOR('',#6164,1.0);
#6162=VECTOR('',#6165,1.0);
#6163=DIRECTION('',(0.9569369653840532,-0.2902957875711588,0));
#6164=DIRECTION('',(0,0,1));
#6165=DIRECTION('',(-0.07480699246713768,0.02269340152970473,-0.9969397792269267));
#6166=FACE_SURFACE('',(#6171),#6167,.T.);
#6167=PLANE('',#6168);
#6168=AXIS2_PLACEMENT_3D('',#296,#6169,#6170);
#6169=DIRECTION('',(-0.2902957875711588,-0.9569369653840533,0));
#6170=DIRECTION('',(0.07480699246713768,-0.02269340152970473,0.9969397792269267));
#6171=FACE_BOUND('',#6172,.T.);
#6172=EDGE_LOOP('',(#6173,#6174,#6175));
#6173=ORIENTED_EDGE('',*,*,#6176,.T.);
#6174=ORIENTED_EDGE('',*,*,#6177,.T.);
#6175=ORIENTED_EDGE('',*,*,#6178,.T.);
#6176=EDGE_CURVE('',#297,#301,#6179,.F.);
#6177=EDGE_CURVE('',#301,#299,#6180,.T.);
#6178=EDGE_CURVE('',#299,#297,#6181,.T.);
#6179=LINE('',#296,#6182);
#6180=LINE('',#300,#6183);
#6181=LINE('',#298,#6184);
#6182=VECTOR('',#6185,1.0);
#6183=VECTOR('',#6186,1.0);
#6184=VECTOR('',#6187,1.0);
#6185=DIRECTION('',(0.07480699246713768,-0.02269340152970473,0.9969397792269267));
#6186=DIRECTION('',(-0.9569369653840532,0.2902957875711588,0));
#6187=DIRECTION('',(0,0,-1));
#6188=FACE_SURFACE('',(#6193),#6189,.T.);
#6189=PLANE('',#6190);
#6190=AXIS2_PLACEMENT_3D('',#302,#6191,#6192);
#6191=DIRECTION('',(-0.09801622777686081,-0.9951848165503704,0));
#6192=DIRECTION('',(0.9951848165503705,-0.09801622777686082,0));
#6193=FACE_BOUND('',#6194,.T.);
#6194=EDGE_LOOP('',(#6195,#6196,#6197));
#6195=ORIENTED_EDGE('',*,*,#6198,.T.);
#6196=ORIENTED_EDGE('',*,*,#6199,.T.);
#6197=ORIENTED_EDGE('',*,*,#6200,.T.);
#6198=EDGE_CURVE('',#303,#177,#6201,.F.);
#6199=EDGE_CURVE('',#177,#183,#6202,.T.);
#6200=EDGE_CURVE('',#183,#303,#6203,.T.);
#6201=LINE('',#302,#6204);
#6202=LINE('',#176,#6205);
#6203=LINE('',#182,#6206);
#6204=VECTOR('',#6207,1.0);
#6205=VECTOR('',#6208,1.0);
#6206=VECTOR('',#6209,1.0);
#6207=DIRECTION('',(0.9951848165503705,-0.09801622777686082,0));
#6208=DIRECTION('',(0,0,1));
#6209=DIRECTION('',(-0.07779768562235291,0.007662331204876454,-0.9969397217446561));
#6210=FACE_SURFACE('',(#6215),#6211,.T.);
#6211=PLANE('',#6212);
#6212=AXIS2_PLACEMENT_3D('',#302,#6213,#6214);
#6213=DIRECTION('',(-0.09801622777686081,-0.9951848165503704,0));
#6214=DIRECTION('',(0.07779768562235291,-0.007662331204876454,0.9969397217446561));
#6215=FACE_BOUND('',#6216,.T.);
#6216=EDGE_LOOP('',(#6217,#6218,#6219));
#6217=ORIENTED_EDGE('',*,*,#6220,.T.);
#6218=ORIENTED_EDGE('',*,*,#6221,.T.);
#6219=ORIENTED_EDGE('',*,*,#6222,.T.);
#6220=EDGE_CURVE('',#303,#183,#6223,.F.);
#6221=EDGE_CURVE('',#183,#301,#6224,.T.);
#6222=EDGE_CURVE('',#301,#303,#6225,.T.);
#6223=LINE('',#302,#6226);
#6224=LINE('',#182,#6227);
#6225=LINE('',#300,#6228);
#6226=VECTOR('',#6229,1.0);
#6227=VECTOR('',#6230,1.0);
#6228=VECTOR('',#6231,1.0);
#6229=DIRECTION('',(0.07779768562235291,-0.007662331204876454,0.9969397217446561));
#6230=DIRECTION('',(-0.9951848165503705,0.09801622777686082,0));
#6231=DIRECTION('',(0,0,-1));
#6232=FACE_SURFACE('',(#6237),#6233,.T.);
#6233=PLANE('',#6234);
#6234=AXIS2_PLACEMENT_3D('',#178,#6235,#6236);
#6235=DIRECTION('',(-0,0,-1));
#6236=DIRECTION('',(-0.9951848165503705,-0.09801622777686082,0));
#6237=FACE_BOUND('',#6238,.T.);
#6238=EDGE_LOOP('',(#6239,#6240,#6241));
#6239=ORIENTED_EDGE('',*,*,#6242,.T.);
#6240=ORIENTED_EDGE('',*,*,#6243,.T.);
#6241=ORIENTED_EDGE('',*,*,#6244,.T.);
#6242=EDGE_CURVE('',#179,#177,#6245,.F.);
#6243=EDGE_CURVE('',#177,#303,#6246,.T.);
#6244=EDGE_CURVE('',#303,#179,#6247,.T.);
#6245=LINE('',#178,#6248);
#6246=LINE('',#176,#6249);
#6247=LINE('',#302,#6250);
#6248=VECTOR('',#6251,1.0);
#6249=VECTOR('',#6252,1.0);
#6250=VECTOR('',#6253,1.0);
#6251=DIRECTION('',(-0.9951848165503705,-0.09801622777686082,0));
#6252=DIRECTION('',(-0.9951848165503705,0.09801622777686082,0));
#6253=DIRECTION('',(1,0,0));
#6254=FACE_SURFACE('',(#6259),#6255,.T.);
#6255=PLANE('',#6256);
#6256=AXIS2_PLACEMENT_3D('',#302,#6257,#6258);
#6257=DIRECTION('',(0,0,-1));
#6258=DIRECTION('',(-0.9569369653840532,0.2902957875711588,0));
#6259=FACE_BOUND('',#6260,.T.);
#6260=EDGE_LOOP('',(#6261,#6262,#6263));
#6261=ORIENTED_EDGE('',*,*,#6264,.T.);
#6262=ORIENTED_EDGE('',*,*,#6265,.T.);
#6263=ORIENTED_EDGE('',*,*,#6266,.T.);
#6264=EDGE_CURVE('',#303,#297,#6267,.F.);
#6265=EDGE_CURVE('',#297,#293,#6268,.T.);
#6266=EDGE_CURVE('',#293,#303,#6269,.T.);
#6267=LINE('',#302,#6270);
#6268=LINE('',#296,#6271);
#6269=LINE('',#292,#6272);
#6270=VECTOR('',#6273,1.0);
#6271=VECTOR('',#6274,1.0);
#6272=VECTOR('',#6275,1.0);
#6273=DIRECTION('',(-0.9569369653840532,0.2902957875711588,0));
#6274=DIRECTION('',(-0.881928111968731,0.4713839256055192,0));
#6275=DIRECTION('',(0.923880037556855,-0.3826822130749535,0));
#6276=FACE_SURFACE('',(#6281),#6277,.T.);
#6277=PLANE('',#6278);
#6278=AXIS2_PLACEMENT_3D('',#292,#6279,#6280);
#6279=DIRECTION('',(0,0,-1));
#6280=DIRECTION('',(-0.773010974644484,0.6343926489794667,0));
#6281=FACE_BOUND('',#6282,.T.);
#6282=EDGE_LOOP('',(#6283,#6284,#6285));
#6283=ORIENTED_EDGE('',*,*,#6286,.T.);
#6284=ORIENTED_EDGE('',*,*,#6287,.T.);
#6285=ORIENTED_EDGE('',*,*,#6288,.T.);
#6286=EDGE_CURVE('',#293,#289,#6289,.F.);
#6287=EDGE_CURVE('',#289,#285,#6290,.T.);
#6288=EDGE_CURVE('',#285,#293,#6291,.T.);
#6289=LINE('',#292,#6292);
#6290=LINE('',#288,#6293);
#6291=LINE('',#284,#6294);
#6292=VECTOR('',#6295,1.0);
#6293=VECTOR('',#6296,1.0);
#6294=VECTOR('',#6297,1.0);
#6295=DIRECTION('',(-0.773010974644484,0.6343926489794667,0));
#6296=DIRECTION('',(-0.634387877656003,0.773014890337251,0));
#6297=DIRECTION('',(0.7071043370086328,-0.7071092253560138,0));
#6298=FACE_SURFACE('',(#6303),#6299,.T.);
#6299=PLANE('',#6300);
#6300=AXIS2_PLACEMENT_3D('',#284,#6301,#6302);
#6301=DIRECTION('',(0,0,-1));
#6302=DIRECTION('',(-0.4713955382265359,0.8819219050120677,0));
#6303=FACE_BOUND('',#6304,.T.);
#6304=EDGE_LOOP('',(#6305,#6306,#6307));
#6305=ORIENTED_EDGE('',*,*,#6308,.T.);
#6306=ORIENTED_EDGE('',*,*,#6309,.T.);
#6307=ORIENTED_EDGE('',*,*,#6310,.T.);
#6308=EDGE_CURVE('',#285,#281,#6311,.F.);
#6309=EDGE_CURVE('',#281,#277,#6312,.T.);
#6310=EDGE_CURVE('',#277,#285,#6313,.T.);
#6311=LINE('',#284,#6314);
#6312=LINE('',#280,#6315);
#6313=LINE('',#276,#6316);
#6314=VECTOR('',#6317,1.0);
#6315=VECTOR('',#6318,1.0);
#6316=VECTOR('',#6319,1.0);
#6317=DIRECTION('',(-0.4713955382265359,0.8819219050120677,0));
#6318=DIRECTION('',(-0.29028687775715967,0.9569396682142506,0));
#6319=DIRECTION('',(0.3826839413820847,-0.9238793216693797,0));
#6320=FACE_SURFACE('',(#6325),#6321,.T.);
#6321=PLANE('',#6322);
#6322=AXIS2_PLACEMENT_3D('',#276,#6323,#6324);
#6323=DIRECTION('',(0,0,-1));
#6324=DIRECTION('',(-0.09801622777686082,0.9951848165503705,0));
#6325=FACE_BOUND('',#6326,.T.);
#6326=EDGE_LOOP('',(#6327,#6328,#6329));
#6327=ORIENTED_EDGE('',*,*,#6330,.T.);
#6328=ORIENTED_EDGE('',*,*,#6331,.T.);
#6329=ORIENTED_EDGE('',*,*,#6332,.T.);
#6330=EDGE_CURVE('',#277,#273,#6333,.F.);
#6331=EDGE_CURVE('',#273,#269,#6334,.T.);
#6332=EDGE_CURVE('',#269,#277,#6335,.T.);
#6333=LINE('',#276,#6336);
#6334=LINE('',#272,#6337);
#6335=LINE('',#268,#6338);
#6336=VECTOR('',#6339,1.0);
#6337=VECTOR('',#6340,1.0);
#6338=VECTOR('',#6341,1.0);
#6339=DIRECTION('',(-0.09801622777686082,0.9951848165503705,0));
#6340=DIRECTION('',(0.09801622777686082,0.9951848165503705,0));
#6341=DIRECTION('',(0,-1,0));
#6342=FACE_SURFACE('',(#6347),#6343,.T.);
#6343=PLANE('',#6344);
#6344=AXIS2_PLACEMENT_3D('',#268,#6345,#6346);
#6345=DIRECTION('',(0,0,-1));
#6346=DIRECTION('',(0.29028687775715967,0.9569396682142506,0));
#6347=FACE_BOUND('',#6348,.T.);
#6348=EDGE_LOOP('',(#6349,#6350,#6351));
#6349=ORIENTED_EDGE('',*,*,#6352,.T.);
#6350=ORIENTED_EDGE('',*,*,#6353,.T.);
#6351=ORIENTED_EDGE('',*,*,#6354,.T.);
#6352=EDGE_CURVE('',#269,#265,#6355,.F.);
#6353=EDGE_CURVE('',#265,#261,#6356,.T.);
#6354=EDGE_CURVE('',#261,#269,#6357,.T.);
#6355=LINE('',#268,#6358);
#6356=LINE('',#264,#6359);
#6357=LINE('',#260,#6360);
#6358=VECTOR('',#6361,1.0);
#6359=VECTOR('',#6362,1.0);
#6360=VECTOR('',#6363,1.0);
#6361=DIRECTION('',(0.29028687775715967,0.9569396682142506,0));
#6362=DIRECTION('',(0.47138744838798496,0.8819262290590211,0));
#6363=DIRECTION('',(-0.3826804847820941,-0.923880753434631,0));
#6364=FACE_SURFACE('',(#6369),#6365,.T.);
#6365=PLANE('',#6366);
#6366=AXIS2_PLACEMENT_3D('',#260,#6367,#6368);
#6367=DIRECTION('',(0,0,-1));
#6368=DIRECTION('',(0.6343974203505326,0.7730070588633648,0));
#6369=FACE_BOUND('',#6370,.T.);
#6370=EDGE_LOOP('',(#6371,#6372,#6373));
#6371=ORIENTED_EDGE('',*,*,#6374,.T.);
#6372=ORIENTED_EDGE('',*,*,#6375,.T.);
#6373=ORIENTED_EDGE('',*,*,#6376,.T.);
#6374=EDGE_CURVE('',#261,#257,#6377,.F.);
#6375=EDGE_CURVE('',#257,#253,#6378,.T.);
#6376=EDGE_CURVE('',#253,#261,#6379,.T.);
#6377=LINE('',#260,#6380);
#6378=LINE('',#256,#6381);
#6379=LINE('',#252,#6382);
#6380=VECTOR('',#6383,1.0);
#6381=VECTOR('',#6384,1.0);
#6382=VECTOR('',#6385,1.0);
#6383=DIRECTION('',(0.6343974203505326,0.7730070588633648,0));
#6384=DIRECTION('',(0.773010974644484,0.6343926489794667,0));
#6385=DIRECTION('',(-0.7071092253729109,-0.7071043369917356,0));
#6386=FACE_SURFACE('',(#6391),#6387,.T.);
#6387=PLANE('',#6388);
#6388=AXIS2_PLACEMENT_3D('',#252,#6389,#6390);
#6389=DIRECTION('',(0,0,-1));
#6390=DIRECTION('',(0.881920022130181,0.47139906084537436,0));
#6391=FACE_BOUND('',#6392,.T.);
#6392=EDGE_LOOP('',(#6393,#6394,#6395));
#6393=ORIENTED_EDGE('',*,*,#6396,.T.);
#6394=ORIENTED_EDGE('',*,*,#6397,.T.);
#6395=ORIENTED_EDGE('',*,*,#6398,.T.);
#6396=EDGE_CURVE('',#253,#249,#6399,.F.);
#6397=EDGE_CURVE('',#249,#245,#6400,.T.);
#6398=EDGE_CURVE('',#245,#253,#6401,.T.);
#6399=LINE('',#252,#6402);
#6400=LINE('',#248,#6403);
#6401=LINE('',#244,#6404);
#6402=VECTOR('',#6405,1.0);
#6403=VECTOR('',#6406,1.0);
#6404=VECTOR('',#6407,1.0);
#6405=DIRECTION('',(0.881920022130181,0.47139906084537436,0));
#6406=DIRECTION('',(0.9569423709767578,0.290277967867665,0));
#6407=DIRECTION('',(-0.923880037556855,-0.3826822130749535,0));
#6408=FACE_SURFACE('',(#6413),#6409,.T.);
#6409=PLANE('',#6410);
#6410=AXIS2_PLACEMENT_3D('',#244,#6411,#6412);
#6411=DIRECTION('',(0,0,-1));
#6412=DIRECTION('',(0.9951848165503705,0.09801622777686082,0));
#6413=FACE_BOUND('',#6414,.T.);
#6414=EDGE_LOOP('',(#6415,#6416,#6417));
#6415=ORIENTED_EDGE('',*,*,#6418,.T.);
#6416=ORIENTED_EDGE('',*,*,#6419,.T.);
#6417=ORIENTED_EDGE('',*,*,#6420,.T.);
#6418=EDGE_CURVE('',#245,#241,#6421,.F.);
#6419=EDGE_CURVE('',#241,#237,#6422,.T.);
#6420=EDGE_CURVE('',#237,#245,#6423,.T.);
#6421=LINE('',#244,#6424);
#6422=LINE('',#240,#6425);
#6423=LINE('',#236,#6426);
#6424=VECTOR('',#6427,1.0);
#6425=VECTOR('',#6428,1.0);
#6426=VECTOR('',#6429,1.0);
#6427=DIRECTION('',(0.9951848165503705,0.09801622777686082,0));
#6428=DIRECTION('',(0.9951848165503705,-0.09801622777686082,0));
#6429=DIRECTION('',(-1,0,0));
#6430=FACE_SURFACE('',(#6435),#6431,.T.);
#6431=PLANE('',#6432);
#6432=AXIS2_PLACEMENT_3D('',#236,#6433,#6434);
#6433=DIRECTION('',(0,0,-1));
#6434=DIRECTION('',(0.9569423709767578,-0.290277967867665,0));
#6435=FACE_BOUND('',#6436,.T.);
#6436=EDGE_LOOP('',(#6437,#6438,#6439));
#6437=ORIENTED_EDGE('',*,*,#6440,.T.);
#6438=ORIENTED_EDGE('',*,*,#6441,.T.);
#6439=ORIENTED_EDGE('',*,*,#6442,.T.);
#6440=EDGE_CURVE('',#237,#233,#6443,.F.);
#6441=EDGE_CURVE('',#233,#229,#6444,.T.);
#6442=EDGE_CURVE('',#229,#237,#6445,.T.);
#6443=LINE('',#236,#6446);
#6444=LINE('',#232,#6447);
#6445=LINE('',#228,#6448);
#6446=VECTOR('',#6449,1.0);
#6447=VECTOR('',#6450,1.0);
#6448=VECTOR('',#6451,1.0);
#6449=DIRECTION('',(0.9569423709767578,-0.290277967867665,0));
#6450=DIRECTION('',(0.881920022130181,-0.47139906084537436,0));
#6451=DIRECTION('',(-0.923880037556855,0.3826822130749535,0));
#6452=FACE_SURFACE('',(#6457),#6453,.T.);
#6453=PLANE('',#6454);
#6454=AXIS2_PLACEMENT_3D('',#228,#6455,#6456);
#6455=DIRECTION('',(0,0,-1));
#6456=DIRECTION('',(0.773010974644484,-0.6343926489794667,0));
#6457=FACE_BOUND('',#6458,.T.);
#6458=EDGE_LOOP('',(#6459,#6460,#6461));
#6459=ORIENTED_EDGE('',*,*,#6462,.T.);
#6460=ORIENTED_EDGE('',*,*,#6463,.T.);
#6461=ORIENTED_EDGE('',*,*,#6464,.T.);
#6462=EDGE_CURVE('',#229,#225,#6465,.F.);
#6463=EDGE_CURVE('',#225,#221,#6466,.T.);
#6464=EDGE_CURVE('',#221,#229,#6467,.T.);
#6465=LINE('',#228,#6468);
#6466=LINE('',#224,#6469);
#6467=LINE('',#220,#6470);
#6468=VECTOR('',#6471,1.0);
#6469=VECTOR('',#6472,1.0);
#6470=VECTOR('',#6473,1.0);
#6471=DIRECTION('',(0.773010974644484,-0.6343926489794667,0));
#6472=DIRECTION('',(0.6343974203505326,-0.7730070588633648,0));
#6473=DIRECTION('',(-0.7071092253729109,0.7071043369917356,0));
#6474=FACE_SURFACE('',(#6479),#6475,.T.);
#6475=PLANE('',#6476);
#6476=AXIS2_PLACEMENT_3D('',#220,#6477,#6478);
#6477=DIRECTION('',(0,0,-1));
#6478=DIRECTION('',(0.47138744838798496,-0.8819262290590211,0));
#6479=FACE_BOUND('',#6480,.T.);
#6480=EDGE_LOOP('',(#6481,#6482,#6483));
#6481=ORIENTED_EDGE('',*,*,#6484,.T.);
#6482=ORIENTED_EDGE('',*,*,#6485,.T.);
#6483=ORIENTED_EDGE('',*,*,#6486,.T.);
#6484=EDGE_CURVE('',#221,#217,#6487,.F.);
#6485=EDGE_CURVE('',#217,#213,#6488,.T.);
#6486=EDGE_CURVE('',#213,#221,#6489,.T.);
#6487=LINE('',#220,#6490);
#6488=LINE('',#216,#6491);
#6489=LINE('',#212,#6492);
#6490=VECTOR('',#6493,1.0);
#6491=VECTOR('',#6494,1.0);
#6492=VECTOR('',#6495,1.0);
#6493=DIRECTION('',(0.47138744838798496,-0.8819262290590211,0));
#6494=DIRECTION('',(0.29028687775715967,-0.9569396682142506,0));
#6495=DIRECTION('',(-0.3826804847820941,0.923880753434631,0));
#6496=FACE_SURFACE('',(#6501),#6497,.T.);
#6497=PLANE('',#6498);
#6498=AXIS2_PLACEMENT_3D('',#212,#6499,#6500);
#6499=DIRECTION('',(0,0,-1));
#6500=DIRECTION('',(0.09801622777686082,-0.9951848165503705,0));
#6501=FACE_BOUND('',#6502,.T.);
#6502=EDGE_LOOP('',(#6503,#6504,#6505));
#6503=ORIENTED_EDGE('',*,*,#6506,.T.);
#6504=ORIENTED_EDGE('',*,*,#6507,.T.);
#6505=ORIENTED_EDGE('',*,*,#6508,.T.);
#6506=EDGE_CURVE('',#213,#209,#6509,.F.);
#6507=EDGE_CURVE('',#209,#205,#6510,.T.);
#6508=EDGE_CURVE('',#205,#213,#6511,.T.);
#6509=LINE('',#212,#6512);
#6510=LINE('',#208,#6513);
#6511=LINE('',#204,#6514);
#6512=VECTOR('',#6515,1.0);
#6513=VECTOR('',#6516,1.0);
#6514=VECTOR('',#6517,1.0);
#6515=DIRECTION('',(0.09801622777686082,-0.9951848165503705,0));
#6516=DIRECTION('',(-0.09801622777686082,-0.9951848165503705,0));
#6517=DIRECTION('',(0,1,0));
#6518=FACE_SURFACE('',(#6523),#6519,.T.);
#6519=PLANE('',#6520);
#6520=AXIS2_PLACEMENT_3D('',#204,#6521,#6522);
#6521=DIRECTION('',(0,0,-1));
#6522=DIRECTION('',(-0.29028687775715967,-0.9569396682142506,0));
#6523=FACE_BOUND('',#6524,.T.);
#6524=EDGE_LOOP('',(#6525,#6526,#6527));
#6525=ORIENTED_EDGE('',*,*,#6528,.T.);
#6526=ORIENTED_EDGE('',*,*,#6529,.T.);
#6527=ORIENTED_EDGE('',*,*,#6530,.T.);
#6528=EDGE_CURVE('',#205,#201,#6531,.F.);
#6529=EDGE_CURVE('',#201,#197,#6532,.T.);
#6530=EDGE_CURVE('',#197,#205,#6533,.T.);
#6531=LINE('',#204,#6534);
#6532=LINE('',#200,#6535);
#6533=LINE('',#196,#6536);
#6534=VECTOR('',#6537,1.0);
#6535=VECTOR('',#6538,1.0);
#6536=VECTOR('',#6539,1.0);
#6537=DIRECTION('',(-0.29028687775715967,-0.9569396682142506,0));
#6538=DIRECTION('',(-0.4713955382265359,-0.8819219050120677,0));
#6539=DIRECTION('',(0.3826839413820847,0.9238793216693797,0));
#6540=FACE_SURFACE('',(#6545),#6541,.T.);
#6541=PLANE('',#6542);
#6542=AXIS2_PLACEMENT_3D('',#196,#6543,#6544);
#6543=DIRECTION('',(0,0,-1));
#6544=DIRECTION('',(-0.634387877656003,-0.773014890337251,0));
#6545=FACE_BOUND('',#6546,.T.);
#6546=EDGE_LOOP('',(#6547,#6548,#6549));
#6547=ORIENTED_EDGE('',*,*,#6550,.T.);
#6548=ORIENTED_EDGE('',*,*,#6551,.T.);
#6549=ORIENTED_EDGE('',*,*,#6552,.T.);
#6550=EDGE_CURVE('',#197,#193,#6553,.F.);
#6551=EDGE_CURVE('',#193,#189,#6554,.T.);
#6552=EDGE_CURVE('',#189,#197,#6555,.T.);
#6553=LINE('',#196,#6556);
#6554=LINE('',#192,#6557);
#6555=LINE('',#188,#6558);
#6556=VECTOR('',#6559,1.0);
#6557=VECTOR('',#6560,1.0);
#6558=VECTOR('',#6561,1.0);
#6559=DIRECTION('',(-0.634387877656003,-0.773014890337251,0));
#6560=DIRECTION('',(-0.773010974644484,-0.6343926489794667,0));
#6561=DIRECTION('',(0.7071043370086328,0.7071092253560138,0));
#6562=FACE_SURFACE('',(#6567),#6563,.T.);
#6563=PLANE('',#6564);
#6564=AXIS2_PLACEMENT_3D('',#188,#6565,#6566);
#6565=DIRECTION('',(0,0,-1));
#6566=DIRECTION('',(-0.881928111968731,-0.4713839256055192,0));
#6567=FACE_BOUND('',#6568,.T.);
#6568=EDGE_LOOP('',(#6569,#6570,#6571));
#6569=ORIENTED_EDGE('',*,*,#6572,.T.);
#6570=ORIENTED_EDGE('',*,*,#6573,.T.);
#6571=ORIENTED_EDGE('',*,*,#6574,.T.);
#6572=EDGE_CURVE('',#189,#185,#6575,.F.);
#6573=EDGE_CURVE('',#185,#179,#6576,.T.);
#6574=EDGE_CURVE('',#179,#189,#6577,.T.);
#6575=LINE('',#188,#6578);
#6576=LINE('',#184,#6579);
#6577=LINE('',#178,#6580);
#6578=VECTOR('',#6581,1.0);
#6579=VECTOR('',#6582,1.0);
#6580=VECTOR('',#6583,1.0);
#6581=DIRECTION('',(-0.881928111968731,-0.4713839256055192,0));
#6582=DIRECTION('',(-0.9569369653840532,-0.2902957875711588,0));
#6583=DIRECTION('',(0.923880037556855,0.3826822130749535,0));
#6584=FACE_SURFACE('',(#6589),#6585,.T.);
#6585=PLANE('',#6586);
#6586=AXIS2_PLACEMENT_3D('',#178,#6587,#6588);
#6587=DIRECTION('',(0,0,-1));
#6588=DIRECTION('',(-1,0,0));
#6589=FACE_BOUND('',#6590,.T.);
#6590=EDGE_LOOP('',(#6591,#6592,#6593));
#6591=ORIENTED_EDGE('',*,*,#6594,.T.);
#6592=ORIENTED_EDGE('',*,*,#6595,.T.);
#6593=ORIENTED_EDGE('',*,*,#6596,.T.);
#6594=EDGE_CURVE('',#179,#303,#6597,.F.);
#6595=EDGE_CURVE('',#303,#293,#6598,.T.);
#6596=EDGE_CURVE('',#293,#179,#6599,.T.);
#6597=LINE('',#178,#6600);
#6598=LINE('',#302,#6601);
#6599=LINE('',#292,#6602);
#6600=VECTOR('',#6603,1.0);
#6601=VECTOR('',#6604,1.0);
#6602=VECTOR('',#6605,1.0);
#6603=DIRECTION('',(-1,0,0));
#6604=DIRECTION('',(-0.923880037556855,0.3826822130749535,0));
#6605=DIRECTION('',(0.9807855417292554,-0.19508900823688463,0));
#6606=FACE_SURFACE('',(#6611),#6607,.T.);
#6607=PLANE('',#6608);
#6608=AXIS2_PLACEMENT_3D('',#292,#6609,#6610);
#6609=DIRECTION('',(0,0,-1));
#6610=DIRECTION('',(-0.7071043370086328,0.7071092253560138,0));
#6611=FACE_BOUND('',#6612,.T.);
#6612=EDGE_LOOP('',(#6613,#6614,#6615));
#6613=ORIENTED_EDGE('',*,*,#6616,.T.);
#6614=ORIENTED_EDGE('',*,*,#6617,.T.);
#6615=ORIENTED_EDGE('',*,*,#6618,.T.);
#6616=EDGE_CURVE('',#293,#285,#6619,.F.);
#6617=EDGE_CURVE('',#285,#277,#6620,.T.);
#6618=EDGE_CURVE('',#277,#293,#6621,.T.);
#6619=LINE('',#292,#6622);
#6620=LINE('',#284,#6623);
#6621=LINE('',#276,#6624);
#6622=VECTOR('',#6625,1.0);
#6623=VECTOR('',#6626,1.0);
#6624=VECTOR('',#6627,1.0);
#6625=DIRECTION('',(-0.7071043370086328,0.7071092253560138,0));
#6626=DIRECTION('',(-0.3826839413820847,0.9238793216693797,0));
#6627=DIRECTION('',(0.5555700093437477,-0.8314697617579295,0));
#6628=FACE_SURFACE('',(#6633),#6629,.T.);
#6629=PLANE('',#6630);
#6630=AXIS2_PLACEMENT_3D('',#276,#6631,#6632);
#6631=DIRECTION('',(0,0,-1));
#6632=DIRECTION('',(0,1,0));
#6633=FACE_BOUND('',#6634,.T.);
#6634=EDGE_LOOP('',(#6635,#6636,#6637));
#6635=ORIENTED_EDGE('',*,*,#6638,.T.);
#6636=ORIENTED_EDGE('',*,*,#6639,.T.);
#6637=ORIENTED_EDGE('',*,*,#6640,.T.);
#6638=EDGE_CURVE('',#277,#269,#6641,.F.);
#6639=EDGE_CURVE('',#269,#261,#6642,.T.);
#6640=EDGE_CURVE('',#261,#277,#6643,.T.);
#6641=LINE('',#276,#6644);
#6642=LINE('',#268,#6645);
#6643=LINE('',#260,#6646);
#6644=VECTOR('',#6647,1.0);
#6645=VECTOR('',#6648,1.0);
#6646=VECTOR('',#6649,1.0);
#6647=DIRECTION('',(0,1,0));
#6648=DIRECTION('',(0.3826804847820941,0.923880753434631,0));
#6649=DIRECTION('',(-0.1950885314046484,-0.9807856365762997,0));
#6650=FACE_SURFACE('',(#6655),#6651,.T.);
#6651=PLANE('',#6652);
#6652=AXIS2_PLACEMENT_3D('',#260,#6653,#6654);
#6653=DIRECTION('',(0,0,-1));
#6654=DIRECTION('',(0.7071092253729109,0.7071043369917356,0));
#6655=FACE_BOUND('',#6656,.T.);
#6656=EDGE_LOOP('',(#6657,#6658,#6659));
#6657=ORIENTED_EDGE('',*,*,#6660,.T.);
#6658=ORIENTED_EDGE('',*,*,#6661,.T.);
#6659=ORIENTED_EDGE('',*,*,#6662,.T.);
#6660=EDGE_CURVE('',#261,#253,#6663,.F.);
#6661=EDGE_CURVE('',#253,#245,#6664,.T.);
#6662=EDGE_CURVE('',#245,#261,#6665,.T.);
#6663=LINE('',#260,#6666);
#6664=LINE('',#252,#6667);
#6665=LINE('',#244,#6668);
#6666=VECTOR('',#6669,1.0);
#6667=VECTOR('',#6670,1.0);
#6668=VECTOR('',#6671,1.0);
#6669=DIRECTION('',(0.7071092253729109,0.7071043369917356,0));
#6670=DIRECTION('',(0.923880037556855,0.3826822130749535,0));
#6671=DIRECTION('',(-0.8314709129445107,-0.5555682864664091,0));
#6672=FACE_SURFACE('',(#6677),#6673,.T.);
#6673=PLANE('',#6674);
#6674=AXIS2_PLACEMENT_3D('',#244,#6675,#6676);
#6675=DIRECTION('',(0,0,-1));
#6676=DIRECTION('',(1,0,0));
#6677=FACE_BOUND('',#6678,.T.);
#6678=EDGE_LOOP('',(#6679,#6680,#6681));
#6679=ORIENTED_EDGE('',*,*,#6682,.T.);
#6680=ORIENTED_EDGE('',*,*,#6683,.T.);
#6681=ORIENTED_EDGE('',*,*,#6684,.T.);
#6682=EDGE_CURVE('',#245,#237,#6685,.F.);
#6683=EDGE_CURVE('',#237,#229,#6686,.T.);
#6684=EDGE_CURVE('',#229,#245,#6687,.T.);
#6685=LINE('',#244,#6688);
#6686=LINE('',#236,#6689);
#6687=LINE('',#228,#6690);
#6688=VECTOR('',#6691,1.0);
#6689=VECTOR('',#6692,1.0);
#6690=VECTOR('',#6693,1.0);
#6691=DIRECTION('',(1,0,0));
#6692=DIRECTION('',(0.923880037556855,-0.3826822130749535,0));
#6693=DIRECTION('',(-0.9807855417292554,0.19508900823688463,0));
#6694=FACE_SURFACE('',(#6699),#6695,.T.);
#6695=PLANE('',#6696);
#6696=AXIS2_PLACEMENT_3D('',#228,#6697,#6698);
#6697=DIRECTION('',(0,0,-1));
#6698=DIRECTION('',(0.7071092253729109,-0.7071043369917356,0));
#6699=FACE_BOUND('',#6700,.T.);
#6700=EDGE_LOOP('',(#6701,#6702,#6703));
#6701=ORIENTED_EDGE('',*,*,#6704,.T.);
#6702=ORIENTED_EDGE('',*,*,#6705,.T.);
#6703=ORIENTED_EDGE('',*,*,#6706,.T.);
#6704=EDGE_CURVE('',#229,#221,#6707,.F.);
#6705=EDGE_CURVE('',#221,#213,#6708,.T.);
#6706=EDGE_CURVE('',#213,#229,#6709,.T.);
#6707=LINE('',#228,#6710);
#6708=LINE('',#220,#6711);
#6709=LINE('',#212,#6712);
#6710=VECTOR('',#6713,1.0);
#6711=VECTOR('',#6714,1.0);
#6712=VECTOR('',#6715,1.0);
#6713=DIRECTION('',(0.7071092253729109,-0.7071043369917356,0));
#6714=DIRECTION('',(0.3826804847820941,-0.923880753434631,0));
#6715=DIRECTION('',(-0.5555700093437477,0.8314697617579295,0));
#6716=FACE_SURFACE('',(#6721),#6717,.T.);
#6717=PLANE('',#6718);
#6718=AXIS2_PLACEMENT_3D('',#212,#6719,#6720);
#6719=DIRECTION('',(0,-0,-1));
#6720=DIRECTION('',(0,-1,0));
#6721=FACE_BOUND('',#6722,.T.);
#6722=EDGE_LOOP('',(#6723,#6724,#6725));
#6723=ORIENTED_EDGE('',*,*,#6726,.T.);
#6724=ORIENTED_EDGE('',*,*,#6727,.T.);
#6725=ORIENTED_EDGE('',*,*,#6728,.T.);
#6726=EDGE_CURVE('',#213,#205,#6729,.F.);
#6727=EDGE_CURVE('',#205,#197,#6730,.T.);
#6728=EDGE_CURVE('',#197,#213,#6731,.T.);
#6729=LINE('',#212,#6732);
#6730=LINE('',#204,#6733);
#6731=LINE('',#196,#6734);
#6732=VECTOR('',#6735,1.0);
#6733=VECTOR('',#6736,1.0);
#6734=VECTOR('',#6737,1.0);
#6735=DIRECTION('',(0,-1,0));
#6736=DIRECTION('',(-0.3826839413820847,-0.9238793216693797,0));
#6737=DIRECTION('',(0.19508948507140564,0.9807854468815154,0));
#6738=FACE_SURFACE('',(#6743),#6739,.T.);
#6739=PLANE('',#6740);
#6740=AXIS2_PLACEMENT_3D('',#196,#6741,#6742);
#6741=DIRECTION('',(0,0,-1));
#6742=DIRECTION('',(-0.7071043370086328,-0.7071092253560138,0));
#6743=FACE_BOUND('',#6744,.T.);
#6744=EDGE_LOOP('',(#6745,#6746,#6747));
#6745=ORIENTED_EDGE('',*,*,#6748,.T.);
#6746=ORIENTED_EDGE('',*,*,#6749,.T.);
#6747=ORIENTED_EDGE('',*,*,#6750,.T.);
#6748=EDGE_CURVE('',#197,#189,#6751,.F.);
#6749=EDGE_CURVE('',#189,#179,#6752,.T.);
#6750=EDGE_CURVE('',#179,#197,#6753,.T.);
#6751=LINE('',#196,#6754);
#6752=LINE('',#188,#6755);
#6753=LINE('',#178,#6756);
#6754=VECTOR('',#6757,1.0);
#6755=VECTOR('',#6758,1.0);
#6756=VECTOR('',#6759,1.0);
#6757=DIRECTION('',(-0.7071043370086328,-0.7071092253560138,0));
#6758=DIRECTION('',(-0.923880037556855,-0.3826822130749535,0));
#6759=DIRECTION('',(0.8314686105709662,0.5555717322139301,0));
#6760=FACE_SURFACE('',(#6765),#6761,.T.);
#6761=PLANE('',#6762);
#6762=AXIS2_PLACEMENT_3D('',#178,#6763,#6764);
#6763=DIRECTION('',(0,0,-1));
#6764=DIRECTION('',(-0.9807855417292554,0.19508900823688463,0));
#6765=FACE_BOUND('',#6766,.T.);
#6766=EDGE_LOOP('',(#6767,#6768,#6769));
#6767=ORIENTED_EDGE('',*,*,#6770,.T.);
#6768=ORIENTED_EDGE('',*,*,#6771,.T.);
#6769=ORIENTED_EDGE('',*,*,#6772,.T.);
#6770=EDGE_CURVE('',#179,#293,#6773,.F.);
#6771=EDGE_CURVE('',#293,#277,#6774,.T.);
#6772=EDGE_CURVE('',#277,#179,#6775,.T.);
#6773=LINE('',#178,#6776);
#6774=LINE('',#292,#6777);
#6775=LINE('',#276,#6778);
#6776=VECTOR('',#6779,1.0);
#6777=VECTOR('',#6780,1.0);
#6778=VECTOR('',#6781,1.0);
#6779=DIRECTION('',(-0.9807855417292554,0.19508900823688463,0));
#6780=DIRECTION('',(-0.5555700093437477,0.8314697617579295,0));
#6781=DIRECTION('',(0.8314701069283345,-0.5555694927590824,0));
#6782=FACE_SURFACE('',(#6787),#6783,.T.);
#6783=PLANE('',#6784);
#6784=AXIS2_PLACEMENT_3D('',#276,#6785,#6786);
#6785=DIRECTION('',(0,0,-1));
#6786=DIRECTION('',(0.1950885314046484,0.9807856365762997,0));
#6787=FACE_BOUND('',#6788,.T.);
#6788=EDGE_LOOP('',(#6789,#6790,#6791));
#6789=ORIENTED_EDGE('',*,*,#6792,.T.);
#6790=ORIENTED_EDGE('',*,*,#6793,.T.);
#6791=ORIENTED_EDGE('',*,*,#6794,.T.);
#6792=EDGE_CURVE('',#277,#261,#6795,.F.);
#6793=EDGE_CURVE('',#261,#245,#6796,.T.);
#6794=EDGE_CURVE('',#245,#277,#6797,.T.);
#6795=LINE('',#276,#6798);
#6796=LINE('',#260,#6799);
#6797=LINE('',#244,#6800);
#6798=VECTOR('',#6801,1.0);
#6799=VECTOR('',#6802,1.0);
#6800=VECTOR('',#6803,1.0);
#6801=DIRECTION('',(0.1950885314046484,0.9807856365762997,0));
#6802=DIRECTION('',(0.8314709129445107,0.5555682864664091,0));
#6803=DIRECTION('',(-0.5555694927590824,-0.8314701069283345,0));
#6804=FACE_SURFACE('',(#6809),#6805,.T.);
#6805=PLANE('',#6806);
#6806=AXIS2_PLACEMENT_3D('',#244,#6807,#6808);
#6807=DIRECTION('',(0,0,-1));
#6808=DIRECTION('',(0.9807855417292554,-0.19508900823688463,0));
#6809=FACE_BOUND('',#6810,.T.);
#6810=EDGE_LOOP('',(#6811,#6812,#6813));
#6811=ORIENTED_EDGE('',*,*,#6814,.T.);
#6812=ORIENTED_EDGE('',*,*,#6815,.T.);
#6813=ORIENTED_EDGE('',*,*,#6816,.T.);
#6814=EDGE_CURVE('',#245,#229,#6817,.F.);
#6815=EDGE_CURVE('',#229,#213,#6818,.T.);
#6816=EDGE_CURVE('',#213,#245,#6819,.T.);
#6817=LINE('',#244,#6820);
#6818=LINE('',#228,#6821);
#6819=LINE('',#212,#6822);
#6820=VECTOR('',#6823,1.0);
#6821=VECTOR('',#6824,1.0);
#6822=VECTOR('',#6825,1.0);
#6823=DIRECTION('',(0.9807855417292554,-0.19508900823688463,0));
#6824=DIRECTION('',(0.5555700093437477,-0.8314697617579295,0));
#6825=DIRECTION('',(-0.8314701069283345,0.5555694927590824,0));
#6826=FACE_SURFACE('',(#6831),#6827,.T.);
#6827=PLANE('',#6828);
#6828=AXIS2_PLACEMENT_3D('',#212,#6829,#6830);
#6829=DIRECTION('',(0,0,-1));
#6830=DIRECTION('',(-0.19508948507140564,-0.9807854468815154,0));
#6831=FACE_BOUND('',#6832,.T.);
#6832=EDGE_LOOP('',(#6833,#6834,#6835));
#6833=ORIENTED_EDGE('',*,*,#6836,.T.);
#6834=ORIENTED_EDGE('',*,*,#6837,.T.);
#6835=ORIENTED_EDGE('',*,*,#6838,.T.);
#6836=EDGE_CURVE('',#213,#197,#6839,.F.);
#6837=EDGE_CURVE('',#197,#179,#6840,.T.);
#6838=EDGE_CURVE('',#179,#213,#6841,.T.);
#6839=LINE('',#212,#6842);
#6840=LINE('',#196,#6843);
#6841=LINE('',#178,#6844);
#6842=VECTOR('',#6845,1.0);
#6843=VECTOR('',#6846,1.0);
#6844=VECTOR('',#6847,1.0);
#6845=DIRECTION('',(-0.19508948507140564,-0.9807854468815154,0));
#6846=DIRECTION('',(-0.8314686105709662,-0.5555717322139301,0));
#6847=DIRECTION('',(0.5555694927590824,0.8314701069283345,0));
#6848=FACE_SURFACE('',(#6853),#6849,.T.);
#6849=PLANE('',#6850);
#6850=AXIS2_PLACEMENT_3D('',#178,#6851,#6852);
#6851=DIRECTION('',(0,0,-1));
#6852=DIRECTION('',(-0.8314701069283345,0.5555694927590824,0));
#6853=FACE_BOUND('',#6854,.T.);
#6854=EDGE_LOOP('',(#6855,#6856,#6857));
#6855=ORIENTED_EDGE('',*,*,#6858,.T.);
#6856=ORIENTED_EDGE('',*,*,#6859,.T.);
#6857=ORIENTED_EDGE('',*,*,#6860,.T.);
#6858=EDGE_CURVE('',#179,#277,#6861,.F.);
#6859=EDGE_CURVE('',#277,#245,#6862,.T.);
#6860=EDGE_CURVE('',#245,#179,#6863,.T.);
#6861=LINE('',#178,#6864);
#6862=LINE('',#276,#6865);
#6863=LINE('',#244,#6866);
#6864=VECTOR('',#6867,1.0);
#6865=VECTOR('',#6868,1.0);
#6866=VECTOR('',#6869,1.0);
#6867=DIRECTION('',(-0.8314701069283345,0.5555694927590824,0));
#6868=DIRECTION('',(0.5555694927590824,0.8314701069283345,0));
#6869=DIRECTION('',(0.19509119521261134,-0.9807851067132467,0));
#6870=FACE_SURFACE('',(#6875),#6871,.T.);
#6871=PLANE('',#6872);
#6872=AXIS2_PLACEMENT_3D('',#244,#6873,#6874);
#6873=DIRECTION('',(0,0,-1));
#6874=DIRECTION('',(0.8314701069283345,-0.5555694927590824,0));
#6875=FACE_BOUND('',#6876,.T.);
#6876=EDGE_LOOP('',(#6877,#6878,#6879));
#6877=ORIENTED_EDGE('',*,*,#6880,.T.);
#6878=ORIENTED_EDGE('',*,*,#6881,.T.);
#6879=ORIENTED_EDGE('',*,*,#6882,.T.);
#6880=EDGE_CURVE('',#245,#213,#6883,.F.);
#6881=EDGE_CURVE('',#213,#179,#6884,.T.);
#6882=EDGE_CURVE('',#179,#245,#6885,.T.);
#6883=LINE('',#244,#6886);
#6884=LINE('',#212,#6887);
#6885=LINE('',#178,#6888);
#6886=VECTOR('',#6889,1.0);
#6887=VECTOR('',#6890,1.0);
#6888=VECTOR('',#6891,1.0);
#6889=DIRECTION('',(0.8314701069283345,-0.5555694927590824,0));
#6890=DIRECTION('',(-0.5555694927590824,-0.8314701069283345,0));
#6891=DIRECTION('',(-0.19509119521261134,0.9807851067132467,0));
#6892=FACE_SURFACE('',(#6897),#6893,.T.);
#6893=PLANE('',#6894);
#6894=AXIS2_PLACEMENT_3D('',#304,#6895,#6896);
#6895=DIRECTION('',(0.09801622777686081,0.9951848165503704,-0));
#6896=DIRECTION('',(0,0,1));
#6897=FACE_BOUND('',#6898,.T.);
#6898=EDGE_LOOP('',(#6899,#6900,#6901));
#6899=ORIENTED_EDGE('',*,*,#6902,.T.);
#6900=ORIENTED_EDGE('',*,*,#6903,.T.);
#6901=ORIENTED_EDGE('',*,*,#6904,.T.);
#6902=EDGE_CURVE('',#305,#307,#6905,.F.);
#6903=EDGE_CURVE('',#307,#309,#6906,.T.);
#6904=EDGE_CURVE('',#309,#305,#6907,.T.);
#6905=LINE('',#304,#6908);
#6906=LINE('',#306,#6909);
#6907=LINE('',#308,#6910);
#6908=VECTOR('',#6911,1.0);
#6909=VECTOR('',#6912,1.0);
#6910=VECTOR('',#6913,1.0);
#6911=DIRECTION('',(0,0,1));
#6912=DIRECTION('',(0.9951848165503705,-0.09801622777686082,0));
#6913=DIRECTION('',(-0.07779768562235291,0.007662331204876454,-0.9969397217446561));
#6914=FACE_SURFACE('',(#6919),#6915,.T.);
#6915=PLANE('',#6916);
#6916=AXIS2_PLACEMENT_3D('',#304,#6917,#6918);
#6917=DIRECTION('',(0.09801622777686081,0.9951848165503704,0));
#6918=DIRECTION('',(0.07779768562235291,-0.007662331204876454,0.9969397217446561));
#6919=FACE_BOUND('',#6920,.T.);
#6920=EDGE_LOOP('',(#6921,#6922,#6923));
#6921=ORIENTED_EDGE('',*,*,#6924,.T.);
#6922=ORIENTED_EDGE('',*,*,#6925,.T.);
#6923=ORIENTED_EDGE('',*,*,#6926,.T.);
#6924=EDGE_CURVE('',#305,#309,#6927,.F.);
#6925=EDGE_CURVE('',#309,#311,#6928,.T.);
#6926=EDGE_CURVE('',#311,#305,#6929,.T.);
#6927=LINE('',#304,#6930);
#6928=LINE('',#308,#6931);
#6929=LINE('',#310,#6932);
#6930=VECTOR('',#6933,1.0);
#6931=VECTOR('',#6934,1.0);
#6932=VECTOR('',#6935,1.0);
#6933=DIRECTION('',(0.07779768562235291,-0.007662331204876454,0.9969397217446561));
#6934=DIRECTION('',(0,0,-1));
#6935=DIRECTION('',(-0.9951848165503705,0.09801622777686082,0));
#6936=FACE_SURFACE('',(#6941),#6937,.T.);
#6937=PLANE('',#6938);
#6938=AXIS2_PLACEMENT_3D('',#310,#6939,#6940);
#6939=DIRECTION('',(0.2902957875711588,0.9569369653840533,-0));
#6940=DIRECTION('',(0,0,1));
#6941=FACE_BOUND('',#6942,.T.);
#6942=EDGE_LOOP('',(#6943,#6944,#6945));
#6943=ORIENTED_EDGE('',*,*,#6946,.T.);
#6944=ORIENTED_EDGE('',*,*,#6947,.T.);
#6945=ORIENTED_EDGE('',*,*,#6948,.T.);
#6946=EDGE_CURVE('',#311,#309,#6949,.F.);
#6947=EDGE_CURVE('',#309,#313,#6950,.T.);
#6948=EDGE_CURVE('',#313,#311,#6951,.T.);
#6949=LINE('',#310,#6952);
#6950=LINE('',#308,#6953);
#6951=LINE('',#312,#6954);
#6952=VECTOR('',#6955,1.0);
#6953=VECTOR('',#6956,1.0);
#6954=VECTOR('',#6957,1.0);
#6955=DIRECTION('',(0,0,1));
#6956=DIRECTION('',(0.9569369653840532,-0.2902957875711588,0));
#6957=DIRECTION('',(-0.07480699246713768,0.02269340152970473,-0.9969397792269267));
#6958=FACE_SURFACE('',(#6963),#6959,.T.);
#6959=PLANE('',#6960);
#6960=AXIS2_PLACEMENT_3D('',#310,#6961,#6962);
#6961=DIRECTION('',(0.2902957875711588,0.9569369653840533,0));
#6962=DIRECTION('',(0.07480699246713768,-0.02269340152970473,0.9969397792269267));
#6963=FACE_BOUND('',#6964,.T.);
#6964=EDGE_LOOP('',(#6965,#6966,#6967));
#6965=ORIENTED_EDGE('',*,*,#6968,.T.);
#6966=ORIENTED_EDGE('',*,*,#6969,.T.);
#6967=ORIENTED_EDGE('',*,*,#6970,.T.);
#6968=EDGE_CURVE('',#311,#313,#6971,.F.);
#6969=EDGE_CURVE('',#313,#315,#6972,.T.);
#6970=EDGE_CURVE('',#315,#311,#6973,.T.);
#6971=LINE('',#310,#6974);
#6972=LINE('',#312,#6975);
#6973=LINE('',#314,#6976);
#6974=VECTOR('',#6977,1.0);
#6975=VECTOR('',#6978,1.0);
#6976=VECTOR('',#6979,1.0);
#6977=DIRECTION('',(0.07480699246713768,-0.02269340152970473,0.9969397792269267));
#6978=DIRECTION('',(0,0,-1));
#6979=DIRECTION('',(-0.9569369653840532,0.2902957875711588,0));
#6980=FACE_SURFACE('',(#6985),#6981,.T.);
#6981=PLANE('',#6982);
#6982=AXIS2_PLACEMENT_3D('',#314,#6983,#6984);
#6983=DIRECTION('',(0.47138392560551917,0.8819281119687309,-0));
#6984=DIRECTION('',(0,0,1));
#6985=FACE_BOUND('',#6986,.T.);
#6986=EDGE_LOOP('',(#6987,#6988,#6989));
#6987=ORIENTED_EDGE('',*,*,#6990,.T.);
#6988=ORIENTED_EDGE('',*,*,#6991,.T.);
#6989=ORIENTED_EDGE('',*,*,#6992,.T.);
#6990=EDGE_CURVE('',#315,#313,#6993,.F.);
#6991=EDGE_CURVE('',#313,#317,#6994,.T.);
#6992=EDGE_CURVE('',#317,#315,#6995,.T.);
#6993=LINE('',#314,#6996);
#6994=LINE('',#312,#6997);
#6995=LINE('',#316,#6998);
#6996=VECTOR('',#6999,1.0);
#6997=VECTOR('',#7000,1.0);
#6998=VECTOR('',#7001,1.0);
#6999=DIRECTION('',(0,0,1));
#7000=DIRECTION('',(0.881928111968731,-0.4713839256055192,0));
#7001=DIRECTION('',(-0.06894348972856927,0.03684977538662361,-0.9969397621110324));
#7002=FACE_SURFACE('',(#7007),#7003,.T.);
#7003=PLANE('',#7004);
#7004=AXIS2_PLACEMENT_3D('',#314,#7005,#7006);
#7005=DIRECTION('',(0.47138392560551917,0.8819281119687309,0));
#7006=DIRECTION('',(0.06894348972856927,-0.03684977538662361,0.9969397621110324));
#7007=FACE_BOUND('',#7008,.T.);
#7008=EDGE_LOOP('',(#7009,#7010,#7011));
#7009=ORIENTED_EDGE('',*,*,#7012,.T.);
#7010=ORIENTED_EDGE('',*,*,#7013,.T.);
#7011=ORIENTED_EDGE('',*,*,#7014,.T.);
#7012=EDGE_CURVE('',#315,#317,#7015,.F.);
#7013=EDGE_CURVE('',#317,#319,#7016,.T.);
#7014=EDGE_CURVE('',#319,#315,#7017,.T.);
#7015=LINE('',#314,#7018);
#7016=LINE('',#316,#7019);
#7017=LINE('',#318,#7020);
#7018=VECTOR('',#7021,1.0);
#7019=VECTOR('',#7022,1.0);
#7020=VECTOR('',#7023,1.0);
#7021=DIRECTION('',(0.06894348972856927,-0.03684977538662361,0.9969397621110324));
#7022=DIRECTION('',(0,0,-1));
#7023=DIRECTION('',(-0.881928111968731,0.4713839256055192,0));
#7024=FACE_SURFACE('',(#7029),#7025,.T.);
#7025=PLANE('',#7026);
#7026=AXIS2_PLACEMENT_3D('',#318,#7027,#7028);
#7027=DIRECTION('',(0.6343926489794667,0.773010974644484,-0));
#7028=DIRECTION('',(0,0,1));
#7029=FACE_BOUND('',#7030,.T.);
#7030=EDGE_LOOP('',(#7031,#7032,#7033));
#7031=ORIENTED_EDGE('',*,*,#7034,.T.);
#7032=ORIENTED_EDGE('',*,*,#7035,.T.);
#7033=ORIENTED_EDGE('',*,*,#7036,.T.);
#7034=EDGE_CURVE('',#319,#317,#7037,.F.);
#7035=EDGE_CURVE('',#317,#321,#7038,.T.);
#7036=EDGE_CURVE('',#321,#319,#7039,.T.);
#7037=LINE('',#318,#7040);
#7038=LINE('',#316,#7041);
#7039=LINE('',#320,#7042);
#7040=VECTOR('',#7043,1.0);
#7041=VECTOR('',#7044,1.0);
#7042=VECTOR('',#7045,1.0);
#7043=DIRECTION('',(0,0,1));
#7044=DIRECTION('',(0.773010974644484,-0.6343926489794667,0));
#7045=DIRECTION('',(-0.06042927953756584,0.04959294496354099,-0.9969397383916512));
#7046=FACE_SURFACE('',(#7051),#7047,.T.);
#7047=PLANE('',#7048);
#7048=AXIS2_PLACEMENT_3D('',#318,#7049,#7050);
#7049=DIRECTION('',(0.6343926489794667,0.773010974644484,0));
#7050=DIRECTION('',(0.06042927953756584,-0.04959294496354099,0.9969397383916512));
#7051=FACE_BOUND('',#7052,.T.);
#7052=EDGE_LOOP('',(#7053,#7054,#7055));
#7053=ORIENTED_EDGE('',*,*,#7056,.T.);
#7054=ORIENTED_EDGE('',*,*,#7057,.T.);
#7055=ORIENTED_EDGE('',*,*,#7058,.T.);
#7056=EDGE_CURVE('',#319,#321,#7059,.F.);
#7057=EDGE_CURVE('',#321,#323,#7060,.T.);
#7058=EDGE_CURVE('',#323,#319,#7061,.T.);
#7059=LINE('',#318,#7062);
#7060=LINE('',#320,#7063);
#7061=LINE('',#322,#7064);
#7062=VECTOR('',#7065,1.0);
#7063=VECTOR('',#7066,1.0);
#7064=VECTOR('',#7067,1.0);
#7065=DIRECTION('',(0.06042927953756584,-0.04959294496354099,0.9969397383916512));
#7066=DIRECTION('',(0,0,-1));
#7067=DIRECTION('',(-0.773010974644484,0.6343926489794667,0));
#7068=FACE_SURFACE('',(#7073),#7069,.T.);
#7069=PLANE('',#7070);
#7070=AXIS2_PLACEMENT_3D('',#322,#7071,#7072);
#7071=DIRECTION('',(0.773014890337251,0.634387877656003,-0));
#7072=DIRECTION('',(0,0,1));
#7073=FACE_BOUND('',#7074,.T.);
#7074=EDGE_LOOP('',(#7075,#7076,#7077));
#7075=ORIENTED_EDGE('',*,*,#7078,.T.);
#7076=ORIENTED_EDGE('',*,*,#7079,.T.);
#7077=ORIENTED_EDGE('',*,*,#7080,.T.);
#7078=EDGE_CURVE('',#323,#321,#7081,.F.);
#7079=EDGE_CURVE('',#321,#325,#7082,.T.);
#7080=EDGE_CURVE('',#325,#323,#7083,.T.);
#7081=LINE('',#322,#7084);
#7082=LINE('',#320,#7085);
#7083=LINE('',#324,#7086);
#7084=VECTOR('',#7087,1.0);
#7085=VECTOR('',#7088,1.0);
#7086=VECTOR('',#7089,1.0);
#7087=DIRECTION('',(0,0,1));
#7088=DIRECTION('',(0.634387877656003,-0.773014890337251,0));
#7089=DIRECTION('',(-0.04959294268409661,0.06043003736467402,-0.9969396925692325));
#7090=FACE_SURFACE('',(#7095),#7091,.T.);
#7091=PLANE('',#7092);
#7092=AXIS2_PLACEMENT_3D('',#322,#7093,#7094);
#7093=DIRECTION('',(0.773014890337251,0.634387877656003,0));
#7094=DIRECTION('',(0.04959294268409661,-0.06043003736467402,0.9969396925692325));
#7095=FACE_BOUND('',#7096,.T.);
#7096=EDGE_LOOP('',(#7097,#7098,#7099));
#7097=ORIENTED_EDGE('',*,*,#7100,.T.);
#7098=ORIENTED_EDGE('',*,*,#7101,.T.);
#7099=ORIENTED_EDGE('',*,*,#7102,.T.);
#7100=EDGE_CURVE('',#323,#325,#7103,.F.);
#7101=EDGE_CURVE('',#325,#327,#7104,.T.);
#7102=EDGE_CURVE('',#327,#323,#7105,.T.);
#7103=LINE('',#322,#7106);
#7104=LINE('',#324,#7107);
#7105=LINE('',#326,#7108);
#7106=VECTOR('',#7109,1.0);
#7107=VECTOR('',#7110,1.0);
#7108=VECTOR('',#7111,1.0);
#7109=DIRECTION('',(0.04959294268409661,-0.06043003736467402,0.9969396925692325));
#7110=DIRECTION('',(0,0,-1));
#7111=DIRECTION('',(-0.634387877656003,0.773014890337251,0));
#7112=FACE_SURFACE('',(#7117),#7113,.T.);
#7113=PLANE('',#7114);
#7114=AXIS2_PLACEMENT_3D('',#326,#7115,#7116);
#7115=DIRECTION('',(0.8819219050120677,0.4713955382265359,-0));
#7116=DIRECTION('',(0,0,1));
#7117=FACE_BOUND('',#7118,.T.);
#7118=EDGE_LOOP('',(#7119,#7120,#7121));
#7119=ORIENTED_EDGE('',*,*,#7122,.T.);
#7120=ORIENTED_EDGE('',*,*,#7123,.T.);
#7121=ORIENTED_EDGE('',*,*,#7124,.T.);
#7122=EDGE_CURVE('',#327,#325,#7125,.F.);
#7123=EDGE_CURVE('',#325,#329,#7126,.T.);
#7124=EDGE_CURVE('',#329,#327,#7127,.T.);
#7125=LINE('',#326,#7128);
#7126=LINE('',#324,#7129);
#7127=LINE('',#328,#7130);
#7128=VECTOR('',#7131,1.0);
#7129=VECTOR('',#7132,1.0);
#7130=VECTOR('',#7133,1.0);
#7131=DIRECTION('',(0,0,1));
#7132=DIRECTION('',(0.4713955382265359,-0.8819219050120677,0));
#7133=DIRECTION('',(-0.036850536890824,0.06894273080678795,-0.9969397864463836));
#7134=FACE_SURFACE('',(#7139),#7135,.T.);
#7135=PLANE('',#7136);
#7136=AXIS2_PLACEMENT_3D('',#326,#7137,#7138);
#7137=DIRECTION('',(0.8819219050120677,0.4713955382265359,0));
#7138=DIRECTION('',(0.036850536890824,-0.06894273080678795,0.9969397864463836));
#7139=FACE_BOUND('',#7140,.T.);
#7140=EDGE_LOOP('',(#7141,#7142,#7143));
#7141=ORIENTED_EDGE('',*,*,#7144,.T.);
#7142=ORIENTED_EDGE('',*,*,#7145,.T.);
#7143=ORIENTED_EDGE('',*,*,#7146,.T.);
#7144=EDGE_CURVE('',#327,#329,#7147,.F.);
#7145=EDGE_CURVE('',#329,#331,#7148,.T.);
#7146=EDGE_CURVE('',#331,#327,#7149,.T.);
#7147=LINE('',#326,#7150);
#7148=LINE('',#328,#7151);
#7149=LINE('',#330,#7152);
#7150=VECTOR('',#7153,1.0);
#7151=VECTOR('',#7154,1.0);
#7152=VECTOR('',#7155,1.0);
#7153=DIRECTION('',(0.036850536890824,-0.06894273080678795,0.9969397864463836));
#7154=DIRECTION('',(0,0,-1));
#7155=DIRECTION('',(-0.4713955382265359,0.8819219050120677,0));
#7156=FACE_SURFACE('',(#7161),#7157,.T.);
#7157=PLANE('',#7158);
#7158=AXIS2_PLACEMENT_3D('',#330,#7159,#7160);
#7159=DIRECTION('',(0.9569396682142505,0.2902868777571596,-0));
#7160=DIRECTION('',(0,0,1));
#7161=FACE_BOUND('',#7162,.T.);
#7162=EDGE_LOOP('',(#7163,#7164,#7165));
#7163=ORIENTED_EDGE('',*,*,#7166,.T.);
#7164=ORIENTED_EDGE('',*,*,#7167,.T.);
#7165=ORIENTED_EDGE('',*,*,#7168,.T.);
#7166=EDGE_CURVE('',#331,#329,#7169,.F.);
#7167=EDGE_CURVE('',#329,#333,#7170,.T.);
#7168=EDGE_CURVE('',#333,#331,#7171,.T.);
#7169=LINE('',#330,#7172);
#7170=LINE('',#328,#7173);
#7171=LINE('',#332,#7174);
#7172=VECTOR('',#7175,1.0);
#7173=VECTOR('',#7176,1.0);
#7174=VECTOR('',#7177,1.0);
#7175=DIRECTION('',(0,0,1));
#7176=DIRECTION('',(0.29028687775715967,-0.9569396682142506,0));
#7177=DIRECTION('',(-0.022692641316699257,0.0748069937583377,-0.9969397964345248));
#7178=FACE_SURFACE('',(#7183),#7179,.T.);
#7179=PLANE('',#7180);
#7180=AXIS2_PLACEMENT_3D('',#330,#7181,#7182);
#7181=DIRECTION('',(0.9569396682142505,0.2902868777571596,0));
#7182=DIRECTION('',(0.022692641316699257,-0.0748069937583377,0.9969397964345248));
#7183=FACE_BOUND('',#7184,.T.);
#7184=EDGE_LOOP('',(#7185,#7186,#7187));
#7185=ORIENTED_EDGE('',*,*,#7188,.T.);
#7186=ORIENTED_EDGE('',*,*,#7189,.T.);
#7187=ORIENTED_EDGE('',*,*,#7190,.T.);
#7188=EDGE_CURVE('',#331,#333,#7191,.F.);
#7189=EDGE_CURVE('',#333,#335,#7192,.T.);
#7190=EDGE_CURVE('',#335,#331,#7193,.T.);
#7191=LINE('',#330,#7194);
#7192=LINE('',#332,#7195);
#7193=LINE('',#334,#7196);
#7194=VECTOR('',#7197,1.0);
#7195=VECTOR('',#7198,1.0);
#7196=VECTOR('',#7199,1.0);
#7197=DIRECTION('',(0.022692641316699257,-0.0748069937583377,0.9969397964345248));
#7198=DIRECTION('',(0,0,-1));
#7199=DIRECTION('',(-0.29028687775715967,0.9569396682142506,0));
#7200=FACE_SURFACE('',(#7205),#7201,.T.);
#7201=PLANE('',#7202);
#7202=AXIS2_PLACEMENT_3D('',#334,#7203,#7204);
#7203=DIRECTION('',(0.9951848165503704,0.09801622777686081,-0));
#7204=DIRECTION('',(0,0,1));
#7205=FACE_BOUND('',#7206,.T.);
#7206=EDGE_LOOP('',(#7207,#7208,#7209));
#7207=ORIENTED_EDGE('',*,*,#7210,.T.);
#7208=ORIENTED_EDGE('',*,*,#7211,.T.);
#7209=ORIENTED_EDGE('',*,*,#7212,.T.);
#7210=EDGE_CURVE('',#335,#333,#7213,.F.);
#7211=EDGE_CURVE('',#333,#337,#7214,.T.);
#7212=EDGE_CURVE('',#337,#335,#7215,.T.);
#7213=LINE('',#334,#7216);
#7214=LINE('',#332,#7217);
#7215=LINE('',#336,#7218);
#7216=VECTOR('',#7219,1.0);
#7217=VECTOR('',#7220,1.0);
#7218=VECTOR('',#7221,1.0);
#7219=DIRECTION('',(0,0,1));
#7220=DIRECTION('',(0.09801622777686082,-0.9951848165503705,0));
#7221=DIRECTION('',(-0.007662331204876454,0.07779768562235291,-0.9969397217446561));
#7222=FACE_SURFACE('',(#7227),#7223,.T.);
#7223=PLANE('',#7224);
#7224=AXIS2_PLACEMENT_3D('',#334,#7225,#7226);
#7225=DIRECTION('',(0.9951848165503704,0.09801622777686081,0));
#7226=DIRECTION('',(0.007662331204876454,-0.07779768562235291,0.9969397217446561));
#7227=FACE_BOUND('',#7228,.T.);
#7228=EDGE_LOOP('',(#7229,#7230,#7231));
#7229=ORIENTED_EDGE('',*,*,#7232,.T.);
#7230=ORIENTED_EDGE('',*,*,#7233,.T.);
#7231=ORIENTED_EDGE('',*,*,#7234,.T.);
#7232=EDGE_CURVE('',#335,#337,#7235,.F.);
#7233=EDGE_CURVE('',#337,#339,#7236,.T.);
#7234=EDGE_CURVE('',#339,#335,#7237,.T.);
#7235=LINE('',#334,#7238);
#7236=LINE('',#336,#7239);
#7237=LINE('',#338,#7240);
#7238=VECTOR('',#7241,1.0);
#7239=VECTOR('',#7242,1.0);
#7240=VECTOR('',#7243,1.0);
#7241=DIRECTION('',(0.007662331204876454,-0.07779768562235291,0.9969397217446561));
#7242=DIRECTION('',(0,0,-1));
#7243=DIRECTION('',(-0.09801622777686082,0.9951848165503705,0));
#7244=FACE_SURFACE('',(#7249),#7245,.T.);
#7245=PLANE('',#7246);
#7246=AXIS2_PLACEMENT_3D('',#338,#7247,#7248);
#7247=DIRECTION('',(0.9951848165503704,-0.09801622777686081,0));
#7248=DIRECTION('',(0,0,1));
#7249=FACE_BOUND('',#7250,.T.);
#7250=EDGE_LOOP('',(#7251,#7252,#7253));
#7251=ORIENTED_EDGE('',*,*,#7254,.T.);
#7252=ORIENTED_EDGE('',*,*,#7255,.T.);
#7253=ORIENTED_EDGE('',*,*,#7256,.T.);
#7254=EDGE_CURVE('',#339,#337,#7257,.F.);
#7255=EDGE_CURVE('',#337,#341,#7258,.T.);
#7256=EDGE_CURVE('',#341,#339,#7259,.T.);
#7257=LINE('',#338,#7260);
#7258=LINE('',#336,#7261);
#7259=LINE('',#340,#7262);
#7260=VECTOR('',#7263,1.0);
#7261=VECTOR('',#7264,1.0);
#7262=VECTOR('',#7265,1.0);
#7263=DIRECTION('',(0,0,1));
#7264=DIRECTION('',(-0.09801622777686082,-0.9951848165503705,0));
#7265=DIRECTION('',(0.007662331204876454,0.07779768562235291,-0.9969397217446561));
#7266=FACE_SURFACE('',(#7271),#7267,.T.);
#7267=PLANE('',#7268);
#7268=AXIS2_PLACEMENT_3D('',#338,#7269,#7270);
#7269=DIRECTION('',(0.9951848165503704,-0.09801622777686081,0));
#7270=DIRECTION('',(-0.007662331204876454,-0.07779768562235291,0.9969397217446561));
#7271=FACE_BOUND('',#7272,.T.);
#7272=EDGE_LOOP('',(#7273,#7274,#7275));
#7273=ORIENTED_EDGE('',*,*,#7276,.T.);
#7274=ORIENTED_EDGE('',*,*,#7277,.T.);
#7275=ORIENTED_EDGE('',*,*,#7278,.T.);
#7276=EDGE_CURVE('',#339,#341,#7279,.F.);
#7277=EDGE_CURVE('',#341,#343,#7280,.T.);
#7278=EDGE_CURVE('',#343,#339,#7281,.T.);
#7279=LINE('',#338,#7282);
#7280=LINE('',#340,#7283);
#7281=LINE('',#342,#7284);
#7282=VECTOR('',#7285,1.0);
#7283=VECTOR('',#7286,1.0);
#7284=VECTOR('',#7287,1.0);
#7285=DIRECTION('',(-0.007662331204876454,-0.07779768562235291,0.9969397217446561));
#7286=DIRECTION('',(0,0,-1));
#7287=DIRECTION('',(0.09801622777686082,0.9951848165503705,0));
#7288=FACE_SURFACE('',(#7293),#7289,.T.);
#7289=PLANE('',#7290);
#7290=AXIS2_PLACEMENT_3D('',#342,#7291,#7292);
#7291=DIRECTION('',(0.9569396682142505,-0.2902868777571596,0));
#7292=DIRECTION('',(0,0,1));
#7293=FACE_BOUND('',#7294,.T.);
#7294=EDGE_LOOP('',(#7295,#7296,#7297));
#7295=ORIENTED_EDGE('',*,*,#7298,.T.);
#7296=ORIENTED_EDGE('',*,*,#7299,.T.);
#7297=ORIENTED_EDGE('',*,*,#7300,.T.);
#7298=EDGE_CURVE('',#343,#341,#7301,.F.);
#7299=EDGE_CURVE('',#341,#345,#7302,.T.);
#7300=EDGE_CURVE('',#345,#343,#7303,.T.);
#7301=LINE('',#342,#7304);
#7302=LINE('',#340,#7305);
#7303=LINE('',#344,#7306);
#7304=VECTOR('',#7307,1.0);
#7305=VECTOR('',#7308,1.0);
#7306=VECTOR('',#7309,1.0);
#7307=DIRECTION('',(0,0,1));
#7308=DIRECTION('',(-0.29028687775715967,-0.9569396682142506,0));
#7309=DIRECTION('',(0.022692641316699257,0.0748069937583377,-0.9969397964345248));
#7310=FACE_SURFACE('',(#7315),#7311,.T.);
#7311=PLANE('',#7312);
#7312=AXIS2_PLACEMENT_3D('',#342,#7313,#7314);
#7313=DIRECTION('',(0.9569396682142505,-0.2902868777571596,0));
#7314=DIRECTION('',(-0.022692641316699257,-0.0748069937583377,0.9969397964345248));
#7315=FACE_BOUND('',#7316,.T.);
#7316=EDGE_LOOP('',(#7317,#7318,#7319));
#7317=ORIENTED_EDGE('',*,*,#7320,.T.);
#7318=ORIENTED_EDGE('',*,*,#7321,.T.);
#7319=ORIENTED_EDGE('',*,*,#7322,.T.);
#7320=EDGE_CURVE('',#343,#345,#7323,.F.);
#7321=EDGE_CURVE('',#345,#347,#7324,.T.);
#7322=EDGE_CURVE('',#347,#343,#7325,.T.);
#7323=LINE('',#342,#7326);
#7324=LINE('',#344,#7327);
#7325=LINE('',#346,#7328);
#7326=VECTOR('',#7329,1.0);
#7327=VECTOR('',#7330,1.0);
#7328=VECTOR('',#7331,1.0);
#7329=DIRECTION('',(-0.022692641316699257,-0.0748069937583377,0.9969397964345248));
#7330=DIRECTION('',(0,0,-1));
#7331=DIRECTION('',(0.29028687775715967,0.9569396682142506,0));
#7332=FACE_SURFACE('',(#7337),#7333,.T.);
#7333=PLANE('',#7334);
#7334=AXIS2_PLACEMENT_3D('',#346,#7335,#7336);
#7335=DIRECTION('',(0.881926229059021,-0.47138744838798496,0));
#7336=DIRECTION('',(0,0,1));
#7337=FACE_BOUND('',#7338,.T.);
#7338=EDGE_LOOP('',(#7339,#7340,#7341));
#7339=ORIENTED_EDGE('',*,*,#7342,.T.);
#7340=ORIENTED_EDGE('',*,*,#7343,.T.);
#7341=ORIENTED_EDGE('',*,*,#7344,.T.);
#7342=EDGE_CURVE('',#347,#345,#7345,.F.);
#7343=EDGE_CURVE('',#345,#349,#7346,.T.);
#7344=EDGE_CURVE('',#349,#347,#7347,.T.);
#7345=LINE('',#346,#7348);
#7346=LINE('',#344,#7349);
#7347=LINE('',#348,#7350);
#7348=VECTOR('',#7351,1.0);
#7349=VECTOR('',#7352,1.0);
#7350=VECTOR('',#7353,1.0);
#7351=DIRECTION('',(0,0,1));
#7352=DIRECTION('',(-0.47138744838798496,-0.8819262290590211,0));
#7353=DIRECTION('',(0.036850533026032924,0.06894424478548015,-0.9969396818898609));
#7354=FACE_SURFACE('',(#7359),#7355,.T.);
#7355=PLANE('',#7356);
#7356=AXIS2_PLACEMENT_3D('',#346,#7357,#7358);
#7357=DIRECTION('',(0.881926229059021,-0.47138744838798496,0));
#7358=DIRECTION('',(-0.036850533026032924,-0.06894424478548015,0.9969396818898609));
#7359=FACE_BOUND('',#7360,.T.);
#7360=EDGE_LOOP('',(#7361,#7362,#7363));
#7361=ORIENTED_EDGE('',*,*,#7364,.T.);
#7362=ORIENTED_EDGE('',*,*,#7365,.T.);
#7363=ORIENTED_EDGE('',*,*,#7366,.T.);
#7364=EDGE_CURVE('',#347,#349,#7367,.F.);
#7365=EDGE_CURVE('',#349,#351,#7368,.T.);
#7366=EDGE_CURVE('',#351,#347,#7369,.T.);
#7367=LINE('',#346,#7370);
#7368=LINE('',#348,#7371);
#7369=LINE('',#350,#7372);
#7370=VECTOR('',#7373,1.0);
#7371=VECTOR('',#7374,1.0);
#7372=VECTOR('',#7375,1.0);
#7373=DIRECTION('',(-0.036850533026032924,-0.06894424478548015,0.9969396818898609));
#7374=DIRECTION('',(0,0,-1));
#7375=DIRECTION('',(0.47138744838798496,0.8819262290590211,0));
#7376=FACE_SURFACE('',(#7381),#7377,.T.);
#7377=PLANE('',#7378);
#7378=AXIS2_PLACEMENT_3D('',#350,#7379,#7380);
#7379=DIRECTION('',(0.7730070588633648,-0.6343974203505326,0));
#7380=DIRECTION('',(0,0,1));
#7381=FACE_BOUND('',#7382,.T.);
#7382=EDGE_LOOP('',(#7383,#7384,#7385));
#7383=ORIENTED_EDGE('',*,*,#7386,.T.);
#7384=ORIENTED_EDGE('',*,*,#7387,.T.);
#7385=ORIENTED_EDGE('',*,*,#7388,.T.);
#7386=EDGE_CURVE('',#351,#349,#7389,.F.);
#7387=EDGE_CURVE('',#349,#353,#7390,.T.);
#7388=EDGE_CURVE('',#353,#351,#7391,.T.);
#7389=LINE('',#350,#7392);
#7390=LINE('',#348,#7393);
#7391=LINE('',#352,#7394);
#7392=VECTOR('',#7395,1.0);
#7393=VECTOR('',#7396,1.0);
#7394=VECTOR('',#7397,1.0);
#7395=DIRECTION('',(0,0,1));
#7396=DIRECTION('',(-0.6343974203505326,-0.7730070588633648,0));
#7397=DIRECTION('',(0.04959294724295699,0.060428521710353164,-0.9969397842134994));
#7398=FACE_SURFACE('',(#7403),#7399,.T.);
#7399=PLANE('',#7400);
#7400=AXIS2_PLACEMENT_3D('',#350,#7401,#7402);
#7401=DIRECTION('',(0.7730070588633648,-0.6343974203505326,0));
#7402=DIRECTION('',(-0.04959294724295699,-0.060428521710353164,0.9969397842134994));
#7403=FACE_BOUND('',#7404,.T.);
#7404=EDGE_LOOP('',(#7405,#7406,#7407));
#7405=ORIENTED_EDGE('',*,*,#7408,.T.);
#7406=ORIENTED_EDGE('',*,*,#7409,.T.);
#7407=ORIENTED_EDGE('',*,*,#7410,.T.);
#7408=EDGE_CURVE('',#351,#353,#7411,.F.);
#7409=EDGE_CURVE('',#353,#355,#7412,.T.);
#7410=EDGE_CURVE('',#355,#351,#7413,.T.);
#7411=LINE('',#350,#7414);
#7412=LINE('',#352,#7415);
#7413=LINE('',#354,#7416);
#7414=VECTOR('',#7417,1.0);
#7415=VECTOR('',#7418,1.0);
#7416=VECTOR('',#7419,1.0);
#7417=DIRECTION('',(-0.04959294724295699,-0.060428521710353164,0.9969397842134994));
#7418=DIRECTION('',(0,0,-1));
#7419=DIRECTION('',(0.6343974203505326,0.7730070588633648,0));
#7420=FACE_SURFACE('',(#7425),#7421,.T.);
#7421=PLANE('',#7422);
#7422=AXIS2_PLACEMENT_3D('',#354,#7423,#7424);
#7423=DIRECTION('',(0.6343926489794667,-0.773010974644484,0));
#7424=DIRECTION('',(0,0,1));
#7425=FACE_BOUND('',#7426,.T.);
#7426=EDGE_LOOP('',(#7427,#7428,#7429));
#7427=ORIENTED_EDGE('',*,*,#7430,.T.);
#7428=ORIENTED_EDGE('',*,*,#7431,.T.);
#7429=ORIENTED_EDGE('',*,*,#7432,.T.);
#7430=EDGE_CURVE('',#355,#353,#7433,.F.);
#7431=EDGE_CURVE('',#353,#357,#7434,.T.);
#7432=EDGE_CURVE('',#357,#355,#7435,.T.);
#7433=LINE('',#354,#7436);
#7434=LINE('',#352,#7437);
#7435=LINE('',#356,#7438);
#7436=VECTOR('',#7439,1.0);
#7437=VECTOR('',#7440,1.0);
#7438=VECTOR('',#7441,1.0);
#7439=DIRECTION('',(0,0,1));
#7440=DIRECTION('',(-0.773010974644484,-0.6343926489794667,0));
#7441=DIRECTION('',(0.06042927953756584,0.04959294496354099,-0.9969397383916512));
#7442=FACE_SURFACE('',(#7447),#7443,.T.);
#7443=PLANE('',#7444);
#7444=AXIS2_PLACEMENT_3D('',#354,#7445,#7446);
#7445=DIRECTION('',(0.6343926489794667,-0.773010974644484,0));
#7446=DIRECTION('',(-0.06042927953756584,-0.04959294496354099,0.9969397383916512));
#7447=FACE_BOUND('',#7448,.T.);
#7448=EDGE_LOOP('',(#7449,#7450,#7451));
#7449=ORIENTED_EDGE('',*,*,#7452,.T.);
#7450=ORIENTED_EDGE('',*,*,#7453,.T.);
#7451=ORIENTED_EDGE('',*,*,#7454,.T.);
#7452=EDGE_CURVE('',#355,#357,#7455,.F.);
#7453=EDGE_CURVE('',#357,#359,#7456,.T.);
#7454=EDGE_CURVE('',#359,#355,#7457,.T.);
#7455=LINE('',#354,#7458);
#7456=LINE('',#356,#7459);
#7457=LINE('',#358,#7460);
#7458=VECTOR('',#7461,1.0);
#7459=VECTOR('',#7462,1.0);
#7460=VECTOR('',#7463,1.0);
#7461=DIRECTION('',(-0.06042927953756584,-0.04959294496354099,0.9969397383916512));
#7462=DIRECTION('',(0,0,-1));
#7463=DIRECTION('',(0.773010974644484,0.6343926489794667,0));
#7464=FACE_SURFACE('',(#7469),#7465,.T.);
#7465=PLANE('',#7466);
#7466=AXIS2_PLACEMENT_3D('',#358,#7467,#7468);
#7467=DIRECTION('',(0.4713990608453744,-0.8819200221301811,0));
#7468=DIRECTION('',(0,0,1));
#7469=FACE_BOUND('',#7470,.T.);
#7470=EDGE_LOOP('',(#7471,#7472,#7473));
#7471=ORIENTED_EDGE('',*,*,#7474,.T.);
#7472=ORIENTED_EDGE('',*,*,#7475,.T.);
#7473=ORIENTED_EDGE('',*,*,#7476,.T.);
#7474=EDGE_CURVE('',#359,#357,#7477,.F.);
#7475=EDGE_CURVE('',#357,#361,#7478,.T.);
#7476=EDGE_CURVE('',#361,#359,#7479,.T.);
#7477=LINE('',#358,#7480);
#7478=LINE('',#356,#7481);
#7479=LINE('',#360,#7482);
#7480=VECTOR('',#7483,1.0);
#7481=VECTOR('',#7484,1.0);
#7482=VECTOR('',#7485,1.0);
#7483=DIRECTION('',(0,0,1));
#7484=DIRECTION('',(-0.881920022130181,-0.47139906084537436,0));
#7485=DIRECTION('',(0.06894348586377819,0.036851294530190454,-0.996939706225206));
#7486=FACE_SURFACE('',(#7491),#7487,.T.);
#7487=PLANE('',#7488);
#7488=AXIS2_PLACEMENT_3D('',#358,#7489,#7490);
#7489=DIRECTION('',(0.4713990608453744,-0.8819200221301811,0));
#7490=DIRECTION('',(-0.06894348586377819,-0.036851294530190454,0.996939706225206));
#7491=FACE_BOUND('',#7492,.T.);
#7492=EDGE_LOOP('',(#7493,#7494,#7495));
#7493=ORIENTED_EDGE('',*,*,#7496,.T.);
#7494=ORIENTED_EDGE('',*,*,#7497,.T.);
#7495=ORIENTED_EDGE('',*,*,#7498,.T.);
#7496=EDGE_CURVE('',#359,#361,#7499,.F.);
#7497=EDGE_CURVE('',#361,#363,#7500,.T.);
#7498=EDGE_CURVE('',#363,#359,#7501,.T.);
#7499=LINE('',#358,#7502);
#7500=LINE('',#360,#7503);
#7501=LINE('',#362,#7504);
#7502=VECTOR('',#7505,1.0);
#7503=VECTOR('',#7506,1.0);
#7504=VECTOR('',#7507,1.0);
#7505=DIRECTION('',(-0.06894348586377819,-0.036851294530190454,0.996939706225206));
#7506=DIRECTION('',(0,0,-1));
#7507=DIRECTION('',(0.881920022130181,0.47139906084537436,0));
#7508=FACE_SURFACE('',(#7513),#7509,.T.);
#7509=PLANE('',#7510);
#7510=AXIS2_PLACEMENT_3D('',#362,#7511,#7512);
#7511=DIRECTION('',(0.2902779678676651,-0.9569423709767578,0));
#7512=DIRECTION('',(0,0,1));
#7513=FACE_BOUND('',#7514,.T.);
#7514=EDGE_LOOP('',(#7515,#7516,#7517));
#7515=ORIENTED_EDGE('',*,*,#7518,.T.);
#7516=ORIENTED_EDGE('',*,*,#7519,.T.);
#7517=ORIENTED_EDGE('',*,*,#7520,.T.);
#7518=EDGE_CURVE('',#363,#361,#7521,.F.);
#7519=EDGE_CURVE('',#361,#365,#7522,.T.);
#7520=EDGE_CURVE('',#365,#363,#7523,.T.);
#7521=LINE('',#362,#7524);
#7522=LINE('',#360,#7525);
#7523=LINE('',#364,#7526);
#7524=VECTOR('',#7527,1.0);
#7525=VECTOR('',#7528,1.0);
#7526=VECTOR('',#7529,1.0);
#7527=DIRECTION('',(0,0,1));
#7528=DIRECTION('',(-0.9569423709767578,-0.290277967867665,0));
#7529=DIRECTION('',(0.07480699504949449,0.022691881103654412,-0.9969398136415469));
#7530=FACE_SURFACE('',(#7535),#7531,.T.);
#7531=PLANE('',#7532);
#7532=AXIS2_PLACEMENT_3D('',#362,#7533,#7534);
#7533=DIRECTION('',(0.2902779678676651,-0.9569423709767578,0));
#7534=DIRECTION('',(-0.07480699504949449,-0.022691881103654412,0.9969398136415469));
#7535=FACE_BOUND('',#7536,.T.);
#7536=EDGE_LOOP('',(#7537,#7538,#7539));
#7537=ORIENTED_EDGE('',*,*,#7540,.T.);
#7538=ORIENTED_EDGE('',*,*,#7541,.T.);
#7539=ORIENTED_EDGE('',*,*,#7542,.T.);
#7540=EDGE_CURVE('',#363,#365,#7543,.F.);
#7541=EDGE_CURVE('',#365,#367,#7544,.T.);
#7542=EDGE_CURVE('',#367,#363,#7545,.T.);
#7543=LINE('',#362,#7546);
#7544=LINE('',#364,#7547);
#7545=LINE('',#366,#7548);
#7546=VECTOR('',#7549,1.0);
#7547=VECTOR('',#7550,1.0);
#7548=VECTOR('',#7551,1.0);
#7549=DIRECTION('',(-0.07480699504949449,-0.022691881103654412,0.9969398136415469));
#7550=DIRECTION('',(0,0,-1));
#7551=DIRECTION('',(0.9569423709767578,0.290277967867665,0));
#7552=FACE_SURFACE('',(#7557),#7553,.T.);
#7553=PLANE('',#7554);
#7554=AXIS2_PLACEMENT_3D('',#366,#7555,#7556);
#7555=DIRECTION('',(0.09801622777686081,-0.9951848165503704,0));
#7556=DIRECTION('',(0,0,1));
#7557=FACE_BOUND('',#7558,.T.);
#7558=EDGE_LOOP('',(#7559,#7560,#7561));
#7559=ORIENTED_EDGE('',*,*,#7562,.T.);
#7560=ORIENTED_EDGE('',*,*,#7563,.T.);
#7561=ORIENTED_EDGE('',*,*,#7564,.T.);
#7562=EDGE_CURVE('',#367,#365,#7565,.F.);
#7563=EDGE_CURVE('',#365,#369,#7566,.T.);
#7564=EDGE_CURVE('',#369,#367,#7567,.T.);
#7565=LINE('',#366,#7568);
#7566=LINE('',#364,#7569);
#7567=LINE('',#368,#7570);
#7568=VECTOR('',#7571,1.0);
#7569=VECTOR('',#7572,1.0);
#7570=VECTOR('',#7573,1.0);
#7571=DIRECTION('',(0,0,1));
#7572=DIRECTION('',(-0.9951848165503705,-0.09801622777686082,0));
#7573=DIRECTION('',(0.07779768562235291,0.007662331204876454,-0.9969397217446561));
#7574=FACE_SURFACE('',(#7579),#7575,.T.);
#7575=PLANE('',#7576);
#7576=AXIS2_PLACEMENT_3D('',#366,#7577,#7578);
#7577=DIRECTION('',(0.09801622777686081,-0.9951848165503704,0));
#7578=DIRECTION('',(-0.07779768562235291,-0.007662331204876454,0.9969397217446561));
#7579=FACE_BOUND('',#7580,.T.);
#7580=EDGE_LOOP('',(#7581,#7582,#7583));
#7581=ORIENTED_EDGE('',*,*,#7584,.T.);
#7582=ORIENTED_EDGE('',*,*,#7585,.T.);
#7583=ORIENTED_EDGE('',*,*,#7586,.T.);
#7584=EDGE_CURVE('',#367,#369,#7587,.F.);
#7585=EDGE_CURVE('',#369,#371,#7588,.T.);
#7586=EDGE_CURVE('',#371,#367,#7589,.T.);
#7587=LINE('',#366,#7590);
#7588=LINE('',#368,#7591);
#7589=LINE('',#370,#7592);
#7590=VECTOR('',#7593,1.0);
#7591=VECTOR('',#7594,1.0);
#7592=VECTOR('',#7595,1.0);
#7593=DIRECTION('',(-0.07779768562235291,-0.007662331204876454,0.9969397217446561));
#7594=DIRECTION('',(0,0,-1));
#7595=DIRECTION('',(0.9951848165503705,0.09801622777686082,0));
#7596=FACE_SURFACE('',(#7601),#7597,.T.);
#7597=PLANE('',#7598);
#7598=AXIS2_PLACEMENT_3D('',#370,#7599,#7600);
#7599=DIRECTION('',(-0.09801622777686081,-0.9951848165503704,0));
#7600=DIRECTION('',(0,0,1));
#7601=FACE_BOUND('',#7602,.T.);
#7602=EDGE_LOOP('',(#7603,#7604,#7605));
#7603=ORIENTED_EDGE('',*,*,#7606,.T.);
#7604=ORIENTED_EDGE('',*,*,#7607,.T.);
#7605=ORIENTED_EDGE('',*,*,#7608,.T.);
#7606=EDGE_CURVE('',#371,#369,#7609,.F.);
#7607=EDGE_CURVE('',#369,#373,#7610,.T.);
#7608=EDGE_CURVE('',#373,#371,#7611,.T.);
#7609=LINE('',#370,#7612);
#7610=LINE('',#368,#7613);
#7611=LINE('',#372,#7614);
#7612=VECTOR('',#7615,1.0);
#7613=VECTOR('',#7616,1.0);
#7614=VECTOR('',#7617,1.0);
#7615=DIRECTION('',(0,0,1));
#7616=DIRECTION('',(-0.9951848165503705,0.09801622777686082,0));
#7617=DIRECTION('',(0.07779768562235291,-0.007662331204876454,-0.9969397217446561));
#7618=FACE_SURFACE('',(#7623),#7619,.T.);
#7619=PLANE('',#7620);
#7620=AXIS2_PLACEMENT_3D('',#370,#7621,#7622);
#7621=DIRECTION('',(-0.09801622777686081,-0.9951848165503704,0));
#7622=DIRECTION('',(-0.07779768562235291,0.007662331204876454,0.9969397217446561));
#7623=FACE_BOUND('',#7624,.T.);
#7624=EDGE_LOOP('',(#7625,#7626,#7627));
#7625=ORIENTED_EDGE('',*,*,#7628,.T.);
#7626=ORIENTED_EDGE('',*,*,#7629,.T.);
#7627=ORIENTED_EDGE('',*,*,#7630,.T.);
#7628=EDGE_CURVE('',#371,#373,#7631,.F.);
#7629=EDGE_CURVE('',#373,#375,#7632,.T.);
#7630=EDGE_CURVE('',#375,#371,#7633,.T.);
#7631=LINE('',#370,#7634);
#7632=LINE('',#372,#7635);
#7633=LINE('',#374,#7636);
#7634=VECTOR('',#7637,1.0);
#7635=VECTOR('',#7638,1.0);
#7636=VECTOR('',#7639,1.0);
#7637=DIRECTION('',(-0.07779768562235291,0.007662331204876454,0.9969397217446561));
#7638=DIRECTION('',(0,0,-1));
#7639=DIRECTION('',(0.9951848165503705,-0.09801622777686082,0));
#7640=FACE_SURFACE('',(#7645),#7641,.T.);
#7641=PLANE('',#7642);
#7642=AXIS2_PLACEMENT_3D('',#374,#7643,#7644);
#7643=DIRECTION('',(-0.2902779678676651,-0.9569423709767578,0));
#7644=DIRECTION('',(0,0,1));
#7645=FACE_BOUND('',#7646,.T.);
#7646=EDGE_LOOP('',(#7647,#7648,#7649));
#7647=ORIENTED_EDGE('',*,*,#7650,.T.);
#7648=ORIENTED_EDGE('',*,*,#7651,.T.);
#7649=ORIENTED_EDGE('',*,*,#7652,.T.);
#7650=EDGE_CURVE('',#375,#373,#7653,.F.);
#7651=EDGE_CURVE('',#373,#377,#7654,.T.);
#7652=EDGE_CURVE('',#377,#375,#7655,.T.);
#7653=LINE('',#374,#7656);
#7654=LINE('',#372,#7657);
#7655=LINE('',#376,#7658);
#7656=VECTOR('',#7659,1.0);
#7657=VECTOR('',#7660,1.0);
#7658=VECTOR('',#7661,1.0);
#7659=DIRECTION('',(0,0,1));
#7660=DIRECTION('',(-0.9569423709767578,0.290277967867665,0));
#7661=DIRECTION('',(0.07480699504949449,-0.022691881103654412,-0.9969398136415469));
#7662=FACE_SURFACE('',(#7667),#7663,.T.);
#7663=PLANE('',#7664);
#7664=AXIS2_PLACEMENT_3D('',#374,#7665,#7666);
#7665=DIRECTION('',(-0.2902779678676651,-0.9569423709767578,0));
#7666=DIRECTION('',(-0.07480699504949449,0.022691881103654412,0.9969398136415469));
#7667=FACE_BOUND('',#7668,.T.);
#7668=EDGE_LOOP('',(#7669,#7670,#7671));
#7669=ORIENTED_EDGE('',*,*,#7672,.T.);
#7670=ORIENTED_EDGE('',*,*,#7673,.T.);
#7671=ORIENTED_EDGE('',*,*,#7674,.T.);
#7672=EDGE_CURVE('',#375,#377,#7675,.F.);
#7673=EDGE_CURVE('',#377,#379,#7676,.T.);
#7674=EDGE_CURVE('',#379,#375,#7677,.T.);
#7675=LINE('',#374,#7678);
#7676=LINE('',#376,#7679);
#7677=LINE('',#378,#7680);
#7678=VECTOR('',#7681,1.0);
#7679=VECTOR('',#7682,1.0);
#7680=VECTOR('',#7683,1.0);
#7681=DIRECTION('',(-0.07480699504949449,0.022691881103654412,0.9969398136415469));
#7682=DIRECTION('',(0,0,-1));
#7683=DIRECTION('',(0.9569423709767578,-0.290277967867665,0));
#7684=FACE_SURFACE('',(#7689),#7685,.T.);
#7685=PLANE('',#7686);
#7686=AXIS2_PLACEMENT_3D('',#378,#7687,#7688);
#7687=DIRECTION('',(-0.4713990608453744,-0.8819200221301811,0));
#7688=DIRECTION('',(0,0,1));
#7689=FACE_BOUND('',#7690,.T.);
#7690=EDGE_LOOP('',(#7691,#7692,#7693));
#7691=ORIENTED_EDGE('',*,*,#7694,.T.);
#7692=ORIENTED_EDGE('',*,*,#7695,.T.);
#7693=ORIENTED_EDGE('',*,*,#7696,.T.);
#7694=EDGE_CURVE('',#379,#377,#7697,.F.);
#7695=EDGE_CURVE('',#377,#381,#7698,.T.);
#7696=EDGE_CURVE('',#381,#379,#7699,.T.);
#7697=LINE('',#378,#7700);
#7698=LINE('',#376,#7701);
#7699=LINE('',#380,#7702);
#7700=VECTOR('',#7703,1.0);
#7701=VECTOR('',#7704,1.0);
#7702=VECTOR('',#7705,1.0);
#7703=DIRECTION('',(0,0,1));
#7704=DIRECTION('',(-0.881920022130181,0.47139906084537436,0));
#7705=DIRECTION('',(0.06894348586377819,-0.036851294530190454,-0.996939706225206));
#7706=FACE_SURFACE('',(#7711),#7707,.T.);
#7707=PLANE('',#7708);
#7708=AXIS2_PLACEMENT_3D('',#378,#7709,#7710);
#7709=DIRECTION('',(-0.4713990608453744,-0.8819200221301811,0));
#7710=DIRECTION('',(-0.06894348586377819,0.036851294530190454,0.996939706225206));
#7711=FACE_BOUND('',#7712,.T.);
#7712=EDGE_LOOP('',(#7713,#7714,#7715));
#7713=ORIENTED_EDGE('',*,*,#7716,.T.);
#7714=ORIENTED_EDGE('',*,*,#7717,.T.);
#7715=ORIENTED_EDGE('',*,*,#7718,.T.);
#7716=EDGE_CURVE('',#379,#381,#7719,.F.);
#7717=EDGE_CURVE('',#381,#383,#7720,.T.);
#7718=EDGE_CURVE('',#383,#379,#7721,.T.);
#7719=LINE('',#378,#7722);
#7720=LINE('',#380,#7723);
#7721=LINE('',#382,#7724);
#7722=VECTOR('',#7725,1.0);
#7723=VECTOR('',#7726,1.0);
#7724=VECTOR('',#7727,1.0);
#7725=DIRECTION('',(-0.06894348586377819,0.036851294530190454,0.996939706225206));
#7726=DIRECTION('',(0,0,-1));
#7727=DIRECTION('',(0.881920022130181,-0.47139906084537436,0));
#7728=FACE_SURFACE('',(#7733),#7729,.T.);
#7729=PLANE('',#7730);
#7730=AXIS2_PLACEMENT_3D('',#382,#7731,#7732);
#7731=DIRECTION('',(-0.6343926489794667,-0.773010974644484,0));
#7732=DIRECTION('',(0,0,1));
#7733=FACE_BOUND('',#7734,.T.);
#7734=EDGE_LOOP('',(#7735,#7736,#7737));
#7735=ORIENTED_EDGE('',*,*,#7738,.T.);
#7736=ORIENTED_EDGE('',*,*,#7739,.T.);
#7737=ORIENTED_EDGE('',*,*,#7740,.T.);
#7738=EDGE_CURVE('',#383,#381,#7741,.F.);
#7739=EDGE_CURVE('',#381,#385,#7742,.T.);
#7740=EDGE_CURVE('',#385,#383,#7743,.T.);
#7741=LINE('',#382,#7744);
#7742=LINE('',#380,#7745);
#7743=LINE('',#384,#7746);
#7744=VECTOR('',#7747,1.0);
#7745=VECTOR('',#7748,1.0);
#7746=VECTOR('',#7749,1.0);
#7747=DIRECTION('',(0,0,1));
#7748=DIRECTION('',(-0.773010974644484,0.6343926489794667,0));
#7749=DIRECTION('',(0.06042927953756584,-0.04959294496354099,-0.9969397383916512));
#7750=FACE_SURFACE('',(#7755),#7751,.T.);
#7751=PLANE('',#7752);
#7752=AXIS2_PLACEMENT_3D('',#382,#7753,#7754);
#7753=DIRECTION('',(-0.6343926489794667,-0.773010974644484,0));
#7754=DIRECTION('',(-0.06042927953756584,0.04959294496354099,0.9969397383916512));
#7755=FACE_BOUND('',#7756,.T.);
#7756=EDGE_LOOP('',(#7757,#7758,#7759));
#7757=ORIENTED_EDGE('',*,*,#7760,.T.);
#7758=ORIENTED_EDGE('',*,*,#7761,.T.);
#7759=ORIENTED_EDGE('',*,*,#7762,.T.);
#7760=EDGE_CURVE('',#383,#385,#7763,.F.);
#7761=EDGE_CURVE('',#385,#387,#7764,.T.);
#7762=EDGE_CURVE('',#387,#383,#7765,.T.);
#7763=LINE('',#382,#7766);
#7764=LINE('',#384,#7767);
#7765=LINE('',#386,#7768);
#7766=VECTOR('',#7769,1.0);
#7767=VECTOR('',#7770,1.0);
#7768=VECTOR('',#7771,1.0);
#7769=DIRECTION('',(-0.06042927953756584,0.04959294496354099,0.9969397383916512));
#7770=DIRECTION('',(0,0,-1));
#7771=DIRECTION('',(0.773010974644484,-0.6343926489794667,0));
#7772=FACE_SURFACE('',(#7777),#7773,.T.);
#7773=PLANE('',#7774);
#7774=AXIS2_PLACEMENT_3D('',#386,#7775,#7776);
#7775=DIRECTION('',(-0.7730070588633648,-0.6343974203505326,0));
#7776=DIRECTION('',(0,0,1));
#7777=FACE_BOUND('',#7778,.T.);
#7778=EDGE_LOOP('',(#7779,#7780,#7781));
#7779=ORIENTED_EDGE('',*,*,#7782,.T.);
#7780=ORIENTED_EDGE('',*,*,#7783,.T.);
#7781=ORIENTED_EDGE('',*,*,#7784,.T.);
#7782=EDGE_CURVE('',#387,#385,#7785,.F.);
#7783=EDGE_CURVE('',#385,#389,#7786,.T.);
#7784=EDGE_CURVE('',#389,#387,#7787,.T.);
#7785=LINE('',#386,#7788);
#7786=LINE('',#384,#7789);
#7787=LINE('',#388,#7790);
#7788=VECTOR('',#7791,1.0);
#7789=VECTOR('',#7792,1.0);
#7790=VECTOR('',#7793,1.0);
#7791=DIRECTION('',(0,0,1));
#7792=DIRECTION('',(-0.6343974203505326,0.7730070588633648,0));
#7793=DIRECTION('',(0.04959294724295699,-0.060428521710353164,-0.9969397842134994));
#7794=FACE_SURFACE('',(#7799),#7795,.T.);
#7795=PLANE('',#7796);
#7796=AXIS2_PLACEMENT_3D('',#386,#7797,#7798);
#7797=DIRECTION('',(-0.7730070588633648,-0.6343974203505326,0));
#7798=DIRECTION('',(-0.04959294724295699,0.060428521710353164,0.9969397842134994));
#7799=FACE_BOUND('',#7800,.T.);
#7800=EDGE_LOOP('',(#7801,#7802,#7803));
#7801=ORIENTED_EDGE('',*,*,#7804,.T.);
#7802=ORIENTED_EDGE('',*,*,#7805,.T.);
#7803=ORIENTED_EDGE('',*,*,#7806,.T.);
#7804=EDGE_CURVE('',#387,#389,#7807,.F.);
#7805=EDGE_CURVE('',#389,#391,#7808,.T.);
#7806=EDGE_CURVE('',#391,#387,#7809,.T.);
#7807=LINE('',#386,#7810);
#7808=LINE('',#388,#7811);
#7809=LINE('',#390,#7812);
#7810=VECTOR('',#7813,1.0);
#7811=VECTOR('',#7814,1.0);
#7812=VECTOR('',#7815,1.0);
#7813=DIRECTION('',(-0.04959294724295699,0.060428521710353164,0.9969397842134994));
#7814=DIRECTION('',(0,0,-1));
#7815=DIRECTION('',(0.6343974203505326,-0.7730070588633648,0));
#7816=FACE_SURFACE('',(#7821),#7817,.T.);
#7817=PLANE('',#7818);
#7818=AXIS2_PLACEMENT_3D('',#390,#7819,#7820);
#7819=DIRECTION('',(-0.881926229059021,-0.47138744838798496,0));
#7820=DIRECTION('',(0,0,1));
#7821=FACE_BOUND('',#7822,.T.);
#7822=EDGE_LOOP('',(#7823,#7824,#7825));
#7823=ORIENTED_EDGE('',*,*,#7826,.T.);
#7824=ORIENTED_EDGE('',*,*,#7827,.T.);
#7825=ORIENTED_EDGE('',*,*,#7828,.T.);
#7826=EDGE_CURVE('',#391,#389,#7829,.F.);
#7827=EDGE_CURVE('',#389,#393,#7830,.T.);
#7828=EDGE_CURVE('',#393,#391,#7831,.T.);
#7829=LINE('',#390,#7832);
#7830=LINE('',#388,#7833);
#7831=LINE('',#392,#7834);
#7832=VECTOR('',#7835,1.0);
#7833=VECTOR('',#7836,1.0);
#7834=VECTOR('',#7837,1.0);
#7835=DIRECTION('',(0,0,1));
#7836=DIRECTION('',(-0.47138744838798496,0.8819262290590211,0));
#7837=DIRECTION('',(0.036850533026032924,-0.06894424478548015,-0.9969396818898609));
#7838=FACE_SURFACE('',(#7843),#7839,.T.);
#7839=PLANE('',#7840);
#7840=AXIS2_PLACEMENT_3D('',#390,#7841,#7842);
#7841=DIRECTION('',(-0.881926229059021,-0.47138744838798496,0));
#7842=DIRECTION('',(-0.036850533026032924,0.06894424478548015,0.9969396818898609));
#7843=FACE_BOUND('',#7844,.T.);
#7844=EDGE_LOOP('',(#7845,#7846,#7847));
#7845=ORIENTED_EDGE('',*,*,#7848,.T.);
#7846=ORIENTED_EDGE('',*,*,#7849,.T.);
#7847=ORIENTED_EDGE('',*,*,#7850,.T.);
#7848=EDGE_CURVE('',#391,#393,#7851,.F.);
#7849=EDGE_CURVE('',#393,#395,#7852,.T.);
#7850=EDGE_CURVE('',#395,#391,#7853,.T.);
#7851=LINE('',#390,#7854);
#7852=LINE('',#392,#7855);
#7853=LINE('',#394,#7856);
#7854=VECTOR('',#7857,1.0);
#7855=VECTOR('',#7858,1.0);
#7856=VECTOR('',#7859,1.0);
#7857=DIRECTION('',(-0.036850533026032924,0.06894424478548015,0.9969396818898609));
#7858=DIRECTION('',(0,0,-1));
#7859=DIRECTION('',(0.47138744838798496,-0.8819262290590211,0));
#7860=FACE_SURFACE('',(#7865),#7861,.T.);
#7861=PLANE('',#7862);
#7862=AXIS2_PLACEMENT_3D('',#394,#7863,#7864);
#7863=DIRECTION('',(-0.9569396682142505,-0.2902868777571596,0));
#7864=DIRECTION('',(0,0,1));
#7865=FACE_BOUND('',#7866,.T.);
#7866=EDGE_LOOP('',(#7867,#7868,#7869));
#7867=ORIENTED_EDGE('',*,*,#7870,.T.);
#7868=ORIENTED_EDGE('',*,*,#7871,.T.);
#7869=ORIENTED_EDGE('',*,*,#7872,.T.);
#7870=EDGE_CURVE('',#395,#393,#7873,.F.);
#7871=EDGE_CURVE('',#393,#397,#7874,.T.);
#7872=EDGE_CURVE('',#397,#395,#7875,.T.);
#7873=LINE('',#394,#7876);
#7874=LINE('',#392,#7877);
#7875=LINE('',#396,#7878);
#7876=VECTOR('',#7879,1.0);
#7877=VECTOR('',#7880,1.0);
#7878=VECTOR('',#7881,1.0);
#7879=DIRECTION('',(0,0,1));
#7880=DIRECTION('',(-0.29028687775715967,0.9569396682142506,0));
#7881=DIRECTION('',(0.022692641316699257,-0.0748069937583377,-0.9969397964345248));
#7882=FACE_SURFACE('',(#7887),#7883,.T.);
#7883=PLANE('',#7884);
#7884=AXIS2_PLACEMENT_3D('',#394,#7885,#7886);
#7885=DIRECTION('',(-0.9569396682142505,-0.2902868777571596,0));
#7886=DIRECTION('',(-0.022692641316699257,0.0748069937583377,0.9969397964345248));
#7887=FACE_BOUND('',#7888,.T.);
#7888=EDGE_LOOP('',(#7889,#7890,#7891));
#7889=ORIENTED_EDGE('',*,*,#7892,.T.);
#7890=ORIENTED_EDGE('',*,*,#7893,.T.);
#7891=ORIENTED_EDGE('',*,*,#7894,.T.);
#7892=EDGE_CURVE('',#395,#397,#7895,.F.);
#7893=EDGE_CURVE('',#397,#399,#7896,.T.);
#7894=EDGE_CURVE('',#399,#395,#7897,.T.);
#7895=LINE('',#394,#7898);
#7896=LINE('',#396,#7899);
#7897=LINE('',#398,#7900);
#7898=VECTOR('',#7901,1.0);
#7899=VECTOR('',#7902,1.0);
#7900=VECTOR('',#7903,1.0);
#7901=DIRECTION('',(-0.022692641316699257,0.0748069937583377,0.9969397964345248));
#7902=DIRECTION('',(0,0,-1));
#7903=DIRECTION('',(0.29028687775715967,-0.9569396682142506,0));
#7904=FACE_SURFACE('',(#7909),#7905,.T.);
#7905=PLANE('',#7906);
#7906=AXIS2_PLACEMENT_3D('',#398,#7907,#7908);
#7907=DIRECTION('',(-0.9951848165503704,-0.09801622777686081,0));
#7908=DIRECTION('',(0,0,1));
#7909=FACE_BOUND('',#7910,.T.);
#7910=EDGE_LOOP('',(#7911,#7912,#7913));
#7911=ORIENTED_EDGE('',*,*,#7914,.T.);
#7912=ORIENTED_EDGE('',*,*,#7915,.T.);
#7913=ORIENTED_EDGE('',*,*,#7916,.T.);
#7914=EDGE_CURVE('',#399,#397,#7917,.F.);
#7915=EDGE_CURVE('',#397,#401,#7918,.T.);
#7916=EDGE_CURVE('',#401,#399,#7919,.T.);
#7917=LINE('',#398,#7920);
#7918=LINE('',#396,#7921);
#7919=LINE('',#400,#7922);
#7920=VECTOR('',#7923,1.0);
#7921=VECTOR('',#7924,1.0);
#7922=VECTOR('',#7925,1.0);
#7923=DIRECTION('',(0,0,1));
#7924=DIRECTION('',(-0.09801622777686082,0.9951848165503705,0));
#7925=DIRECTION('',(0.007662331204876454,-0.07779768562235291,-0.9969397217446561));
#7926=FACE_SURFACE('',(#7931),#7927,.T.);
#7927=PLANE('',#7928);
#7928=AXIS2_PLACEMENT_3D('',#398,#7929,#7930);
#7929=DIRECTION('',(-0.9951848165503704,-0.09801622777686081,0));
#7930=DIRECTION('',(-0.007662331204876454,0.07779768562235291,0.9969397217446561));
#7931=FACE_BOUND('',#7932,.T.);
#7932=EDGE_LOOP('',(#7933,#7934,#7935));
#7933=ORIENTED_EDGE('',*,*,#7936,.T.);
#7934=ORIENTED_EDGE('',*,*,#7937,.T.);
#7935=ORIENTED_EDGE('',*,*,#7938,.T.);
#7936=EDGE_CURVE('',#399,#401,#7939,.F.);
#7937=EDGE_CURVE('',#401,#403,#7940,.T.);
#7938=EDGE_CURVE('',#403,#399,#7941,.T.);
#7939=LINE('',#398,#7942);
#7940=LINE('',#400,#7943);
#7941=LINE('',#402,#7944);
#7942=VECTOR('',#7945,1.0);
#7943=VECTOR('',#7946,1.0);
#7944=VECTOR('',#7947,1.0);
#7945=DIRECTION('',(-0.007662331204876454,0.07779768562235291,0.9969397217446561));
#7946=DIRECTION('',(0,0,-1));
#7947=DIRECTION('',(0.09801622777686082,-0.9951848165503705,0));
#7948=FACE_SURFACE('',(#7953),#7949,.T.);
#7949=PLANE('',#7950);
#7950=AXIS2_PLACEMENT_3D('',#402,#7951,#7952);
#7951=DIRECTION('',(-0.9951848165503704,0.09801622777686081,0));
#7952=DIRECTION('',(0,0,1));
#7953=FACE_BOUND('',#7954,.T.);
#7954=EDGE_LOOP('',(#7955,#7956,#7957));
#7955=ORIENTED_EDGE('',*,*,#7958,.T.);
#7956=ORIENTED_EDGE('',*,*,#7959,.T.);
#7957=ORIENTED_EDGE('',*,*,#7960,.T.);
#7958=EDGE_CURVE('',#403,#401,#7961,.F.);
#7959=EDGE_CURVE('',#401,#405,#7962,.T.);
#7960=EDGE_CURVE('',#405,#403,#7963,.T.);
#7961=LINE('',#402,#7964);
#7962=LINE('',#400,#7965);
#7963=LINE('',#404,#7966);
#7964=VECTOR('',#7967,1.0);
#7965=VECTOR('',#7968,1.0);
#7966=VECTOR('',#7969,1.0);
#7967=DIRECTION('',(0,0,1));
#7968=DIRECTION('',(0.09801622777686082,0.9951848165503705,0));
#7969=DIRECTION('',(-0.007662331204876454,-0.07779768562235291,-0.9969397217446561));
#7970=FACE_SURFACE('',(#7975),#7971,.T.);
#7971=PLANE('',#7972);
#7972=AXIS2_PLACEMENT_3D('',#402,#7973,#7974);
#7973=DIRECTION('',(-0.9951848165503704,0.09801622777686081,0));
#7974=DIRECTION('',(0.007662331204876454,0.07779768562235291,0.9969397217446561));
#7975=FACE_BOUND('',#7976,.T.);
#7976=EDGE_LOOP('',(#7977,#7978,#7979));
#7977=ORIENTED_EDGE('',*,*,#7980,.T.);
#7978=ORIENTED_EDGE('',*,*,#7981,.T.);
#7979=ORIENTED_EDGE('',*,*,#7982,.T.);
#7980=EDGE_CURVE('',#403,#405,#7983,.F.);
#7981=EDGE_CURVE('',#405,#407,#7984,.T.);
#7982=EDGE_CURVE('',#407,#403,#7985,.T.);
#7983=LINE('',#402,#7986);
#7984=LINE('',#404,#7987);
#7985=LINE('',#406,#7988);
#7986=VECTOR('',#7989,1.0);
#7987=VECTOR('',#7990,1.0);
#7988=VECTOR('',#7991,1.0);
#7989=DIRECTION('',(0.007662331204876454,0.07779768562235291,0.9969397217446561));
#7990=DIRECTION('',(0,0,-1));
#7991=DIRECTION('',(-0.09801622777686082,-0.9951848165503705,0));
#7992=FACE_SURFACE('',(#7997),#7993,.T.);
#7993=PLANE('',#7994);
#7994=AXIS2_PLACEMENT_3D('',#406,#7995,#7996);
#7995=DIRECTION('',(-0.9569396682142505,0.2902868777571596,0));
#7996=DIRECTION('',(0,0,1));
#7997=FACE_BOUND('',#7998,.T.);
#7998=EDGE_LOOP('',(#7999,#8000,#8001));
#7999=ORIENTED_EDGE('',*,*,#8002,.T.);
#8000=ORIENTED_EDGE('',*,*,#8003,.T.);
#8001=ORIENTED_EDGE('',*,*,#8004,.T.);
#8002=EDGE_CURVE('',#407,#405,#8005,.F.);
#8003=EDGE_CURVE('',#405,#409,#8006,.T.);
#8004=EDGE_CURVE('',#409,#407,#8007,.T.);
#8005=LINE('',#406,#8008);
#8006=LINE('',#404,#8009);
#8007=LINE('',#408,#8010);
#8008=VECTOR('',#8011,1.0);
#8009=VECTOR('',#8012,1.0);
#8010=VECTOR('',#8013,1.0);
#8011=DIRECTION('',(0,0,1));
#8012=DIRECTION('',(0.29028687775715967,0.9569396682142506,0));
#8013=DIRECTION('',(-0.022692641316699257,-0.0748069937583377,-0.9969397964345248));
#8014=FACE_SURFACE('',(#8019),#8015,.T.);
#8015=PLANE('',#8016);
#8016=AXIS2_PLACEMENT_3D('',#406,#8017,#8018);
#8017=DIRECTION('',(-0.9569396682142505,0.2902868777571596,0));
#8018=DIRECTION('',(0.022692641316699257,0.0748069937583377,0.9969397964345248));
#8019=FACE_BOUND('',#8020,.T.);
#8020=EDGE_LOOP('',(#8021,#8022,#8023));
#8021=ORIENTED_EDGE('',*,*,#8024,.T.);
#8022=ORIENTED_EDGE('',*,*,#8025,.T.);
#8023=ORIENTED_EDGE('',*,*,#8026,.T.);
#8024=EDGE_CURVE('',#407,#409,#8027,.F.);
#8025=EDGE_CURVE('',#409,#411,#8028,.T.);
#8026=EDGE_CURVE('',#411,#407,#8029,.T.);
#8027=LINE('',#406,#8030);
#8028=LINE('',#408,#8031);
#8029=LINE('',#410,#8032);
#8030=VECTOR('',#8033,1.0);
#8031=VECTOR('',#8034,1.0);
#8032=VECTOR('',#8035,1.0);
#8033=DIRECTION('',(0.022692641316699257,0.0748069937583377,0.9969397964345248));
#8034=DIRECTION('',(0,0,-1));
#8035=DIRECTION('',(-0.29028687775715967,-0.9569396682142506,0));
#8036=FACE_SURFACE('',(#8041),#8037,.T.);
#8037=PLANE('',#8038);
#8038=AXIS2_PLACEMENT_3D('',#410,#8039,#8040);
#8039=DIRECTION('',(-0.8819219050120677,0.4713955382265359,0));
#8040=DIRECTION('',(0,0,1));
#8041=FACE_BOUND('',#8042,.T.);
#8042=EDGE_LOOP('',(#8043,#8044,#8045));
#8043=ORIENTED_EDGE('',*,*,#8046,.T.);
#8044=ORIENTED_EDGE('',*,*,#8047,.T.);
#8045=ORIENTED_EDGE('',*,*,#8048,.T.);
#8046=EDGE_CURVE('',#411,#409,#8049,.F.);
#8047=EDGE_CURVE('',#409,#413,#8050,.T.);
#8048=EDGE_CURVE('',#413,#411,#8051,.T.);
#8049=LINE('',#410,#8052);
#8050=LINE('',#408,#8053);
#8051=LINE('',#412,#8054);
#8052=VECTOR('',#8055,1.0);
#8053=VECTOR('',#8056,1.0);
#8054=VECTOR('',#8057,1.0);
#8055=DIRECTION('',(0,0,1));
#8056=DIRECTION('',(0.4713955382265359,0.8819219050120677,0));
#8057=DIRECTION('',(-0.036850536890824,-0.06894273080678795,-0.9969397864463836));
#8058=FACE_SURFACE('',(#8063),#8059,.T.);
#8059=PLANE('',#8060);
#8060=AXIS2_PLACEMENT_3D('',#410,#8061,#8062);
#8061=DIRECTION('',(-0.8819219050120677,0.4713955382265359,0));
#8062=DIRECTION('',(0.036850536890824,0.06894273080678795,0.9969397864463836));
#8063=FACE_BOUND('',#8064,.T.);
#8064=EDGE_LOOP('',(#8065,#8066,#8067));
#8065=ORIENTED_EDGE('',*,*,#8068,.T.);
#8066=ORIENTED_EDGE('',*,*,#8069,.T.);
#8067=ORIENTED_EDGE('',*,*,#8070,.T.);
#8068=EDGE_CURVE('',#411,#413,#8071,.F.);
#8069=EDGE_CURVE('',#413,#415,#8072,.T.);
#8070=EDGE_CURVE('',#415,#411,#8073,.T.);
#8071=LINE('',#410,#8074);
#8072=LINE('',#412,#8075);
#8073=LINE('',#414,#8076);
#8074=VECTOR('',#8077,1.0);
#8075=VECTOR('',#8078,1.0);
#8076=VECTOR('',#8079,1.0);
#8077=DIRECTION('',(0.036850536890824,0.06894273080678795,0.9969397864463836));
#8078=DIRECTION('',(0,0,-1));
#8079=DIRECTION('',(-0.4713955382265359,-0.8819219050120677,0));
#8080=FACE_SURFACE('',(#8085),#8081,.T.);
#8081=PLANE('',#8082);
#8082=AXIS2_PLACEMENT_3D('',#414,#8083,#8084);
#8083=DIRECTION('',(-0.773014890337251,0.634387877656003,0));
#8084=DIRECTION('',(0,0,1));
#8085=FACE_BOUND('',#8086,.T.);
#8086=EDGE_LOOP('',(#8087,#8088,#8089));
#8087=ORIENTED_EDGE('',*,*,#8090,.T.);
#8088=ORIENTED_EDGE('',*,*,#8091,.T.);
#8089=ORIENTED_EDGE('',*,*,#8092,.T.);
#8090=EDGE_CURVE('',#415,#413,#8093,.F.);
#8091=EDGE_CURVE('',#413,#417,#8094,.T.);
#8092=EDGE_CURVE('',#417,#415,#8095,.T.);
#8093=LINE('',#414,#8096);
#8094=LINE('',#412,#8097);
#8095=LINE('',#416,#8098);
#8096=VECTOR('',#8099,1.0);
#8097=VECTOR('',#8100,1.0);
#8098=VECTOR('',#8101,1.0);
#8099=DIRECTION('',(0,0,1));
#8100=DIRECTION('',(0.634387877656003,0.773014890337251,0));
#8101=DIRECTION('',(-0.04959294268409661,-0.06043003736467402,-0.9969396925692325));
#8102=FACE_SURFACE('',(#8107),#8103,.T.);
#8103=PLANE('',#8104);
#8104=AXIS2_PLACEMENT_3D('',#414,#8105,#8106);
#8105=DIRECTION('',(-0.773014890337251,0.634387877656003,0));
#8106=DIRECTION('',(0.04959294268409661,0.06043003736467402,0.9969396925692325));
#8107=FACE_BOUND('',#8108,.T.);
#8108=EDGE_LOOP('',(#8109,#8110,#8111));
#8109=ORIENTED_EDGE('',*,*,#8112,.T.);
#8110=ORIENTED_EDGE('',*,*,#8113,.T.);
#8111=ORIENTED_EDGE('',*,*,#8114,.T.);
#8112=EDGE_CURVE('',#415,#417,#8115,.F.);
#8113=EDGE_CURVE('',#417,#419,#8116,.T.);
#8114=EDGE_CURVE('',#419,#415,#8117,.T.);
#8115=LINE('',#414,#8118);
#8116=LINE('',#416,#8119);
#8117=LINE('',#418,#8120);
#8118=VECTOR('',#8121,1.0);
#8119=VECTOR('',#8122,1.0);
#8120=VECTOR('',#8123,1.0);
#8121=DIRECTION('',(0.04959294268409661,0.06043003736467402,0.9969396925692325));
#8122=DIRECTION('',(0,0,-1));
#8123=DIRECTION('',(-0.634387877656003,-0.773014890337251,0));
#8124=FACE_SURFACE('',(#8129),#8125,.T.);
#8125=PLANE('',#8126);
#8126=AXIS2_PLACEMENT_3D('',#418,#8127,#8128);
#8127=DIRECTION('',(-0.6343926489794667,0.773010974644484,0));
#8128=DIRECTION('',(0,0,1));
#8129=FACE_BOUND('',#8130,.T.);
#8130=EDGE_LOOP('',(#8131,#8132,#8133));
#8131=ORIENTED_EDGE('',*,*,#8134,.T.);
#8132=ORIENTED_EDGE('',*,*,#8135,.T.);
#8133=ORIENTED_EDGE('',*,*,#8136,.T.);
#8134=EDGE_CURVE('',#419,#417,#8137,.F.);
#8135=EDGE_CURVE('',#417,#421,#8138,.T.);
#8136=EDGE_CURVE('',#421,#419,#8139,.T.);
#8137=LINE('',#418,#8140);
#8138=LINE('',#416,#8141);
#8139=LINE('',#420,#8142);
#8140=VECTOR('',#8143,1.0);
#8141=VECTOR('',#8144,1.0);
#8142=VECTOR('',#8145,1.0);
#8143=DIRECTION('',(0,0,1));
#8144=DIRECTION('',(0.773010974644484,0.6343926489794667,0));
#8145=DIRECTION('',(-0.06042927953756584,-0.04959294496354099,-0.9969397383916512));
#8146=FACE_SURFACE('',(#8151),#8147,.T.);
#8147=PLANE('',#8148);
#8148=AXIS2_PLACEMENT_3D('',#418,#8149,#8150);
#8149=DIRECTION('',(-0.6343926489794667,0.773010974644484,0));
#8150=DIRECTION('',(0.06042927953756584,0.04959294496354099,0.9969397383916512));
#8151=FACE_BOUND('',#8152,.T.);
#8152=EDGE_LOOP('',(#8153,#8154,#8155));
#8153=ORIENTED_EDGE('',*,*,#8156,.T.);
#8154=ORIENTED_EDGE('',*,*,#8157,.T.);
#8155=ORIENTED_EDGE('',*,*,#8158,.T.);
#8156=EDGE_CURVE('',#419,#421,#8159,.F.);
#8157=EDGE_CURVE('',#421,#423,#8160,.T.);
#8158=EDGE_CURVE('',#423,#419,#8161,.T.);
#8159=LINE('',#418,#8162);
#8160=LINE('',#420,#8163);
#8161=LINE('',#422,#8164);
#8162=VECTOR('',#8165,1.0);
#8163=VECTOR('',#8166,1.0);
#8164=VECTOR('',#8167,1.0);
#8165=DIRECTION('',(0.06042927953756584,0.04959294496354099,0.9969397383916512));
#8166=DIRECTION('',(0,0,-1));
#8167=DIRECTION('',(-0.773010974644484,-0.6343926489794667,0));
#8168=FACE_SURFACE('',(#8173),#8169,.T.);
#8169=PLANE('',#8170);
#8170=AXIS2_PLACEMENT_3D('',#422,#8171,#8172);
#8171=DIRECTION('',(-0.47138392560551917,0.8819281119687309,0));
#8172=DIRECTION('',(0,0,1));
#8173=FACE_BOUND('',#8174,.T.);
#8174=EDGE_LOOP('',(#8175,#8176,#8177));
#8175=ORIENTED_EDGE('',*,*,#8178,.T.);
#8176=ORIENTED_EDGE('',*,*,#8179,.T.);
#8177=ORIENTED_EDGE('',*,*,#8180,.T.);
#8178=EDGE_CURVE('',#423,#421,#8181,.F.);
#8179=EDGE_CURVE('',#421,#425,#8182,.T.);
#8180=EDGE_CURVE('',#425,#423,#8183,.T.);
#8181=LINE('',#422,#8184);
#8182=LINE('',#420,#8185);
#8183=LINE('',#424,#8186);
#8184=VECTOR('',#8187,1.0);
#8185=VECTOR('',#8188,1.0);
#8186=VECTOR('',#8189,1.0);
#8187=DIRECTION('',(0,0,1));
#8188=DIRECTION('',(0.881928111968731,0.4713839256055192,0));
#8189=DIRECTION('',(-0.06894348972856927,-0.03684977538662361,-0.9969397621110324));
#8190=FACE_SURFACE('',(#8195),#8191,.T.);
#8191=PLANE('',#8192);
#8192=AXIS2_PLACEMENT_3D('',#422,#8193,#8194);
#8193=DIRECTION('',(-0.47138392560551917,0.8819281119687309,0));
#8194=DIRECTION('',(0.06894348972856927,0.03684977538662361,0.9969397621110324));
#8195=FACE_BOUND('',#8196,.T.);
#8196=EDGE_LOOP('',(#8197,#8198,#8199));
#8197=ORIENTED_EDGE('',*,*,#8200,.T.);
#8198=ORIENTED_EDGE('',*,*,#8201,.T.);
#8199=ORIENTED_EDGE('',*,*,#8202,.T.);
#8200=EDGE_CURVE('',#423,#425,#8203,.F.);
#8201=EDGE_CURVE('',#425,#427,#8204,.T.);
#8202=EDGE_CURVE('',#427,#423,#8205,.T.);
#8203=LINE('',#422,#8206);
#8204=LINE('',#424,#8207);
#8205=LINE('',#426,#8208);
#8206=VECTOR('',#8209,1.0);
#8207=VECTOR('',#8210,1.0);
#8208=VECTOR('',#8211,1.0);
#8209=DIRECTION('',(0.06894348972856927,0.03684977538662361,0.9969397621110324));
#8210=DIRECTION('',(0,0,-1));
#8211=DIRECTION('',(-0.881928111968731,-0.4713839256055192,0));
#8212=FACE_SURFACE('',(#8217),#8213,.T.);
#8213=PLANE('',#8214);
#8214=AXIS2_PLACEMENT_3D('',#312,#8215,#8216);
#8215=DIRECTION('',(0,0,1));
#8216=DIRECTION('',(-0.9569369653840532,0.2902957875711588,0));
#8217=FACE_BOUND('',#8218,.T.);
#8218=EDGE_LOOP('',(#8219,#8220,#8221));
#8219=ORIENTED_EDGE('',*,*,#8222,.T.);
#8220=ORIENTED_EDGE('',*,*,#8223,.T.);
#8221=ORIENTED_EDGE('',*,*,#8224,.T.);
#8222=EDGE_CURVE('',#313,#309,#8225,.F.);
#8223=EDGE_CURVE('',#309,#307,#8226,.T.);
#8224=EDGE_CURVE('',#307,#313,#8227,.T.);
#8225=LINE('',#312,#8228);
#8226=LINE('',#308,#8229);
#8227=LINE('',#306,#8230);
#8228=VECTOR('',#8231,1.0);
#8229=VECTOR('',#8232,1.0);
#8230=VECTOR('',#8233,1.0);
#8231=DIRECTION('',(-0.9569369653840532,0.2902957875711588,0));
#8232=DIRECTION('',(-0.9951848165503705,0.09801622777686082,0));
#8233=DIRECTION('',(0.9807843279631591,-0.19509511019462947,0));
#8234=FACE_SURFACE('',(#8239),#8235,.T.);
#8235=PLANE('',#8236);
#8236=AXIS2_PLACEMENT_3D('',#306,#8237,#8238);
#8237=DIRECTION('',(0,0,1));
#8238=DIRECTION('',(-0.9951848165503705,-0.09801622777686082,0));
#8239=FACE_BOUND('',#8240,.T.);
#8240=EDGE_LOOP('',(#8241,#8242,#8243));
#8241=ORIENTED_EDGE('',*,*,#8244,.T.);
#8242=ORIENTED_EDGE('',*,*,#8245,.T.);
#8243=ORIENTED_EDGE('',*,*,#8246,.T.);
#8244=EDGE_CURVE('',#307,#429,#8247,.F.);
#8245=EDGE_CURVE('',#429,#425,#8248,.T.);
#8246=EDGE_CURVE('',#425,#307,#8249,.T.);
#8247=LINE('',#306,#8250);
#8248=LINE('',#428,#8251);
#8249=LINE('',#424,#8252);
#8250=VECTOR('',#8253,1.0);
#8251=VECTOR('',#8254,1.0);
#8252=VECTOR('',#8255,1.0);
#8253=DIRECTION('',(-0.9951848165503705,-0.09801622777686082,0));
#8254=DIRECTION('',(-0.9569369653840532,-0.2902957875711588,0));
#8255=DIRECTION('',(0.9807843279631591,0.19509511019462947,0));
#8256=FACE_SURFACE('',(#8261),#8257,.T.);
#8257=PLANE('',#8258);
#8258=AXIS2_PLACEMENT_3D('',#424,#8259,#8260);
#8259=DIRECTION('',(0,0,1));
#8260=DIRECTION('',(-0.881928111968731,-0.4713839256055192,0));
#8261=FACE_BOUND('',#8262,.T.);
#8262=EDGE_LOOP('',(#8263,#8264,#8265));
#8263=ORIENTED_EDGE('',*,*,#8266,.T.);
#8264=ORIENTED_EDGE('',*,*,#8267,.T.);
#8265=ORIENTED_EDGE('',*,*,#8268,.T.);
#8266=EDGE_CURVE('',#425,#421,#8269,.F.);
#8267=EDGE_CURVE('',#421,#417,#8270,.T.);
#8268=EDGE_CURVE('',#417,#425,#8271,.T.);
#8269=LINE('',#424,#8272);
#8270=LINE('',#420,#8273);
#8271=LINE('',#416,#8274);
#8272=VECTOR('',#8275,1.0);
#8273=VECTOR('',#8276,1.0);
#8274=VECTOR('',#8277,1.0);
#8275=DIRECTION('',(-0.881928111968731,-0.4713839256055192,0));
#8276=DIRECTION('',(-0.773010974644484,-0.6343926489794667,0));
#8277=DIRECTION('',(0.8314737692381023,0.555564011675507,0));
#8278=FACE_SURFACE('',(#8283),#8279,.T.);
#8279=PLANE('',#8280);
#8280=AXIS2_PLACEMENT_3D('',#416,#8281,#8282);
#8281=DIRECTION('',(0,0,1));
#8282=DIRECTION('',(-0.634387877656003,-0.773014890337251,0));
#8283=FACE_BOUND('',#8284,.T.);
#8284=EDGE_LOOP('',(#8285,#8286,#8287));
#8285=ORIENTED_EDGE('',*,*,#8288,.T.);
#8286=ORIENTED_EDGE('',*,*,#8289,.T.);
#8287=ORIENTED_EDGE('',*,*,#8290,.T.);
#8288=EDGE_CURVE('',#417,#413,#8291,.F.);
#8289=EDGE_CURVE('',#413,#409,#8292,.T.);
#8290=EDGE_CURVE('',#409,#417,#8293,.T.);
#8291=LINE('',#416,#8294);
#8292=LINE('',#412,#8295);
#8293=LINE('',#408,#8296);
#8294=VECTOR('',#8297,1.0);
#8295=VECTOR('',#8298,1.0);
#8296=VECTOR('',#8299,1.0);
#8297=DIRECTION('',(-0.634387877656003,-0.773014890337251,0));
#8298=DIRECTION('',(-0.4713955382265359,-0.8819219050120677,0));
#8299=DIRECTION('',(0.5555673912342671,0.8314715111157752,0));
#8300=FACE_SURFACE('',(#8305),#8301,.T.);
#8301=PLANE('',#8302);
#8302=AXIS2_PLACEMENT_3D('',#408,#8303,#8304);
#8303=DIRECTION('',(0,0,1));
#8304=DIRECTION('',(-0.29028687775715967,-0.9569396682142506,0));
#8305=FACE_BOUND('',#8306,.T.);
#8306=EDGE_LOOP('',(#8307,#8308,#8309));
#8307=ORIENTED_EDGE('',*,*,#8310,.T.);
#8308=ORIENTED_EDGE('',*,*,#8311,.T.);
#8309=ORIENTED_EDGE('',*,*,#8312,.T.);
#8310=EDGE_CURVE('',#409,#405,#8313,.F.);
#8311=EDGE_CURVE('',#405,#401,#8314,.T.);
#8312=EDGE_CURVE('',#401,#409,#8315,.T.);
#8313=LINE('',#408,#8316);
#8314=LINE('',#404,#8317);
#8315=LINE('',#400,#8318);
#8316=VECTOR('',#8319,1.0);
#8317=VECTOR('',#8320,1.0);
#8318=VECTOR('',#8321,1.0);
#8319=DIRECTION('',(-0.29028687775715967,-0.9569396682142506,0));
#8320=DIRECTION('',(-0.09801622777686082,-0.9951848165503705,0));
#8321=DIRECTION('',(0.19509040787318935,0.9807852633251953,0));
#8322=FACE_SURFACE('',(#8327),#8323,.T.);
#8323=PLANE('',#8324);
#8324=AXIS2_PLACEMENT_3D('',#400,#8325,#8326);
#8325=DIRECTION('',(0,0,1));
#8326=DIRECTION('',(0.09801622777686082,-0.9951848165503705,0));
#8327=FACE_BOUND('',#8328,.T.);
#8328=EDGE_LOOP('',(#8329,#8330,#8331));
#8329=ORIENTED_EDGE('',*,*,#8332,.T.);
#8330=ORIENTED_EDGE('',*,*,#8333,.T.);
#8331=ORIENTED_EDGE('',*,*,#8334,.T.);
#8332=EDGE_CURVE('',#401,#397,#8335,.F.);
#8333=EDGE_CURVE('',#397,#393,#8336,.T.);
#8334=EDGE_CURVE('',#393,#401,#8337,.T.);
#8335=LINE('',#400,#8338);
#8336=LINE('',#396,#8339);
#8337=LINE('',#392,#8340);
#8338=VECTOR('',#8341,1.0);
#8339=VECTOR('',#8342,1.0);
#8340=VECTOR('',#8343,1.0);
#8341=DIRECTION('',(0.09801622777686082,-0.9951848165503705,0));
#8342=DIRECTION('',(0.29028687775715967,-0.9569396682142506,0));
#8343=DIRECTION('',(-0.19509040787318935,0.9807852633251953,0));
#8344=FACE_SURFACE('',(#8349),#8345,.T.);
#8345=PLANE('',#8346);
#8346=AXIS2_PLACEMENT_3D('',#392,#8347,#8348);
#8347=DIRECTION('',(0,0,1));
#8348=DIRECTION('',(0.47138744838798496,-0.8819262290590211,0));
#8349=FACE_BOUND('',#8350,.T.);
#8350=EDGE_LOOP('',(#8351,#8352,#8353));
#8351=ORIENTED_EDGE('',*,*,#8354,.T.);
#8352=ORIENTED_EDGE('',*,*,#8355,.T.);
#8353=ORIENTED_EDGE('',*,*,#8356,.T.);
#8354=EDGE_CURVE('',#393,#389,#8357,.F.);
#8355=EDGE_CURVE('',#389,#385,#8358,.T.);
#8356=EDGE_CURVE('',#385,#393,#8359,.T.);
#8357=LINE('',#392,#8360);
#8358=LINE('',#388,#8361);
#8359=LINE('',#384,#8362);
#8360=VECTOR('',#8363,1.0);
#8361=VECTOR('',#8364,1.0);
#8362=VECTOR('',#8365,1.0);
#8363=DIRECTION('',(0.47138744838798496,-0.8819262290590211,0));
#8364=DIRECTION('',(0.6343974203505326,-0.7730070588633648,0));
#8365=DIRECTION('',(-0.5555673912342671,0.8314715111157752,0));
#8366=FACE_SURFACE('',(#8371),#8367,.T.);
#8367=PLANE('',#8368);
#8368=AXIS2_PLACEMENT_3D('',#384,#8369,#8370);
#8369=DIRECTION('',(0,0,1));
#8370=DIRECTION('',(0.773010974644484,-0.6343926489794667,0));
#8371=FACE_BOUND('',#8372,.T.);
#8372=EDGE_LOOP('',(#8373,#8374,#8375));
#8373=ORIENTED_EDGE('',*,*,#8376,.T.);
#8374=ORIENTED_EDGE('',*,*,#8377,.T.);
#8375=ORIENTED_EDGE('',*,*,#8378,.T.);
#8376=EDGE_CURVE('',#385,#381,#8379,.F.);
#8377=EDGE_CURVE('',#381,#377,#8380,.T.);
#8378=EDGE_CURVE('',#377,#385,#8381,.T.);
#8379=LINE('',#384,#8382);
#8380=LINE('',#380,#8383);
#8381=LINE('',#376,#8384);
#8382=VECTOR('',#8385,1.0);
#8383=VECTOR('',#8386,1.0);
#8384=VECTOR('',#8387,1.0);
#8385=DIRECTION('',(0.773010974644484,-0.6343926489794667,0));
#8386=DIRECTION('',(0.881920022130181,-0.47139906084537436,0));
#8387=DIRECTION('',(-0.8314692529919772,0.5555707707654927,0));
#8388=FACE_SURFACE('',(#8393),#8389,.T.);
#8389=PLANE('',#8390);
#8390=AXIS2_PLACEMENT_3D('',#376,#8391,#8392);
#8391=DIRECTION('',(0,0,1));
#8392=DIRECTION('',(0.9569423709767578,-0.290277967867665,0));
#8393=FACE_BOUND('',#8394,.T.);
#8394=EDGE_LOOP('',(#8395,#8396,#8397));
#8395=ORIENTED_EDGE('',*,*,#8398,.T.);
#8396=ORIENTED_EDGE('',*,*,#8399,.T.);
#8397=ORIENTED_EDGE('',*,*,#8400,.T.);
#8398=EDGE_CURVE('',#377,#373,#8401,.F.);
#8399=EDGE_CURVE('',#373,#369,#8402,.T.);
#8400=EDGE_CURVE('',#369,#377,#8403,.T.);
#8401=LINE('',#376,#8404);
#8402=LINE('',#372,#8405);
#8403=LINE('',#368,#8406);
#8404=VECTOR('',#8407,1.0);
#8405=VECTOR('',#8408,1.0);
#8406=VECTOR('',#8409,1.0);
#8407=DIRECTION('',(0.9569423709767578,-0.290277967867665,0));
#8408=DIRECTION('',(0.9951848165503705,-0.09801622777686082,0));
#8409=DIRECTION('',(-0.9807861986664705,0.19508570553829574,0));
#8410=FACE_SURFACE('',(#8415),#8411,.T.);
#8411=PLANE('',#8412);
#8412=AXIS2_PLACEMENT_3D('',#368,#8413,#8414);
#8413=DIRECTION('',(0,0,1));
#8414=DIRECTION('',(0.9951848165503705,0.09801622777686082,0));
#8415=FACE_BOUND('',#8416,.T.);
#8416=EDGE_LOOP('',(#8417,#8418,#8419));
#8417=ORIENTED_EDGE('',*,*,#8420,.T.);
#8418=ORIENTED_EDGE('',*,*,#8421,.T.);
#8419=ORIENTED_EDGE('',*,*,#8422,.T.);
#8420=EDGE_CURVE('',#369,#365,#8423,.F.);
#8421=EDGE_CURVE('',#365,#361,#8424,.T.);
#8422=EDGE_CURVE('',#361,#369,#8425,.T.);
#8423=LINE('',#368,#8426);
#8424=LINE('',#364,#8427);
#8425=LINE('',#360,#8428);
#8426=VECTOR('',#8429,1.0);
#8427=VECTOR('',#8430,1.0);
#8428=VECTOR('',#8431,1.0);
#8429=DIRECTION('',(0.9951848165503705,0.09801622777686082,0));
#8430=DIRECTION('',(0.9569423709767578,0.290277967867665,0));
#8431=DIRECTION('',(-0.9807861986664705,-0.19508570553829574,0));
#8432=FACE_SURFACE('',(#8437),#8433,.T.);
#8433=PLANE('',#8434);
#8434=AXIS2_PLACEMENT_3D('',#360,#8435,#8436);
#8435=DIRECTION('',(0,0,1));
#8436=DIRECTION('',(0.881920022130181,0.47139906084537436,0));
#8437=FACE_BOUND('',#8438,.T.);
#8438=EDGE_LOOP('',(#8439,#8440,#8441));
#8439=ORIENTED_EDGE('',*,*,#8442,.T.);
#8440=ORIENTED_EDGE('',*,*,#8443,.T.);
#8441=ORIENTED_EDGE('',*,*,#8444,.T.);
#8442=EDGE_CURVE('',#361,#357,#8445,.F.);
#8443=EDGE_CURVE('',#357,#353,#8446,.T.);
#8444=EDGE_CURVE('',#353,#361,#8447,.T.);
#8445=LINE('',#360,#8448);
#8446=LINE('',#356,#8449);
#8447=LINE('',#352,#8450);
#8448=VECTOR('',#8451,1.0);
#8449=VECTOR('',#8452,1.0);
#8450=VECTOR('',#8453,1.0);
#8451=DIRECTION('',(0.881920022130181,0.47139906084537436,0));
#8452=DIRECTION('',(0.773010974644484,0.6343926489794667,0));
#8453=DIRECTION('',(-0.8314692529919772,-0.5555707707654927,0));
#8454=FACE_SURFACE('',(#8459),#8455,.T.);
#8455=PLANE('',#8456);
#8456=AXIS2_PLACEMENT_3D('',#352,#8457,#8458);
#8457=DIRECTION('',(0,0,1));
#8458=DIRECTION('',(0.6343974203505326,0.7730070588633648,0));
#8459=FACE_BOUND('',#8460,.T.);
#8460=EDGE_LOOP('',(#8461,#8462,#8463));
#8461=ORIENTED_EDGE('',*,*,#8464,.T.);
#8462=ORIENTED_EDGE('',*,*,#8465,.T.);
#8463=ORIENTED_EDGE('',*,*,#8466,.T.);
#8464=EDGE_CURVE('',#353,#349,#8467,.F.);
#8465=EDGE_CURVE('',#349,#345,#8468,.T.);
#8466=EDGE_CURVE('',#345,#353,#8469,.T.);
#8467=LINE('',#352,#8470);
#8468=LINE('',#348,#8471);
#8469=LINE('',#344,#8472);
#8470=VECTOR('',#8473,1.0);
#8471=VECTOR('',#8474,1.0);
#8472=VECTOR('',#8475,1.0);
#8473=DIRECTION('',(0.6343974203505326,0.7730070588633648,0));
#8474=DIRECTION('',(0.47138744838798496,0.8819262290590211,0));
#8475=DIRECTION('',(-0.5555673912342671,-0.8314715111157752,0));
#8476=FACE_SURFACE('',(#8481),#8477,.T.);
#8477=PLANE('',#8478);
#8478=AXIS2_PLACEMENT_3D('',#344,#8479,#8480);
#8479=DIRECTION('',(0,0,1));
#8480=DIRECTION('',(0.29028687775715967,0.9569396682142506,0));
#8481=FACE_BOUND('',#8482,.T.);
#8482=EDGE_LOOP('',(#8483,#8484,#8485));
#8483=ORIENTED_EDGE('',*,*,#8486,.T.);
#8484=ORIENTED_EDGE('',*,*,#8487,.T.);
#8485=ORIENTED_EDGE('',*,*,#8488,.T.);
#8486=EDGE_CURVE('',#345,#341,#8489,.F.);
#8487=EDGE_CURVE('',#341,#337,#8490,.T.);
#8488=EDGE_CURVE('',#337,#345,#8491,.T.);
#8489=LINE('',#344,#8492);
#8490=LINE('',#340,#8493);
#8491=LINE('',#336,#8494);
#8492=VECTOR('',#8495,1.0);
#8493=VECTOR('',#8496,1.0);
#8494=VECTOR('',#8497,1.0);
#8495=DIRECTION('',(0.29028687775715967,0.9569396682142506,0));
#8496=DIRECTION('',(0.09801622777686082,0.9951848165503705,0));
#8497=DIRECTION('',(-0.19509040787318935,-0.9807852633251953,0));
#8498=FACE_SURFACE('',(#8503),#8499,.T.);
#8499=PLANE('',#8500);
#8500=AXIS2_PLACEMENT_3D('',#336,#8501,#8502);
#8501=DIRECTION('',(0,0,1));
#8502=DIRECTION('',(-0.09801622777686082,0.9951848165503705,0));
#8503=FACE_BOUND('',#8504,.T.);
#8504=EDGE_LOOP('',(#8505,#8506,#8507));
#8505=ORIENTED_EDGE('',*,*,#8508,.T.);
#8506=ORIENTED_EDGE('',*,*,#8509,.T.);
#8507=ORIENTED_EDGE('',*,*,#8510,.T.);
#8508=EDGE_CURVE('',#337,#333,#8511,.F.);
#8509=EDGE_CURVE('',#333,#329,#8512,.T.);
#8510=EDGE_CURVE('',#329,#337,#8513,.T.);
#8511=LINE('',#336,#8514);
#8512=LINE('',#332,#8515);
#8513=LINE('',#328,#8516);
#8514=VECTOR('',#8517,1.0);
#8515=VECTOR('',#8518,1.0);
#8516=VECTOR('',#8519,1.0);
#8517=DIRECTION('',(-0.09801622777686082,0.9951848165503705,0));
#8518=DIRECTION('',(-0.29028687775715967,0.9569396682142506,0));
#8519=DIRECTION('',(0.19509040787318935,-0.9807852633251953,0));
#8520=FACE_SURFACE('',(#8525),#8521,.T.);
#8521=PLANE('',#8522);
#8522=AXIS2_PLACEMENT_3D('',#328,#8523,#8524);
#8523=DIRECTION('',(0,0,1));
#8524=DIRECTION('',(-0.4713955382265359,0.8819219050120677,0));
#8525=FACE_BOUND('',#8526,.T.);
#8526=EDGE_LOOP('',(#8527,#8528,#8529));
#8527=ORIENTED_EDGE('',*,*,#8530,.T.);
#8528=ORIENTED_EDGE('',*,*,#8531,.T.);
#8529=ORIENTED_EDGE('',*,*,#8532,.T.);
#8530=EDGE_CURVE('',#329,#325,#8533,.F.);
#8531=EDGE_CURVE('',#325,#321,#8534,.T.);
#8532=EDGE_CURVE('',#321,#329,#8535,.T.);
#8533=LINE('',#328,#8536);
#8534=LINE('',#324,#8537);
#8535=LINE('',#320,#8538);
#8536=VECTOR('',#8539,1.0);
#8537=VECTOR('',#8540,1.0);
#8538=VECTOR('',#8541,1.0);
#8539=DIRECTION('',(-0.4713955382265359,0.8819219050120677,0));
#8540=DIRECTION('',(-0.634387877656003,0.773014890337251,0));
#8541=DIRECTION('',(0.5555673912342671,-0.8314715111157752,0));
#8542=FACE_SURFACE('',(#8547),#8543,.T.);
#8543=PLANE('',#8544);
#8544=AXIS2_PLACEMENT_3D('',#320,#8545,#8546);
#8545=DIRECTION('',(0,0,1));
#8546=DIRECTION('',(-0.773010974644484,0.6343926489794667,0));
#8547=FACE_BOUND('',#8548,.T.);
#8548=EDGE_LOOP('',(#8549,#8550,#8551));
#8549=ORIENTED_EDGE('',*,*,#8552,.T.);
#8550=ORIENTED_EDGE('',*,*,#8553,.T.);
#8551=ORIENTED_EDGE('',*,*,#8554,.T.);
#8552=EDGE_CURVE('',#321,#317,#8555,.F.);
#8553=EDGE_CURVE('',#317,#313,#8556,.T.);
#8554=EDGE_CURVE('',#313,#321,#8557,.T.);
#8555=LINE('',#320,#8558);
#8556=LINE('',#316,#8559);
#8557=LINE('',#312,#8560);
#8558=VECTOR('',#8561,1.0);
#8559=VECTOR('',#8562,1.0);
#8560=VECTOR('',#8563,1.0);
#8561=DIRECTION('',(-0.773010974644484,0.6343926489794667,0));
#8562=DIRECTION('',(-0.881928111968731,0.4713839256055192,0));
#8563=DIRECTION('',(0.8314737692381023,-0.555564011675507,0));
#8564=FACE_SURFACE('',(#8569),#8565,.T.);
#8565=PLANE('',#8566);
#8566=AXIS2_PLACEMENT_3D('',#312,#8567,#8568);
#8567=DIRECTION('',(0,0,1));
#8568=DIRECTION('',(-0.9807843279631591,0.19509511019462947,0));
#8569=FACE_BOUND('',#8570,.T.);
#8570=EDGE_LOOP('',(#8571,#8572,#8573));
#8571=ORIENTED_EDGE('',*,*,#8574,.T.);
#8572=ORIENTED_EDGE('',*,*,#8575,.T.);
#8573=ORIENTED_EDGE('',*,*,#8576,.T.);
#8574=EDGE_CURVE('',#313,#307,#8577,.F.);
#8575=EDGE_CURVE('',#307,#425,#8578,.T.);
#8576=EDGE_CURVE('',#425,#313,#8579,.T.);
#8577=LINE('',#312,#8580);
#8578=LINE('',#306,#8581);
#8579=LINE('',#424,#8582);
#8580=VECTOR('',#8583,1.0);
#8581=VECTOR('',#8584,1.0);
#8582=VECTOR('',#8585,1.0);
#8583=DIRECTION('',(-0.9807843279631591,0.19509511019462947,0));
#8584=DIRECTION('',(-0.9807843279631591,-0.19509511019462947,0));
#8585=DIRECTION('',(1,0,0));
#8586=FACE_SURFACE('',(#8591),#8587,.T.);
#8587=PLANE('',#8588);
#8588=AXIS2_PLACEMENT_3D('',#424,#8589,#8590);
#8589=DIRECTION('',(0,0,1));
#8590=DIRECTION('',(-0.8314737692381023,-0.555564011675507,0));
#8591=FACE_BOUND('',#8592,.T.);
#8592=EDGE_LOOP('',(#8593,#8594,#8595));
#8593=ORIENTED_EDGE('',*,*,#8596,.T.);
#8594=ORIENTED_EDGE('',*,*,#8597,.T.);
#8595=ORIENTED_EDGE('',*,*,#8598,.T.);
#8596=EDGE_CURVE('',#425,#417,#8599,.F.);
#8597=EDGE_CURVE('',#417,#409,#8600,.T.);
#8598=EDGE_CURVE('',#409,#425,#8601,.T.);
#8599=LINE('',#424,#8602);
#8600=LINE('',#416,#8603);
#8601=LINE('',#408,#8604);
#8602=VECTOR('',#8605,1.0);
#8603=VECTOR('',#8606,1.0);
#8604=VECTOR('',#8607,1.0);
#8605=DIRECTION('',(-0.8314737692381023,-0.555564011675507,0));
#8606=DIRECTION('',(-0.5555673912342671,-0.8314715111157752,0));
#8607=DIRECTION('',(0.7071080272215231,0.7071055351493761,0));
#8608=FACE_SURFACE('',(#8613),#8609,.T.);
#8609=PLANE('',#8610);
#8610=AXIS2_PLACEMENT_3D('',#408,#8611,#8612);
#8611=DIRECTION('',(0,0,1));
#8612=DIRECTION('',(-0.19509040787318935,-0.9807852633251953,0));
#8613=FACE_BOUND('',#8614,.T.);
#8614=EDGE_LOOP('',(#8615,#8616,#8617));
#8615=ORIENTED_EDGE('',*,*,#8618,.T.);
#8616=ORIENTED_EDGE('',*,*,#8619,.T.);
#8617=ORIENTED_EDGE('',*,*,#8620,.T.);
#8618=EDGE_CURVE('',#409,#401,#8621,.F.);
#8619=EDGE_CURVE('',#401,#393,#8622,.T.);
#8620=EDGE_CURVE('',#393,#409,#8623,.T.);
#8621=LINE('',#408,#8624);
#8622=LINE('',#400,#8625);
#8623=LINE('',#392,#8626);
#8624=VECTOR('',#8627,1.0);
#8625=VECTOR('',#8628,1.0);
#8626=VECTOR('',#8629,1.0);
#8627=DIRECTION('',(-0.19509040787318935,-0.9807852633251953,0));
#8628=DIRECTION('',(0.19509040787318935,-0.9807852633251953,0));
#8629=DIRECTION('',(0,1,0));
#8630=FACE_SURFACE('',(#8635),#8631,.T.);
#8631=PLANE('',#8632);
#8632=AXIS2_PLACEMENT_3D('',#392,#8633,#8634);
#8633=DIRECTION('',(0,0,1));
#8634=DIRECTION('',(0.5555673912342671,-0.8314715111157752,0));
#8635=FACE_BOUND('',#8636,.T.);
#8636=EDGE_LOOP('',(#8637,#8638,#8639));
#8637=ORIENTED_EDGE('',*,*,#8640,.T.);
#8638=ORIENTED_EDGE('',*,*,#8641,.T.);
#8639=ORIENTED_EDGE('',*,*,#8642,.T.);
#8640=EDGE_CURVE('',#393,#385,#8643,.F.);
#8641=EDGE_CURVE('',#385,#377,#8644,.T.);
#8642=EDGE_CURVE('',#377,#393,#8645,.T.);
#8643=LINE('',#392,#8646);
#8644=LINE('',#384,#8647);
#8645=LINE('',#376,#8648);
#8646=VECTOR('',#8649,1.0);
#8647=VECTOR('',#8650,1.0);
#8648=VECTOR('',#8651,1.0);
#8649=DIRECTION('',(0.5555673912342671,-0.8314715111157752,0));
#8650=DIRECTION('',(0.8314692529919772,-0.5555707707654927,0));
#8651=DIRECTION('',(-0.7071055351537676,0.7071080272171318,0));
#8652=FACE_SURFACE('',(#8657),#8653,.T.);
#8653=PLANE('',#8654);
#8654=AXIS2_PLACEMENT_3D('',#376,#8655,#8656);
#8655=DIRECTION('',(-0,0,1));
#8656=DIRECTION('',(0.9807861986664705,-0.19508570553829574,0));
#8657=FACE_BOUND('',#8658,.T.);
#8658=EDGE_LOOP('',(#8659,#8660,#8661));
#8659=ORIENTED_EDGE('',*,*,#8662,.T.);
#8660=ORIENTED_EDGE('',*,*,#8663,.T.);
#8661=ORIENTED_EDGE('',*,*,#8664,.T.);
#8662=EDGE_CURVE('',#377,#369,#8665,.F.);
#8663=EDGE_CURVE('',#369,#361,#8666,.T.);
#8664=EDGE_CURVE('',#361,#377,#8667,.T.);
#8665=LINE('',#376,#8668);
#8666=LINE('',#368,#8669);
#8667=LINE('',#360,#8670);
#8668=VECTOR('',#8671,1.0);
#8669=VECTOR('',#8672,1.0);
#8670=VECTOR('',#8673,1.0);
#8671=DIRECTION('',(0.9807861986664705,-0.19508570553829574,0));
#8672=DIRECTION('',(0.9807861986664705,0.19508570553829574,0));
#8673=DIRECTION('',(-1,0,0));
#8674=FACE_SURFACE('',(#8679),#8675,.T.);
#8675=PLANE('',#8676);
#8676=AXIS2_PLACEMENT_3D('',#360,#8677,#8678);
#8677=DIRECTION('',(0,0,1));
#8678=DIRECTION('',(0.8314692529919772,0.5555707707654927,0));
#8679=FACE_BOUND('',#8680,.T.);
#8680=EDGE_LOOP('',(#8681,#8682,#8683));
#8681=ORIENTED_EDGE('',*,*,#8684,.T.);
#8682=ORIENTED_EDGE('',*,*,#8685,.T.);
#8683=ORIENTED_EDGE('',*,*,#8686,.T.);
#8684=EDGE_CURVE('',#361,#353,#8687,.F.);
#8685=EDGE_CURVE('',#353,#345,#8688,.T.);
#8686=EDGE_CURVE('',#345,#361,#8689,.T.);
#8687=LINE('',#360,#8690);
#8688=LINE('',#352,#8691);
#8689=LINE('',#344,#8692);
#8690=VECTOR('',#8693,1.0);
#8691=VECTOR('',#8694,1.0);
#8692=VECTOR('',#8695,1.0);
#8693=DIRECTION('',(0.8314692529919772,0.5555707707654927,0));
#8694=DIRECTION('',(0.5555673912342671,0.8314715111157752,0));
#8695=DIRECTION('',(-0.7071055351537676,-0.7071080272171318,0));
#8696=FACE_SURFACE('',(#8701),#8697,.T.);
#8697=PLANE('',#8698);
#8698=AXIS2_PLACEMENT_3D('',#344,#8699,#8700);
#8699=DIRECTION('',(0,0,1));
#8700=DIRECTION('',(0.19509040787318935,0.9807852633251953,0));
#8701=FACE_BOUND('',#8702,.T.);
#8702=EDGE_LOOP('',(#8703,#8704,#8705));
#8703=ORIENTED_EDGE('',*,*,#8706,.T.);
#8704=ORIENTED_EDGE('',*,*,#8707,.T.);
#8705=ORIENTED_EDGE('',*,*,#8708,.T.);
#8706=EDGE_CURVE('',#345,#337,#8709,.F.);
#8707=EDGE_CURVE('',#337,#329,#8710,.T.);
#8708=EDGE_CURVE('',#329,#345,#8711,.T.);
#8709=LINE('',#344,#8712);
#8710=LINE('',#336,#8713);
#8711=LINE('',#328,#8714);
#8712=VECTOR('',#8715,1.0);
#8713=VECTOR('',#8716,1.0);
#8714=VECTOR('',#8717,1.0);
#8715=DIRECTION('',(0.19509040787318935,0.9807852633251953,0));
#8716=DIRECTION('',(-0.19509040787318935,0.9807852633251953,0));
#8717=DIRECTION('',(0,-1,0));
#8718=FACE_SURFACE('',(#8723),#8719,.T.);
#8719=PLANE('',#8720);
#8720=AXIS2_PLACEMENT_3D('',#328,#8721,#8722);
#8721=DIRECTION('',(0,0,1));
#8722=DIRECTION('',(-0.5555673912342671,0.8314715111157752,0));
#8723=FACE_BOUND('',#8724,.T.);
#8724=EDGE_LOOP('',(#8725,#8726,#8727));
#8725=ORIENTED_EDGE('',*,*,#8728,.T.);
#8726=ORIENTED_EDGE('',*,*,#8729,.T.);
#8727=ORIENTED_EDGE('',*,*,#8730,.T.);
#8728=EDGE_CURVE('',#329,#321,#8731,.F.);
#8729=EDGE_CURVE('',#321,#313,#8732,.T.);
#8730=EDGE_CURVE('',#313,#329,#8733,.T.);
#8731=LINE('',#328,#8734);
#8732=LINE('',#320,#8735);
#8733=LINE('',#312,#8736);
#8734=VECTOR('',#8737,1.0);
#8735=VECTOR('',#8738,1.0);
#8736=VECTOR('',#8739,1.0);
#8737=DIRECTION('',(-0.5555673912342671,0.8314715111157752,0));
#8738=DIRECTION('',(-0.8314737692381023,0.555564011675507,0));
#8739=DIRECTION('',(0.7071080272215231,-0.7071055351493761,0));
#8740=FACE_SURFACE('',(#8745),#8741,.T.);
#8741=PLANE('',#8742);
#8742=AXIS2_PLACEMENT_3D('',#312,#8743,#8744);
#8743=DIRECTION('',(0,0,1));
#8744=DIRECTION('',(-1,0,0));
#8745=FACE_BOUND('',#8746,.T.);
#8746=EDGE_LOOP('',(#8747,#8748,#8749));
#8747=ORIENTED_EDGE('',*,*,#8750,.T.);
#8748=ORIENTED_EDGE('',*,*,#8751,.T.);
#8749=ORIENTED_EDGE('',*,*,#8752,.T.);
#8750=EDGE_CURVE('',#313,#425,#8753,.F.);
#8751=EDGE_CURVE('',#425,#409,#8754,.T.);
#8752=EDGE_CURVE('',#409,#313,#8755,.T.);
#8753=LINE('',#312,#8756);
#8754=LINE('',#424,#8757);
#8755=LINE('',#408,#8758);
#8756=VECTOR('',#8759,1.0);
#8757=VECTOR('',#8760,1.0);
#8758=VECTOR('',#8761,1.0);
#8759=DIRECTION('',(-1,0,0));
#8760=DIRECTION('',(-0.7071080272215231,-0.7071055351493761,0));
#8761=DIRECTION('',(0.9238797725649232,0.38268285282383074,0));
#8762=FACE_SURFACE('',(#8767),#8763,.T.);
#8763=PLANE('',#8764);
#8764=AXIS2_PLACEMENT_3D('',#408,#8765,#8766);
#8765=DIRECTION('',(0,0,1));
#8766=DIRECTION('',(0,-1,0));
#8767=FACE_BOUND('',#8768,.T.);
#8768=EDGE_LOOP('',(#8769,#8770,#8771));
#8769=ORIENTED_EDGE('',*,*,#8772,.T.);
#8770=ORIENTED_EDGE('',*,*,#8773,.T.);
#8771=ORIENTED_EDGE('',*,*,#8774,.T.);
#8772=EDGE_CURVE('',#409,#393,#8775,.F.);
#8773=EDGE_CURVE('',#393,#377,#8776,.T.);
#8774=EDGE_CURVE('',#377,#409,#8777,.T.);
#8775=LINE('',#408,#8778);
#8776=LINE('',#392,#8779);
#8777=LINE('',#376,#8780);
#8778=VECTOR('',#8781,1.0);
#8779=VECTOR('',#8782,1.0);
#8780=VECTOR('',#8783,1.0);
#8781=DIRECTION('',(0,-1,0));
#8782=DIRECTION('',(0.7071055351537676,-0.7071080272171318,0));
#8783=DIRECTION('',(-0.3826835271737677,0.9238794932402408,0));
#8784=FACE_SURFACE('',(#8789),#8785,.T.);
#8785=PLANE('',#8786);
#8786=AXIS2_PLACEMENT_3D('',#376,#8787,#8788);
#8787=DIRECTION('',(0,0,1));
#8788=DIRECTION('',(1,0,0));
#8789=FACE_BOUND('',#8790,.T.);
#8790=EDGE_LOOP('',(#8791,#8792,#8793));
#8791=ORIENTED_EDGE('',*,*,#8794,.T.);
#8792=ORIENTED_EDGE('',*,*,#8795,.T.);
#8793=ORIENTED_EDGE('',*,*,#8796,.T.);
#8794=EDGE_CURVE('',#377,#361,#8797,.F.);
#8795=EDGE_CURVE('',#361,#345,#8798,.T.);
#8796=EDGE_CURVE('',#345,#377,#8799,.T.);
#8797=LINE('',#376,#8800);
#8798=LINE('',#360,#8801);
#8799=LINE('',#344,#8802);
#8800=VECTOR('',#8803,1.0);
#8801=VECTOR('',#8804,1.0);
#8802=VECTOR('',#8805,1.0);
#8803=DIRECTION('',(1,0,0));
#8804=DIRECTION('',(0.7071055351537676,0.7071080272171318,0));
#8805=DIRECTION('',(-0.9238788188892761,-0.38268515519648294,0));
#8806=FACE_SURFACE('',(#8811),#8807,.T.);
#8807=PLANE('',#8808);
#8808=AXIS2_PLACEMENT_3D('',#344,#8809,#8810);
#8809=DIRECTION('',(0,-0,1));
#8810=DIRECTION('',(0,1,0));
#8811=FACE_BOUND('',#8812,.T.);
#8812=EDGE_LOOP('',(#8813,#8814,#8815));
#8813=ORIENTED_EDGE('',*,*,#8816,.T.);
#8814=ORIENTED_EDGE('',*,*,#8817,.T.);
#8815=ORIENTED_EDGE('',*,*,#8818,.T.);
#8816=EDGE_CURVE('',#345,#329,#8819,.F.);
#8817=EDGE_CURVE('',#329,#313,#8820,.T.);
#8818=EDGE_CURVE('',#313,#345,#8821,.T.);
#8819=LINE('',#344,#8822);
#8820=LINE('',#328,#8823);
#8821=LINE('',#312,#8824);
#8822=VECTOR('',#8825,1.0);
#8823=VECTOR('',#8826,1.0);
#8824=VECTOR('',#8827,1.0);
#8825=DIRECTION('',(0,1,0));
#8826=DIRECTION('',(-0.7071080272215231,0.7071055351493761,0));
#8827=DIRECTION('',(0.38268448084941487,-0.9238790982141624,0));
#8828=FACE_SURFACE('',(#8833),#8829,.T.);
#8829=PLANE('',#8830);
#8830=AXIS2_PLACEMENT_3D('',#312,#8831,#8832);
#8831=DIRECTION('',(0,0,1));
#8832=DIRECTION('',(-0.9238797725649232,-0.38268285282383074,0));
#8833=FACE_BOUND('',#8834,.T.);
#8834=EDGE_LOOP('',(#8835,#8836,#8837));
#8835=ORIENTED_EDGE('',*,*,#8838,.T.);
#8836=ORIENTED_EDGE('',*,*,#8839,.T.);
#8837=ORIENTED_EDGE('',*,*,#8840,.T.);
#8838=EDGE_CURVE('',#313,#409,#8841,.F.);
#8839=EDGE_CURVE('',#409,#377,#8842,.T.);
#8840=EDGE_CURVE('',#377,#313,#8843,.T.);
#8841=LINE('',#312,#8844);
#8842=LINE('',#408,#8845);
#8843=LINE('',#376,#8846);
#8844=VECTOR('',#8847,1.0);
#8845=VECTOR('',#8848,1.0);
#8846=VECTOR('',#8849,1.0);
#8847=DIRECTION('',(-0.9238797725649232,-0.38268285282383074,0));
#8848=DIRECTION('',(0.3826835271737677,-0.9238794932402408,0));
#8849=DIRECTION('',(0.38268286071898494,0.923879769294649,0));
#8850=FACE_SURFACE('',(#8855),#8851,.T.);
#8851=PLANE('',#8852);
#8852=AXIS2_PLACEMENT_3D('',#376,#8853,#8854);
#8853=DIRECTION('',(0,0,1));
#8854=DIRECTION('',(0.9238788188892761,0.38268515519648294,0));
#8855=FACE_BOUND('',#8856,.T.);
#8856=EDGE_LOOP('',(#8857,#8858,#8859));
#8857=ORIENTED_EDGE('',*,*,#8860,.T.);
#8858=ORIENTED_EDGE('',*,*,#8861,.T.);
#8859=ORIENTED_EDGE('',*,*,#8862,.T.);
#8860=EDGE_CURVE('',#377,#345,#8863,.F.);
#8861=EDGE_CURVE('',#345,#313,#8864,.T.);
#8862=EDGE_CURVE('',#313,#377,#8865,.T.);
#8863=LINE('',#376,#8866);
#8864=LINE('',#344,#8867);
#8865=LINE('',#312,#8868);
#8866=VECTOR('',#8869,1.0);
#8867=VECTOR('',#8870,1.0);
#8868=VECTOR('',#8871,1.0);
#8869=DIRECTION('',(0.9238788188892761,0.38268515519648294,0));
#8870=DIRECTION('',(-0.38268448084941487,0.9238790982141624,0));
#8871=DIRECTION('',(-0.38268286071898494,-0.923879769294649,0));
#8872=FACE_SURFACE('',(#8877),#8873,.T.);
#8873=PLANE('',#8874);
#8874=AXIS2_PLACEMENT_3D('',#426,#8875,#8876);
#8875=DIRECTION('',(-0.2902957875711588,0.9569369653840533,0));
#8876=DIRECTION('',(0,0,1));
#8877=FACE_BOUND('',#8878,.T.);
#8878=EDGE_LOOP('',(#8879,#8880,#8881));
#8879=ORIENTED_EDGE('',*,*,#8882,.T.);
#8880=ORIENTED_EDGE('',*,*,#8883,.T.);
#8881=ORIENTED_EDGE('',*,*,#8884,.T.);
#8882=EDGE_CURVE('',#427,#425,#8885,.F.);
#8883=EDGE_CURVE('',#425,#429,#8886,.T.);
#8884=EDGE_CURVE('',#429,#427,#8887,.T.);
#8885=LINE('',#426,#8888);
#8886=LINE('',#424,#8889);
#8887=LINE('',#428,#8890);
#8888=VECTOR('',#8891,1.0);
#8889=VECTOR('',#8892,1.0);
#8890=VECTOR('',#8893,1.0);
#8891=DIRECTION('',(0,0,1));
#8892=DIRECTION('',(0.9569369653840532,0.2902957875711588,0));
#8893=DIRECTION('',(-0.07480699246713768,-0.02269340152970473,-0.9969397792269267));
#8894=FACE_SURFACE('',(#8899),#8895,.T.);
#8895=PLANE('',#8896);
#8896=AXIS2_PLACEMENT_3D('',#426,#8897,#8898);
#8897=DIRECTION('',(-0.2902957875711588,0.9569369653840533,0));
#8898=DIRECTION('',(0.07480699246713768,0.02269340152970473,0.9969397792269267));
#8899=FACE_BOUND('',#8900,.T.);
#8900=EDGE_LOOP('',(#8901,#8902,#8903));
#8901=ORIENTED_EDGE('',*,*,#8904,.T.);
#8902=ORIENTED_EDGE('',*,*,#8905,.T.);
#8903=ORIENTED_EDGE('',*,*,#8906,.T.);
#8904=EDGE_CURVE('',#427,#429,#8907,.F.);
#8905=EDGE_CURVE('',#429,#431,#8908,.T.);
#8906=EDGE_CURVE('',#431,#427,#8909,.T.);
#8907=LINE('',#426,#8910);
#8908=LINE('',#428,#8911);
#8909=LINE('',#430,#8912);
#8910=VECTOR('',#8913,1.0);
#8911=VECTOR('',#8914,1.0);
#8912=VECTOR('',#8915,1.0);
#8913=DIRECTION('',(0.07480699246713768,0.02269340152970473,0.9969397792269267));
#8914=DIRECTION('',(0,0,-1));
#8915=DIRECTION('',(-0.9569369653840532,-0.2902957875711588,0));
#8916=FACE_SURFACE('',(#8921),#8917,.T.);
#8917=PLANE('',#8918);
#8918=AXIS2_PLACEMENT_3D('',#430,#8919,#8920);
#8919=DIRECTION('',(-0.09801622777686081,0.9951848165503704,0));
#8920=DIRECTION('',(0,0,1));
#8921=FACE_BOUND('',#8922,.T.);
#8922=EDGE_LOOP('',(#8923,#8924,#8925));
#8923=ORIENTED_EDGE('',*,*,#8926,.T.);
#8924=ORIENTED_EDGE('',*,*,#8927,.T.);
#8925=ORIENTED_EDGE('',*,*,#8928,.T.);
#8926=EDGE_CURVE('',#431,#429,#8929,.F.);
#8927=EDGE_CURVE('',#429,#307,#8930,.T.);
#8928=EDGE_CURVE('',#307,#431,#8931,.T.);
#8929=LINE('',#430,#8932);
#8930=LINE('',#428,#8933);
#8931=LINE('',#306,#8934);
#8932=VECTOR('',#8935,1.0);
#8933=VECTOR('',#8936,1.0);
#8934=VECTOR('',#8937,1.0);
#8935=DIRECTION('',(0,0,1));
#8936=DIRECTION('',(0.9951848165503705,0.09801622777686082,0));
#8937=DIRECTION('',(-0.07779768562235291,-0.007662331204876454,-0.9969397217446561));
#8938=FACE_SURFACE('',(#8943),#8939,.T.);
#8939=PLANE('',#8940);
#8940=AXIS2_PLACEMENT_3D('',#430,#8941,#8942);
#8941=DIRECTION('',(-0.09801622777686081,0.9951848165503704,0));
#8942=DIRECTION('',(0.07779768562235291,0.007662331204876454,0.9969397217446561));
#8943=FACE_BOUND('',#8944,.T.);
#8944=EDGE_LOOP('',(#8945,#8946,#8947));
#8945=ORIENTED_EDGE('',*,*,#8948,.T.);
#8946=ORIENTED_EDGE('',*,*,#8949,.T.);
#8947=ORIENTED_EDGE('',*,*,#8950,.T.);
#8948=EDGE_CURVE('',#431,#307,#8951,.F.);
#8949=EDGE_CURVE('',#307,#305,#8952,.T.);
#8950=EDGE_CURVE('',#305,#431,#8953,.T.);
#8951=LINE('',#430,#8954);
#8952=LINE('',#306,#8955);
#8953=LINE('',#304,#8956);
#8954=VECTOR('',#8957,1.0);
#8955=VECTOR('',#8958,1.0);
#8956=VECTOR('',#8959,1.0);
#8957=DIRECTION('',(0.07779768562235291,0.007662331204876454,0.9969397217446561));
#8958=DIRECTION('',(0,0,-1));
#8959=DIRECTION('',(-0.9951848165503705,-0.09801622777686082,0));
#8960=FACE_SURFACE('',(#8965),#8961,.T.);
#8961=PLANE('',#8962);
#8962=AXIS2_PLACEMENT_3D('',#430,#8963,#8964);
#8963=DIRECTION('',(0,0,-1));
#8964=DIRECTION('',(0.9951848165503705,0.09801622777686082,0));
#8965=FACE_BOUND('',#8966,.T.);
#8966=EDGE_LOOP('',(#8967,#8968,#8969));
#8967=ORIENTED_EDGE('',*,*,#8970,.T.);
#8968=ORIENTED_EDGE('',*,*,#8971,.T.);
#8969=ORIENTED_EDGE('',*,*,#8972,.T.);
#8970=EDGE_CURVE('',#431,#305,#8973,.F.);
#8971=EDGE_CURVE('',#305,#311,#8974,.T.);
#8972=EDGE_CURVE('',#311,#431,#8975,.T.);
#8973=LINE('',#430,#8976);
#8974=LINE('',#304,#8977);
#8975=LINE('',#310,#8978);
#8976=VECTOR('',#8979,1.0);
#8977=VECTOR('',#8980,1.0);
#8978=VECTOR('',#8981,1.0);
#8979=DIRECTION('',(0.9951848165503705,0.09801622777686082,0));
#8980=DIRECTION('',(0.9951848165503705,-0.09801622777686082,0));
#8981=DIRECTION('',(-1,0,0));
#8982=FACE_SURFACE('',(#8987),#8983,.T.);
#8983=PLANE('',#8984);
#8984=AXIS2_PLACEMENT_3D('',#310,#8985,#8986);
#8985=DIRECTION('',(0,0,-1));
#8986=DIRECTION('',(0.9569369653840532,-0.2902957875711588,0));
#8987=FACE_BOUND('',#8988,.T.);
#8988=EDGE_LOOP('',(#8989,#8990,#8991));
#8989=ORIENTED_EDGE('',*,*,#8992,.T.);
#8990=ORIENTED_EDGE('',*,*,#8993,.T.);
#8991=ORIENTED_EDGE('',*,*,#8994,.T.);
#8992=EDGE_CURVE('',#311,#315,#8995,.F.);
#8993=EDGE_CURVE('',#315,#319,#8996,.T.);
#8994=EDGE_CURVE('',#319,#311,#8997,.T.);
#8995=LINE('',#310,#8998);
#8996=LINE('',#314,#8999);
#8997=LINE('',#318,#9000);
#8998=VECTOR('',#9001,1.0);
#8999=VECTOR('',#9002,1.0);
#9000=VECTOR('',#9003,1.0);
#9001=DIRECTION('',(0.9569369653840532,-0.2902957875711588,0));
#9002=DIRECTION('',(0.881928111968731,-0.4713839256055192,0));
#9003=DIRECTION('',(-0.923880037556855,0.3826822130749535,0));
#9004=FACE_SURFACE('',(#9009),#9005,.T.);
#9005=PLANE('',#9006);
#9006=AXIS2_PLACEMENT_3D('',#318,#9007,#9008);
#9007=DIRECTION('',(0,0,-1));
#9008=DIRECTION('',(0.773010974644484,-0.6343926489794667,0));
#9009=FACE_BOUND('',#9010,.T.);
#9010=EDGE_LOOP('',(#9011,#9012,#9013));
#9011=ORIENTED_EDGE('',*,*,#9014,.T.);
#9012=ORIENTED_EDGE('',*,*,#9015,.T.);
#9013=ORIENTED_EDGE('',*,*,#9016,.T.);
#9014=EDGE_CURVE('',#319,#323,#9017,.F.);
#9015=EDGE_CURVE('',#323,#327,#9018,.T.);
#9016=EDGE_CURVE('',#327,#319,#9019,.T.);
#9017=LINE('',#318,#9020);
#9018=LINE('',#322,#9021);
#9019=LINE('',#326,#9022);
#9020=VECTOR('',#9023,1.0);
#9021=VECTOR('',#9024,1.0);
#9022=VECTOR('',#9025,1.0);
#9023=DIRECTION('',(0.773010974644484,-0.6343926489794667,0));
#9024=DIRECTION('',(0.634387877656003,-0.773014890337251,0));
#9025=DIRECTION('',(-0.7071043370086328,0.7071092253560138,0));
#9026=FACE_SURFACE('',(#9031),#9027,.T.);
#9027=PLANE('',#9028);
#9028=AXIS2_PLACEMENT_3D('',#326,#9029,#9030);
#9029=DIRECTION('',(0,0,-1));
#9030=DIRECTION('',(0.4713955382265359,-0.8819219050120677,0));
#9031=FACE_BOUND('',#9032,.T.);
#9032=EDGE_LOOP('',(#9033,#9034,#9035));
#9033=ORIENTED_EDGE('',*,*,#9036,.T.);
#9034=ORIENTED_EDGE('',*,*,#9037,.T.);
#9035=ORIENTED_EDGE('',*,*,#9038,.T.);
#9036=EDGE_CURVE('',#327,#331,#9039,.F.);
#9037=EDGE_CURVE('',#331,#335,#9040,.T.);
#9038=EDGE_CURVE('',#335,#327,#9041,.T.);
#9039=LINE('',#326,#9042);
#9040=LINE('',#330,#9043);
#9041=LINE('',#334,#9044);
#9042=VECTOR('',#9045,1.0);
#9043=VECTOR('',#9046,1.0);
#9044=VECTOR('',#9047,1.0);
#9045=DIRECTION('',(0.4713955382265359,-0.8819219050120677,0));
#9046=DIRECTION('',(0.29028687775715967,-0.9569396682142506,0));
#9047=DIRECTION('',(-0.3826839413820847,0.9238793216693797,0));
#9048=FACE_SURFACE('',(#9053),#9049,.T.);
#9049=PLANE('',#9050);
#9050=AXIS2_PLACEMENT_3D('',#334,#9051,#9052);
#9051=DIRECTION('',(0,0,-1));
#9052=DIRECTION('',(0.09801622777686082,-0.9951848165503705,0));
#9053=FACE_BOUND('',#9054,.T.);
#9054=EDGE_LOOP('',(#9055,#9056,#9057));
#9055=ORIENTED_EDGE('',*,*,#9058,.T.);
#9056=ORIENTED_EDGE('',*,*,#9059,.T.);
#9057=ORIENTED_EDGE('',*,*,#9060,.T.);
#9058=EDGE_CURVE('',#335,#339,#9061,.F.);
#9059=EDGE_CURVE('',#339,#343,#9062,.T.);
#9060=EDGE_CURVE('',#343,#335,#9063,.T.);
#9061=LINE('',#334,#9064);
#9062=LINE('',#338,#9065);
#9063=LINE('',#342,#9066);
#9064=VECTOR('',#9067,1.0);
#9065=VECTOR('',#9068,1.0);
#9066=VECTOR('',#9069,1.0);
#9067=DIRECTION('',(0.09801622777686082,-0.9951848165503705,0));
#9068=DIRECTION('',(-0.09801622777686082,-0.9951848165503705,0));
#9069=DIRECTION('',(0,1,0));
#9070=FACE_SURFACE('',(#9075),#9071,.T.);
#9071=PLANE('',#9072);
#9072=AXIS2_PLACEMENT_3D('',#342,#9073,#9074);
#9073=DIRECTION('',(0,0,-1));
#9074=DIRECTION('',(-0.29028687775715967,-0.9569396682142506,0));
#9075=FACE_BOUND('',#9076,.T.);
#9076=EDGE_LOOP('',(#9077,#9078,#9079));
#9077=ORIENTED_EDGE('',*,*,#9080,.T.);
#9078=ORIENTED_EDGE('',*,*,#9081,.T.);
#9079=ORIENTED_EDGE('',*,*,#9082,.T.);
#9080=EDGE_CURVE('',#343,#347,#9083,.F.);
#9081=EDGE_CURVE('',#347,#351,#9084,.T.);
#9082=EDGE_CURVE('',#351,#343,#9085,.T.);
#9083=LINE('',#342,#9086);
#9084=LINE('',#346,#9087);
#9085=LINE('',#350,#9088);
#9086=VECTOR('',#9089,1.0);
#9087=VECTOR('',#9090,1.0);
#9088=VECTOR('',#9091,1.0);
#9089=DIRECTION('',(-0.29028687775715967,-0.9569396682142506,0));
#9090=DIRECTION('',(-0.47138744838798496,-0.8819262290590211,0));
#9091=DIRECTION('',(0.3826804847820941,0.923880753434631,0));
#9092=FACE_SURFACE('',(#9097),#9093,.T.);
#9093=PLANE('',#9094);
#9094=AXIS2_PLACEMENT_3D('',#350,#9095,#9096);
#9095=DIRECTION('',(0,0,-1));
#9096=DIRECTION('',(-0.6343974203505326,-0.7730070588633648,0));
#9097=FACE_BOUND('',#9098,.T.);
#9098=EDGE_LOOP('',(#9099,#9100,#9101));
#9099=ORIENTED_EDGE('',*,*,#9102,.T.);
#9100=ORIENTED_EDGE('',*,*,#9103,.T.);
#9101=ORIENTED_EDGE('',*,*,#9104,.T.);
#9102=EDGE_CURVE('',#351,#355,#9105,.F.);
#9103=EDGE_CURVE('',#355,#359,#9106,.T.);
#9104=EDGE_CURVE('',#359,#351,#9107,.T.);
#9105=LINE('',#350,#9108);
#9106=LINE('',#354,#9109);
#9107=LINE('',#358,#9110);
#9108=VECTOR('',#9111,1.0);
#9109=VECTOR('',#9112,1.0);
#9110=VECTOR('',#9113,1.0);
#9111=DIRECTION('',(-0.6343974203505326,-0.7730070588633648,0));
#9112=DIRECTION('',(-0.773010974644484,-0.6343926489794667,0));
#9113=DIRECTION('',(0.7071092253729109,0.7071043369917356,0));
#9114=FACE_SURFACE('',(#9119),#9115,.T.);
#9115=PLANE('',#9116);
#9116=AXIS2_PLACEMENT_3D('',#358,#9117,#9118);
#9117=DIRECTION('',(0,0,-1));
#9118=DIRECTION('',(-0.881920022130181,-0.47139906084537436,0));
#9119=FACE_BOUND('',#9120,.T.);
#9120=EDGE_LOOP('',(#9121,#9122,#9123));
#9121=ORIENTED_EDGE('',*,*,#9124,.T.);
#9122=ORIENTED_EDGE('',*,*,#9125,.T.);
#9123=ORIENTED_EDGE('',*,*,#9126,.T.);
#9124=EDGE_CURVE('',#359,#363,#9127,.F.);
#9125=EDGE_CURVE('',#363,#367,#9128,.T.);
#9126=EDGE_CURVE('',#367,#359,#9129,.T.);
#9127=LINE('',#358,#9130);
#9128=LINE('',#362,#9131);
#9129=LINE('',#366,#9132);
#9130=VECTOR('',#9133,1.0);
#9131=VECTOR('',#9134,1.0);
#9132=VECTOR('',#9135,1.0);
#9133=DIRECTION('',(-0.881920022130181,-0.47139906084537436,0));
#9134=DIRECTION('',(-0.9569423709767578,-0.290277967867665,0));
#9135=DIRECTION('',(0.923880037556855,0.3826822130749535,0));
#9136=FACE_SURFACE('',(#9141),#9137,.T.);
#9137=PLANE('',#9138);
#9138=AXIS2_PLACEMENT_3D('',#366,#9139,#9140);
#9139=DIRECTION('',(-0,0,-1));
#9140=DIRECTION('',(-0.9951848165503705,-0.09801622777686082,0));
#9141=FACE_BOUND('',#9142,.T.);
#9142=EDGE_LOOP('',(#9143,#9144,#9145));
#9143=ORIENTED_EDGE('',*,*,#9146,.T.);
#9144=ORIENTED_EDGE('',*,*,#9147,.T.);
#9145=ORIENTED_EDGE('',*,*,#9148,.T.);
#9146=EDGE_CURVE('',#367,#371,#9149,.F.);
#9147=EDGE_CURVE('',#371,#375,#9150,.T.);
#9148=EDGE_CURVE('',#375,#367,#9151,.T.);
#9149=LINE('',#366,#9152);
#9150=LINE('',#370,#9153);
#9151=LINE('',#374,#9154);
#9152=VECTOR('',#9155,1.0);
#9153=VECTOR('',#9156,1.0);
#9154=VECTOR('',#9157,1.0);
#9155=DIRECTION('',(-0.9951848165503705,-0.09801622777686082,0));
#9156=DIRECTION('',(-0.9951848165503705,0.09801622777686082,0));
#9157=DIRECTION('',(1,0,0));
#9158=FACE_SURFACE('',(#9163),#9159,.T.);
#9159=PLANE('',#9160);
#9160=AXIS2_PLACEMENT_3D('',#374,#9161,#9162);
#9161=DIRECTION('',(0,0,-1));
#9162=DIRECTION('',(-0.9569423709767578,0.290277967867665,0));
#9163=FACE_BOUND('',#9164,.T.);
#9164=EDGE_LOOP('',(#9165,#9166,#9167));
#9165=ORIENTED_EDGE('',*,*,#9168,.T.);
#9166=ORIENTED_EDGE('',*,*,#9169,.T.);
#9167=ORIENTED_EDGE('',*,*,#9170,.T.);
#9168=EDGE_CURVE('',#375,#379,#9171,.F.);
#9169=EDGE_CURVE('',#379,#383,#9172,.T.);
#9170=EDGE_CURVE('',#383,#375,#9173,.T.);
#9171=LINE('',#374,#9174);
#9172=LINE('',#378,#9175);
#9173=LINE('',#382,#9176);
#9174=VECTOR('',#9177,1.0);
#9175=VECTOR('',#9178,1.0);
#9176=VECTOR('',#9179,1.0);
#9177=DIRECTION('',(-0.9569423709767578,0.290277967867665,0));
#9178=DIRECTION('',(-0.881920022130181,0.47139906084537436,0));
#9179=DIRECTION('',(0.923880037556855,-0.3826822130749535,0));
#9180=FACE_SURFACE('',(#9185),#9181,.T.);
#9181=PLANE('',#9182);
#9182=AXIS2_PLACEMENT_3D('',#382,#9183,#9184);
#9183=DIRECTION('',(0,0,-1));
#9184=DIRECTION('',(-0.773010974644484,0.6343926489794667,0));
#9185=FACE_BOUND('',#9186,.T.);
#9186=EDGE_LOOP('',(#9187,#9188,#9189));
#9187=ORIENTED_EDGE('',*,*,#9190,.T.);
#9188=ORIENTED_EDGE('',*,*,#9191,.T.);
#9189=ORIENTED_EDGE('',*,*,#9192,.T.);
#9190=EDGE_CURVE('',#383,#387,#9193,.F.);
#9191=EDGE_CURVE('',#387,#391,#9194,.T.);
#9192=EDGE_CURVE('',#391,#383,#9195,.T.);
#9193=LINE('',#382,#9196);
#9194=LINE('',#386,#9197);
#9195=LINE('',#390,#9198);
#9196=VECTOR('',#9199,1.0);
#9197=VECTOR('',#9200,1.0);
#9198=VECTOR('',#9201,1.0);
#9199=DIRECTION('',(-0.773010974644484,0.6343926489794667,0));
#9200=DIRECTION('',(-0.6343974203505326,0.7730070588633648,0));
#9201=DIRECTION('',(0.7071092253729109,-0.7071043369917356,0));
#9202=FACE_SURFACE('',(#9207),#9203,.T.);
#9203=PLANE('',#9204);
#9204=AXIS2_PLACEMENT_3D('',#390,#9205,#9206);
#9205=DIRECTION('',(0,0,-1));
#9206=DIRECTION('',(-0.47138744838798496,0.8819262290590211,0));
#9207=FACE_BOUND('',#9208,.T.);
#9208=EDGE_LOOP('',(#9209,#9210,#9211));
#9209=ORIENTED_EDGE('',*,*,#9212,.T.);
#9210=ORIENTED_EDGE('',*,*,#9213,.T.);
#9211=ORIENTED_EDGE('',*,*,#9214,.T.);
#9212=EDGE_CURVE('',#391,#395,#9215,.F.);
#9213=EDGE_CURVE('',#395,#399,#9216,.T.);
#9214=EDGE_CURVE('',#399,#391,#9217,.T.);
#9215=LINE('',#390,#9218);
#9216=LINE('',#394,#9219);
#9217=LINE('',#398,#9220);
#9218=VECTOR('',#9221,1.0);
#9219=VECTOR('',#9222,1.0);
#9220=VECTOR('',#9223,1.0);
#9221=DIRECTION('',(-0.47138744838798496,0.8819262290590211,0));
#9222=DIRECTION('',(-0.29028687775715967,0.9569396682142506,0));
#9223=DIRECTION('',(0.3826804847820941,-0.923880753434631,0));
#9224=FACE_SURFACE('',(#9229),#9225,.T.);
#9225=PLANE('',#9226);
#9226=AXIS2_PLACEMENT_3D('',#398,#9227,#9228);
#9227=DIRECTION('',(0,0,-1));
#9228=DIRECTION('',(-0.09801622777686082,0.9951848165503705,0));
#9229=FACE_BOUND('',#9230,.T.);
#9230=EDGE_LOOP('',(#9231,#9232,#9233));
#9231=ORIENTED_EDGE('',*,*,#9234,.T.);
#9232=ORIENTED_EDGE('',*,*,#9235,.T.);
#9233=ORIENTED_EDGE('',*,*,#9236,.T.);
#9234=EDGE_CURVE('',#399,#403,#9237,.F.);
#9235=EDGE_CURVE('',#403,#407,#9238,.T.);
#9236=EDGE_CURVE('',#407,#399,#9239,.T.);
#9237=LINE('',#398,#9240);
#9238=LINE('',#402,#9241);
#9239=LINE('',#406,#9242);
#9240=VECTOR('',#9243,1.0);
#9241=VECTOR('',#9244,1.0);
#9242=VECTOR('',#9245,1.0);
#9243=DIRECTION('',(-0.09801622777686082,0.9951848165503705,0));
#9244=DIRECTION('',(0.09801622777686082,0.9951848165503705,0));
#9245=DIRECTION('',(0,-1,0));
#9246=FACE_SURFACE('',(#9251),#9247,.T.);
#9247=PLANE('',#9248);
#9248=AXIS2_PLACEMENT_3D('',#406,#9249,#9250);
#9249=DIRECTION('',(0,0,-1));
#9250=DIRECTION('',(0.29028687775715967,0.9569396682142506,0));
#9251=FACE_BOUND('',#9252,.T.);
#9252=EDGE_LOOP('',(#9253,#9254,#9255));
#9253=ORIENTED_EDGE('',*,*,#9256,.T.);
#9254=ORIENTED_EDGE('',*,*,#9257,.T.);
#9255=ORIENTED_EDGE('',*,*,#9258,.T.);
#9256=EDGE_CURVE('',#407,#411,#9259,.F.);
#9257=EDGE_CURVE('',#411,#415,#9260,.T.);
#9258=EDGE_CURVE('',#415,#407,#9261,.T.);
#9259=LINE('',#406,#9262);
#9260=LINE('',#410,#9263);
#9261=LINE('',#414,#9264);
#9262=VECTOR('',#9265,1.0);
#9263=VECTOR('',#9266,1.0);
#9264=VECTOR('',#9267,1.0);
#9265=DIRECTION('',(0.29028687775715967,0.9569396682142506,0));
#9266=DIRECTION('',(0.4713955382265359,0.8819219050120677,0));
#9267=DIRECTION('',(-0.3826839413820847,-0.9238793216693797,0));
#9268=FACE_SURFACE('',(#9273),#9269,.T.);
#9269=PLANE('',#9270);
#9270=AXIS2_PLACEMENT_3D('',#414,#9271,#9272);
#9271=DIRECTION('',(0,0,-1));
#9272=DIRECTION('',(0.634387877656003,0.773014890337251,0));
#9273=FACE_BOUND('',#9274,.T.);
#9274=EDGE_LOOP('',(#9275,#9276,#9277));
#9275=ORIENTED_EDGE('',*,*,#9278,.T.);
#9276=ORIENTED_EDGE('',*,*,#9279,.T.);
#9277=ORIENTED_EDGE('',*,*,#9280,.T.);
#9278=EDGE_CURVE('',#415,#419,#9281,.F.);
#9279=EDGE_CURVE('',#419,#423,#9282,.T.);
#9280=EDGE_CURVE('',#423,#415,#9283,.T.);
#9281=LINE('',#414,#9284);
#9282=LINE('',#418,#9285);
#9283=LINE('',#422,#9286);
#9284=VECTOR('',#9287,1.0);
#9285=VECTOR('',#9288,1.0);
#9286=VECTOR('',#9289,1.0);
#9287=DIRECTION('',(0.634387877656003,0.773014890337251,0));
#9288=DIRECTION('',(0.773010974644484,0.6343926489794667,0));
#9289=DIRECTION('',(-0.7071043370086328,-0.7071092253560138,0));
#9290=FACE_SURFACE('',(#9295),#9291,.T.);
#9291=PLANE('',#9292);
#9292=AXIS2_PLACEMENT_3D('',#422,#9293,#9294);
#9293=DIRECTION('',(0,0,-1));
#9294=DIRECTION('',(0.881928111968731,0.4713839256055192,0));
#9295=FACE_BOUND('',#9296,.T.);
#9296=EDGE_LOOP('',(#9297,#9298,#9299));
#9297=ORIENTED_EDGE('',*,*,#9300,.T.);
#9298=ORIENTED_EDGE('',*,*,#9301,.T.);
#9299=ORIENTED_EDGE('',*,*,#9302,.T.);
#9300=EDGE_CURVE('',#423,#427,#9303,.F.);
#9301=EDGE_CURVE('',#427,#431,#9304,.T.);
#9302=EDGE_CURVE('',#431,#423,#9305,.T.);
#9303=LINE('',#422,#9306);
#9304=LINE('',#426,#9307);
#9305=LINE('',#430,#9308);
#9306=VECTOR('',#9309,1.0);
#9307=VECTOR('',#9310,1.0);
#9308=VECTOR('',#9311,1.0);
#9309=DIRECTION('',(0.881928111968731,0.4713839256055192,0));
#9310=DIRECTION('',(0.9569369653840532,0.2902957875711588,0));
#9311=DIRECTION('',(-0.923880037556855,-0.3826822130749535,0));
#9312=FACE_SURFACE('',(#9317),#9313,.T.);
#9313=PLANE('',#9314);
#9314=AXIS2_PLACEMENT_3D('',#430,#9315,#9316);
#9315=DIRECTION('',(0,0,-1));
#9316=DIRECTION('',(1,0,0));
#9317=FACE_BOUND('',#9318,.T.);
#9318=EDGE_LOOP('',(#9319,#9320,#9321));
#9319=ORIENTED_EDGE('',*,*,#9322,.T.);
#9320=ORIENTED_EDGE('',*,*,#9323,.T.);
#9321=ORIENTED_EDGE('',*,*,#9324,.T.);
#9322=EDGE_CURVE('',#431,#311,#9325,.F.);
#9323=EDGE_CURVE('',#311,#319,#9326,.T.);
#9324=EDGE_CURVE('',#319,#431,#9327,.T.);
#9325=LINE('',#430,#9328);
#9326=LINE('',#310,#9329);
#9327=LINE('',#318,#9330);
#9328=VECTOR('',#9331,1.0);
#9329=VECTOR('',#9332,1.0);
#9330=VECTOR('',#9333,1.0);
#9331=DIRECTION('',(1,0,0));
#9332=DIRECTION('',(0.923880037556855,-0.3826822130749535,0));
#9333=DIRECTION('',(-0.9807855417292554,0.19508900823688463,0));
#9334=FACE_SURFACE('',(#9339),#9335,.T.);
#9335=PLANE('',#9336);
#9336=AXIS2_PLACEMENT_3D('',#318,#9337,#9338);
#9337=DIRECTION('',(0,0,-1));
#9338=DIRECTION('',(0.7071043370086328,-0.7071092253560138,0));
#9339=FACE_BOUND('',#9340,.T.);
#9340=EDGE_LOOP('',(#9341,#9342,#9343));
#9341=ORIENTED_EDGE('',*,*,#9344,.T.);
#9342=ORIENTED_EDGE('',*,*,#9345,.T.);
#9343=ORIENTED_EDGE('',*,*,#9346,.T.);
#9344=EDGE_CURVE('',#319,#327,#9347,.F.);
#9345=EDGE_CURVE('',#327,#335,#9348,.T.);
#9346=EDGE_CURVE('',#335,#319,#9349,.T.);
#9347=LINE('',#318,#9350);
#9348=LINE('',#326,#9351);
#9349=LINE('',#334,#9352);
#9350=VECTOR('',#9353,1.0);
#9351=VECTOR('',#9354,1.0);
#9352=VECTOR('',#9355,1.0);
#9353=DIRECTION('',(0.7071043370086328,-0.7071092253560138,0));
#9354=DIRECTION('',(0.3826839413820847,-0.9238793216693797,0));
#9355=DIRECTION('',(-0.5555700093437477,0.8314697617579295,0));
#9356=FACE_SURFACE('',(#9361),#9357,.T.);
#9357=PLANE('',#9358);
#9358=AXIS2_PLACEMENT_3D('',#334,#9359,#9360);
#9359=DIRECTION('',(0,-0,-1));
#9360=DIRECTION('',(0,-1,0));
#9361=FACE_BOUND('',#9362,.T.);
#9362=EDGE_LOOP('',(#9363,#9364,#9365));
#9363=ORIENTED_EDGE('',*,*,#9366,.T.);
#9364=ORIENTED_EDGE('',*,*,#9367,.T.);
#9365=ORIENTED_EDGE('',*,*,#9368,.T.);
#9366=EDGE_CURVE('',#335,#343,#9369,.F.);
#9367=EDGE_CURVE('',#343,#351,#9370,.T.);
#9368=EDGE_CURVE('',#351,#335,#9371,.T.);
#9369=LINE('',#334,#9372);
#9370=LINE('',#342,#9373);
#9371=LINE('',#350,#9374);
#9372=VECTOR('',#9375,1.0);
#9373=VECTOR('',#9376,1.0);
#9374=VECTOR('',#9377,1.0);
#9375=DIRECTION('',(0,-1,0));
#9376=DIRECTION('',(-0.3826804847820941,-0.923880753434631,0));
#9377=DIRECTION('',(0.1950885314046484,0.9807856365762997,0));
#9378=FACE_SURFACE('',(#9383),#9379,.T.);
#9379=PLANE('',#9380);
#9380=AXIS2_PLACEMENT_3D('',#350,#9381,#9382);
#9381=DIRECTION('',(0,0,-1));
#9382=DIRECTION('',(-0.7071092253729109,-0.7071043369917356,0));
#9383=FACE_BOUND('',#9384,.T.);
#9384=EDGE_LOOP('',(#9385,#9386,#9387));
#9385=ORIENTED_EDGE('',*,*,#9388,.T.);
#9386=ORIENTED_EDGE('',*,*,#9389,.T.);
#9387=ORIENTED_EDGE('',*,*,#9390,.T.);
#9388=EDGE_CURVE('',#351,#359,#9391,.F.);
#9389=EDGE_CURVE('',#359,#367,#9392,.T.);
#9390=EDGE_CURVE('',#367,#351,#9393,.T.);
#9391=LINE('',#350,#9394);
#9392=LINE('',#358,#9395);
#9393=LINE('',#366,#9396);
#9394=VECTOR('',#9397,1.0);
#9395=VECTOR('',#9398,1.0);
#9396=VECTOR('',#9399,1.0);
#9397=DIRECTION('',(-0.7071092253729109,-0.7071043369917356,0));
#9398=DIRECTION('',(-0.923880037556855,-0.3826822130749535,0));
#9399=DIRECTION('',(0.8314709129445107,0.5555682864664091,0));
#9400=FACE_SURFACE('',(#9405),#9401,.T.);
#9401=PLANE('',#9402);
#9402=AXIS2_PLACEMENT_3D('',#366,#9403,#9404);
#9403=DIRECTION('',(0,0,-1));
#9404=DIRECTION('',(-1,0,0));
#9405=FACE_BOUND('',#9406,.T.);
#9406=EDGE_LOOP('',(#9407,#9408,#9409));
#9407=ORIENTED_EDGE('',*,*,#9410,.T.);
#9408=ORIENTED_EDGE('',*,*,#9411,.T.);
#9409=ORIENTED_EDGE('',*,*,#9412,.T.);
#9410=EDGE_CURVE('',#367,#375,#9413,.F.);
#9411=EDGE_CURVE('',#375,#383,#9414,.T.);
#9412=EDGE_CURVE('',#383,#367,#9415,.T.);
#9413=LINE('',#366,#9416);
#9414=LINE('',#374,#9417);
#9415=LINE('',#382,#9418);
#9416=VECTOR('',#9419,1.0);
#9417=VECTOR('',#9420,1.0);
#9418=VECTOR('',#9421,1.0);
#9419=DIRECTION('',(-1,0,0));
#9420=DIRECTION('',(-0.923880037556855,0.3826822130749535,0));
#9421=DIRECTION('',(0.9807855417292554,-0.19508900823688463,0));
#9422=FACE_SURFACE('',(#9427),#9423,.T.);
#9423=PLANE('',#9424);
#9424=AXIS2_PLACEMENT_3D('',#382,#9425,#9426);
#9425=DIRECTION('',(0,0,-1));
#9426=DIRECTION('',(-0.7071092253729109,0.7071043369917356,0));
#9427=FACE_BOUND('',#9428,.T.);
#9428=EDGE_LOOP('',(#9429,#9430,#9431));
#9429=ORIENTED_EDGE('',*,*,#9432,.T.);
#9430=ORIENTED_EDGE('',*,*,#9433,.T.);
#9431=ORIENTED_EDGE('',*,*,#9434,.T.);
#9432=EDGE_CURVE('',#383,#391,#9435,.F.);
#9433=EDGE_CURVE('',#391,#399,#9436,.T.);
#9434=EDGE_CURVE('',#399,#383,#9437,.T.);
#9435=LINE('',#382,#9438);
#9436=LINE('',#390,#9439);
#9437=LINE('',#398,#9440);
#9438=VECTOR('',#9441,1.0);
#9439=VECTOR('',#9442,1.0);
#9440=VECTOR('',#9443,1.0);
#9441=DIRECTION('',(-0.7071092253729109,0.7071043369917356,0));
#9442=DIRECTION('',(-0.3826804847820941,0.923880753434631,0));
#9443=DIRECTION('',(0.5555700093437477,-0.8314697617579295,0));
#9444=FACE_SURFACE('',(#9449),#9445,.T.);
#9445=PLANE('',#9446);
#9446=AXIS2_PLACEMENT_3D('',#398,#9447,#9448);
#9447=DIRECTION('',(0,0,-1));
#9448=DIRECTION('',(0,1,0));
#9449=FACE_BOUND('',#9450,.T.);
#9450=EDGE_LOOP('',(#9451,#9452,#9453));
#9451=ORIENTED_EDGE('',*,*,#9454,.T.);
#9452=ORIENTED_EDGE('',*,*,#9455,.T.);
#9453=ORIENTED_EDGE('',*,*,#9456,.T.);
#9454=EDGE_CURVE('',#399,#407,#9457,.F.);
#9455=EDGE_CURVE('',#407,#415,#9458,.T.);
#9456=EDGE_CURVE('',#415,#399,#9459,.T.);
#9457=LINE('',#398,#9460);
#9458=LINE('',#406,#9461);
#9459=LINE('',#414,#9462);
#9460=VECTOR('',#9463,1.0);
#9461=VECTOR('',#9464,1.0);
#9462=VECTOR('',#9465,1.0);
#9463=DIRECTION('',(0,1,0));
#9464=DIRECTION('',(0.3826839413820847,0.9238793216693797,0));
#9465=DIRECTION('',(-0.19508948507140564,-0.9807854468815154,0));
#9466=FACE_SURFACE('',(#9471),#9467,.T.);
#9467=PLANE('',#9468);
#9468=AXIS2_PLACEMENT_3D('',#414,#9469,#9470);
#9469=DIRECTION('',(0,0,-1));
#9470=DIRECTION('',(0.7071043370086328,0.7071092253560138,0));
#9471=FACE_BOUND('',#9472,.T.);
#9472=EDGE_LOOP('',(#9473,#9474,#9475));
#9473=ORIENTED_EDGE('',*,*,#9476,.T.);
#9474=ORIENTED_EDGE('',*,*,#9477,.T.);
#9475=ORIENTED_EDGE('',*,*,#9478,.T.);
#9476=EDGE_CURVE('',#415,#423,#9479,.F.);
#9477=EDGE_CURVE('',#423,#431,#9480,.T.);
#9478=EDGE_CURVE('',#431,#415,#9481,.T.);
#9479=LINE('',#414,#9482);
#9480=LINE('',#422,#9483);
#9481=LINE('',#430,#9484);
#9482=VECTOR('',#9485,1.0);
#9483=VECTOR('',#9486,1.0);
#9484=VECTOR('',#9487,1.0);
#9485=DIRECTION('',(0.7071043370086328,0.7071092253560138,0));
#9486=DIRECTION('',(0.923880037556855,0.3826822130749535,0));
#9487=DIRECTION('',(-0.8314686105709662,-0.5555717322139301,0));
#9488=FACE_SURFACE('',(#9493),#9489,.T.);
#9489=PLANE('',#9490);
#9490=AXIS2_PLACEMENT_3D('',#430,#9491,#9492);
#9491=DIRECTION('',(0,0,-1));
#9492=DIRECTION('',(0.9807855417292554,-0.19508900823688463,0));
#9493=FACE_BOUND('',#9494,.T.);
#9494=EDGE_LOOP('',(#9495,#9496,#9497));
#9495=ORIENTED_EDGE('',*,*,#9498,.T.);
#9496=ORIENTED_EDGE('',*,*,#9499,.T.);
#9497=ORIENTED_EDGE('',*,*,#9500,.T.);
#9498=EDGE_CURVE('',#431,#319,#9501,.F.);
#9499=EDGE_CURVE('',#319,#335,#9502,.T.);
#9500=EDGE_CURVE('',#335,#431,#9503,.T.);
#9501=LINE('',#430,#9504);
#9502=LINE('',#318,#9505);
#9503=LINE('',#334,#9506);
#9504=VECTOR('',#9507,1.0);
#9505=VECTOR('',#9508,1.0);
#9506=VECTOR('',#9509,1.0);
#9507=DIRECTION('',(0.9807855417292554,-0.19508900823688463,0));
#9508=DIRECTION('',(0.5555700093437477,-0.8314697617579295,0));
#9509=DIRECTION('',(-0.8314701069283345,0.5555694927590824,0));
#9510=FACE_SURFACE('',(#9515),#9511,.T.);
#9511=PLANE('',#9512);
#9512=AXIS2_PLACEMENT_3D('',#334,#9513,#9514);
#9513=DIRECTION('',(0,0,-1));
#9514=DIRECTION('',(-0.1950885314046484,-0.9807856365762997,0));
#9515=FACE_BOUND('',#9516,.T.);
#9516=EDGE_LOOP('',(#9517,#9518,#9519));
#9517=ORIENTED_EDGE('',*,*,#9520,.T.);
#9518=ORIENTED_EDGE('',*,*,#9521,.T.);
#9519=ORIENTED_EDGE('',*,*,#9522,.T.);
#9520=EDGE_CURVE('',#335,#351,#9523,.F.);
#9521=EDGE_CURVE('',#351,#367,#9524,.T.);
#9522=EDGE_CURVE('',#367,#335,#9525,.T.);
#9523=LINE('',#334,#9526);
#9524=LINE('',#350,#9527);
#9525=LINE('',#366,#9528);
#9526=VECTOR('',#9529,1.0);
#9527=VECTOR('',#9530,1.0);
#9528=VECTOR('',#9531,1.0);
#9529=DIRECTION('',(-0.1950885314046484,-0.9807856365762997,0));
#9530=DIRECTION('',(-0.8314709129445107,-0.5555682864664091,0));
#9531=DIRECTION('',(0.5555694927590824,0.8314701069283345,0));
#9532=FACE_SURFACE('',(#9537),#9533,.T.);
#9533=PLANE('',#9534);
#9534=AXIS2_PLACEMENT_3D('',#366,#9535,#9536);
#9535=DIRECTION('',(0,0,-1));
#9536=DIRECTION('',(-0.9807855417292554,0.19508900823688463,0));
#9537=FACE_BOUND('',#9538,.T.);
#9538=EDGE_LOOP('',(#9539,#9540,#9541));
#9539=ORIENTED_EDGE('',*,*,#9542,.T.);
#9540=ORIENTED_EDGE('',*,*,#9543,.T.);
#9541=ORIENTED_EDGE('',*,*,#9544,.T.);
#9542=EDGE_CURVE('',#367,#383,#9545,.F.);
#9543=EDGE_CURVE('',#383,#399,#9546,.T.);
#9544=EDGE_CURVE('',#399,#367,#9547,.T.);
#9545=LINE('',#366,#9548);
#9546=LINE('',#382,#9549);
#9547=LINE('',#398,#9550);
#9548=VECTOR('',#9551,1.0);
#9549=VECTOR('',#9552,1.0);
#9550=VECTOR('',#9553,1.0);
#9551=DIRECTION('',(-0.9807855417292554,0.19508900823688463,0));
#9552=DIRECTION('',(-0.5555700093437477,0.8314697617579295,0));
#9553=DIRECTION('',(0.8314701069283345,-0.5555694927590824,0));
#9554=FACE_SURFACE('',(#9559),#9555,.T.);
#9555=PLANE('',#9556);
#9556=AXIS2_PLACEMENT_3D('',#398,#9557,#9558);
#9557=DIRECTION('',(0,0,-1));
#9558=DIRECTION('',(0.19508948507140564,0.9807854468815154,0));
#9559=FACE_BOUND('',#9560,.T.);
#9560=EDGE_LOOP('',(#9561,#9562,#9563));
#9561=ORIENTED_EDGE('',*,*,#9564,.T.);
#9562=ORIENTED_EDGE('',*,*,#9565,.T.);
#9563=ORIENTED_EDGE('',*,*,#9566,.T.);
#9564=EDGE_CURVE('',#399,#415,#9567,.F.);
#9565=EDGE_CURVE('',#415,#431,#9568,.T.);
#9566=EDGE_CURVE('',#431,#399,#9569,.T.);
#9567=LINE('',#398,#9570);
#9568=LINE('',#414,#9571);
#9569=LINE('',#430,#9572);
#9570=VECTOR('',#9573,1.0);
#9571=VECTOR('',#9574,1.0);
#9572=VECTOR('',#9575,1.0);
#9573=DIRECTION('',(0.19508948507140564,0.9807854468815154,0));
#9574=DIRECTION('',(0.8314686105709662,0.5555717322139301,0));
#9575=DIRECTION('',(-0.5555694927590824,-0.8314701069283345,0));
#9576=FACE_SURFACE('',(#9581),#9577,.T.);
#9577=PLANE('',#9578);
#9578=AXIS2_PLACEMENT_3D('',#430,#9579,#9580);
#9579=DIRECTION('',(0,0,-1));
#9580=DIRECTION('',(0.8314701069283345,-0.5555694927590824,0));
#9581=FACE_BOUND('',#9582,.T.);
#9582=EDGE_LOOP('',(#9583,#9584,#9585));
#9583=ORIENTED_EDGE('',*,*,#9586,.T.);
#9584=ORIENTED_EDGE('',*,*,#9587,.T.);
#9585=ORIENTED_EDGE('',*,*,#9588,.T.);
#9586=EDGE_CURVE('',#431,#335,#9589,.F.);
#9587=EDGE_CURVE('',#335,#367,#9590,.T.);
#9588=EDGE_CURVE('',#367,#431,#9591,.T.);
#9589=LINE('',#430,#9592);
#9590=LINE('',#334,#9593);
#9591=LINE('',#366,#9594);
#9592=VECTOR('',#9595,1.0);
#9593=VECTOR('',#9596,1.0);
#9594=VECTOR('',#9597,1.0);
#9595=DIRECTION('',(0.8314701069283345,-0.5555694927590824,0));
#9596=DIRECTION('',(-0.5555694927590824,-0.8314701069283345,0));
#9597=DIRECTION('',(-0.19509119521261134,0.9807851067132467,0));
#9598=FACE_SURFACE('',(#9603),#9599,.T.);
#9599=PLANE('',#9600);
#9600=AXIS2_PLACEMENT_3D('',#366,#9601,#9602);
#9601=DIRECTION('',(0,0,-1));
#9602=DIRECTION('',(-0.8314701069283345,0.5555694927590824,0));
#9603=FACE_BOUND('',#9604,.T.);
#9604=EDGE_LOOP('',(#9605,#9606,#9607));
#9605=ORIENTED_EDGE('',*,*,#9608,.T.);
#9606=ORIENTED_EDGE('',*,*,#9609,.T.);
#9607=ORIENTED_EDGE('',*,*,#9610,.T.);
#9608=EDGE_CURVE('',#367,#399,#9611,.F.);
#9609=EDGE_CURVE('',#399,#431,#9612,.T.);
#9610=EDGE_CURVE('',#431,#367,#9613,.T.);
#9611=LINE('',#366,#9614);
#9612=LINE('',#398,#9615);
#9613=LINE('',#430,#9616);
#9614=VECTOR('',#9617,1.0);
#9615=VECTOR('',#9618,1.0);
#9616=VECTOR('',#9619,1.0);
#9617=DIRECTION('',(-0.8314701069283345,0.5555694927590824,0));
#9618=DIRECTION('',(0.5555694927590824,0.8314701069283345,0));
#9619=DIRECTION('',(0.19509119521261134,-0.9807851067132467,0));
#9620=FACE_SURFACE('',(#9625),#9621,.T.);
#9621=PLANE('',#9622);
#9622=AXIS2_PLACEMENT_3D('',#432,#9623,#9624);
#9623=DIRECTION('',(-0.09801622777686081,0.9951848165503704,0));
#9624=DIRECTION('',(-0.9951848165503705,-0.09801622777686082,0));
#9625=FACE_BOUND('',#9626,.T.);
#9626=EDGE_LOOP('',(#9627,#9628,#9629));
#9627=ORIENTED_EDGE('',*,*,#9630,.T.);
#9628=ORIENTED_EDGE('',*,*,#9631,.T.);
#9629=ORIENTED_EDGE('',*,*,#9632,.T.);
#9630=EDGE_CURVE('',#433,#435,#9633,.F.);
#9631=EDGE_CURVE('',#435,#437,#9634,.T.);
#9632=EDGE_CURVE('',#437,#433,#9635,.T.);
#9633=LINE('',#432,#9636);
#9634=LINE('',#434,#9637);
#9635=LINE('',#436,#9638);
#9636=VECTOR('',#9639,1.0);
#9637=VECTOR('',#9640,1.0);
#9638=VECTOR('',#9641,1.0);
#9639=DIRECTION('',(-0.9951848165503705,-0.09801622777686082,0));
#9640=DIRECTION('',(0,0,1));
#9641=DIRECTION('',(0.07779768562235291,0.007662331204876454,-0.9969397217446561));
#9642=FACE_SURFACE('',(#9647),#9643,.T.);
#9643=PLANE('',#9644);
#9644=AXIS2_PLACEMENT_3D('',#432,#9645,#9646);
#9645=DIRECTION('',(-0.09801622777686081,0.9951848165503704,0));
#9646=DIRECTION('',(-0.07779768562235291,-0.007662331204876454,0.9969397217446561));
#9647=FACE_BOUND('',#9648,.T.);
#9648=EDGE_LOOP('',(#9649,#9650,#9651));
#9649=ORIENTED_EDGE('',*,*,#9652,.T.);
#9650=ORIENTED_EDGE('',*,*,#9653,.T.);
#9651=ORIENTED_EDGE('',*,*,#9654,.T.);
#9652=EDGE_CURVE('',#433,#437,#9655,.F.);
#9653=EDGE_CURVE('',#437,#439,#9656,.T.);
#9654=EDGE_CURVE('',#439,#433,#9657,.T.);
#9655=LINE('',#432,#9658);
#9656=LINE('',#436,#9659);
#9657=LINE('',#438,#9660);
#9658=VECTOR('',#9661,1.0);
#9659=VECTOR('',#9662,1.0);
#9660=VECTOR('',#9663,1.0);
#9661=DIRECTION('',(-0.07779768562235291,-0.007662331204876454,0.9969397217446561));
#9662=DIRECTION('',(0.9951848165503705,0.09801622777686082,0));
#9663=DIRECTION('',(0,0,-1));
#9664=FACE_SURFACE('',(#9669),#9665,.T.);
#9665=PLANE('',#9666);
#9666=AXIS2_PLACEMENT_3D('',#434,#9667,#9668);
#9667=DIRECTION('',(-0.2902957875711588,0.9569369653840533,0));
#9668=DIRECTION('',(-0.9569369653840532,-0.2902957875711588,0));
#9669=FACE_BOUND('',#9670,.T.);
#9670=EDGE_LOOP('',(#9671,#9672,#9673));
#9671=ORIENTED_EDGE('',*,*,#9674,.T.);
#9672=ORIENTED_EDGE('',*,*,#9675,.T.);
#9673=ORIENTED_EDGE('',*,*,#9676,.T.);
#9674=EDGE_CURVE('',#435,#441,#9677,.F.);
#9675=EDGE_CURVE('',#441,#443,#9678,.T.);
#9676=EDGE_CURVE('',#443,#435,#9679,.T.);
#9677=LINE('',#434,#9680);
#9678=LINE('',#440,#9681);
#9679=LINE('',#442,#9682);
#9680=VECTOR('',#9683,1.0);
#9681=VECTOR('',#9684,1.0);
#9682=VECTOR('',#9685,1.0);
#9683=DIRECTION('',(-0.9569369653840532,-0.2902957875711588,0));
#9684=DIRECTION('',(0,0,1));
#9685=DIRECTION('',(0.07480699246713768,0.02269340152970473,-0.9969397792269267));
#9686=FACE_SURFACE('',(#9691),#9687,.T.);
#9687=PLANE('',#9688);
#9688=AXIS2_PLACEMENT_3D('',#434,#9689,#9690);
#9689=DIRECTION('',(-0.2902957875711588,0.9569369653840533,0));
#9690=DIRECTION('',(-0.07480699246713768,-0.02269340152970473,0.9969397792269267));
#9691=FACE_BOUND('',#9692,.T.);
#9692=EDGE_LOOP('',(#9693,#9694,#9695));
#9693=ORIENTED_EDGE('',*,*,#9696,.T.);
#9694=ORIENTED_EDGE('',*,*,#9697,.T.);
#9695=ORIENTED_EDGE('',*,*,#9698,.T.);
#9696=EDGE_CURVE('',#435,#443,#9699,.F.);
#9697=EDGE_CURVE('',#443,#437,#9700,.T.);
#9698=EDGE_CURVE('',#437,#435,#9701,.T.);
#9699=LINE('',#434,#9702);
#9700=LINE('',#442,#9703);
#9701=LINE('',#436,#9704);
#9702=VECTOR('',#9705,1.0);
#9703=VECTOR('',#9706,1.0);
#9704=VECTOR('',#9707,1.0);
#9705=DIRECTION('',(-0.07480699246713768,-0.02269340152970473,0.9969397792269267));
#9706=DIRECTION('',(0.9569369653840532,0.2902957875711588,0));
#9707=DIRECTION('',(0,0,-1));
#9708=FACE_SURFACE('',(#9713),#9709,.T.);
#9709=PLANE('',#9710);
#9710=AXIS2_PLACEMENT_3D('',#440,#9711,#9712);
#9711=DIRECTION('',(-0.47138392560551917,0.8819281119687309,0));
#9712=DIRECTION('',(-0.881928111968731,-0.4713839256055192,0));
#9713=FACE_BOUND('',#9714,.T.);
#9714=EDGE_LOOP('',(#9715,#9716,#9717));
#9715=ORIENTED_EDGE('',*,*,#9718,.T.);
#9716=ORIENTED_EDGE('',*,*,#9719,.T.);
#9717=ORIENTED_EDGE('',*,*,#9720,.T.);
#9718=EDGE_CURVE('',#441,#445,#9721,.F.);
#9719=EDGE_CURVE('',#445,#447,#9722,.T.);
#9720=EDGE_CURVE('',#447,#441,#9723,.T.);
#9721=LINE('',#440,#9724);
#9722=LINE('',#444,#9725);
#9723=LINE('',#446,#9726);
#9724=VECTOR('',#9727,1.0);
#9725=VECTOR('',#9728,1.0);
#9726=VECTOR('',#9729,1.0);
#9727=DIRECTION('',(-0.881928111968731,-0.4713839256055192,0));
#9728=DIRECTION('',(0,0,1));
#9729=DIRECTION('',(0.06894348972856927,0.03684977538662361,-0.9969397621110324));
#9730=FACE_SURFACE('',(#9735),#9731,.T.);
#9731=PLANE('',#9732);
#9732=AXIS2_PLACEMENT_3D('',#440,#9733,#9734);
#9733=DIRECTION('',(-0.47138392560551917,0.8819281119687309,0));
#9734=DIRECTION('',(-0.06894348972856927,-0.03684977538662361,0.9969397621110324));
#9735=FACE_BOUND('',#9736,.T.);
#9736=EDGE_LOOP('',(#9737,#9738,#9739));
#9737=ORIENTED_EDGE('',*,*,#9740,.T.);
#9738=ORIENTED_EDGE('',*,*,#9741,.T.);
#9739=ORIENTED_EDGE('',*,*,#9742,.T.);
#9740=EDGE_CURVE('',#441,#447,#9743,.F.);
#9741=EDGE_CURVE('',#447,#443,#9744,.T.);
#9742=EDGE_CURVE('',#443,#441,#9745,.T.);
#9743=LINE('',#440,#9746);
#9744=LINE('',#446,#9747);
#9745=LINE('',#442,#9748);
#9746=VECTOR('',#9749,1.0);
#9747=VECTOR('',#9750,1.0);
#9748=VECTOR('',#9751,1.0);
#9749=DIRECTION('',(-0.06894348972856927,-0.03684977538662361,0.9969397621110324));
#9750=DIRECTION('',(0.881928111968731,0.4713839256055192,0));
#9751=DIRECTION('',(0,0,-1));
#9752=FACE_SURFACE('',(#9757),#9753,.T.);
#9753=PLANE('',#9754);
#9754=AXIS2_PLACEMENT_3D('',#444,#9755,#9756);
#9755=DIRECTION('',(-0.6343926489794667,0.773010974644484,0));
#9756=DIRECTION('',(-0.773010974644484,-0.6343926489794667,0));
#9757=FACE_BOUND('',#9758,.T.);
#9758=EDGE_LOOP('',(#9759,#9760,#9761));
#9759=ORIENTED_EDGE('',*,*,#9762,.T.);
#9760=ORIENTED_EDGE('',*,*,#9763,.T.);
#9761=ORIENTED_EDGE('',*,*,#9764,.T.);
#9762=EDGE_CURVE('',#445,#449,#9765,.F.);
#9763=EDGE_CURVE('',#449,#451,#9766,.T.);
#9764=EDGE_CURVE('',#451,#445,#9767,.T.);
#9765=LINE('',#444,#9768);
#9766=LINE('',#448,#9769);
#9767=LINE('',#450,#9770);
#9768=VECTOR('',#9771,1.0);
#9769=VECTOR('',#9772,1.0);
#9770=VECTOR('',#9773,1.0);
#9771=DIRECTION('',(-0.773010974644484,-0.6343926489794667,0));
#9772=DIRECTION('',(0,0,1));
#9773=DIRECTION('',(0.06042927953756584,0.04959294496354099,-0.9969397383916512));
#9774=FACE_SURFACE('',(#9779),#9775,.T.);
#9775=PLANE('',#9776);
#9776=AXIS2_PLACEMENT_3D('',#444,#9777,#9778);
#9777=DIRECTION('',(-0.6343926489794667,0.773010974644484,0));
#9778=DIRECTION('',(-0.06042927953756584,-0.04959294496354099,0.9969397383916512));
#9779=FACE_BOUND('',#9780,.T.);
#9780=EDGE_LOOP('',(#9781,#9782,#9783));
#9781=ORIENTED_EDGE('',*,*,#9784,.T.);
#9782=ORIENTED_EDGE('',*,*,#9785,.T.);
#9783=ORIENTED_EDGE('',*,*,#9786,.T.);
#9784=EDGE_CURVE('',#445,#451,#9787,.F.);
#9785=EDGE_CURVE('',#451,#447,#9788,.T.);
#9786=EDGE_CURVE('',#447,#445,#9789,.T.);
#9787=LINE('',#444,#9790);
#9788=LINE('',#450,#9791);
#9789=LINE('',#446,#9792);
#9790=VECTOR('',#9793,1.0);
#9791=VECTOR('',#9794,1.0);
#9792=VECTOR('',#9795,1.0);
#9793=DIRECTION('',(-0.06042927953756584,-0.04959294496354099,0.9969397383916512));
#9794=DIRECTION('',(0.773010974644484,0.6343926489794667,0));
#9795=DIRECTION('',(0,0,-1));
#9796=FACE_SURFACE('',(#9801),#9797,.T.);
#9797=PLANE('',#9798);
#9798=AXIS2_PLACEMENT_3D('',#448,#9799,#9800);
#9799=DIRECTION('',(-0.773014890337251,0.634387877656003,0));
#9800=DIRECTION('',(-0.634387877656003,-0.773014890337251,0));
#9801=FACE_BOUND('',#9802,.T.);
#9802=EDGE_LOOP('',(#9803,#9804,#9805));
#9803=ORIENTED_EDGE('',*,*,#9806,.T.);
#9804=ORIENTED_EDGE('',*,*,#9807,.T.);
#9805=ORIENTED_EDGE('',*,*,#9808,.T.);
#9806=EDGE_CURVE('',#449,#453,#9809,.F.);
#9807=EDGE_CURVE('',#453,#455,#9810,.T.);
#9808=EDGE_CURVE('',#455,#449,#9811,.T.);
#9809=LINE('',#448,#9812);
#9810=LINE('',#452,#9813);
#9811=LINE('',#454,#9814);
#9812=VECTOR('',#9815,1.0);
#9813=VECTOR('',#9816,1.0);
#9814=VECTOR('',#9817,1.0);
#9815=DIRECTION('',(-0.634387877656003,-0.773014890337251,0));
#9816=DIRECTION('',(0,0,1));
#9817=DIRECTION('',(0.04959294268409661,0.06043003736467402,-0.9969396925692325));
#9818=FACE_SURFACE('',(#9823),#9819,.T.);
#9819=PLANE('',#9820);
#9820=AXIS2_PLACEMENT_3D('',#448,#9821,#9822);
#9821=DIRECTION('',(-0.773014890337251,0.634387877656003,0));
#9822=DIRECTION('',(-0.04959294268409661,-0.06043003736467402,0.9969396925692325));
#9823=FACE_BOUND('',#9824,.T.);
#9824=EDGE_LOOP('',(#9825,#9826,#9827));
#9825=ORIENTED_EDGE('',*,*,#9828,.T.);
#9826=ORIENTED_EDGE('',*,*,#9829,.T.);
#9827=ORIENTED_EDGE('',*,*,#9830,.T.);
#9828=EDGE_CURVE('',#449,#455,#9831,.F.);
#9829=EDGE_CURVE('',#455,#451,#9832,.T.);
#9830=EDGE_CURVE('',#451,#449,#9833,.T.);
#9831=LINE('',#448,#9834);
#9832=LINE('',#454,#9835);
#9833=LINE('',#450,#9836);
#9834=VECTOR('',#9837,1.0);
#9835=VECTOR('',#9838,1.0);
#9836=VECTOR('',#9839,1.0);
#9837=DIRECTION('',(-0.04959294268409661,-0.06043003736467402,0.9969396925692325));
#9838=DIRECTION('',(0.634387877656003,0.773014890337251,0));
#9839=DIRECTION('',(0,0,-1));
#9840=FACE_SURFACE('',(#9845),#9841,.T.);
#9841=PLANE('',#9842);
#9842=AXIS2_PLACEMENT_3D('',#452,#9843,#9844);
#9843=DIRECTION('',(-0.8819219050120677,0.4713955382265359,0));
#9844=DIRECTION('',(-0.4713955382265359,-0.8819219050120677,0));
#9845=FACE_BOUND('',#9846,.T.);
#9846=EDGE_LOOP('',(#9847,#9848,#9849));
#9847=ORIENTED_EDGE('',*,*,#9850,.T.);
#9848=ORIENTED_EDGE('',*,*,#9851,.T.);
#9849=ORIENTED_EDGE('',*,*,#9852,.T.);
#9850=EDGE_CURVE('',#453,#457,#9853,.F.);
#9851=EDGE_CURVE('',#457,#459,#9854,.T.);
#9852=EDGE_CURVE('',#459,#453,#9855,.T.);
#9853=LINE('',#452,#9856);
#9854=LINE('',#456,#9857);
#9855=LINE('',#458,#9858);
#9856=VECTOR('',#9859,1.0);
#9857=VECTOR('',#9860,1.0);
#9858=VECTOR('',#9861,1.0);
#9859=DIRECTION('',(-0.4713955382265359,-0.8819219050120677,0));
#9860=DIRECTION('',(0,0,1));
#9861=DIRECTION('',(0.036850536890824,0.06894273080678795,-0.9969397864463836));
#9862=FACE_SURFACE('',(#9867),#9863,.T.);
#9863=PLANE('',#9864);
#9864=AXIS2_PLACEMENT_3D('',#452,#9865,#9866);
#9865=DIRECTION('',(-0.8819219050120677,0.4713955382265359,0));
#9866=DIRECTION('',(-0.036850536890824,-0.06894273080678795,0.9969397864463836));
#9867=FACE_BOUND('',#9868,.T.);
#9868=EDGE_LOOP('',(#9869,#9870,#9871));
#9869=ORIENTED_EDGE('',*,*,#9872,.T.);
#9870=ORIENTED_EDGE('',*,*,#9873,.T.);
#9871=ORIENTED_EDGE('',*,*,#9874,.T.);
#9872=EDGE_CURVE('',#453,#459,#9875,.F.);
#9873=EDGE_CURVE('',#459,#455,#9876,.T.);
#9874=EDGE_CURVE('',#455,#453,#9877,.T.);
#9875=LINE('',#452,#9878);
#9876=LINE('',#458,#9879);
#9877=LINE('',#454,#9880);
#9878=VECTOR('',#9881,1.0);
#9879=VECTOR('',#9882,1.0);
#9880=VECTOR('',#9883,1.0);
#9881=DIRECTION('',(-0.036850536890824,-0.06894273080678795,0.9969397864463836));
#9882=DIRECTION('',(0.4713955382265359,0.8819219050120677,0));
#9883=DIRECTION('',(0,0,-1));
#9884=FACE_SURFACE('',(#9889),#9885,.T.);
#9885=PLANE('',#9886);
#9886=AXIS2_PLACEMENT_3D('',#456,#9887,#9888);
#9887=DIRECTION('',(-0.9569396682142505,0.2902868777571596,0));
#9888=DIRECTION('',(-0.29028687775715967,-0.9569396682142506,0));
#9889=FACE_BOUND('',#9890,.T.);
#9890=EDGE_LOOP('',(#9891,#9892,#9893));
#9891=ORIENTED_EDGE('',*,*,#9894,.T.);
#9892=ORIENTED_EDGE('',*,*,#9895,.T.);
#9893=ORIENTED_EDGE('',*,*,#9896,.T.);
#9894=EDGE_CURVE('',#457,#461,#9897,.F.);
#9895=EDGE_CURVE('',#461,#463,#9898,.T.);
#9896=EDGE_CURVE('',#463,#457,#9899,.T.);
#9897=LINE('',#456,#9900);
#9898=LINE('',#460,#9901);
#9899=LINE('',#462,#9902);
#9900=VECTOR('',#9903,1.0);
#9901=VECTOR('',#9904,1.0);
#9902=VECTOR('',#9905,1.0);
#9903=DIRECTION('',(-0.29028687775715967,-0.9569396682142506,0));
#9904=DIRECTION('',(0,0,1));
#9905=DIRECTION('',(0.022692641316699257,0.0748069937583377,-0.9969397964345248));
#9906=FACE_SURFACE('',(#9911),#9907,.T.);
#9907=PLANE('',#9908);
#9908=AXIS2_PLACEMENT_3D('',#456,#9909,#9910);
#9909=DIRECTION('',(-0.9569396682142505,0.2902868777571596,0));
#9910=DIRECTION('',(-0.022692641316699257,-0.0748069937583377,0.9969397964345248));
#9911=FACE_BOUND('',#9912,.T.);
#9912=EDGE_LOOP('',(#9913,#9914,#9915));
#9913=ORIENTED_EDGE('',*,*,#9916,.T.);
#9914=ORIENTED_EDGE('',*,*,#9917,.T.);
#9915=ORIENTED_EDGE('',*,*,#9918,.T.);
#9916=EDGE_CURVE('',#457,#463,#9919,.F.);
#9917=EDGE_CURVE('',#463,#459,#9920,.T.);
#9918=EDGE_CURVE('',#459,#457,#9921,.T.);
#9919=LINE('',#456,#9922);
#9920=LINE('',#462,#9923);
#9921=LINE('',#458,#9924);
#9922=VECTOR('',#9925,1.0);
#9923=VECTOR('',#9926,1.0);
#9924=VECTOR('',#9927,1.0);
#9925=DIRECTION('',(-0.022692641316699257,-0.0748069937583377,0.9969397964345248));
#9926=DIRECTION('',(0.29028687775715967,0.9569396682142506,0));
#9927=DIRECTION('',(0,0,-1));
#9928=FACE_SURFACE('',(#9933),#9929,.T.);
#9929=PLANE('',#9930);
#9930=AXIS2_PLACEMENT_3D('',#460,#9931,#9932);
#9931=DIRECTION('',(-0.9951848165503704,0.09801622777686081,0));
#9932=DIRECTION('',(-0.09801622777686082,-0.9951848165503705,0));
#9933=FACE_BOUND('',#9934,.T.);
#9934=EDGE_LOOP('',(#9935,#9936,#9937));
#9935=ORIENTED_EDGE('',*,*,#9938,.T.);
#9936=ORIENTED_EDGE('',*,*,#9939,.T.);
#9937=ORIENTED_EDGE('',*,*,#9940,.T.);
#9938=EDGE_CURVE('',#461,#465,#9941,.F.);
#9939=EDGE_CURVE('',#465,#467,#9942,.T.);
#9940=EDGE_CURVE('',#467,#461,#9943,.T.);
#9941=LINE('',#460,#9944);
#9942=LINE('',#464,#9945);
#9943=LINE('',#466,#9946);
#9944=VECTOR('',#9947,1.0);
#9945=VECTOR('',#9948,1.0);
#9946=VECTOR('',#9949,1.0);
#9947=DIRECTION('',(-0.09801622777686082,-0.9951848165503705,0));
#9948=DIRECTION('',(0,0,1));
#9949=DIRECTION('',(0.007662331204876454,0.07779768562235291,-0.9969397217446561));
#9950=FACE_SURFACE('',(#9955),#9951,.T.);
#9951=PLANE('',#9952);
#9952=AXIS2_PLACEMENT_3D('',#460,#9953,#9954);
#9953=DIRECTION('',(-0.9951848165503704,0.09801622777686081,0));
#9954=DIRECTION('',(-0.007662331204876454,-0.07779768562235291,0.9969397217446561));
#9955=FACE_BOUND('',#9956,.T.);
#9956=EDGE_LOOP('',(#9957,#9958,#9959));
#9957=ORIENTED_EDGE('',*,*,#9960,.T.);
#9958=ORIENTED_EDGE('',*,*,#9961,.T.);
#9959=ORIENTED_EDGE('',*,*,#9962,.T.);
#9960=EDGE_CURVE('',#461,#467,#9963,.F.);
#9961=EDGE_CURVE('',#467,#463,#9964,.T.);
#9962=EDGE_CURVE('',#463,#461,#9965,.T.);
#9963=LINE('',#460,#9966);
#9964=LINE('',#466,#9967);
#9965=LINE('',#462,#9968);
#9966=VECTOR('',#9969,1.0);
#9967=VECTOR('',#9970,1.0);
#9968=VECTOR('',#9971,1.0);
#9969=DIRECTION('',(-0.007662331204876454,-0.07779768562235291,0.9969397217446561));
#9970=DIRECTION('',(0.09801622777686082,0.9951848165503705,0));
#9971=DIRECTION('',(0,0,-1));
#9972=FACE_SURFACE('',(#9977),#9973,.T.);
#9973=PLANE('',#9974);
#9974=AXIS2_PLACEMENT_3D('',#464,#9975,#9976);
#9975=DIRECTION('',(-0.9951848165503704,-0.09801622777686081,0));
#9976=DIRECTION('',(0.09801622777686082,-0.9951848165503705,0));
#9977=FACE_BOUND('',#9978,.T.);
#9978=EDGE_LOOP('',(#9979,#9980,#9981));
#9979=ORIENTED_EDGE('',*,*,#9982,.T.);
#9980=ORIENTED_EDGE('',*,*,#9983,.T.);
#9981=ORIENTED_EDGE('',*,*,#9984,.T.);
#9982=EDGE_CURVE('',#465,#469,#9985,.F.);
#9983=EDGE_CURVE('',#469,#471,#9986,.T.);
#9984=EDGE_CURVE('',#471,#465,#9987,.T.);
#9985=LINE('',#464,#9988);
#9986=LINE('',#468,#9989);
#9987=LINE('',#470,#9990);
#9988=VECTOR('',#9991,1.0);
#9989=VECTOR('',#9992,1.0);
#9990=VECTOR('',#9993,1.0);
#9991=DIRECTION('',(0.09801622777686082,-0.9951848165503705,0));
#9992=DIRECTION('',(0,0,1));
#9993=DIRECTION('',(-0.007662331204876454,0.07779768562235291,-0.9969397217446561));
#9994=FACE_SURFACE('',(#9999),#9995,.T.);
#9995=PLANE('',#9996);
#9996=AXIS2_PLACEMENT_3D('',#464,#9997,#9998);
#9997=DIRECTION('',(-0.9951848165503704,-0.09801622777686081,0));
#9998=DIRECTION('',(0.007662331204876454,-0.07779768562235291,0.9969397217446561));
#9999=FACE_BOUND('',#10000,.T.);
#10000=EDGE_LOOP('',(#10001,#10002,#10003));
#10001=ORIENTED_EDGE('',*,*,#10004,.T.);
#10002=ORIENTED_EDGE('',*,*,#10005,.T.);
#10003=ORIENTED_EDGE('',*,*,#10006,.T.);
#10004=EDGE_CURVE('',#465,#471,#10007,.F.);
#10005=EDGE_CURVE('',#471,#467,#10008,.T.);
#10006=EDGE_CURVE('',#467,#465,#10009,.T.);
#10007=LINE('',#464,#10010);
#10008=LINE('',#470,#10011);
#10009=LINE('',#466,#10012);
#10010=VECTOR('',#10013,1.0);
#10011=VECTOR('',#10014,1.0);
#10012=VECTOR('',#10015,1.0);
#10013=DIRECTION('',(0.007662331204876454,-0.07779768562235291,0.9969397217446561));
#10014=DIRECTION('',(-0.09801622777686082,0.9951848165503705,0));
#10015=DIRECTION('',(0,0,-1));
#10016=FACE_SURFACE('',(#10021),#10017,.T.);
#10017=PLANE('',#10018);
#10018=AXIS2_PLACEMENT_3D('',#468,#10019,#10020);
#10019=DIRECTION('',(-0.9569396682142505,-0.2902868777571596,0));
#10020=DIRECTION('',(0.29028687775715967,-0.9569396682142506,0));
#10021=FACE_BOUND('',#10022,.T.);
#10022=EDGE_LOOP('',(#10023,#10024,#10025));
#10023=ORIENTED_EDGE('',*,*,#10026,.T.);
#10024=ORIENTED_EDGE('',*,*,#10027,.T.);
#10025=ORIENTED_EDGE('',*,*,#10028,.T.);
#10026=EDGE_CURVE('',#469,#473,#10029,.F.);
#10027=EDGE_CURVE('',#473,#475,#10030,.T.);
#10028=EDGE_CURVE('',#475,#469,#10031,.T.);
#10029=LINE('',#468,#10032);
#10030=LINE('',#472,#10033);
#10031=LINE('',#474,#10034);
#10032=VECTOR('',#10035,1.0);
#10033=VECTOR('',#10036,1.0);
#10034=VECTOR('',#10037,1.0);
#10035=DIRECTION('',(0.29028687775715967,-0.9569396682142506,0));
#10036=DIRECTION('',(0,0,1));
#10037=DIRECTION('',(-0.022692641316699257,0.0748069937583377,-0.9969397964345248));
#10038=FACE_SURFACE('',(#10043),#10039,.T.);
#10039=PLANE('',#10040);
#10040=AXIS2_PLACEMENT_3D('',#468,#10041,#10042);
#10041=DIRECTION('',(-0.9569396682142505,-0.2902868777571596,0));
#10042=DIRECTION('',(0.022692641316699257,-0.0748069937583377,0.9969397964345248));
#10043=FACE_BOUND('',#10044,.T.);
#10044=EDGE_LOOP('',(#10045,#10046,#10047));
#10045=ORIENTED_EDGE('',*,*,#10048,.T.);
#10046=ORIENTED_EDGE('',*,*,#10049,.T.);
#10047=ORIENTED_EDGE('',*,*,#10050,.T.);
#10048=EDGE_CURVE('',#469,#475,#10051,.F.);
#10049=EDGE_CURVE('',#475,#471,#10052,.T.);
#10050=EDGE_CURVE('',#471,#469,#10053,.T.);
#10051=LINE('',#468,#10054);
#10052=LINE('',#474,#10055);
#10053=LINE('',#470,#10056);
#10054=VECTOR('',#10057,1.0);
#10055=VECTOR('',#10058,1.0);
#10056=VECTOR('',#10059,1.0);
#10057=DIRECTION('',(0.022692641316699257,-0.0748069937583377,0.9969397964345248));
#10058=DIRECTION('',(-0.29028687775715967,0.9569396682142506,0));
#10059=DIRECTION('',(0,0,-1));
#10060=FACE_SURFACE('',(#10065),#10061,.T.);
#10061=PLANE('',#10062);
#10062=AXIS2_PLACEMENT_3D('',#472,#10063,#10064);
#10063=DIRECTION('',(-0.881926229059021,-0.47138744838798496,0));
#10064=DIRECTION('',(0.47138744838798496,-0.8819262290590211,0));
#10065=FACE_BOUND('',#10066,.T.);
#10066=EDGE_LOOP('',(#10067,#10068,#10069));
#10067=ORIENTED_EDGE('',*,*,#10070,.T.);
#10068=ORIENTED_EDGE('',*,*,#10071,.T.);
#10069=ORIENTED_EDGE('',*,*,#10072,.T.);
#10070=EDGE_CURVE('',#473,#477,#10073,.F.);
#10071=EDGE_CURVE('',#477,#479,#10074,.T.);
#10072=EDGE_CURVE('',#479,#473,#10075,.T.);
#10073=LINE('',#472,#10076);
#10074=LINE('',#476,#10077);
#10075=LINE('',#478,#10078);
#10076=VECTOR('',#10079,1.0);
#10077=VECTOR('',#10080,1.0);
#10078=VECTOR('',#10081,1.0);
#10079=DIRECTION('',(0.47138744838798496,-0.8819262290590211,0));
#10080=DIRECTION('',(0,0,1));
#10081=DIRECTION('',(-0.036850533026032924,0.06894424478548015,-0.9969396818898609));
#10082=FACE_SURFACE('',(#10087),#10083,.T.);
#10083=PLANE('',#10084);
#10084=AXIS2_PLACEMENT_3D('',#472,#10085,#10086);
#10085=DIRECTION('',(-0.881926229059021,-0.47138744838798496,0));
#10086=DIRECTION('',(0.036850533026032924,-0.06894424478548015,0.9969396818898609));
#10087=FACE_BOUND('',#10088,.T.);
#10088=EDGE_LOOP('',(#10089,#10090,#10091));
#10089=ORIENTED_EDGE('',*,*,#10092,.T.);
#10090=ORIENTED_EDGE('',*,*,#10093,.T.);
#10091=ORIENTED_EDGE('',*,*,#10094,.T.);
#10092=EDGE_CURVE('',#473,#479,#10095,.F.);
#10093=EDGE_CURVE('',#479,#475,#10096,.T.);
#10094=EDGE_CURVE('',#475,#473,#10097,.T.);
#10095=LINE('',#472,#10098);
#10096=LINE('',#478,#10099);
#10097=LINE('',#474,#10100);
#10098=VECTOR('',#10101,1.0);
#10099=VECTOR('',#10102,1.0);
#10100=VECTOR('',#10103,1.0);
#10101=DIRECTION('',(0.036850533026032924,-0.06894424478548015,0.9969396818898609));
#10102=DIRECTION('',(-0.47138744838798496,0.8819262290590211,0));
#10103=DIRECTION('',(0,0,-1));
#10104=FACE_SURFACE('',(#10109),#10105,.T.);
#10105=PLANE('',#10106);
#10106=AXIS2_PLACEMENT_3D('',#476,#10107,#10108);
#10107=DIRECTION('',(-0.7730070588633648,-0.6343974203505326,0));
#10108=DIRECTION('',(0.6343974203505326,-0.7730070588633648,0));
#10109=FACE_BOUND('',#10110,.T.);
#10110=EDGE_LOOP('',(#10111,#10112,#10113));
#10111=ORIENTED_EDGE('',*,*,#10114,.T.);
#10112=ORIENTED_EDGE('',*,*,#10115,.T.);
#10113=ORIENTED_EDGE('',*,*,#10116,.T.);
#10114=EDGE_CURVE('',#477,#481,#10117,.F.);
#10115=EDGE_CURVE('',#481,#483,#10118,.T.);
#10116=EDGE_CURVE('',#483,#477,#10119,.T.);
#10117=LINE('',#476,#10120);
#10118=LINE('',#480,#10121);
#10119=LINE('',#482,#10122);
#10120=VECTOR('',#10123,1.0);
#10121=VECTOR('',#10124,1.0);
#10122=VECTOR('',#10125,1.0);
#10123=DIRECTION('',(0.6343974203505326,-0.7730070588633648,0));
#10124=DIRECTION('',(0,0,1));
#10125=DIRECTION('',(-0.04959294724295699,0.060428521710353164,-0.9969397842134994));
#10126=FACE_SURFACE('',(#10131),#10127,.T.);
#10127=PLANE('',#10128);
#10128=AXIS2_PLACEMENT_3D('',#476,#10129,#10130);
#10129=DIRECTION('',(-0.7730070588633648,-0.6343974203505326,0));
#10130=DIRECTION('',(0.04959294724295699,-0.060428521710353164,0.9969397842134994));
#10131=FACE_BOUND('',#10132,.T.);
#10132=EDGE_LOOP('',(#10133,#10134,#10135));
#10133=ORIENTED_EDGE('',*,*,#10136,.T.);
#10134=ORIENTED_EDGE('',*,*,#10137,.T.);
#10135=ORIENTED_EDGE('',*,*,#10138,.T.);
#10136=EDGE_CURVE('',#477,#483,#10139,.F.);
#10137=EDGE_CURVE('',#483,#479,#10140,.T.);
#10138=EDGE_CURVE('',#479,#477,#10141,.T.);
#10139=LINE('',#476,#10142);
#10140=LINE('',#482,#10143);
#10141=LINE('',#478,#10144);
#10142=VECTOR('',#10145,1.0);
#10143=VECTOR('',#10146,1.0);
#10144=VECTOR('',#10147,1.0);
#10145=DIRECTION('',(0.04959294724295699,-0.060428521710353164,0.9969397842134994));
#10146=DIRECTION('',(-0.6343974203505326,0.7730070588633648,0));
#10147=DIRECTION('',(0,0,-1));
#10148=FACE_SURFACE('',(#10153),#10149,.T.);
#10149=PLANE('',#10150);
#10150=AXIS2_PLACEMENT_3D('',#480,#10151,#10152);
#10151=DIRECTION('',(-0.6343926489794667,-0.773010974644484,0));
#10152=DIRECTION('',(0.773010974644484,-0.6343926489794667,0));
#10153=FACE_BOUND('',#10154,.T.);
#10154=EDGE_LOOP('',(#10155,#10156,#10157));
#10155=ORIENTED_EDGE('',*,*,#10158,.T.);
#10156=ORIENTED_EDGE('',*,*,#10159,.T.);
#10157=ORIENTED_EDGE('',*,*,#10160,.T.);
#10158=EDGE_CURVE('',#481,#485,#10161,.F.);
#10159=EDGE_CURVE('',#485,#487,#10162,.T.);
#10160=EDGE_CURVE('',#487,#481,#10163,.T.);
#10161=LINE('',#480,#10164);
#10162=LINE('',#484,#10165);
#10163=LINE('',#486,#10166);
#10164=VECTOR('',#10167,1.0);
#10165=VECTOR('',#10168,1.0);
#10166=VECTOR('',#10169,1.0);
#10167=DIRECTION('',(0.773010974644484,-0.6343926489794667,0));
#10168=DIRECTION('',(0,0,1));
#10169=DIRECTION('',(-0.06042927953756584,0.04959294496354099,-0.9969397383916512));
#10170=FACE_SURFACE('',(#10175),#10171,.T.);
#10171=PLANE('',#10172);
#10172=AXIS2_PLACEMENT_3D('',#480,#10173,#10174);
#10173=DIRECTION('',(-0.6343926489794667,-0.773010974644484,0));
#10174=DIRECTION('',(0.06042927953756584,-0.04959294496354099,0.9969397383916512));
#10175=FACE_BOUND('',#10176,.T.);
#10176=EDGE_LOOP('',(#10177,#10178,#10179));
#10177=ORIENTED_EDGE('',*,*,#10180,.T.);
#10178=ORIENTED_EDGE('',*,*,#10181,.T.);
#10179=ORIENTED_EDGE('',*,*,#10182,.T.);
#10180=EDGE_CURVE('',#481,#487,#10183,.F.);
#10181=EDGE_CURVE('',#487,#483,#10184,.T.);
#10182=EDGE_CURVE('',#483,#481,#10185,.T.);
#10183=LINE('',#480,#10186);
#10184=LINE('',#486,#10187);
#10185=LINE('',#482,#10188);
#10186=VECTOR('',#10189,1.0);
#10187=VECTOR('',#10190,1.0);
#10188=VECTOR('',#10191,1.0);
#10189=DIRECTION('',(0.06042927953756584,-0.04959294496354099,0.9969397383916512));
#10190=DIRECTION('',(-0.773010974644484,0.6343926489794667,0));
#10191=DIRECTION('',(0,0,-1));
#10192=FACE_SURFACE('',(#10197),#10193,.T.);
#10193=PLANE('',#10194);
#10194=AXIS2_PLACEMENT_3D('',#484,#10195,#10196);
#10195=DIRECTION('',(-0.4713990608453744,-0.8819200221301811,0));
#10196=DIRECTION('',(0.881920022130181,-0.47139906084537436,0));
#10197=FACE_BOUND('',#10198,.T.);
#10198=EDGE_LOOP('',(#10199,#10200,#10201));
#10199=ORIENTED_EDGE('',*,*,#10202,.T.);
#10200=ORIENTED_EDGE('',*,*,#10203,.T.);
#10201=ORIENTED_EDGE('',*,*,#10204,.T.);
#10202=EDGE_CURVE('',#485,#489,#10205,.F.);
#10203=EDGE_CURVE('',#489,#491,#10206,.T.);
#10204=EDGE_CURVE('',#491,#485,#10207,.T.);
#10205=LINE('',#484,#10208);
#10206=LINE('',#488,#10209);
#10207=LINE('',#490,#10210);
#10208=VECTOR('',#10211,1.0);
#10209=VECTOR('',#10212,1.0);
#10210=VECTOR('',#10213,1.0);
#10211=DIRECTION('',(0.881920022130181,-0.47139906084537436,0));
#10212=DIRECTION('',(0,0,1));
#10213=DIRECTION('',(-0.06894348586377819,0.036851294530190454,-0.996939706225206));
#10214=FACE_SURFACE('',(#10219),#10215,.T.);
#10215=PLANE('',#10216);
#10216=AXIS2_PLACEMENT_3D('',#484,#10217,#10218);
#10217=DIRECTION('',(-0.4713990608453744,-0.8819200221301811,0));
#10218=DIRECTION('',(0.06894348586377819,-0.036851294530190454,0.996939706225206));
#10219=FACE_BOUND('',#10220,.T.);
#10220=EDGE_LOOP('',(#10221,#10222,#10223));
#10221=ORIENTED_EDGE('',*,*,#10224,.T.);
#10222=ORIENTED_EDGE('',*,*,#10225,.T.);
#10223=ORIENTED_EDGE('',*,*,#10226,.T.);
#10224=EDGE_CURVE('',#485,#491,#10227,.F.);
#10225=EDGE_CURVE('',#491,#487,#10228,.T.);
#10226=EDGE_CURVE('',#487,#485,#10229,.T.);
#10227=LINE('',#484,#10230);
#10228=LINE('',#490,#10231);
#10229=LINE('',#486,#10232);
#10230=VECTOR('',#10233,1.0);
#10231=VECTOR('',#10234,1.0);
#10232=VECTOR('',#10235,1.0);
#10233=DIRECTION('',(0.06894348586377819,-0.036851294530190454,0.996939706225206));
#10234=DIRECTION('',(-0.881920022130181,0.47139906084537436,0));
#10235=DIRECTION('',(0,0,-1));
#10236=FACE_SURFACE('',(#10241),#10237,.T.);
#10237=PLANE('',#10238);
#10238=AXIS2_PLACEMENT_3D('',#488,#10239,#10240);
#10239=DIRECTION('',(-0.2902779678676651,-0.9569423709767578,0));
#10240=DIRECTION('',(0.9569423709767578,-0.290277967867665,0));
#10241=FACE_BOUND('',#10242,.T.);
#10242=EDGE_LOOP('',(#10243,#10244,#10245));
#10243=ORIENTED_EDGE('',*,*,#10246,.T.);
#10244=ORIENTED_EDGE('',*,*,#10247,.T.);
#10245=ORIENTED_EDGE('',*,*,#10248,.T.);
#10246=EDGE_CURVE('',#489,#493,#10249,.F.);
#10247=EDGE_CURVE('',#493,#495,#10250,.T.);
#10248=EDGE_CURVE('',#495,#489,#10251,.T.);
#10249=LINE('',#488,#10252);
#10250=LINE('',#492,#10253);
#10251=LINE('',#494,#10254);
#10252=VECTOR('',#10255,1.0);
#10253=VECTOR('',#10256,1.0);
#10254=VECTOR('',#10257,1.0);
#10255=DIRECTION('',(0.9569423709767578,-0.290277967867665,0));
#10256=DIRECTION('',(0,0,1));
#10257=DIRECTION('',(-0.07480699504949449,0.022691881103654412,-0.9969398136415469));
#10258=FACE_SURFACE('',(#10263),#10259,.T.);
#10259=PLANE('',#10260);
#10260=AXIS2_PLACEMENT_3D('',#488,#10261,#10262);
#10261=DIRECTION('',(-0.2902779678676651,-0.9569423709767578,0));
#10262=DIRECTION('',(0.07480699504949449,-0.022691881103654412,0.9969398136415469));
#10263=FACE_BOUND('',#10264,.T.);
#10264=EDGE_LOOP('',(#10265,#10266,#10267));
#10265=ORIENTED_EDGE('',*,*,#10268,.T.);
#10266=ORIENTED_EDGE('',*,*,#10269,.T.);
#10267=ORIENTED_EDGE('',*,*,#10270,.T.);
#10268=EDGE_CURVE('',#489,#495,#10271,.F.);
#10269=EDGE_CURVE('',#495,#491,#10272,.T.);
#10270=EDGE_CURVE('',#491,#489,#10273,.T.);
#10271=LINE('',#488,#10274);
#10272=LINE('',#494,#10275);
#10273=LINE('',#490,#10276);
#10274=VECTOR('',#10277,1.0);
#10275=VECTOR('',#10278,1.0);
#10276=VECTOR('',#10279,1.0);
#10277=DIRECTION('',(0.07480699504949449,-0.022691881103654412,0.9969398136415469));
#10278=DIRECTION('',(-0.9569423709767578,0.290277967867665,0));
#10279=DIRECTION('',(0,0,-1));
#10280=FACE_SURFACE('',(#10285),#10281,.T.);
#10281=PLANE('',#10282);
#10282=AXIS2_PLACEMENT_3D('',#492,#10283,#10284);
#10283=DIRECTION('',(-0.09801622777686081,-0.9951848165503704,0));
#10284=DIRECTION('',(0.9951848165503705,-0.09801622777686082,0));
#10285=FACE_BOUND('',#10286,.T.);
#10286=EDGE_LOOP('',(#10287,#10288,#10289));
#10287=ORIENTED_EDGE('',*,*,#10290,.T.);
#10288=ORIENTED_EDGE('',*,*,#10291,.T.);
#10289=ORIENTED_EDGE('',*,*,#10292,.T.);
#10290=EDGE_CURVE('',#493,#497,#10293,.F.);
#10291=EDGE_CURVE('',#497,#499,#10294,.T.);
#10292=EDGE_CURVE('',#499,#493,#10295,.T.);
#10293=LINE('',#492,#10296);
#10294=LINE('',#496,#10297);
#10295=LINE('',#498,#10298);
#10296=VECTOR('',#10299,1.0);
#10297=VECTOR('',#10300,1.0);
#10298=VECTOR('',#10301,1.0);
#10299=DIRECTION('',(0.9951848165503705,-0.09801622777686082,0));
#10300=DIRECTION('',(0,0,1));
#10301=DIRECTION('',(-0.07779768562235291,0.007662331204876454,-0.9969397217446561));
#10302=FACE_SURFACE('',(#10307),#10303,.T.);
#10303=PLANE('',#10304);
#10304=AXIS2_PLACEMENT_3D('',#492,#10305,#10306);
#10305=DIRECTION('',(-0.09801622777686081,-0.9951848165503704,0));
#10306=DIRECTION('',(0.07779768562235291,-0.007662331204876454,0.9969397217446561));
#10307=FACE_BOUND('',#10308,.T.);
#10308=EDGE_LOOP('',(#10309,#10310,#10311));
#10309=ORIENTED_EDGE('',*,*,#10312,.T.);
#10310=ORIENTED_EDGE('',*,*,#10313,.T.);
#10311=ORIENTED_EDGE('',*,*,#10314,.T.);
#10312=EDGE_CURVE('',#493,#499,#10315,.F.);
#10313=EDGE_CURVE('',#499,#495,#10316,.T.);
#10314=EDGE_CURVE('',#495,#493,#10317,.T.);
#10315=LINE('',#492,#10318);
#10316=LINE('',#498,#10319);
#10317=LINE('',#494,#10320);
#10318=VECTOR('',#10321,1.0);
#10319=VECTOR('',#10322,1.0);
#10320=VECTOR('',#10323,1.0);
#10321=DIRECTION('',(0.07779768562235291,-0.007662331204876454,0.9969397217446561));
#10322=DIRECTION('',(-0.9951848165503705,0.09801622777686082,0));
#10323=DIRECTION('',(0,0,-1));
#10324=FACE_SURFACE('',(#10329),#10325,.T.);
#10325=PLANE('',#10326);
#10326=AXIS2_PLACEMENT_3D('',#496,#10327,#10328);
#10327=DIRECTION('',(0.09801622777686081,-0.9951848165503704,0));
#10328=DIRECTION('',(0.9951848165503705,0.09801622777686082,0));
#10329=FACE_BOUND('',#10330,.T.);
#10330=EDGE_LOOP('',(#10331,#10332,#10333));
#10331=ORIENTED_EDGE('',*,*,#10334,.T.);
#10332=ORIENTED_EDGE('',*,*,#10335,.T.);
#10333=ORIENTED_EDGE('',*,*,#10336,.T.);
#10334=EDGE_CURVE('',#497,#501,#10337,.F.);
#10335=EDGE_CURVE('',#501,#503,#10338,.T.);
#10336=EDGE_CURVE('',#503,#497,#10339,.T.);
#10337=LINE('',#496,#10340);
#10338=LINE('',#500,#10341);
#10339=LINE('',#502,#10342);
#10340=VECTOR('',#10343,1.0);
#10341=VECTOR('',#10344,1.0);
#10342=VECTOR('',#10345,1.0);
#10343=DIRECTION('',(0.9951848165503705,0.09801622777686082,0));
#10344=DIRECTION('',(0,0,1));
#10345=DIRECTION('',(-0.07779768562235291,-0.007662331204876454,-0.9969397217446561));
#10346=FACE_SURFACE('',(#10351),#10347,.T.);
#10347=PLANE('',#10348);
#10348=AXIS2_PLACEMENT_3D('',#496,#10349,#10350);
#10349=DIRECTION('',(0.09801622777686081,-0.9951848165503704,0));
#10350=DIRECTION('',(0.07779768562235291,0.007662331204876454,0.9969397217446561));
#10351=FACE_BOUND('',#10352,.T.);
#10352=EDGE_LOOP('',(#10353,#10354,#10355));
#10353=ORIENTED_EDGE('',*,*,#10356,.T.);
#10354=ORIENTED_EDGE('',*,*,#10357,.T.);
#10355=ORIENTED_EDGE('',*,*,#10358,.T.);
#10356=EDGE_CURVE('',#497,#503,#10359,.F.);
#10357=EDGE_CURVE('',#503,#499,#10360,.T.);
#10358=EDGE_CURVE('',#499,#497,#10361,.T.);
#10359=LINE('',#496,#10362);
#10360=LINE('',#502,#10363);
#10361=LINE('',#498,#10364);
#10362=VECTOR('',#10365,1.0);
#10363=VECTOR('',#10366,1.0);
#10364=VECTOR('',#10367,1.0);
#10365=DIRECTION('',(0.07779768562235291,0.007662331204876454,0.9969397217446561));
#10366=DIRECTION('',(-0.9951848165503705,-0.09801622777686082,0));
#10367=DIRECTION('',(0,0,-1));
#10368=FACE_SURFACE('',(#10373),#10369,.T.);
#10369=PLANE('',#10370);
#10370=AXIS2_PLACEMENT_3D('',#500,#10371,#10372);
#10371=DIRECTION('',(0.2902779678676651,-0.9569423709767578,0));
#10372=DIRECTION('',(0.9569423709767578,0.290277967867665,0));
#10373=FACE_BOUND('',#10374,.T.);
#10374=EDGE_LOOP('',(#10375,#10376,#10377));
#10375=ORIENTED_EDGE('',*,*,#10378,.T.);
#10376=ORIENTED_EDGE('',*,*,#10379,.T.);
#10377=ORIENTED_EDGE('',*,*,#10380,.T.);
#10378=EDGE_CURVE('',#501,#505,#10381,.F.);
#10379=EDGE_CURVE('',#505,#507,#10382,.T.);
#10380=EDGE_CURVE('',#507,#501,#10383,.T.);
#10381=LINE('',#500,#10384);
#10382=LINE('',#504,#10385);
#10383=LINE('',#506,#10386);
#10384=VECTOR('',#10387,1.0);
#10385=VECTOR('',#10388,1.0);
#10386=VECTOR('',#10389,1.0);
#10387=DIRECTION('',(0.9569423709767578,0.290277967867665,0));
#10388=DIRECTION('',(0,0,1));
#10389=DIRECTION('',(-0.07480699504949449,-0.022691881103654412,-0.9969398136415469));
#10390=FACE_SURFACE('',(#10395),#10391,.T.);
#10391=PLANE('',#10392);
#10392=AXIS2_PLACEMENT_3D('',#500,#10393,#10394);
#10393=DIRECTION('',(0.2902779678676651,-0.9569423709767578,0));
#10394=DIRECTION('',(0.07480699504949449,0.022691881103654412,0.9969398136415469));
#10395=FACE_BOUND('',#10396,.T.);
#10396=EDGE_LOOP('',(#10397,#10398,#10399));
#10397=ORIENTED_EDGE('',*,*,#10400,.T.);
#10398=ORIENTED_EDGE('',*,*,#10401,.T.);
#10399=ORIENTED_EDGE('',*,*,#10402,.T.);
#10400=EDGE_CURVE('',#501,#507,#10403,.F.);
#10401=EDGE_CURVE('',#507,#503,#10404,.T.);
#10402=EDGE_CURVE('',#503,#501,#10405,.T.);
#10403=LINE('',#500,#10406);
#10404=LINE('',#506,#10407);
#10405=LINE('',#502,#10408);
#10406=VECTOR('',#10409,1.0);
#10407=VECTOR('',#10410,1.0);
#10408=VECTOR('',#10411,1.0);
#10409=DIRECTION('',(0.07480699504949449,0.022691881103654412,0.9969398136415469));
#10410=DIRECTION('',(-0.9569423709767578,-0.290277967867665,0));
#10411=DIRECTION('',(0,0,-1));
#10412=FACE_SURFACE('',(#10417),#10413,.T.);
#10413=PLANE('',#10414);
#10414=AXIS2_PLACEMENT_3D('',#504,#10415,#10416);
#10415=DIRECTION('',(0.4713990608453744,-0.8819200221301811,0));
#10416=DIRECTION('',(0.881920022130181,0.47139906084537436,0));
#10417=FACE_BOUND('',#10418,.T.);
#10418=EDGE_LOOP('',(#10419,#10420,#10421));
#10419=ORIENTED_EDGE('',*,*,#10422,.T.);
#10420=ORIENTED_EDGE('',*,*,#10423,.T.);
#10421=ORIENTED_EDGE('',*,*,#10424,.T.);
#10422=EDGE_CURVE('',#505,#509,#10425,.F.);
#10423=EDGE_CURVE('',#509,#511,#10426,.T.);
#10424=EDGE_CURVE('',#511,#505,#10427,.T.);
#10425=LINE('',#504,#10428);
#10426=LINE('',#508,#10429);
#10427=LINE('',#510,#10430);
#10428=VECTOR('',#10431,1.0);
#10429=VECTOR('',#10432,1.0);
#10430=VECTOR('',#10433,1.0);
#10431=DIRECTION('',(0.881920022130181,0.47139906084537436,0));
#10432=DIRECTION('',(0,0,1));
#10433=DIRECTION('',(-0.06894348586377819,-0.036851294530190454,-0.996939706225206));
#10434=FACE_SURFACE('',(#10439),#10435,.T.);
#10435=PLANE('',#10436);
#10436=AXIS2_PLACEMENT_3D('',#504,#10437,#10438);
#10437=DIRECTION('',(0.4713990608453744,-0.8819200221301811,0));
#10438=DIRECTION('',(0.06894348586377819,0.036851294530190454,0.996939706225206));
#10439=FACE_BOUND('',#10440,.T.);
#10440=EDGE_LOOP('',(#10441,#10442,#10443));
#10441=ORIENTED_EDGE('',*,*,#10444,.T.);
#10442=ORIENTED_EDGE('',*,*,#10445,.T.);
#10443=ORIENTED_EDGE('',*,*,#10446,.T.);
#10444=EDGE_CURVE('',#505,#511,#10447,.F.);
#10445=EDGE_CURVE('',#511,#507,#10448,.T.);
#10446=EDGE_CURVE('',#507,#505,#10449,.T.);
#10447=LINE('',#504,#10450);
#10448=LINE('',#510,#10451);
#10449=LINE('',#506,#10452);
#10450=VECTOR('',#10453,1.0);
#10451=VECTOR('',#10454,1.0);
#10452=VECTOR('',#10455,1.0);
#10453=DIRECTION('',(0.06894348586377819,0.036851294530190454,0.996939706225206));
#10454=DIRECTION('',(-0.881920022130181,-0.47139906084537436,0));
#10455=DIRECTION('',(0,0,-1));
#10456=FACE_SURFACE('',(#10461),#10457,.T.);
#10457=PLANE('',#10458);
#10458=AXIS2_PLACEMENT_3D('',#508,#10459,#10460);
#10459=DIRECTION('',(0.6343926489794667,-0.773010974644484,0));
#10460=DIRECTION('',(0.773010974644484,0.6343926489794667,0));
#10461=FACE_BOUND('',#10462,.T.);
#10462=EDGE_LOOP('',(#10463,#10464,#10465));
#10463=ORIENTED_EDGE('',*,*,#10466,.T.);
#10464=ORIENTED_EDGE('',*,*,#10467,.T.);
#10465=ORIENTED_EDGE('',*,*,#10468,.T.);
#10466=EDGE_CURVE('',#509,#513,#10469,.F.);
#10467=EDGE_CURVE('',#513,#515,#10470,.T.);
#10468=EDGE_CURVE('',#515,#509,#10471,.T.);
#10469=LINE('',#508,#10472);
#10470=LINE('',#512,#10473);
#10471=LINE('',#514,#10474);
#10472=VECTOR('',#10475,1.0);
#10473=VECTOR('',#10476,1.0);
#10474=VECTOR('',#10477,1.0);
#10475=DIRECTION('',(0.773010974644484,0.6343926489794667,0));
#10476=DIRECTION('',(0,0,1));
#10477=DIRECTION('',(-0.06042927953756584,-0.04959294496354099,-0.9969397383916512));
#10478=FACE_SURFACE('',(#10483),#10479,.T.);
#10479=PLANE('',#10480);
#10480=AXIS2_PLACEMENT_3D('',#508,#10481,#10482);
#10481=DIRECTION('',(0.6343926489794667,-0.773010974644484,0));
#10482=DIRECTION('',(0.06042927953756584,0.04959294496354099,0.9969397383916512));
#10483=FACE_BOUND('',#10484,.T.);
#10484=EDGE_LOOP('',(#10485,#10486,#10487));
#10485=ORIENTED_EDGE('',*,*,#10488,.T.);
#10486=ORIENTED_EDGE('',*,*,#10489,.T.);
#10487=ORIENTED_EDGE('',*,*,#10490,.T.);
#10488=EDGE_CURVE('',#509,#515,#10491,.F.);
#10489=EDGE_CURVE('',#515,#511,#10492,.T.);
#10490=EDGE_CURVE('',#511,#509,#10493,.T.);
#10491=LINE('',#508,#10494);
#10492=LINE('',#514,#10495);
#10493=LINE('',#510,#10496);
#10494=VECTOR('',#10497,1.0);
#10495=VECTOR('',#10498,1.0);
#10496=VECTOR('',#10499,1.0);
#10497=DIRECTION('',(0.06042927953756584,0.04959294496354099,0.9969397383916512));
#10498=DIRECTION('',(-0.773010974644484,-0.6343926489794667,0));
#10499=DIRECTION('',(0,0,-1));
#10500=FACE_SURFACE('',(#10505),#10501,.T.);
#10501=PLANE('',#10502);
#10502=AXIS2_PLACEMENT_3D('',#512,#10503,#10504);
#10503=DIRECTION('',(0.7730070588633648,-0.6343974203505326,0));
#10504=DIRECTION('',(0.6343974203505326,0.7730070588633648,0));
#10505=FACE_BOUND('',#10506,.T.);
#10506=EDGE_LOOP('',(#10507,#10508,#10509));
#10507=ORIENTED_EDGE('',*,*,#10510,.T.);
#10508=ORIENTED_EDGE('',*,*,#10511,.T.);
#10509=ORIENTED_EDGE('',*,*,#10512,.T.);
#10510=EDGE_CURVE('',#513,#517,#10513,.F.);
#10511=EDGE_CURVE('',#517,#519,#10514,.T.);
#10512=EDGE_CURVE('',#519,#513,#10515,.T.);
#10513=LINE('',#512,#10516);
#10514=LINE('',#516,#10517);
#10515=LINE('',#518,#10518);
#10516=VECTOR('',#10519,1.0);
#10517=VECTOR('',#10520,1.0);
#10518=VECTOR('',#10521,1.0);
#10519=DIRECTION('',(0.6343974203505326,0.7730070588633648,0));
#10520=DIRECTION('',(0,0,1));
#10521=DIRECTION('',(-0.04959294724295699,-0.060428521710353164,-0.9969397842134994));
#10522=FACE_SURFACE('',(#10527),#10523,.T.);
#10523=PLANE('',#10524);
#10524=AXIS2_PLACEMENT_3D('',#512,#10525,#10526);
#10525=DIRECTION('',(0.7730070588633648,-0.6343974203505326,0));
#10526=DIRECTION('',(0.04959294724295699,0.060428521710353164,0.9969397842134994));
#10527=FACE_BOUND('',#10528,.T.);
#10528=EDGE_LOOP('',(#10529,#10530,#10531));
#10529=ORIENTED_EDGE('',*,*,#10532,.T.);
#10530=ORIENTED_EDGE('',*,*,#10533,.T.);
#10531=ORIENTED_EDGE('',*,*,#10534,.T.);
#10532=EDGE_CURVE('',#513,#519,#10535,.F.);
#10533=EDGE_CURVE('',#519,#515,#10536,.T.);
#10534=EDGE_CURVE('',#515,#513,#10537,.T.);
#10535=LINE('',#512,#10538);
#10536=LINE('',#518,#10539);
#10537=LINE('',#514,#10540);
#10538=VECTOR('',#10541,1.0);
#10539=VECTOR('',#10542,1.0);
#10540=VECTOR('',#10543,1.0);
#10541=DIRECTION('',(0.04959294724295699,0.060428521710353164,0.9969397842134994));
#10542=DIRECTION('',(-0.6343974203505326,-0.7730070588633648,0));
#10543=DIRECTION('',(0,0,-1));
#10544=FACE_SURFACE('',(#10549),#10545,.T.);
#10545=PLANE('',#10546);
#10546=AXIS2_PLACEMENT_3D('',#516,#10547,#10548);
#10547=DIRECTION('',(0.881926229059021,-0.47138744838798496,0));
#10548=DIRECTION('',(0.47138744838798496,0.8819262290590211,0));
#10549=FACE_BOUND('',#10550,.T.);
#10550=EDGE_LOOP('',(#10551,#10552,#10553));
#10551=ORIENTED_EDGE('',*,*,#10554,.T.);
#10552=ORIENTED_EDGE('',*,*,#10555,.T.);
#10553=ORIENTED_EDGE('',*,*,#10556,.T.);
#10554=EDGE_CURVE('',#517,#521,#10557,.F.);
#10555=EDGE_CURVE('',#521,#523,#10558,.T.);
#10556=EDGE_CURVE('',#523,#517,#10559,.T.);
#10557=LINE('',#516,#10560);
#10558=LINE('',#520,#10561);
#10559=LINE('',#522,#10562);
#10560=VECTOR('',#10563,1.0);
#10561=VECTOR('',#10564,1.0);
#10562=VECTOR('',#10565,1.0);
#10563=DIRECTION('',(0.47138744838798496,0.8819262290590211,0));
#10564=DIRECTION('',(0,0,1));
#10565=DIRECTION('',(-0.036850533026032924,-0.06894424478548015,-0.9969396818898609));
#10566=FACE_SURFACE('',(#10571),#10567,.T.);
#10567=PLANE('',#10568);
#10568=AXIS2_PLACEMENT_3D('',#516,#10569,#10570);
#10569=DIRECTION('',(0.881926229059021,-0.47138744838798496,0));
#10570=DIRECTION('',(0.036850533026032924,0.06894424478548015,0.9969396818898609));
#10571=FACE_BOUND('',#10572,.T.);
#10572=EDGE_LOOP('',(#10573,#10574,#10575));
#10573=ORIENTED_EDGE('',*,*,#10576,.T.);
#10574=ORIENTED_EDGE('',*,*,#10577,.T.);
#10575=ORIENTED_EDGE('',*,*,#10578,.T.);
#10576=EDGE_CURVE('',#517,#523,#10579,.F.);
#10577=EDGE_CURVE('',#523,#519,#10580,.T.);
#10578=EDGE_CURVE('',#519,#517,#10581,.T.);
#10579=LINE('',#516,#10582);
#10580=LINE('',#522,#10583);
#10581=LINE('',#518,#10584);
#10582=VECTOR('',#10585,1.0);
#10583=VECTOR('',#10586,1.0);
#10584=VECTOR('',#10587,1.0);
#10585=DIRECTION('',(0.036850533026032924,0.06894424478548015,0.9969396818898609));
#10586=DIRECTION('',(-0.47138744838798496,-0.8819262290590211,0));
#10587=DIRECTION('',(0,0,-1));
#10588=FACE_SURFACE('',(#10593),#10589,.T.);
#10589=PLANE('',#10590);
#10590=AXIS2_PLACEMENT_3D('',#520,#10591,#10592);
#10591=DIRECTION('',(0.9569396682142505,-0.2902868777571596,0));
#10592=DIRECTION('',(0.29028687775715967,0.9569396682142506,0));
#10593=FACE_BOUND('',#10594,.T.);
#10594=EDGE_LOOP('',(#10595,#10596,#10597));
#10595=ORIENTED_EDGE('',*,*,#10598,.T.);
#10596=ORIENTED_EDGE('',*,*,#10599,.T.);
#10597=ORIENTED_EDGE('',*,*,#10600,.T.);
#10598=EDGE_CURVE('',#521,#525,#10601,.F.);
#10599=EDGE_CURVE('',#525,#527,#10602,.T.);
#10600=EDGE_CURVE('',#527,#521,#10603,.T.);
#10601=LINE('',#520,#10604);
#10602=LINE('',#524,#10605);
#10603=LINE('',#526,#10606);
#10604=VECTOR('',#10607,1.0);
#10605=VECTOR('',#10608,1.0);
#10606=VECTOR('',#10609,1.0);
#10607=DIRECTION('',(0.29028687775715967,0.9569396682142506,0));
#10608=DIRECTION('',(0,0,1));
#10609=DIRECTION('',(-0.022692641316699257,-0.0748069937583377,-0.9969397964345248));
#10610=FACE_SURFACE('',(#10615),#10611,.T.);
#10611=PLANE('',#10612);
#10612=AXIS2_PLACEMENT_3D('',#520,#10613,#10614);
#10613=DIRECTION('',(0.9569396682142505,-0.2902868777571596,0));
#10614=DIRECTION('',(0.022692641316699257,0.0748069937583377,0.9969397964345248));
#10615=FACE_BOUND('',#10616,.T.);
#10616=EDGE_LOOP('',(#10617,#10618,#10619));
#10617=ORIENTED_EDGE('',*,*,#10620,.T.);
#10618=ORIENTED_EDGE('',*,*,#10621,.T.);
#10619=ORIENTED_EDGE('',*,*,#10622,.T.);
#10620=EDGE_CURVE('',#521,#527,#10623,.F.);
#10621=EDGE_CURVE('',#527,#523,#10624,.T.);
#10622=EDGE_CURVE('',#523,#521,#10625,.T.);
#10623=LINE('',#520,#10626);
#10624=LINE('',#526,#10627);
#10625=LINE('',#522,#10628);
#10626=VECTOR('',#10629,1.0);
#10627=VECTOR('',#10630,1.0);
#10628=VECTOR('',#10631,1.0);
#10629=DIRECTION('',(0.022692641316699257,0.0748069937583377,0.9969397964345248));
#10630=DIRECTION('',(-0.29028687775715967,-0.9569396682142506,0));
#10631=DIRECTION('',(0,0,-1));
#10632=FACE_SURFACE('',(#10637),#10633,.T.);
#10633=PLANE('',#10634);
#10634=AXIS2_PLACEMENT_3D('',#524,#10635,#10636);
#10635=DIRECTION('',(0.9951848165503704,-0.09801622777686081,0));
#10636=DIRECTION('',(0.09801622777686082,0.9951848165503705,0));
#10637=FACE_BOUND('',#10638,.T.);
#10638=EDGE_LOOP('',(#10639,#10640,#10641));
#10639=ORIENTED_EDGE('',*,*,#10642,.T.);
#10640=ORIENTED_EDGE('',*,*,#10643,.T.);
#10641=ORIENTED_EDGE('',*,*,#10644,.T.);
#10642=EDGE_CURVE('',#525,#529,#10645,.F.);
#10643=EDGE_CURVE('',#529,#531,#10646,.T.);
#10644=EDGE_CURVE('',#531,#525,#10647,.T.);
#10645=LINE('',#524,#10648);
#10646=LINE('',#528,#10649);
#10647=LINE('',#530,#10650);
#10648=VECTOR('',#10651,1.0);
#10649=VECTOR('',#10652,1.0);
#10650=VECTOR('',#10653,1.0);
#10651=DIRECTION('',(0.09801622777686082,0.9951848165503705,0));
#10652=DIRECTION('',(0,0,1));
#10653=DIRECTION('',(-0.007662331204876454,-0.07779768562235291,-0.9969397217446561));
#10654=FACE_SURFACE('',(#10659),#10655,.T.);
#10655=PLANE('',#10656);
#10656=AXIS2_PLACEMENT_3D('',#524,#10657,#10658);
#10657=DIRECTION('',(0.9951848165503704,-0.09801622777686081,0));
#10658=DIRECTION('',(0.007662331204876454,0.07779768562235291,0.9969397217446561));
#10659=FACE_BOUND('',#10660,.T.);
#10660=EDGE_LOOP('',(#10661,#10662,#10663));
#10661=ORIENTED_EDGE('',*,*,#10664,.T.);
#10662=ORIENTED_EDGE('',*,*,#10665,.T.);
#10663=ORIENTED_EDGE('',*,*,#10666,.T.);
#10664=EDGE_CURVE('',#525,#531,#10667,.F.);
#10665=EDGE_CURVE('',#531,#527,#10668,.T.);
#10666=EDGE_CURVE('',#527,#525,#10669,.T.);
#10667=LINE('',#524,#10670);
#10668=LINE('',#530,#10671);
#10669=LINE('',#526,#10672);
#10670=VECTOR('',#10673,1.0);
#10671=VECTOR('',#10674,1.0);
#10672=VECTOR('',#10675,1.0);
#10673=DIRECTION('',(0.007662331204876454,0.07779768562235291,0.9969397217446561));
#10674=DIRECTION('',(-0.09801622777686082,-0.9951848165503705,0));
#10675=DIRECTION('',(0,0,-1));
#10676=FACE_SURFACE('',(#10681),#10677,.T.);
#10677=PLANE('',#10678);
#10678=AXIS2_PLACEMENT_3D('',#528,#10679,#10680);
#10679=DIRECTION('',(0.9951848165503704,0.09801622777686081,0));
#10680=DIRECTION('',(-0.09801622777686082,0.9951848165503705,0));
#10681=FACE_BOUND('',#10682,.T.);
#10682=EDGE_LOOP('',(#10683,#10684,#10685));
#10683=ORIENTED_EDGE('',*,*,#10686,.T.);
#10684=ORIENTED_EDGE('',*,*,#10687,.T.);
#10685=ORIENTED_EDGE('',*,*,#10688,.T.);
#10686=EDGE_CURVE('',#529,#533,#10689,.F.);
#10687=EDGE_CURVE('',#533,#535,#10690,.T.);
#10688=EDGE_CURVE('',#535,#529,#10691,.T.);
#10689=LINE('',#528,#10692);
#10690=LINE('',#532,#10693);
#10691=LINE('',#534,#10694);
#10692=VECTOR('',#10695,1.0);
#10693=VECTOR('',#10696,1.0);
#10694=VECTOR('',#10697,1.0);
#10695=DIRECTION('',(-0.09801622777686082,0.9951848165503705,0));
#10696=DIRECTION('',(0,0,1));
#10697=DIRECTION('',(0.007662331204876454,-0.07779768562235291,-0.9969397217446561));
#10698=FACE_SURFACE('',(#10703),#10699,.T.);
#10699=PLANE('',#10700);
#10700=AXIS2_PLACEMENT_3D('',#528,#10701,#10702);
#10701=DIRECTION('',(0.9951848165503704,0.09801622777686081,-0));
#10702=DIRECTION('',(-0.007662331204876454,0.07779768562235291,0.9969397217446561));
#10703=FACE_BOUND('',#10704,.T.);
#10704=EDGE_LOOP('',(#10705,#10706,#10707));
#10705=ORIENTED_EDGE('',*,*,#10708,.T.);
#10706=ORIENTED_EDGE('',*,*,#10709,.T.);
#10707=ORIENTED_EDGE('',*,*,#10710,.T.);
#10708=EDGE_CURVE('',#529,#535,#10711,.F.);
#10709=EDGE_CURVE('',#535,#531,#10712,.T.);
#10710=EDGE_CURVE('',#531,#529,#10713,.T.);
#10711=LINE('',#528,#10714);
#10712=LINE('',#534,#10715);
#10713=LINE('',#530,#10716);
#10714=VECTOR('',#10717,1.0);
#10715=VECTOR('',#10718,1.0);
#10716=VECTOR('',#10719,1.0);
#10717=DIRECTION('',(-0.007662331204876454,0.07779768562235291,0.9969397217446561));
#10718=DIRECTION('',(0.09801622777686082,-0.9951848165503705,0));
#10719=DIRECTION('',(0,0,-1));
#10720=FACE_SURFACE('',(#10725),#10721,.T.);
#10721=PLANE('',#10722);
#10722=AXIS2_PLACEMENT_3D('',#532,#10723,#10724);
#10723=DIRECTION('',(0.9569396682142505,0.2902868777571596,0));
#10724=DIRECTION('',(-0.29028687775715967,0.9569396682142506,0));
#10725=FACE_BOUND('',#10726,.T.);
#10726=EDGE_LOOP('',(#10727,#10728,#10729));
#10727=ORIENTED_EDGE('',*,*,#10730,.T.);
#10728=ORIENTED_EDGE('',*,*,#10731,.T.);
#10729=ORIENTED_EDGE('',*,*,#10732,.T.);
#10730=EDGE_CURVE('',#533,#537,#10733,.F.);
#10731=EDGE_CURVE('',#537,#539,#10734,.T.);
#10732=EDGE_CURVE('',#539,#533,#10735,.T.);
#10733=LINE('',#532,#10736);
#10734=LINE('',#536,#10737);
#10735=LINE('',#538,#10738);
#10736=VECTOR('',#10739,1.0);
#10737=VECTOR('',#10740,1.0);
#10738=VECTOR('',#10741,1.0);
#10739=DIRECTION('',(-0.29028687775715967,0.9569396682142506,0));
#10740=DIRECTION('',(0,0,1));
#10741=DIRECTION('',(0.022692641316699257,-0.0748069937583377,-0.9969397964345248));
#10742=FACE_SURFACE('',(#10747),#10743,.T.);
#10743=PLANE('',#10744);
#10744=AXIS2_PLACEMENT_3D('',#532,#10745,#10746);
#10745=DIRECTION('',(0.9569396682142505,0.2902868777571596,-0));
#10746=DIRECTION('',(-0.022692641316699257,0.0748069937583377,0.9969397964345248));
#10747=FACE_BOUND('',#10748,.T.);
#10748=EDGE_LOOP('',(#10749,#10750,#10751));
#10749=ORIENTED_EDGE('',*,*,#10752,.T.);
#10750=ORIENTED_EDGE('',*,*,#10753,.T.);
#10751=ORIENTED_EDGE('',*,*,#10754,.T.);
#10752=EDGE_CURVE('',#533,#539,#10755,.F.);
#10753=EDGE_CURVE('',#539,#535,#10756,.T.);
#10754=EDGE_CURVE('',#535,#533,#10757,.T.);
#10755=LINE('',#532,#10758);
#10756=LINE('',#538,#10759);
#10757=LINE('',#534,#10760);
#10758=VECTOR('',#10761,1.0);
#10759=VECTOR('',#10762,1.0);
#10760=VECTOR('',#10763,1.0);
#10761=DIRECTION('',(-0.022692641316699257,0.0748069937583377,0.9969397964345248));
#10762=DIRECTION('',(0.29028687775715967,-0.9569396682142506,0));
#10763=DIRECTION('',(0,0,-1));
#10764=FACE_SURFACE('',(#10769),#10765,.T.);
#10765=PLANE('',#10766);
#10766=AXIS2_PLACEMENT_3D('',#536,#10767,#10768);
#10767=DIRECTION('',(0.8819219050120677,0.4713955382265359,0));
#10768=DIRECTION('',(-0.4713955382265359,0.8819219050120677,0));
#10769=FACE_BOUND('',#10770,.T.);
#10770=EDGE_LOOP('',(#10771,#10772,#10773));
#10771=ORIENTED_EDGE('',*,*,#10774,.T.);
#10772=ORIENTED_EDGE('',*,*,#10775,.T.);
#10773=ORIENTED_EDGE('',*,*,#10776,.T.);
#10774=EDGE_CURVE('',#537,#541,#10777,.F.);
#10775=EDGE_CURVE('',#541,#543,#10778,.T.);
#10776=EDGE_CURVE('',#543,#537,#10779,.T.);
#10777=LINE('',#536,#10780);
#10778=LINE('',#540,#10781);
#10779=LINE('',#542,#10782);
#10780=VECTOR('',#10783,1.0);
#10781=VECTOR('',#10784,1.0);
#10782=VECTOR('',#10785,1.0);
#10783=DIRECTION('',(-0.4713955382265359,0.8819219050120677,0));
#10784=DIRECTION('',(0,0,1));
#10785=DIRECTION('',(0.036850536890824,-0.06894273080678795,-0.9969397864463836));
#10786=FACE_SURFACE('',(#10791),#10787,.T.);
#10787=PLANE('',#10788);
#10788=AXIS2_PLACEMENT_3D('',#536,#10789,#10790);
#10789=DIRECTION('',(0.8819219050120677,0.4713955382265359,-0));
#10790=DIRECTION('',(-0.036850536890824,0.06894273080678795,0.9969397864463836));
#10791=FACE_BOUND('',#10792,.T.);
#10792=EDGE_LOOP('',(#10793,#10794,#10795));
#10793=ORIENTED_EDGE('',*,*,#10796,.T.);
#10794=ORIENTED_EDGE('',*,*,#10797,.T.);
#10795=ORIENTED_EDGE('',*,*,#10798,.T.);
#10796=EDGE_CURVE('',#537,#543,#10799,.F.);
#10797=EDGE_CURVE('',#543,#539,#10800,.T.);
#10798=EDGE_CURVE('',#539,#537,#10801,.T.);
#10799=LINE('',#536,#10802);
#10800=LINE('',#542,#10803);
#10801=LINE('',#538,#10804);
#10802=VECTOR('',#10805,1.0);
#10803=VECTOR('',#10806,1.0);
#10804=VECTOR('',#10807,1.0);
#10805=DIRECTION('',(-0.036850536890824,0.06894273080678795,0.9969397864463836));
#10806=DIRECTION('',(0.4713955382265359,-0.8819219050120677,0));
#10807=DIRECTION('',(0,0,-1));
#10808=FACE_SURFACE('',(#10813),#10809,.T.);
#10809=PLANE('',#10810);
#10810=AXIS2_PLACEMENT_3D('',#540,#10811,#10812);
#10811=DIRECTION('',(0.773014890337251,0.634387877656003,0));
#10812=DIRECTION('',(-0.634387877656003,0.773014890337251,0));
#10813=FACE_BOUND('',#10814,.T.);
#10814=EDGE_LOOP('',(#10815,#10816,#10817));
#10815=ORIENTED_EDGE('',*,*,#10818,.T.);
#10816=ORIENTED_EDGE('',*,*,#10819,.T.);
#10817=ORIENTED_EDGE('',*,*,#10820,.T.);
#10818=EDGE_CURVE('',#541,#545,#10821,.F.);
#10819=EDGE_CURVE('',#545,#547,#10822,.T.);
#10820=EDGE_CURVE('',#547,#541,#10823,.T.);
#10821=LINE('',#540,#10824);
#10822=LINE('',#544,#10825);
#10823=LINE('',#546,#10826);
#10824=VECTOR('',#10827,1.0);
#10825=VECTOR('',#10828,1.0);
#10826=VECTOR('',#10829,1.0);
#10827=DIRECTION('',(-0.634387877656003,0.773014890337251,0));
#10828=DIRECTION('',(0,0,1));
#10829=DIRECTION('',(0.04959294268409661,-0.06043003736467402,-0.9969396925692325));
#10830=FACE_SURFACE('',(#10835),#10831,.T.);
#10831=PLANE('',#10832);
#10832=AXIS2_PLACEMENT_3D('',#540,#10833,#10834);
#10833=DIRECTION('',(0.773014890337251,0.634387877656003,-0));
#10834=DIRECTION('',(-0.04959294268409661,0.06043003736467402,0.9969396925692325));
#10835=FACE_BOUND('',#10836,.T.);
#10836=EDGE_LOOP('',(#10837,#10838,#10839));
#10837=ORIENTED_EDGE('',*,*,#10840,.T.);
#10838=ORIENTED_EDGE('',*,*,#10841,.T.);
#10839=ORIENTED_EDGE('',*,*,#10842,.T.);
#10840=EDGE_CURVE('',#541,#547,#10843,.F.);
#10841=EDGE_CURVE('',#547,#543,#10844,.T.);
#10842=EDGE_CURVE('',#543,#541,#10845,.T.);
#10843=LINE('',#540,#10846);
#10844=LINE('',#546,#10847);
#10845=LINE('',#542,#10848);
#10846=VECTOR('',#10849,1.0);
#10847=VECTOR('',#10850,1.0);
#10848=VECTOR('',#10851,1.0);
#10849=DIRECTION('',(-0.04959294268409661,0.06043003736467402,0.9969396925692325));
#10850=DIRECTION('',(0.634387877656003,-0.773014890337251,0));
#10851=DIRECTION('',(0,0,-1));
#10852=FACE_SURFACE('',(#10857),#10853,.T.);
#10853=PLANE('',#10854);
#10854=AXIS2_PLACEMENT_3D('',#544,#10855,#10856);
#10855=DIRECTION('',(0.6343926489794667,0.773010974644484,0));
#10856=DIRECTION('',(-0.773010974644484,0.6343926489794667,0));
#10857=FACE_BOUND('',#10858,.T.);
#10858=EDGE_LOOP('',(#10859,#10860,#10861));
#10859=ORIENTED_EDGE('',*,*,#10862,.T.);
#10860=ORIENTED_EDGE('',*,*,#10863,.T.);
#10861=ORIENTED_EDGE('',*,*,#10864,.T.);
#10862=EDGE_CURVE('',#545,#549,#10865,.F.);
#10863=EDGE_CURVE('',#549,#551,#10866,.T.);
#10864=EDGE_CURVE('',#551,#545,#10867,.T.);
#10865=LINE('',#544,#10868);
#10866=LINE('',#548,#10869);
#10867=LINE('',#550,#10870);
#10868=VECTOR('',#10871,1.0);
#10869=VECTOR('',#10872,1.0);
#10870=VECTOR('',#10873,1.0);
#10871=DIRECTION('',(-0.773010974644484,0.6343926489794667,0));
#10872=DIRECTION('',(0,0,1));
#10873=DIRECTION('',(0.06042927953756584,-0.04959294496354099,-0.9969397383916512));
#10874=FACE_SURFACE('',(#10879),#10875,.T.);
#10875=PLANE('',#10876);
#10876=AXIS2_PLACEMENT_3D('',#544,#10877,#10878);
#10877=DIRECTION('',(0.6343926489794667,0.773010974644484,-0));
#10878=DIRECTION('',(-0.06042927953756584,0.04959294496354099,0.9969397383916512));
#10879=FACE_BOUND('',#10880,.T.);
#10880=EDGE_LOOP('',(#10881,#10882,#10883));
#10881=ORIENTED_EDGE('',*,*,#10884,.T.);
#10882=ORIENTED_EDGE('',*,*,#10885,.T.);
#10883=ORIENTED_EDGE('',*,*,#10886,.T.);
#10884=EDGE_CURVE('',#545,#551,#10887,.F.);
#10885=EDGE_CURVE('',#551,#547,#10888,.T.);
#10886=EDGE_CURVE('',#547,#545,#10889,.T.);
#10887=LINE('',#544,#10890);
#10888=LINE('',#550,#10891);
#10889=LINE('',#546,#10892);
#10890=VECTOR('',#10893,1.0);
#10891=VECTOR('',#10894,1.0);
#10892=VECTOR('',#10895,1.0);
#10893=DIRECTION('',(-0.06042927953756584,0.04959294496354099,0.9969397383916512));
#10894=DIRECTION('',(0.773010974644484,-0.6343926489794667,0));
#10895=DIRECTION('',(0,0,-1));
#10896=FACE_SURFACE('',(#10901),#10897,.T.);
#10897=PLANE('',#10898);
#10898=AXIS2_PLACEMENT_3D('',#548,#10899,#10900);
#10899=DIRECTION('',(0.47138392560551917,0.8819281119687309,0));
#10900=DIRECTION('',(-0.881928111968731,0.4713839256055192,0));
#10901=FACE_BOUND('',#10902,.T.);
#10902=EDGE_LOOP('',(#10903,#10904,#10905));
#10903=ORIENTED_EDGE('',*,*,#10906,.T.);
#10904=ORIENTED_EDGE('',*,*,#10907,.T.);
#10905=ORIENTED_EDGE('',*,*,#10908,.T.);
#10906=EDGE_CURVE('',#549,#553,#10909,.F.);
#10907=EDGE_CURVE('',#553,#555,#10910,.T.);
#10908=EDGE_CURVE('',#555,#549,#10911,.T.);
#10909=LINE('',#548,#10912);
#10910=LINE('',#552,#10913);
#10911=LINE('',#554,#10914);
#10912=VECTOR('',#10915,1.0);
#10913=VECTOR('',#10916,1.0);
#10914=VECTOR('',#10917,1.0);
#10915=DIRECTION('',(-0.881928111968731,0.4713839256055192,0));
#10916=DIRECTION('',(0,0,1));
#10917=DIRECTION('',(0.06894348972856927,-0.03684977538662361,-0.9969397621110324));
#10918=FACE_SURFACE('',(#10923),#10919,.T.);
#10919=PLANE('',#10920);
#10920=AXIS2_PLACEMENT_3D('',#548,#10921,#10922);
#10921=DIRECTION('',(0.47138392560551917,0.8819281119687309,-0));
#10922=DIRECTION('',(-0.06894348972856927,0.03684977538662361,0.9969397621110324));
#10923=FACE_BOUND('',#10924,.T.);
#10924=EDGE_LOOP('',(#10925,#10926,#10927));
#10925=ORIENTED_EDGE('',*,*,#10928,.T.);
#10926=ORIENTED_EDGE('',*,*,#10929,.T.);
#10927=ORIENTED_EDGE('',*,*,#10930,.T.);
#10928=EDGE_CURVE('',#549,#555,#10931,.F.);
#10929=EDGE_CURVE('',#555,#551,#10932,.T.);
#10930=EDGE_CURVE('',#551,#549,#10933,.T.);
#10931=LINE('',#548,#10934);
#10932=LINE('',#554,#10935);
#10933=LINE('',#550,#10936);
#10934=VECTOR('',#10937,1.0);
#10935=VECTOR('',#10938,1.0);
#10936=VECTOR('',#10939,1.0);
#10937=DIRECTION('',(-0.06894348972856927,0.03684977538662361,0.9969397621110324));
#10938=DIRECTION('',(0.881928111968731,-0.4713839256055192,0));
#10939=DIRECTION('',(0,0,-1));
#10940=FACE_SURFACE('',(#10945),#10941,.T.);
#10941=PLANE('',#10942);
#10942=AXIS2_PLACEMENT_3D('',#438,#10943,#10944);
#10943=DIRECTION('',(0,0,1));
#10944=DIRECTION('',(-0.9951848165503705,-0.09801622777686082,0));
#10945=FACE_BOUND('',#10946,.T.);
#10946=EDGE_LOOP('',(#10947,#10948,#10949));
#10947=ORIENTED_EDGE('',*,*,#10950,.T.);
#10948=ORIENTED_EDGE('',*,*,#10951,.T.);
#10949=ORIENTED_EDGE('',*,*,#10952,.T.);
#10950=EDGE_CURVE('',#439,#437,#10953,.F.);
#10951=EDGE_CURVE('',#437,#443,#10954,.T.);
#10952=EDGE_CURVE('',#443,#439,#10955,.T.);
#10953=LINE('',#438,#10956);
#10954=LINE('',#436,#10957);
#10955=LINE('',#442,#10958);
#10956=VECTOR('',#10959,1.0);
#10957=VECTOR('',#10960,1.0);
#10958=VECTOR('',#10961,1.0);
#10959=DIRECTION('',(-0.9951848165503705,-0.09801622777686082,0));
#10960=DIRECTION('',(-0.9569369653840532,-0.2902957875711588,0));
#10961=DIRECTION('',(0.9807843279631591,0.19509511019462947,0));
#10962=FACE_SURFACE('',(#10967),#10963,.T.);
#10963=PLANE('',#10964);
#10964=AXIS2_PLACEMENT_3D('',#442,#10965,#10966);
#10965=DIRECTION('',(0,0,1));
#10966=DIRECTION('',(-0.881928111968731,-0.4713839256055192,0));
#10967=FACE_BOUND('',#10968,.T.);
#10968=EDGE_LOOP('',(#10969,#10970,#10971));
#10969=ORIENTED_EDGE('',*,*,#10972,.T.);
#10970=ORIENTED_EDGE('',*,*,#10973,.T.);
#10971=ORIENTED_EDGE('',*,*,#10974,.T.);
#10972=EDGE_CURVE('',#443,#447,#10975,.F.);
#10973=EDGE_CURVE('',#447,#451,#10976,.T.);
#10974=EDGE_CURVE('',#451,#443,#10977,.T.);
#10975=LINE('',#442,#10978);
#10976=LINE('',#446,#10979);
#10977=LINE('',#450,#10980);
#10978=VECTOR('',#10981,1.0);
#10979=VECTOR('',#10982,1.0);
#10980=VECTOR('',#10983,1.0);
#10981=DIRECTION('',(-0.881928111968731,-0.4713839256055192,0));
#10982=DIRECTION('',(-0.773010974644484,-0.6343926489794667,0));
#10983=DIRECTION('',(0.8314737692381023,0.555564011675507,0));
#10984=FACE_SURFACE('',(#10989),#10985,.T.);
#10985=PLANE('',#10986);
#10986=AXIS2_PLACEMENT_3D('',#450,#10987,#10988);
#10987=DIRECTION('',(0,0,1));
#10988=DIRECTION('',(-0.634387877656003,-0.773014890337251,0));
#10989=FACE_BOUND('',#10990,.T.);
#10990=EDGE_LOOP('',(#10991,#10992,#10993));
#10991=ORIENTED_EDGE('',*,*,#10994,.T.);
#10992=ORIENTED_EDGE('',*,*,#10995,.T.);
#10993=ORIENTED_EDGE('',*,*,#10996,.T.);
#10994=EDGE_CURVE('',#451,#455,#10997,.F.);
#10995=EDGE_CURVE('',#455,#459,#10998,.T.);
#10996=EDGE_CURVE('',#459,#451,#10999,.T.);
#10997=LINE('',#450,#11000);
#10998=LINE('',#454,#11001);
#10999=LINE('',#458,#11002);
#11000=VECTOR('',#11003,1.0);
#11001=VECTOR('',#11004,1.0);
#11002=VECTOR('',#11005,1.0);
#11003=DIRECTION('',(-0.634387877656003,-0.773014890337251,0));
#11004=DIRECTION('',(-0.4713955382265359,-0.8819219050120677,0));
#11005=DIRECTION('',(0.5555673912342671,0.8314715111157752,0));
#11006=FACE_SURFACE('',(#11011),#11007,.T.);
#11007=PLANE('',#11008);
#11008=AXIS2_PLACEMENT_3D('',#458,#11009,#11010);
#11009=DIRECTION('',(0,0,1));
#11010=DIRECTION('',(-0.29028687775715967,-0.9569396682142506,0));
#11011=FACE_BOUND('',#11012,.T.);
#11012=EDGE_LOOP('',(#11013,#11014,#11015));
#11013=ORIENTED_EDGE('',*,*,#11016,.T.);
#11014=ORIENTED_EDGE('',*,*,#11017,.T.);
#11015=ORIENTED_EDGE('',*,*,#11018,.T.);
#11016=EDGE_CURVE('',#459,#463,#11019,.F.);
#11017=EDGE_CURVE('',#463,#467,#11020,.T.);
#11018=EDGE_CURVE('',#467,#459,#11021,.T.);
#11019=LINE('',#458,#11022);
#11020=LINE('',#462,#11023);
#11021=LINE('',#466,#11024);
#11022=VECTOR('',#11025,1.0);
#11023=VECTOR('',#11026,1.0);
#11024=VECTOR('',#11027,1.0);
#11025=DIRECTION('',(-0.29028687775715967,-0.9569396682142506,0));
#11026=DIRECTION('',(-0.09801622777686082,-0.9951848165503705,0));
#11027=DIRECTION('',(0.19509040787318935,0.9807852633251953,0));
#11028=FACE_SURFACE('',(#11033),#11029,.T.);
#11029=PLANE('',#11030);
#11030=AXIS2_PLACEMENT_3D('',#466,#11031,#11032);
#11031=DIRECTION('',(0,0,1));
#11032=DIRECTION('',(0.09801622777686082,-0.9951848165503705,0));
#11033=FACE_BOUND('',#11034,.T.);
#11034=EDGE_LOOP('',(#11035,#11036,#11037));
#11035=ORIENTED_EDGE('',*,*,#11038,.T.);
#11036=ORIENTED_EDGE('',*,*,#11039,.T.);
#11037=ORIENTED_EDGE('',*,*,#11040,.T.);
#11038=EDGE_CURVE('',#467,#471,#11041,.F.);
#11039=EDGE_CURVE('',#471,#475,#11042,.T.);
#11040=EDGE_CURVE('',#475,#467,#11043,.T.);
#11041=LINE('',#466,#11044);
#11042=LINE('',#470,#11045);
#11043=LINE('',#474,#11046);
#11044=VECTOR('',#11047,1.0);
#11045=VECTOR('',#11048,1.0);
#11046=VECTOR('',#11049,1.0);
#11047=DIRECTION('',(0.09801622777686082,-0.9951848165503705,0));
#11048=DIRECTION('',(0.29028687775715967,-0.9569396682142506,0));
#11049=DIRECTION('',(-0.19509040787318935,0.9807852633251953,0));
#11050=FACE_SURFACE('',(#11055),#11051,.T.);
#11051=PLANE('',#11052);
#11052=AXIS2_PLACEMENT_3D('',#474,#11053,#11054);
#11053=DIRECTION('',(0,0,1));
#11054=DIRECTION('',(0.47138744838798496,-0.8819262290590211,0));
#11055=FACE_BOUND('',#11056,.T.);
#11056=EDGE_LOOP('',(#11057,#11058,#11059));
#11057=ORIENTED_EDGE('',*,*,#11060,.T.);
#11058=ORIENTED_EDGE('',*,*,#11061,.T.);
#11059=ORIENTED_EDGE('',*,*,#11062,.T.);
#11060=EDGE_CURVE('',#475,#479,#11063,.F.);
#11061=EDGE_CURVE('',#479,#483,#11064,.T.);
#11062=EDGE_CURVE('',#483,#475,#11065,.T.);
#11063=LINE('',#474,#11066);
#11064=LINE('',#478,#11067);
#11065=LINE('',#482,#11068);
#11066=VECTOR('',#11069,1.0);
#11067=VECTOR('',#11070,1.0);
#11068=VECTOR('',#11071,1.0);
#11069=DIRECTION('',(0.47138744838798496,-0.8819262290590211,0));
#11070=DIRECTION('',(0.6343974203505326,-0.7730070588633648,0));
#11071=DIRECTION('',(-0.5555673912342671,0.8314715111157752,0));
#11072=FACE_SURFACE('',(#11077),#11073,.T.);
#11073=PLANE('',#11074);
#11074=AXIS2_PLACEMENT_3D('',#482,#11075,#11076);
#11075=DIRECTION('',(0,0,1));
#11076=DIRECTION('',(0.773010974644484,-0.6343926489794667,0));
#11077=FACE_BOUND('',#11078,.T.);
#11078=EDGE_LOOP('',(#11079,#11080,#11081));
#11079=ORIENTED_EDGE('',*,*,#11082,.T.);
#11080=ORIENTED_EDGE('',*,*,#11083,.T.);
#11081=ORIENTED_EDGE('',*,*,#11084,.T.);
#11082=EDGE_CURVE('',#483,#487,#11085,.F.);
#11083=EDGE_CURVE('',#487,#491,#11086,.T.);
#11084=EDGE_CURVE('',#491,#483,#11087,.T.);
#11085=LINE('',#482,#11088);
#11086=LINE('',#486,#11089);
#11087=LINE('',#490,#11090);
#11088=VECTOR('',#11091,1.0);
#11089=VECTOR('',#11092,1.0);
#11090=VECTOR('',#11093,1.0);
#11091=DIRECTION('',(0.773010974644484,-0.6343926489794667,0));
#11092=DIRECTION('',(0.881920022130181,-0.47139906084537436,0));
#11093=DIRECTION('',(-0.8314692529919772,0.5555707707654927,0));
#11094=FACE_SURFACE('',(#11099),#11095,.T.);
#11095=PLANE('',#11096);
#11096=AXIS2_PLACEMENT_3D('',#490,#11097,#11098);
#11097=DIRECTION('',(0,0,1));
#11098=DIRECTION('',(0.9569423709767578,-0.290277967867665,0));
#11099=FACE_BOUND('',#11100,.T.);
#11100=EDGE_LOOP('',(#11101,#11102,#11103));
#11101=ORIENTED_EDGE('',*,*,#11104,.T.);
#11102=ORIENTED_EDGE('',*,*,#11105,.T.);
#11103=ORIENTED_EDGE('',*,*,#11106,.T.);
#11104=EDGE_CURVE('',#491,#495,#11107,.F.);
#11105=EDGE_CURVE('',#495,#499,#11108,.T.);
#11106=EDGE_CURVE('',#499,#491,#11109,.T.);
#11107=LINE('',#490,#11110);
#11108=LINE('',#494,#11111);
#11109=LINE('',#498,#11112);
#11110=VECTOR('',#11113,1.0);
#11111=VECTOR('',#11114,1.0);
#11112=VECTOR('',#11115,1.0);
#11113=DIRECTION('',(0.9569423709767578,-0.290277967867665,0));
#11114=DIRECTION('',(0.9951848165503705,-0.09801622777686082,0));
#11115=DIRECTION('',(-0.9807861986664705,0.19508570553829574,0));
#11116=FACE_SURFACE('',(#11121),#11117,.T.);
#11117=PLANE('',#11118);
#11118=AXIS2_PLACEMENT_3D('',#498,#11119,#11120);
#11119=DIRECTION('',(0,0,1));
#11120=DIRECTION('',(0.9951848165503705,0.09801622777686082,0));
#11121=FACE_BOUND('',#11122,.T.);
#11122=EDGE_LOOP('',(#11123,#11124,#11125));
#11123=ORIENTED_EDGE('',*,*,#11126,.T.);
#11124=ORIENTED_EDGE('',*,*,#11127,.T.);
#11125=ORIENTED_EDGE('',*,*,#11128,.T.);
#11126=EDGE_CURVE('',#499,#503,#11129,.F.);
#11127=EDGE_CURVE('',#503,#507,#11130,.T.);
#11128=EDGE_CURVE('',#507,#499,#11131,.T.);
#11129=LINE('',#498,#11132);
#11130=LINE('',#502,#11133);
#11131=LINE('',#506,#11134);
#11132=VECTOR('',#11135,1.0);
#11133=VECTOR('',#11136,1.0);
#11134=VECTOR('',#11137,1.0);
#11135=DIRECTION('',(0.9951848165503705,0.09801622777686082,0));
#11136=DIRECTION('',(0.9569423709767578,0.290277967867665,0));
#11137=DIRECTION('',(-0.9807861986664705,-0.19508570553829574,0));
#11138=FACE_SURFACE('',(#11143),#11139,.T.);
#11139=PLANE('',#11140);
#11140=AXIS2_PLACEMENT_3D('',#506,#11141,#11142);
#11141=DIRECTION('',(0,0,1));
#11142=DIRECTION('',(0.881920022130181,0.47139906084537436,0));
#11143=FACE_BOUND('',#11144,.T.);
#11144=EDGE_LOOP('',(#11145,#11146,#11147));
#11145=ORIENTED_EDGE('',*,*,#11148,.T.);
#11146=ORIENTED_EDGE('',*,*,#11149,.T.);
#11147=ORIENTED_EDGE('',*,*,#11150,.T.);
#11148=EDGE_CURVE('',#507,#511,#11151,.F.);
#11149=EDGE_CURVE('',#511,#515,#11152,.T.);
#11150=EDGE_CURVE('',#515,#507,#11153,.T.);
#11151=LINE('',#506,#11154);
#11152=LINE('',#510,#11155);
#11153=LINE('',#514,#11156);
#11154=VECTOR('',#11157,1.0);
#11155=VECTOR('',#11158,1.0);
#11156=VECTOR('',#11159,1.0);
#11157=DIRECTION('',(0.881920022130181,0.47139906084537436,0));
#11158=DIRECTION('',(0.773010974644484,0.6343926489794667,0));
#11159=DIRECTION('',(-0.8314692529919772,-0.5555707707654927,0));
#11160=FACE_SURFACE('',(#11165),#11161,.T.);
#11161=PLANE('',#11162);
#11162=AXIS2_PLACEMENT_3D('',#514,#11163,#11164);
#11163=DIRECTION('',(0,0,1));
#11164=DIRECTION('',(0.6343974203505326,0.7730070588633648,0));
#11165=FACE_BOUND('',#11166,.T.);
#11166=EDGE_LOOP('',(#11167,#11168,#11169));
#11167=ORIENTED_EDGE('',*,*,#11170,.T.);
#11168=ORIENTED_EDGE('',*,*,#11171,.T.);
#11169=ORIENTED_EDGE('',*,*,#11172,.T.);
#11170=EDGE_CURVE('',#515,#519,#11173,.F.);
#11171=EDGE_CURVE('',#519,#523,#11174,.T.);
#11172=EDGE_CURVE('',#523,#515,#11175,.T.);
#11173=LINE('',#514,#11176);
#11174=LINE('',#518,#11177);
#11175=LINE('',#522,#11178);
#11176=VECTOR('',#11179,1.0);
#11177=VECTOR('',#11180,1.0);
#11178=VECTOR('',#11181,1.0);
#11179=DIRECTION('',(0.6343974203505326,0.7730070588633648,0));
#11180=DIRECTION('',(0.47138744838798496,0.8819262290590211,0));
#11181=DIRECTION('',(-0.5555673912342671,-0.8314715111157752,0));
#11182=FACE_SURFACE('',(#11187),#11183,.T.);
#11183=PLANE('',#11184);
#11184=AXIS2_PLACEMENT_3D('',#522,#11185,#11186);
#11185=DIRECTION('',(0,0,1));
#11186=DIRECTION('',(0.29028687775715967,0.9569396682142506,0));
#11187=FACE_BOUND('',#11188,.T.);
#11188=EDGE_LOOP('',(#11189,#11190,#11191));
#11189=ORIENTED_EDGE('',*,*,#11192,.T.);
#11190=ORIENTED_EDGE('',*,*,#11193,.T.);
#11191=ORIENTED_EDGE('',*,*,#11194,.T.);
#11192=EDGE_CURVE('',#523,#527,#11195,.F.);
#11193=EDGE_CURVE('',#527,#531,#11196,.T.);
#11194=EDGE_CURVE('',#531,#523,#11197,.T.);
#11195=LINE('',#522,#11198);
#11196=LINE('',#526,#11199);
#11197=LINE('',#530,#11200);
#11198=VECTOR('',#11201,1.0);
#11199=VECTOR('',#11202,1.0);
#11200=VECTOR('',#11203,1.0);
#11201=DIRECTION('',(0.29028687775715967,0.9569396682142506,0));
#11202=DIRECTION('',(0.09801622777686082,0.9951848165503705,0));
#11203=DIRECTION('',(-0.19509040787318935,-0.9807852633251953,0));
#11204=FACE_SURFACE('',(#11209),#11205,.T.);
#11205=PLANE('',#11206);
#11206=AXIS2_PLACEMENT_3D('',#530,#11207,#11208);
#11207=DIRECTION('',(0,0,1));
#11208=DIRECTION('',(-0.09801622777686082,0.9951848165503705,0));
#11209=FACE_BOUND('',#11210,.T.);
#11210=EDGE_LOOP('',(#11211,#11212,#11213));
#11211=ORIENTED_EDGE('',*,*,#11214,.T.);
#11212=ORIENTED_EDGE('',*,*,#11215,.T.);
#11213=ORIENTED_EDGE('',*,*,#11216,.T.);
#11214=EDGE_CURVE('',#531,#535,#11217,.F.);
#11215=EDGE_CURVE('',#535,#539,#11218,.T.);
#11216=EDGE_CURVE('',#539,#531,#11219,.T.);
#11217=LINE('',#530,#11220);
#11218=LINE('',#534,#11221);
#11219=LINE('',#538,#11222);
#11220=VECTOR('',#11223,1.0);
#11221=VECTOR('',#11224,1.0);
#11222=VECTOR('',#11225,1.0);
#11223=DIRECTION('',(-0.09801622777686082,0.9951848165503705,0));
#11224=DIRECTION('',(-0.29028687775715967,0.9569396682142506,0));
#11225=DIRECTION('',(0.19509040787318935,-0.9807852633251953,0));
#11226=FACE_SURFACE('',(#11231),#11227,.T.);
#11227=PLANE('',#11228);
#11228=AXIS2_PLACEMENT_3D('',#538,#11229,#11230);
#11229=DIRECTION('',(0,0,1));
#11230=DIRECTION('',(-0.4713955382265359,0.8819219050120677,0));
#11231=FACE_BOUND('',#11232,.T.);
#11232=EDGE_LOOP('',(#11233,#11234,#11235));
#11233=ORIENTED_EDGE('',*,*,#11236,.T.);
#11234=ORIENTED_EDGE('',*,*,#11237,.T.);
#11235=ORIENTED_EDGE('',*,*,#11238,.T.);
#11236=EDGE_CURVE('',#539,#543,#11239,.F.);
#11237=EDGE_CURVE('',#543,#547,#11240,.T.);
#11238=EDGE_CURVE('',#547,#539,#11241,.T.);
#11239=LINE('',#538,#11242);
#11240=LINE('',#542,#11243);
#11241=LINE('',#546,#11244);
#11242=VECTOR('',#11245,1.0);
#11243=VECTOR('',#11246,1.0);
#11244=VECTOR('',#11247,1.0);
#11245=DIRECTION('',(-0.4713955382265359,0.8819219050120677,0));
#11246=DIRECTION('',(-0.634387877656003,0.773014890337251,0));
#11247=DIRECTION('',(0.5555673912342671,-0.8314715111157752,0));
#11248=FACE_SURFACE('',(#11253),#11249,.T.);
#11249=PLANE('',#11250);
#11250=AXIS2_PLACEMENT_3D('',#546,#11251,#11252);
#11251=DIRECTION('',(0,0,1));
#11252=DIRECTION('',(-0.773010974644484,0.6343926489794667,0));
#11253=FACE_BOUND('',#11254,.T.);
#11254=EDGE_LOOP('',(#11255,#11256,#11257));
#11255=ORIENTED_EDGE('',*,*,#11258,.T.);
#11256=ORIENTED_EDGE('',*,*,#11259,.T.);
#11257=ORIENTED_EDGE('',*,*,#11260,.T.);
#11258=EDGE_CURVE('',#547,#551,#11261,.F.);
#11259=EDGE_CURVE('',#551,#555,#11262,.T.);
#11260=EDGE_CURVE('',#555,#547,#11263,.T.);
#11261=LINE('',#546,#11264);
#11262=LINE('',#550,#11265);
#11263=LINE('',#554,#11266);
#11264=VECTOR('',#11267,1.0);
#11265=VECTOR('',#11268,1.0);
#11266=VECTOR('',#11269,1.0);
#11267=DIRECTION('',(-0.773010974644484,0.6343926489794667,0));
#11268=DIRECTION('',(-0.881928111968731,0.4713839256055192,0));
#11269=DIRECTION('',(0.8314737692381023,-0.555564011675507,0));
#11270=FACE_SURFACE('',(#11275),#11271,.T.);
#11271=PLANE('',#11272);
#11272=AXIS2_PLACEMENT_3D('',#554,#11273,#11274);
#11273=DIRECTION('',(0,0,1));
#11274=DIRECTION('',(-0.9569369653840532,0.2902957875711588,0));
#11275=FACE_BOUND('',#11276,.T.);
#11276=EDGE_LOOP('',(#11277,#11278,#11279));
#11277=ORIENTED_EDGE('',*,*,#11280,.T.);
#11278=ORIENTED_EDGE('',*,*,#11281,.T.);
#11279=ORIENTED_EDGE('',*,*,#11282,.T.);
#11280=EDGE_CURVE('',#555,#557,#11283,.F.);
#11281=EDGE_CURVE('',#557,#439,#11284,.T.);
#11282=EDGE_CURVE('',#439,#555,#11285,.T.);
#11283=LINE('',#554,#11286);
#11284=LINE('',#556,#11287);
#11285=LINE('',#438,#11288);
#11286=VECTOR('',#11289,1.0);
#11287=VECTOR('',#11290,1.0);
#11288=VECTOR('',#11291,1.0);
#11289=DIRECTION('',(-0.9569369653840532,0.2902957875711588,0));
#11290=DIRECTION('',(-0.9951848165503705,0.09801622777686082,0));
#11291=DIRECTION('',(0.9807843279631591,-0.19509511019462947,0));
#11292=FACE_SURFACE('',(#11297),#11293,.T.);
#11293=PLANE('',#11294);
#11294=AXIS2_PLACEMENT_3D('',#438,#11295,#11296);
#11295=DIRECTION('',(0,0,1));
#11296=DIRECTION('',(-0.9807843279631591,-0.19509511019462947,0));
#11297=FACE_BOUND('',#11298,.T.);
#11298=EDGE_LOOP('',(#11299,#11300,#11301));
#11299=ORIENTED_EDGE('',*,*,#11302,.T.);
#11300=ORIENTED_EDGE('',*,*,#11303,.T.);
#11301=ORIENTED_EDGE('',*,*,#11304,.T.);
#11302=EDGE_CURVE('',#439,#443,#11305,.F.);
#11303=EDGE_CURVE('',#443,#451,#11306,.T.);
#11304=EDGE_CURVE('',#451,#439,#11307,.T.);
#11305=LINE('',#438,#11308);
#11306=LINE('',#442,#11309);
#11307=LINE('',#450,#11310);
#11308=VECTOR('',#11311,1.0);
#11309=VECTOR('',#11312,1.0);
#11310=VECTOR('',#11313,1.0);
#11311=DIRECTION('',(-0.9807843279631591,-0.19509511019462947,0));
#11312=DIRECTION('',(-0.8314737692381023,-0.555564011675507,0));
#11313=DIRECTION('',(0.9238800308064115,0.38268222937202623,0));
#11314=FACE_SURFACE('',(#11319),#11315,.T.);
#11315=PLANE('',#11316);
#11316=AXIS2_PLACEMENT_3D('',#450,#11317,#11318);
#11317=DIRECTION('',(0,0,1));
#11318=DIRECTION('',(-0.5555673912342671,-0.8314715111157752,0));
#11319=FACE_BOUND('',#11320,.T.);
#11320=EDGE_LOOP('',(#11321,#11322,#11323));
#11321=ORIENTED_EDGE('',*,*,#11324,.T.);
#11322=ORIENTED_EDGE('',*,*,#11325,.T.);
#11323=ORIENTED_EDGE('',*,*,#11326,.T.);
#11324=EDGE_CURVE('',#451,#459,#11327,.F.);
#11325=EDGE_CURVE('',#459,#467,#11328,.T.);
#11326=EDGE_CURVE('',#467,#451,#11329,.T.);
#11327=LINE('',#450,#11330);
#11328=LINE('',#458,#11331);
#11329=LINE('',#466,#11332);
#11330=VECTOR('',#11333,1.0);
#11331=VECTOR('',#11334,1.0);
#11332=VECTOR('',#11335,1.0);
#11333=DIRECTION('',(-0.5555673912342671,-0.8314715111157752,0));
#11334=DIRECTION('',(-0.19509040787318935,-0.9807852633251953,0));
#11335=DIRECTION('',(0.38268222937202623,0.9238800308064115,0));
#11336=FACE_SURFACE('',(#11341),#11337,.T.);
#11337=PLANE('',#11338);
#11338=AXIS2_PLACEMENT_3D('',#466,#11339,#11340);
#11339=DIRECTION('',(0,0,1));
#11340=DIRECTION('',(0.19509040787318935,-0.9807852633251953,0));
#11341=FACE_BOUND('',#11342,.T.);
#11342=EDGE_LOOP('',(#11343,#11344,#11345));
#11343=ORIENTED_EDGE('',*,*,#11346,.T.);
#11344=ORIENTED_EDGE('',*,*,#11347,.T.);
#11345=ORIENTED_EDGE('',*,*,#11348,.T.);
#11346=EDGE_CURVE('',#467,#475,#11349,.F.);
#11347=EDGE_CURVE('',#475,#483,#11350,.T.);
#11348=EDGE_CURVE('',#483,#467,#11351,.T.);
#11349=LINE('',#466,#11352);
#11350=LINE('',#474,#11353);
#11351=LINE('',#482,#11354);
#11352=VECTOR('',#11355,1.0);
#11353=VECTOR('',#11356,1.0);
#11354=VECTOR('',#11357,1.0);
#11355=DIRECTION('',(0.19509040787318935,-0.9807852633251953,0));
#11356=DIRECTION('',(0.5555673912342671,-0.8314715111157752,0));
#11357=DIRECTION('',(-0.38268222937202623,0.9238800308064115,0));
#11358=FACE_SURFACE('',(#11363),#11359,.T.);
#11359=PLANE('',#11360);
#11360=AXIS2_PLACEMENT_3D('',#482,#11361,#11362);
#11361=DIRECTION('',(0,0,1));
#11362=DIRECTION('',(0.8314692529919772,-0.5555707707654927,0));
#11363=FACE_BOUND('',#11364,.T.);
#11364=EDGE_LOOP('',(#11365,#11366,#11367));
#11365=ORIENTED_EDGE('',*,*,#11368,.T.);
#11366=ORIENTED_EDGE('',*,*,#11369,.T.);
#11367=ORIENTED_EDGE('',*,*,#11370,.T.);
#11368=EDGE_CURVE('',#483,#491,#11371,.F.);
#11369=EDGE_CURVE('',#491,#499,#11372,.T.);
#11370=EDGE_CURVE('',#499,#483,#11373,.T.);
#11371=LINE('',#482,#11374);
#11372=LINE('',#490,#11375);
#11373=LINE('',#498,#11376);
#11374=VECTOR('',#11377,1.0);
#11375=VECTOR('',#11378,1.0);
#11376=VECTOR('',#11379,1.0);
#11377=DIRECTION('',(0.8314692529919772,-0.5555707707654927,0));
#11378=DIRECTION('',(0.9807861986664705,-0.19508570553829574,0));
#11379=DIRECTION('',(-0.9238800308064115,0.38268222937202623,0));
#11380=FACE_SURFACE('',(#11385),#11381,.T.);
#11381=PLANE('',#11382);
#11382=AXIS2_PLACEMENT_3D('',#498,#11383,#11384);
#11383=DIRECTION('',(0,0,1));
#11384=DIRECTION('',(0.9807861986664705,0.19508570553829574,0));
#11385=FACE_BOUND('',#11386,.T.);
#11386=EDGE_LOOP('',(#11387,#11388,#11389));
#11387=ORIENTED_EDGE('',*,*,#11390,.T.);
#11388=ORIENTED_EDGE('',*,*,#11391,.T.);
#11389=ORIENTED_EDGE('',*,*,#11392,.T.);
#11390=EDGE_CURVE('',#499,#507,#11393,.F.);
#11391=EDGE_CURVE('',#507,#515,#11394,.T.);
#11392=EDGE_CURVE('',#515,#499,#11395,.T.);
#11393=LINE('',#498,#11396);
#11394=LINE('',#506,#11397);
#11395=LINE('',#514,#11398);
#11396=VECTOR('',#11399,1.0);
#11397=VECTOR('',#11400,1.0);
#11398=VECTOR('',#11401,1.0);
#11399=DIRECTION('',(0.9807861986664705,0.19508570553829574,0));
#11400=DIRECTION('',(0.8314692529919772,0.5555707707654927,0));
#11401=DIRECTION('',(-0.9238800308064115,-0.38268222937202623,0));
#11402=FACE_SURFACE('',(#11407),#11403,.T.);
#11403=PLANE('',#11404);
#11404=AXIS2_PLACEMENT_3D('',#514,#11405,#11406);
#11405=DIRECTION('',(0,0,1));
#11406=DIRECTION('',(0.5555673912342671,0.8314715111157752,0));
#11407=FACE_BOUND('',#11408,.T.);
#11408=EDGE_LOOP('',(#11409,#11410,#11411));
#11409=ORIENTED_EDGE('',*,*,#11412,.T.);
#11410=ORIENTED_EDGE('',*,*,#11413,.T.);
#11411=ORIENTED_EDGE('',*,*,#11414,.T.);
#11412=EDGE_CURVE('',#515,#523,#11415,.F.);
#11413=EDGE_CURVE('',#523,#531,#11416,.T.);
#11414=EDGE_CURVE('',#531,#515,#11417,.T.);
#11415=LINE('',#514,#11418);
#11416=LINE('',#522,#11419);
#11417=LINE('',#530,#11420);
#11418=VECTOR('',#11421,1.0);
#11419=VECTOR('',#11422,1.0);
#11420=VECTOR('',#11423,1.0);
#11421=DIRECTION('',(0.5555673912342671,0.8314715111157752,0));
#11422=DIRECTION('',(0.19509040787318935,0.9807852633251953,0));
#11423=DIRECTION('',(-0.38268222937202623,-0.9238800308064115,0));
#11424=FACE_SURFACE('',(#11429),#11425,.T.);
#11425=PLANE('',#11426);
#11426=AXIS2_PLACEMENT_3D('',#530,#11427,#11428);
#11427=DIRECTION('',(0,0,1));
#11428=DIRECTION('',(-0.19509040787318935,0.9807852633251953,0));
#11429=FACE_BOUND('',#11430,.T.);
#11430=EDGE_LOOP('',(#11431,#11432,#11433));
#11431=ORIENTED_EDGE('',*,*,#11434,.T.);
#11432=ORIENTED_EDGE('',*,*,#11435,.T.);
#11433=ORIENTED_EDGE('',*,*,#11436,.T.);
#11434=EDGE_CURVE('',#531,#539,#11437,.F.);
#11435=EDGE_CURVE('',#539,#547,#11438,.T.);
#11436=EDGE_CURVE('',#547,#531,#11439,.T.);
#11437=LINE('',#530,#11440);
#11438=LINE('',#538,#11441);
#11439=LINE('',#546,#11442);
#11440=VECTOR('',#11443,1.0);
#11441=VECTOR('',#11444,1.0);
#11442=VECTOR('',#11445,1.0);
#11443=DIRECTION('',(-0.19509040787318935,0.9807852633251953,0));
#11444=DIRECTION('',(-0.5555673912342671,0.8314715111157752,0));
#11445=DIRECTION('',(0.38268222937202623,-0.9238800308064115,0));
#11446=FACE_SURFACE('',(#11451),#11447,.T.);
#11447=PLANE('',#11448);
#11448=AXIS2_PLACEMENT_3D('',#546,#11449,#11450);
#11449=DIRECTION('',(0,0,1));
#11450=DIRECTION('',(-0.8314737692381023,0.555564011675507,0));
#11451=FACE_BOUND('',#11452,.T.);
#11452=EDGE_LOOP('',(#11453,#11454,#11455));
#11453=ORIENTED_EDGE('',*,*,#11456,.T.);
#11454=ORIENTED_EDGE('',*,*,#11457,.T.);
#11455=ORIENTED_EDGE('',*,*,#11458,.T.);
#11456=EDGE_CURVE('',#547,#555,#11459,.F.);
#11457=EDGE_CURVE('',#555,#439,#11460,.T.);
#11458=EDGE_CURVE('',#439,#547,#11461,.T.);
#11459=LINE('',#546,#11462);
#11460=LINE('',#554,#11463);
#11461=LINE('',#438,#11464);
#11462=VECTOR('',#11465,1.0);
#11463=VECTOR('',#11466,1.0);
#11464=VECTOR('',#11467,1.0);
#11465=DIRECTION('',(-0.8314737692381023,0.555564011675507,0));
#11466=DIRECTION('',(-0.9807843279631591,0.19509511019462947,0));
#11467=DIRECTION('',(0.9238800308064115,-0.38268222937202623,0));
#11468=FACE_SURFACE('',(#11473),#11469,.T.);
#11469=PLANE('',#11470);
#11470=AXIS2_PLACEMENT_3D('',#438,#11471,#11472);
#11471=DIRECTION('',(0,0,1));
#11472=DIRECTION('',(-0.9238800308064115,-0.38268222937202623,0));
#11473=FACE_BOUND('',#11474,.T.);
#11474=EDGE_LOOP('',(#11475,#11476,#11477));
#11475=ORIENTED_EDGE('',*,*,#11478,.T.);
#11476=ORIENTED_EDGE('',*,*,#11479,.T.);
#11477=ORIENTED_EDGE('',*,*,#11480,.T.);
#11478=EDGE_CURVE('',#439,#451,#11481,.F.);
#11479=EDGE_CURVE('',#451,#467,#11482,.T.);
#11480=EDGE_CURVE('',#467,#439,#11483,.T.);
#11481=LINE('',#438,#11484);
#11482=LINE('',#450,#11485);
#11483=LINE('',#466,#11486);
#11484=VECTOR('',#11487,1.0);
#11485=VECTOR('',#11488,1.0);
#11486=VECTOR('',#11489,1.0);
#11487=DIRECTION('',(-0.9238800308064115,-0.38268222937202623,0));
#11488=DIRECTION('',(-0.38268222937202623,-0.9238800308064115,0));
#11489=DIRECTION('',(0.7071067811865475,0.7071067811865475,0));
#11490=FACE_SURFACE('',(#11495),#11491,.T.);
#11491=PLANE('',#11492);
#11492=AXIS2_PLACEMENT_3D('',#466,#11493,#11494);
#11493=DIRECTION('',(0,0,1));
#11494=DIRECTION('',(0.38268222937202623,-0.9238800308064115,0));
#11495=FACE_BOUND('',#11496,.T.);
#11496=EDGE_LOOP('',(#11497,#11498,#11499));
#11497=ORIENTED_EDGE('',*,*,#11500,.T.);
#11498=ORIENTED_EDGE('',*,*,#11501,.T.);
#11499=ORIENTED_EDGE('',*,*,#11502,.T.);
#11500=EDGE_CURVE('',#467,#483,#11503,.F.);
#11501=EDGE_CURVE('',#483,#499,#11504,.T.);
#11502=EDGE_CURVE('',#499,#467,#11505,.T.);
#11503=LINE('',#466,#11506);
#11504=LINE('',#482,#11507);
#11505=LINE('',#498,#11508);
#11506=VECTOR('',#11509,1.0);
#11507=VECTOR('',#11510,1.0);
#11508=VECTOR('',#11511,1.0);
#11509=DIRECTION('',(0.38268222937202623,-0.9238800308064115,0));
#11510=DIRECTION('',(0.9238800308064115,-0.38268222937202623,0));
#11511=DIRECTION('',(-0.7071067811865475,0.7071067811865475,0));
#11512=FACE_SURFACE('',(#11517),#11513,.T.);
#11513=PLANE('',#11514);
#11514=AXIS2_PLACEMENT_3D('',#498,#11515,#11516);
#11515=DIRECTION('',(0,0,1));
#11516=DIRECTION('',(0.9238800308064115,0.38268222937202623,0));
#11517=FACE_BOUND('',#11518,.T.);
#11518=EDGE_LOOP('',(#11519,#11520,#11521));
#11519=ORIENTED_EDGE('',*,*,#11522,.T.);
#11520=ORIENTED_EDGE('',*,*,#11523,.T.);
#11521=ORIENTED_EDGE('',*,*,#11524,.T.);
#11522=EDGE_CURVE('',#499,#515,#11525,.F.);
#11523=EDGE_CURVE('',#515,#531,#11526,.T.);
#11524=EDGE_CURVE('',#531,#499,#11527,.T.);
#11525=LINE('',#498,#11528);
#11526=LINE('',#514,#11529);
#11527=LINE('',#530,#11530);
#11528=VECTOR('',#11531,1.0);
#11529=VECTOR('',#11532,1.0);
#11530=VECTOR('',#11533,1.0);
#11531=DIRECTION('',(0.9238800308064115,0.38268222937202623,0));
#11532=DIRECTION('',(0.38268222937202623,0.9238800308064115,0));
#11533=DIRECTION('',(-0.7071067811865475,-0.7071067811865475,0));
#11534=FACE_SURFACE('',(#11539),#11535,.T.);
#11535=PLANE('',#11536);
#11536=AXIS2_PLACEMENT_3D('',#530,#11537,#11538);
#11537=DIRECTION('',(0,0,1));
#11538=DIRECTION('',(-0.38268222937202623,0.9238800308064115,0));
#11539=FACE_BOUND('',#11540,.T.);
#11540=EDGE_LOOP('',(#11541,#11542,#11543));
#11541=ORIENTED_EDGE('',*,*,#11544,.T.);
#11542=ORIENTED_EDGE('',*,*,#11545,.T.);
#11543=ORIENTED_EDGE('',*,*,#11546,.T.);
#11544=EDGE_CURVE('',#531,#547,#11547,.F.);
#11545=EDGE_CURVE('',#547,#439,#11548,.T.);
#11546=EDGE_CURVE('',#439,#531,#11549,.T.);
#11547=LINE('',#530,#11550);
#11548=LINE('',#546,#11551);
#11549=LINE('',#438,#11552);
#11550=VECTOR('',#11553,1.0);
#11551=VECTOR('',#11554,1.0);
#11552=VECTOR('',#11555,1.0);
#11553=DIRECTION('',(-0.38268222937202623,0.9238800308064115,0));
#11554=DIRECTION('',(-0.9238800308064115,0.38268222937202623,0));
#11555=DIRECTION('',(0.7071067811865475,-0.7071067811865475,0));
#11556=FACE_SURFACE('',(#11561),#11557,.T.);
#11557=PLANE('',#11558);
#11558=AXIS2_PLACEMENT_3D('',#438,#11559,#11560);
#11559=DIRECTION('',(0,0,1));
#11560=DIRECTION('',(-0.7071067811865475,-0.7071067811865475,0));
#11561=FACE_BOUND('',#11562,.T.);
#11562=EDGE_LOOP('',(#11563,#11564,#11565));
#11563=ORIENTED_EDGE('',*,*,#11566,.T.);
#11564=ORIENTED_EDGE('',*,*,#11567,.T.);
#11565=ORIENTED_EDGE('',*,*,#11568,.T.);
#11566=EDGE_CURVE('',#439,#467,#11569,.F.);
#11567=EDGE_CURVE('',#467,#499,#11570,.T.);
#11568=EDGE_CURVE('',#499,#439,#11571,.T.);
#11569=LINE('',#438,#11572);
#11570=LINE('',#466,#11573);
#11571=LINE('',#498,#11574);
#11572=VECTOR('',#11575,1.0);
#11573=VECTOR('',#11576,1.0);
#11574=VECTOR('',#11577,1.0);
#11575=DIRECTION('',(-0.7071067811865475,-0.7071067811865475,0));
#11576=DIRECTION('',(0.7071067811865475,-0.7071067811865475,0));
#11577=DIRECTION('',(0,1,0));
#11578=FACE_SURFACE('',(#11583),#11579,.T.);
#11579=PLANE('',#11580);
#11580=AXIS2_PLACEMENT_3D('',#498,#11581,#11582);
#11581=DIRECTION('',(0,0,1));
#11582=DIRECTION('',(0.7071067811865475,0.7071067811865475,0));
#11583=FACE_BOUND('',#11584,.T.);
#11584=EDGE_LOOP('',(#11585,#11586,#11587));
#11585=ORIENTED_EDGE('',*,*,#11588,.T.);
#11586=ORIENTED_EDGE('',*,*,#11589,.T.);
#11587=ORIENTED_EDGE('',*,*,#11590,.T.);
#11588=EDGE_CURVE('',#499,#531,#11591,.F.);
#11589=EDGE_CURVE('',#531,#439,#11592,.T.);
#11590=EDGE_CURVE('',#439,#499,#11593,.T.);
#11591=LINE('',#498,#11594);
#11592=LINE('',#530,#11595);
#11593=LINE('',#438,#11596);
#11594=VECTOR('',#11597,1.0);
#11595=VECTOR('',#11598,1.0);
#11596=VECTOR('',#11599,1.0);
#11597=DIRECTION('',(0.7071067811865475,0.7071067811865475,0));
#11598=DIRECTION('',(-0.7071067811865475,0.7071067811865475,0));
#11599=DIRECTION('',(0,-1,0));
#11600=FACE_SURFACE('',(#11605),#11601,.T.);
#11601=PLANE('',#11602);
#11602=AXIS2_PLACEMENT_3D('',#552,#11603,#11604);
#11603=DIRECTION('',(0.2902957875711588,0.9569369653840533,0));
#11604=DIRECTION('',(-0.9569369653840532,0.2902957875711588,0));
#11605=FACE_BOUND('',#11606,.T.);
#11606=EDGE_LOOP('',(#11607,#11608,#11609));
#11607=ORIENTED_EDGE('',*,*,#11610,.T.);
#11608=ORIENTED_EDGE('',*,*,#11611,.T.);
#11609=ORIENTED_EDGE('',*,*,#11612,.T.);
#11610=EDGE_CURVE('',#553,#559,#11613,.F.);
#11611=EDGE_CURVE('',#559,#557,#11614,.T.);
#11612=EDGE_CURVE('',#557,#553,#11615,.T.);
#11613=LINE('',#552,#11616);
#11614=LINE('',#558,#11617);
#11615=LINE('',#556,#11618);
#11616=VECTOR('',#11619,1.0);
#11617=VECTOR('',#11620,1.0);
#11618=VECTOR('',#11621,1.0);
#11619=DIRECTION('',(-0.9569369653840532,0.2902957875711588,0));
#11620=DIRECTION('',(0,0,1));
#11621=DIRECTION('',(0.07480699246713768,-0.02269340152970473,-0.9969397792269267));
#11622=FACE_SURFACE('',(#11627),#11623,.T.);
#11623=PLANE('',#11624);
#11624=AXIS2_PLACEMENT_3D('',#552,#11625,#11626);
#11625=DIRECTION('',(0.2902957875711588,0.9569369653840533,-0));
#11626=DIRECTION('',(-0.07480699246713768,0.02269340152970473,0.9969397792269267));
#11627=FACE_BOUND('',#11628,.T.);
#11628=EDGE_LOOP('',(#11629,#11630,#11631));
#11629=ORIENTED_EDGE('',*,*,#11632,.T.);
#11630=ORIENTED_EDGE('',*,*,#11633,.T.);
#11631=ORIENTED_EDGE('',*,*,#11634,.T.);
#11632=EDGE_CURVE('',#553,#557,#11635,.F.);
#11633=EDGE_CURVE('',#557,#555,#11636,.T.);
#11634=EDGE_CURVE('',#555,#553,#11637,.T.);
#11635=LINE('',#552,#11638);
#11636=LINE('',#556,#11639);
#11637=LINE('',#554,#11640);
#11638=VECTOR('',#11641,1.0);
#11639=VECTOR('',#11642,1.0);
#11640=VECTOR('',#11643,1.0);
#11641=DIRECTION('',(-0.07480699246713768,0.02269340152970473,0.9969397792269267));
#11642=DIRECTION('',(0.9569369653840532,-0.2902957875711588,0));
#11643=DIRECTION('',(0,0,-1));
#11644=FACE_SURFACE('',(#11649),#11645,.T.);
#11645=PLANE('',#11646);
#11646=AXIS2_PLACEMENT_3D('',#558,#11647,#11648);
#11647=DIRECTION('',(0.09801622777686081,0.9951848165503704,0));
#11648=DIRECTION('',(-0.9951848165503705,0.09801622777686082,0));
#11649=FACE_BOUND('',#11650,.T.);
#11650=EDGE_LOOP('',(#11651,#11652,#11653));
#11651=ORIENTED_EDGE('',*,*,#11654,.T.);
#11652=ORIENTED_EDGE('',*,*,#11655,.T.);
#11653=ORIENTED_EDGE('',*,*,#11656,.T.);
#11654=EDGE_CURVE('',#559,#433,#11657,.F.);
#11655=EDGE_CURVE('',#433,#439,#11658,.T.);
#11656=EDGE_CURVE('',#439,#559,#11659,.T.);
#11657=LINE('',#558,#11660);
#11658=LINE('',#432,#11661);
#11659=LINE('',#438,#11662);
#11660=VECTOR('',#11663,1.0);
#11661=VECTOR('',#11664,1.0);
#11662=VECTOR('',#11665,1.0);
#11663=DIRECTION('',(-0.9951848165503705,0.09801622777686082,0));
#11664=DIRECTION('',(0,0,1));
#11665=DIRECTION('',(0.07779768562235291,-0.007662331204876454,-0.9969397217446561));
#11666=FACE_SURFACE('',(#11671),#11667,.T.);
#11667=PLANE('',#11668);
#11668=AXIS2_PLACEMENT_3D('',#558,#11669,#11670);
#11669=DIRECTION('',(0.09801622777686081,0.9951848165503704,-0));
#11670=DIRECTION('',(-0.07779768562235291,0.007662331204876454,0.9969397217446561));
#11671=FACE_BOUND('',#11672,.T.);
#11672=EDGE_LOOP('',(#11673,#11674,#11675));
#11673=ORIENTED_EDGE('',*,*,#11676,.T.);
#11674=ORIENTED_EDGE('',*,*,#11677,.T.);
#11675=ORIENTED_EDGE('',*,*,#11678,.T.);
#11676=EDGE_CURVE('',#559,#439,#11679,.F.);
#11677=EDGE_CURVE('',#439,#557,#11680,.T.);
#11678=EDGE_CURVE('',#557,#559,#11681,.T.);
#11679=LINE('',#558,#11682);
#11680=LINE('',#438,#11683);
#11681=LINE('',#556,#11684);
#11682=VECTOR('',#11685,1.0);
#11683=VECTOR('',#11686,1.0);
#11684=VECTOR('',#11687,1.0);
#11685=DIRECTION('',(-0.07779768562235291,0.007662331204876454,0.9969397217446561));
#11686=DIRECTION('',(0.9951848165503705,-0.09801622777686082,0));
#11687=DIRECTION('',(0,0,-1));
#11688=FACE_SURFACE('',(#11693),#11689,.T.);
#11689=PLANE('',#11690);
#11690=AXIS2_PLACEMENT_3D('',#434,#11691,#11692);
#11691=DIRECTION('',(0,0,-1));
#11692=DIRECTION('',(0.9951848165503705,0.09801622777686082,0));
#11693=FACE_BOUND('',#11694,.T.);
#11694=EDGE_LOOP('',(#11695,#11696,#11697));
#11695=ORIENTED_EDGE('',*,*,#11698,.T.);
#11696=ORIENTED_EDGE('',*,*,#11699,.T.);
#11697=ORIENTED_EDGE('',*,*,#11700,.T.);
#11698=EDGE_CURVE('',#435,#433,#11701,.F.);
#11699=EDGE_CURVE('',#433,#559,#11702,.T.);
#11700=EDGE_CURVE('',#559,#435,#11703,.T.);
#11701=LINE('',#434,#11704);
#11702=LINE('',#432,#11705);
#11703=LINE('',#558,#11706);
#11704=VECTOR('',#11707,1.0);
#11705=VECTOR('',#11708,1.0);
#11706=VECTOR('',#11709,1.0);
#11707=DIRECTION('',(0.9951848165503705,0.09801622777686082,0));
#11708=DIRECTION('',(0.9951848165503705,-0.09801622777686082,0));
#11709=DIRECTION('',(-1,0,0));
#11710=FACE_SURFACE('',(#11715),#11711,.T.);
#11711=PLANE('',#11712);
#11712=AXIS2_PLACEMENT_3D('',#558,#11713,#11714);
#11713=DIRECTION('',(0,0,-1));
#11714=DIRECTION('',(0.9569369653840532,-0.2902957875711588,0));
#11715=FACE_BOUND('',#11716,.T.);
#11716=EDGE_LOOP('',(#11717,#11718,#11719));
#11717=ORIENTED_EDGE('',*,*,#11720,.T.);
#11718=ORIENTED_EDGE('',*,*,#11721,.T.);
#11719=ORIENTED_EDGE('',*,*,#11722,.T.);
#11720=EDGE_CURVE('',#559,#553,#11723,.F.);
#11721=EDGE_CURVE('',#553,#549,#11724,.T.);
#11722=EDGE_CURVE('',#549,#559,#11725,.T.);
#11723=LINE('',#558,#11726);
#11724=LINE('',#552,#11727);
#11725=LINE('',#548,#11728);
#11726=VECTOR('',#11729,1.0);
#11727=VECTOR('',#11730,1.0);
#11728=VECTOR('',#11731,1.0);
#11729=DIRECTION('',(0.9569369653840532,-0.2902957875711588,0));
#11730=DIRECTION('',(0.881928111968731,-0.4713839256055192,0));
#11731=DIRECTION('',(-0.923880037556855,0.3826822130749535,0));
#11732=FACE_SURFACE('',(#11737),#11733,.T.);
#11733=PLANE('',#11734);
#11734=AXIS2_PLACEMENT_3D('',#548,#11735,#11736);
#11735=DIRECTION('',(0,0,-1));
#11736=DIRECTION('',(0.773010974644484,-0.6343926489794667,0));
#11737=FACE_BOUND('',#11738,.T.);
#11738=EDGE_LOOP('',(#11739,#11740,#11741));
#11739=ORIENTED_EDGE('',*,*,#11742,.T.);
#11740=ORIENTED_EDGE('',*,*,#11743,.T.);
#11741=ORIENTED_EDGE('',*,*,#11744,.T.);
#11742=EDGE_CURVE('',#549,#545,#11745,.F.);
#11743=EDGE_CURVE('',#545,#541,#11746,.T.);
#11744=EDGE_CURVE('',#541,#549,#11747,.T.);
#11745=LINE('',#548,#11748);
#11746=LINE('',#544,#11749);
#11747=LINE('',#540,#11750);
#11748=VECTOR('',#11751,1.0);
#11749=VECTOR('',#11752,1.0);
#11750=VECTOR('',#11753,1.0);
#11751=DIRECTION('',(0.773010974644484,-0.6343926489794667,0));
#11752=DIRECTION('',(0.634387877656003,-0.773014890337251,0));
#11753=DIRECTION('',(-0.7071043370086328,0.7071092253560138,0));
#11754=FACE_SURFACE('',(#11759),#11755,.T.);
#11755=PLANE('',#11756);
#11756=AXIS2_PLACEMENT_3D('',#540,#11757,#11758);
#11757=DIRECTION('',(0,0,-1));
#11758=DIRECTION('',(0.4713955382265359,-0.8819219050120677,0));
#11759=FACE_BOUND('',#11760,.T.);
#11760=EDGE_LOOP('',(#11761,#11762,#11763));
#11761=ORIENTED_EDGE('',*,*,#11764,.T.);
#11762=ORIENTED_EDGE('',*,*,#11765,.T.);
#11763=ORIENTED_EDGE('',*,*,#11766,.T.);
#11764=EDGE_CURVE('',#541,#537,#11767,.F.);
#11765=EDGE_CURVE('',#537,#533,#11768,.T.);
#11766=EDGE_CURVE('',#533,#541,#11769,.T.);
#11767=LINE('',#540,#11770);
#11768=LINE('',#536,#11771);
#11769=LINE('',#532,#11772);
#11770=VECTOR('',#11773,1.0);
#11771=VECTOR('',#11774,1.0);
#11772=VECTOR('',#11775,1.0);
#11773=DIRECTION('',(0.4713955382265359,-0.8819219050120677,0));
#11774=DIRECTION('',(0.29028687775715967,-0.9569396682142506,0));
#11775=DIRECTION('',(-0.3826839413820847,0.9238793216693797,0));
#11776=FACE_SURFACE('',(#11781),#11777,.T.);
#11777=PLANE('',#11778);
#11778=AXIS2_PLACEMENT_3D('',#532,#11779,#11780);
#11779=DIRECTION('',(0,0,-1));
#11780=DIRECTION('',(0.09801622777686082,-0.9951848165503705,0));
#11781=FACE_BOUND('',#11782,.T.);
#11782=EDGE_LOOP('',(#11783,#11784,#11785));
#11783=ORIENTED_EDGE('',*,*,#11786,.T.);
#11784=ORIENTED_EDGE('',*,*,#11787,.T.);
#11785=ORIENTED_EDGE('',*,*,#11788,.T.);
#11786=EDGE_CURVE('',#533,#529,#11789,.F.);
#11787=EDGE_CURVE('',#529,#525,#11790,.T.);
#11788=EDGE_CURVE('',#525,#533,#11791,.T.);
#11789=LINE('',#532,#11792);
#11790=LINE('',#528,#11793);
#11791=LINE('',#524,#11794);
#11792=VECTOR('',#11795,1.0);
#11793=VECTOR('',#11796,1.0);
#11794=VECTOR('',#11797,1.0);
#11795=DIRECTION('',(0.09801622777686082,-0.9951848165503705,0));
#11796=DIRECTION('',(-0.09801622777686082,-0.9951848165503705,0));
#11797=DIRECTION('',(0,1,0));
#11798=FACE_SURFACE('',(#11803),#11799,.T.);
#11799=PLANE('',#11800);
#11800=AXIS2_PLACEMENT_3D('',#524,#11801,#11802);
#11801=DIRECTION('',(0,0,-1));
#11802=DIRECTION('',(-0.29028687775715967,-0.9569396682142506,0));
#11803=FACE_BOUND('',#11804,.T.);
#11804=EDGE_LOOP('',(#11805,#11806,#11807));
#11805=ORIENTED_EDGE('',*,*,#11808,.T.);
#11806=ORIENTED_EDGE('',*,*,#11809,.T.);
#11807=ORIENTED_EDGE('',*,*,#11810,.T.);
#11808=EDGE_CURVE('',#525,#521,#11811,.F.);
#11809=EDGE_CURVE('',#521,#517,#11812,.T.);
#11810=EDGE_CURVE('',#517,#525,#11813,.T.);
#11811=LINE('',#524,#11814);
#11812=LINE('',#520,#11815);
#11813=LINE('',#516,#11816);
#11814=VECTOR('',#11817,1.0);
#11815=VECTOR('',#11818,1.0);
#11816=VECTOR('',#11819,1.0);
#11817=DIRECTION('',(-0.29028687775715967,-0.9569396682142506,0));
#11818=DIRECTION('',(-0.47138744838798496,-0.8819262290590211,0));
#11819=DIRECTION('',(0.3826804847820941,0.923880753434631,0));
#11820=FACE_SURFACE('',(#11825),#11821,.T.);
#11821=PLANE('',#11822);
#11822=AXIS2_PLACEMENT_3D('',#516,#11823,#11824);
#11823=DIRECTION('',(0,0,-1));
#11824=DIRECTION('',(-0.6343974203505326,-0.7730070588633648,0));
#11825=FACE_BOUND('',#11826,.T.);
#11826=EDGE_LOOP('',(#11827,#11828,#11829));
#11827=ORIENTED_EDGE('',*,*,#11830,.T.);
#11828=ORIENTED_EDGE('',*,*,#11831,.T.);
#11829=ORIENTED_EDGE('',*,*,#11832,.T.);
#11830=EDGE_CURVE('',#517,#513,#11833,.F.);
#11831=EDGE_CURVE('',#513,#509,#11834,.T.);
#11832=EDGE_CURVE('',#509,#517,#11835,.T.);
#11833=LINE('',#516,#11836);
#11834=LINE('',#512,#11837);
#11835=LINE('',#508,#11838);
#11836=VECTOR('',#11839,1.0);
#11837=VECTOR('',#11840,1.0);
#11838=VECTOR('',#11841,1.0);
#11839=DIRECTION('',(-0.6343974203505326,-0.7730070588633648,0));
#11840=DIRECTION('',(-0.773010974644484,-0.6343926489794667,0));
#11841=DIRECTION('',(0.7071092253729109,0.7071043369917356,0));
#11842=FACE_SURFACE('',(#11847),#11843,.T.);
#11843=PLANE('',#11844);
#11844=AXIS2_PLACEMENT_3D('',#508,#11845,#11846);
#11845=DIRECTION('',(0,0,-1));
#11846=DIRECTION('',(-0.881920022130181,-0.47139906084537436,0));
#11847=FACE_BOUND('',#11848,.T.);
#11848=EDGE_LOOP('',(#11849,#11850,#11851));
#11849=ORIENTED_EDGE('',*,*,#11852,.T.);
#11850=ORIENTED_EDGE('',*,*,#11853,.T.);
#11851=ORIENTED_EDGE('',*,*,#11854,.T.);
#11852=EDGE_CURVE('',#509,#505,#11855,.F.);
#11853=EDGE_CURVE('',#505,#501,#11856,.T.);
#11854=EDGE_CURVE('',#501,#509,#11857,.T.);
#11855=LINE('',#508,#11858);
#11856=LINE('',#504,#11859);
#11857=LINE('',#500,#11860);
#11858=VECTOR('',#11861,1.0);
#11859=VECTOR('',#11862,1.0);
#11860=VECTOR('',#11863,1.0);
#11861=DIRECTION('',(-0.881920022130181,-0.47139906084537436,0));
#11862=DIRECTION('',(-0.9569423709767578,-0.290277967867665,0));
#11863=DIRECTION('',(0.923880037556855,0.3826822130749535,0));
#11864=FACE_SURFACE('',(#11869),#11865,.T.);
#11865=PLANE('',#11866);
#11866=AXIS2_PLACEMENT_3D('',#500,#11867,#11868);
#11867=DIRECTION('',(-0,0,-1));
#11868=DIRECTION('',(-0.9951848165503705,-0.09801622777686082,0));
#11869=FACE_BOUND('',#11870,.T.);
#11870=EDGE_LOOP('',(#11871,#11872,#11873));
#11871=ORIENTED_EDGE('',*,*,#11874,.T.);
#11872=ORIENTED_EDGE('',*,*,#11875,.T.);
#11873=ORIENTED_EDGE('',*,*,#11876,.T.);
#11874=EDGE_CURVE('',#501,#497,#11877,.F.);
#11875=EDGE_CURVE('',#497,#493,#11878,.T.);
#11876=EDGE_CURVE('',#493,#501,#11879,.T.);
#11877=LINE('',#500,#11880);
#11878=LINE('',#496,#11881);
#11879=LINE('',#492,#11882);
#11880=VECTOR('',#11883,1.0);
#11881=VECTOR('',#11884,1.0);
#11882=VECTOR('',#11885,1.0);
#11883=DIRECTION('',(-0.9951848165503705,-0.09801622777686082,0));
#11884=DIRECTION('',(-0.9951848165503705,0.09801622777686082,0));
#11885=DIRECTION('',(1,0,0));
#11886=FACE_SURFACE('',(#11891),#11887,.T.);
#11887=PLANE('',#11888);
#11888=AXIS2_PLACEMENT_3D('',#492,#11889,#11890);
#11889=DIRECTION('',(0,0,-1));
#11890=DIRECTION('',(-0.9569423709767578,0.290277967867665,0));
#11891=FACE_BOUND('',#11892,.T.);
#11892=EDGE_LOOP('',(#11893,#11894,#11895));
#11893=ORIENTED_EDGE('',*,*,#11896,.T.);
#11894=ORIENTED_EDGE('',*,*,#11897,.T.);
#11895=ORIENTED_EDGE('',*,*,#11898,.T.);
#11896=EDGE_CURVE('',#493,#489,#11899,.F.);
#11897=EDGE_CURVE('',#489,#485,#11900,.T.);
#11898=EDGE_CURVE('',#485,#493,#11901,.T.);
#11899=LINE('',#492,#11902);
#11900=LINE('',#488,#11903);
#11901=LINE('',#484,#11904);
#11902=VECTOR('',#11905,1.0);
#11903=VECTOR('',#11906,1.0);
#11904=VECTOR('',#11907,1.0);
#11905=DIRECTION('',(-0.9569423709767578,0.290277967867665,0));
#11906=DIRECTION('',(-0.881920022130181,0.47139906084537436,0));
#11907=DIRECTION('',(0.923880037556855,-0.3826822130749535,0));
#11908=FACE_SURFACE('',(#11913),#11909,.T.);
#11909=PLANE('',#11910);
#11910=AXIS2_PLACEMENT_3D('',#484,#11911,#11912);
#11911=DIRECTION('',(0,0,-1));
#11912=DIRECTION('',(-0.773010974644484,0.6343926489794667,0));
#11913=FACE_BOUND('',#11914,.T.);
#11914=EDGE_LOOP('',(#11915,#11916,#11917));
#11915=ORIENTED_EDGE('',*,*,#11918,.T.);
#11916=ORIENTED_EDGE('',*,*,#11919,.T.);
#11917=ORIENTED_EDGE('',*,*,#11920,.T.);
#11918=EDGE_CURVE('',#485,#481,#11921,.F.);
#11919=EDGE_CURVE('',#481,#477,#11922,.T.);
#11920=EDGE_CURVE('',#477,#485,#11923,.T.);
#11921=LINE('',#484,#11924);
#11922=LINE('',#480,#11925);
#11923=LINE('',#476,#11926);
#11924=VECTOR('',#11927,1.0);
#11925=VECTOR('',#11928,1.0);
#11926=VECTOR('',#11929,1.0);
#11927=DIRECTION('',(-0.773010974644484,0.6343926489794667,0));
#11928=DIRECTION('',(-0.6343974203505326,0.7730070588633648,0));
#11929=DIRECTION('',(0.7071092253729109,-0.7071043369917356,0));
#11930=FACE_SURFACE('',(#11935),#11931,.T.);
#11931=PLANE('',#11932);
#11932=AXIS2_PLACEMENT_3D('',#476,#11933,#11934);
#11933=DIRECTION('',(0,0,-1));
#11934=DIRECTION('',(-0.47138744838798496,0.8819262290590211,0));
#11935=FACE_BOUND('',#11936,.T.);
#11936=EDGE_LOOP('',(#11937,#11938,#11939));
#11937=ORIENTED_EDGE('',*,*,#11940,.T.);
#11938=ORIENTED_EDGE('',*,*,#11941,.T.);
#11939=ORIENTED_EDGE('',*,*,#11942,.T.);
#11940=EDGE_CURVE('',#477,#473,#11943,.F.);
#11941=EDGE_CURVE('',#473,#469,#11944,.T.);
#11942=EDGE_CURVE('',#469,#477,#11945,.T.);
#11943=LINE('',#476,#11946);
#11944=LINE('',#472,#11947);
#11945=LINE('',#468,#11948);
#11946=VECTOR('',#11949,1.0);
#11947=VECTOR('',#11950,1.0);
#11948=VECTOR('',#11951,1.0);
#11949=DIRECTION('',(-0.47138744838798496,0.8819262290590211,0));
#11950=DIRECTION('',(-0.29028687775715967,0.9569396682142506,0));
#11951=DIRECTION('',(0.3826804847820941,-0.923880753434631,0));
#11952=FACE_SURFACE('',(#11957),#11953,.T.);
#11953=PLANE('',#11954);
#11954=AXIS2_PLACEMENT_3D('',#468,#11955,#11956);
#11955=DIRECTION('',(0,0,-1));
#11956=DIRECTION('',(-0.09801622777686082,0.9951848165503705,0));
#11957=FACE_BOUND('',#11958,.T.);
#11958=EDGE_LOOP('',(#11959,#11960,#11961));
#11959=ORIENTED_EDGE('',*,*,#11962,.T.);
#11960=ORIENTED_EDGE('',*,*,#11963,.T.);
#11961=ORIENTED_EDGE('',*,*,#11964,.T.);
#11962=EDGE_CURVE('',#469,#465,#11965,.F.);
#11963=EDGE_CURVE('',#465,#461,#11966,.T.);
#11964=EDGE_CURVE('',#461,#469,#11967,.T.);
#11965=LINE('',#468,#11968);
#11966=LINE('',#464,#11969);
#11967=LINE('',#460,#11970);
#11968=VECTOR('',#11971,1.0);
#11969=VECTOR('',#11972,1.0);
#11970=VECTOR('',#11973,1.0);
#11971=DIRECTION('',(-0.09801622777686082,0.9951848165503705,0));
#11972=DIRECTION('',(0.09801622777686082,0.9951848165503705,0));
#11973=DIRECTION('',(0,-1,0));
#11974=FACE_SURFACE('',(#11979),#11975,.T.);
#11975=PLANE('',#11976);
#11976=AXIS2_PLACEMENT_3D('',#460,#11977,#11978);
#11977=DIRECTION('',(0,0,-1));
#11978=DIRECTION('',(0.29028687775715967,0.9569396682142506,0));
#11979=FACE_BOUND('',#11980,.T.);
#11980=EDGE_LOOP('',(#11981,#11982,#11983));
#11981=ORIENTED_EDGE('',*,*,#11984,.T.);
#11982=ORIENTED_EDGE('',*,*,#11985,.T.);
#11983=ORIENTED_EDGE('',*,*,#11986,.T.);
#11984=EDGE_CURVE('',#461,#457,#11987,.F.);
#11985=EDGE_CURVE('',#457,#453,#11988,.T.);
#11986=EDGE_CURVE('',#453,#461,#11989,.T.);
#11987=LINE('',#460,#11990);
#11988=LINE('',#456,#11991);
#11989=LINE('',#452,#11992);
#11990=VECTOR('',#11993,1.0);
#11991=VECTOR('',#11994,1.0);
#11992=VECTOR('',#11995,1.0);
#11993=DIRECTION('',(0.29028687775715967,0.9569396682142506,0));
#11994=DIRECTION('',(0.4713955382265359,0.8819219050120677,0));
#11995=DIRECTION('',(-0.3826839413820847,-0.9238793216693797,0));
#11996=FACE_SURFACE('',(#12001),#11997,.T.);
#11997=PLANE('',#11998);
#11998=AXIS2_PLACEMENT_3D('',#452,#11999,#12000);
#11999=DIRECTION('',(0,0,-1));
#12000=DIRECTION('',(0.634387877656003,0.773014890337251,0));
#12001=FACE_BOUND('',#12002,.T.);
#12002=EDGE_LOOP('',(#12003,#12004,#12005));
#12003=ORIENTED_EDGE('',*,*,#12006,.T.);
#12004=ORIENTED_EDGE('',*,*,#12007,.T.);
#12005=ORIENTED_EDGE('',*,*,#12008,.T.);
#12006=EDGE_CURVE('',#453,#449,#12009,.F.);
#12007=EDGE_CURVE('',#449,#445,#12010,.T.);
#12008=EDGE_CURVE('',#445,#453,#12011,.T.);
#12009=LINE('',#452,#12012);
#12010=LINE('',#448,#12013);
#12011=LINE('',#444,#12014);
#12012=VECTOR('',#12015,1.0);
#12013=VECTOR('',#12016,1.0);
#12014=VECTOR('',#12017,1.0);
#12015=DIRECTION('',(0.634387877656003,0.773014890337251,0));
#12016=DIRECTION('',(0.773010974644484,0.6343926489794667,0));
#12017=DIRECTION('',(-0.7071043370086328,-0.7071092253560138,0));
#12018=FACE_SURFACE('',(#12023),#12019,.T.);
#12019=PLANE('',#12020);
#12020=AXIS2_PLACEMENT_3D('',#444,#12021,#12022);
#12021=DIRECTION('',(0,0,-1));
#12022=DIRECTION('',(0.881928111968731,0.4713839256055192,0));
#12023=FACE_BOUND('',#12024,.T.);
#12024=EDGE_LOOP('',(#12025,#12026,#12027));
#12025=ORIENTED_EDGE('',*,*,#12028,.T.);
#12026=ORIENTED_EDGE('',*,*,#12029,.T.);
#12027=ORIENTED_EDGE('',*,*,#12030,.T.);
#12028=EDGE_CURVE('',#445,#441,#12031,.F.);
#12029=EDGE_CURVE('',#441,#435,#12032,.T.);
#12030=EDGE_CURVE('',#435,#445,#12033,.T.);
#12031=LINE('',#444,#12034);
#12032=LINE('',#440,#12035);
#12033=LINE('',#434,#12036);
#12034=VECTOR('',#12037,1.0);
#12035=VECTOR('',#12038,1.0);
#12036=VECTOR('',#12039,1.0);
#12037=DIRECTION('',(0.881928111968731,0.4713839256055192,0));
#12038=DIRECTION('',(0.9569369653840532,0.2902957875711588,0));
#12039=DIRECTION('',(-0.923880037556855,-0.3826822130749535,0));
#12040=FACE_SURFACE('',(#12045),#12041,.T.);
#12041=PLANE('',#12042);
#12042=AXIS2_PLACEMENT_3D('',#434,#12043,#12044);
#12043=DIRECTION('',(0,0,-1));
#12044=DIRECTION('',(1,0,0));
#12045=FACE_BOUND('',#12046,.T.);
#12046=EDGE_LOOP('',(#12047,#12048,#12049));
#12047=ORIENTED_EDGE('',*,*,#12050,.T.);
#12048=ORIENTED_EDGE('',*,*,#12051,.T.);
#12049=ORIENTED_EDGE('',*,*,#12052,.T.);
#12050=EDGE_CURVE('',#435,#559,#12053,.F.);
#12051=EDGE_CURVE('',#559,#549,#12054,.T.);
#12052=EDGE_CURVE('',#549,#435,#12055,.T.);
#12053=LINE('',#434,#12056);
#12054=LINE('',#558,#12057);
#12055=LINE('',#548,#12058);
#12056=VECTOR('',#12059,1.0);
#12057=VECTOR('',#12060,1.0);
#12058=VECTOR('',#12061,1.0);
#12059=DIRECTION('',(1,0,0));
#12060=DIRECTION('',(0.923880037556855,-0.3826822130749535,0));
#12061=DIRECTION('',(-0.9807855417292554,0.19508900823688463,0));
#12062=FACE_SURFACE('',(#12067),#12063,.T.);
#12063=PLANE('',#12064);
#12064=AXIS2_PLACEMENT_3D('',#548,#12065,#12066);
#12065=DIRECTION('',(0,0,-1));
#12066=DIRECTION('',(0.7071043370086328,-0.7071092253560138,0));
#12067=FACE_BOUND('',#12068,.T.);
#12068=EDGE_LOOP('',(#12069,#12070,#12071));
#12069=ORIENTED_EDGE('',*,*,#12072,.T.);
#12070=ORIENTED_EDGE('',*,*,#12073,.T.);
#12071=ORIENTED_EDGE('',*,*,#12074,.T.);
#12072=EDGE_CURVE('',#549,#541,#12075,.F.);
#12073=EDGE_CURVE('',#541,#533,#12076,.T.);
#12074=EDGE_CURVE('',#533,#549,#12077,.T.);
#12075=LINE('',#548,#12078);
#12076=LINE('',#540,#12079);
#12077=LINE('',#532,#12080);
#12078=VECTOR('',#12081,1.0);
#12079=VECTOR('',#12082,1.0);
#12080=VECTOR('',#12083,1.0);
#12081=DIRECTION('',(0.7071043370086328,-0.7071092253560138,0));
#12082=DIRECTION('',(0.3826839413820847,-0.9238793216693797,0));
#12083=DIRECTION('',(-0.5555700093437477,0.8314697617579295,0));
#12084=FACE_SURFACE('',(#12089),#12085,.T.);
#12085=PLANE('',#12086);
#12086=AXIS2_PLACEMENT_3D('',#532,#12087,#12088);
#12087=DIRECTION('',(0,-0,-1));
#12088=DIRECTION('',(0,-1,0));
#12089=FACE_BOUND('',#12090,.T.);
#12090=EDGE_LOOP('',(#12091,#12092,#12093));
#12091=ORIENTED_EDGE('',*,*,#12094,.T.);
#12092=ORIENTED_EDGE('',*,*,#12095,.T.);
#12093=ORIENTED_EDGE('',*,*,#12096,.T.);
#12094=EDGE_CURVE('',#533,#525,#12097,.F.);
#12095=EDGE_CURVE('',#525,#517,#12098,.T.);
#12096=EDGE_CURVE('',#517,#533,#12099,.T.);
#12097=LINE('',#532,#12100);
#12098=LINE('',#524,#12101);
#12099=LINE('',#516,#12102);
#12100=VECTOR('',#12103,1.0);
#12101=VECTOR('',#12104,1.0);
#12102=VECTOR('',#12105,1.0);
#12103=DIRECTION('',(0,-1,0));
#12104=DIRECTION('',(-0.3826804847820941,-0.923880753434631,0));
#12105=DIRECTION('',(0.1950885314046484,0.9807856365762997,0));
#12106=FACE_SURFACE('',(#12111),#12107,.T.);
#12107=PLANE('',#12108);
#12108=AXIS2_PLACEMENT_3D('',#516,#12109,#12110);
#12109=DIRECTION('',(0,0,-1));
#12110=DIRECTION('',(-0.7071092253729109,-0.7071043369917356,0));
#12111=FACE_BOUND('',#12112,.T.);
#12112=EDGE_LOOP('',(#12113,#12114,#12115));
#12113=ORIENTED_EDGE('',*,*,#12116,.T.);
#12114=ORIENTED_EDGE('',*,*,#12117,.T.);
#12115=ORIENTED_EDGE('',*,*,#12118,.T.);
#12116=EDGE_CURVE('',#517,#509,#12119,.F.);
#12117=EDGE_CURVE('',#509,#501,#12120,.T.);
#12118=EDGE_CURVE('',#501,#517,#12121,.T.);
#12119=LINE('',#516,#12122);
#12120=LINE('',#508,#12123);
#12121=LINE('',#500,#12124);
#12122=VECTOR('',#12125,1.0);
#12123=VECTOR('',#12126,1.0);
#12124=VECTOR('',#12127,1.0);
#12125=DIRECTION('',(-0.7071092253729109,-0.7071043369917356,0));
#12126=DIRECTION('',(-0.923880037556855,-0.3826822130749535,0));
#12127=DIRECTION('',(0.8314709129445107,0.5555682864664091,0));
#12128=FACE_SURFACE('',(#12133),#12129,.T.);
#12129=PLANE('',#12130);
#12130=AXIS2_PLACEMENT_3D('',#500,#12131,#12132);
#12131=DIRECTION('',(0,0,-1));
#12132=DIRECTION('',(-1,0,0));
#12133=FACE_BOUND('',#12134,.T.);
#12134=EDGE_LOOP('',(#12135,#12136,#12137));
#12135=ORIENTED_EDGE('',*,*,#12138,.T.);
#12136=ORIENTED_EDGE('',*,*,#12139,.T.);
#12137=ORIENTED_EDGE('',*,*,#12140,.T.);
#12138=EDGE_CURVE('',#501,#493,#12141,.F.);
#12139=EDGE_CURVE('',#493,#485,#12142,.T.);
#12140=EDGE_CURVE('',#485,#501,#12143,.T.);
#12141=LINE('',#500,#12144);
#12142=LINE('',#492,#12145);
#12143=LINE('',#484,#12146);
#12144=VECTOR('',#12147,1.0);
#12145=VECTOR('',#12148,1.0);
#12146=VECTOR('',#12149,1.0);
#12147=DIRECTION('',(-1,0,0));
#12148=DIRECTION('',(-0.923880037556855,0.3826822130749535,0));
#12149=DIRECTION('',(0.9807855417292554,-0.19508900823688463,0));
#12150=FACE_SURFACE('',(#12155),#12151,.T.);
#12151=PLANE('',#12152);
#12152=AXIS2_PLACEMENT_3D('',#484,#12153,#12154);
#12153=DIRECTION('',(0,0,-1));
#12154=DIRECTION('',(-0.7071092253729109,0.7071043369917356,0));
#12155=FACE_BOUND('',#12156,.T.);
#12156=EDGE_LOOP('',(#12157,#12158,#12159));
#12157=ORIENTED_EDGE('',*,*,#12160,.T.);
#12158=ORIENTED_EDGE('',*,*,#12161,.T.);
#12159=ORIENTED_EDGE('',*,*,#12162,.T.);
#12160=EDGE_CURVE('',#485,#477,#12163,.F.);
#12161=EDGE_CURVE('',#477,#469,#12164,.T.);
#12162=EDGE_CURVE('',#469,#485,#12165,.T.);
#12163=LINE('',#484,#12166);
#12164=LINE('',#476,#12167);
#12165=LINE('',#468,#12168);
#12166=VECTOR('',#12169,1.0);
#12167=VECTOR('',#12170,1.0);
#12168=VECTOR('',#12171,1.0);
#12169=DIRECTION('',(-0.7071092253729109,0.7071043369917356,0));
#12170=DIRECTION('',(-0.3826804847820941,0.923880753434631,0));
#12171=DIRECTION('',(0.5555700093437477,-0.8314697617579295,0));
#12172=FACE_SURFACE('',(#12177),#12173,.T.);
#12173=PLANE('',#12174);
#12174=AXIS2_PLACEMENT_3D('',#468,#12175,#12176);
#12175=DIRECTION('',(0,0,-1));
#12176=DIRECTION('',(0,1,0));
#12177=FACE_BOUND('',#12178,.T.);
#12178=EDGE_LOOP('',(#12179,#12180,#12181));
#12179=ORIENTED_EDGE('',*,*,#12182,.T.);
#12180=ORIENTED_EDGE('',*,*,#12183,.T.);
#12181=ORIENTED_EDGE('',*,*,#12184,.T.);
#12182=EDGE_CURVE('',#469,#461,#12185,.F.);
#12183=EDGE_CURVE('',#461,#453,#12186,.T.);
#12184=EDGE_CURVE('',#453,#469,#12187,.T.);
#12185=LINE('',#468,#12188);
#12186=LINE('',#460,#12189);
#12187=LINE('',#452,#12190);
#12188=VECTOR('',#12191,1.0);
#12189=VECTOR('',#12192,1.0);
#12190=VECTOR('',#12193,1.0);
#12191=DIRECTION('',(0,1,0));
#12192=DIRECTION('',(0.3826839413820847,0.9238793216693797,0));
#12193=DIRECTION('',(-0.19508948507140564,-0.9807854468815154,0));
#12194=FACE_SURFACE('',(#12199),#12195,.T.);
#12195=PLANE('',#12196);
#12196=AXIS2_PLACEMENT_3D('',#452,#12197,#12198);
#12197=DIRECTION('',(0,0,-1));
#12198=DIRECTION('',(0.7071043370086328,0.7071092253560138,0));
#12199=FACE_BOUND('',#12200,.T.);
#12200=EDGE_LOOP('',(#12201,#12202,#12203));
#12201=ORIENTED_EDGE('',*,*,#12204,.T.);
#12202=ORIENTED_EDGE('',*,*,#12205,.T.);
#12203=ORIENTED_EDGE('',*,*,#12206,.T.);
#12204=EDGE_CURVE('',#453,#445,#12207,.F.);
#12205=EDGE_CURVE('',#445,#435,#12208,.T.);
#12206=EDGE_CURVE('',#435,#453,#12209,.T.);
#12207=LINE('',#452,#12210);
#12208=LINE('',#444,#12211);
#12209=LINE('',#434,#12212);
#12210=VECTOR('',#12213,1.0);
#12211=VECTOR('',#12214,1.0);
#12212=VECTOR('',#12215,1.0);
#12213=DIRECTION('',(0.7071043370086328,0.7071092253560138,0));
#12214=DIRECTION('',(0.923880037556855,0.3826822130749535,0));
#12215=DIRECTION('',(-0.8314686105709662,-0.5555717322139301,0));
#12216=FACE_SURFACE('',(#12221),#12217,.T.);
#12217=PLANE('',#12218);
#12218=AXIS2_PLACEMENT_3D('',#434,#12219,#12220);
#12219=DIRECTION('',(0,0,-1));
#12220=DIRECTION('',(0.9807855417292554,-0.19508900823688463,0));
#12221=FACE_BOUND('',#12222,.T.);
#12222=EDGE_LOOP('',(#12223,#12224,#12225));
#12223=ORIENTED_EDGE('',*,*,#12226,.T.);
#12224=ORIENTED_EDGE('',*,*,#12227,.T.);
#12225=ORIENTED_EDGE('',*,*,#12228,.T.);
#12226=EDGE_CURVE('',#435,#549,#12229,.F.);
#12227=EDGE_CURVE('',#549,#533,#12230,.T.);
#12228=EDGE_CURVE('',#533,#435,#12231,.T.);
#12229=LINE('',#434,#12232);
#12230=LINE('',#548,#12233);
#12231=LINE('',#532,#12234);
#12232=VECTOR('',#12235,1.0);
#12233=VECTOR('',#12236,1.0);
#12234=VECTOR('',#12237,1.0);
#12235=DIRECTION('',(0.9807855417292554,-0.19508900823688463,0));
#12236=DIRECTION('',(0.5555700093437477,-0.8314697617579295,0));
#12237=DIRECTION('',(-0.8314701069283345,0.5555694927590824,0));
#12238=FACE_SURFACE('',(#12243),#12239,.T.);
#12239=PLANE('',#12240);
#12240=AXIS2_PLACEMENT_3D('',#532,#12241,#12242);
#12241=DIRECTION('',(0,0,-1));
#12242=DIRECTION('',(-0.1950885314046484,-0.9807856365762997,0));
#12243=FACE_BOUND('',#12244,.T.);
#12244=EDGE_LOOP('',(#12245,#12246,#12247));
#12245=ORIENTED_EDGE('',*,*,#12248,.T.);
#12246=ORIENTED_EDGE('',*,*,#12249,.T.);
#12247=ORIENTED_EDGE('',*,*,#12250,.T.);
#12248=EDGE_CURVE('',#533,#517,#12251,.F.);
#12249=EDGE_CURVE('',#517,#501,#12252,.T.);
#12250=EDGE_CURVE('',#501,#533,#12253,.T.);
#12251=LINE('',#532,#12254);
#12252=LINE('',#516,#12255);
#12253=LINE('',#500,#12256);
#12254=VECTOR('',#12257,1.0);
#12255=VECTOR('',#12258,1.0);
#12256=VECTOR('',#12259,1.0);
#12257=DIRECTION('',(-0.1950885314046484,-0.9807856365762997,0));
#12258=DIRECTION('',(-0.8314709129445107,-0.5555682864664091,0));
#12259=DIRECTION('',(0.5555694927590824,0.8314701069283345,0));
#12260=FACE_SURFACE('',(#12265),#12261,.T.);
#12261=PLANE('',#12262);
#12262=AXIS2_PLACEMENT_3D('',#500,#12263,#12264);
#12263=DIRECTION('',(0,0,-1));
#12264=DIRECTION('',(-0.9807855417292554,0.19508900823688463,0));
#12265=FACE_BOUND('',#12266,.T.);
#12266=EDGE_LOOP('',(#12267,#12268,#12269));
#12267=ORIENTED_EDGE('',*,*,#12270,.T.);
#12268=ORIENTED_EDGE('',*,*,#12271,.T.);
#12269=ORIENTED_EDGE('',*,*,#12272,.T.);
#12270=EDGE_CURVE('',#501,#485,#12273,.F.);
#12271=EDGE_CURVE('',#485,#469,#12274,.T.);
#12272=EDGE_CURVE('',#469,#501,#12275,.T.);
#12273=LINE('',#500,#12276);
#12274=LINE('',#484,#12277);
#12275=LINE('',#468,#12278);
#12276=VECTOR('',#12279,1.0);
#12277=VECTOR('',#12280,1.0);
#12278=VECTOR('',#12281,1.0);
#12279=DIRECTION('',(-0.9807855417292554,0.19508900823688463,0));
#12280=DIRECTION('',(-0.5555700093437477,0.8314697617579295,0));
#12281=DIRECTION('',(0.8314701069283345,-0.5555694927590824,0));
#12282=FACE_SURFACE('',(#12287),#12283,.T.);
#12283=PLANE('',#12284);
#12284=AXIS2_PLACEMENT_3D('',#468,#12285,#12286);
#12285=DIRECTION('',(0,0,-1));
#12286=DIRECTION('',(0.19508948507140564,0.9807854468815154,0));
#12287=FACE_BOUND('',#12288,.T.);
#12288=EDGE_LOOP('',(#12289,#12290,#12291));
#12289=ORIENTED_EDGE('',*,*,#12292,.T.);
#12290=ORIENTED_EDGE('',*,*,#12293,.T.);
#12291=ORIENTED_EDGE('',*,*,#12294,.T.);
#12292=EDGE_CURVE('',#469,#453,#12295,.F.);
#12293=EDGE_CURVE('',#453,#435,#12296,.T.);
#12294=EDGE_CURVE('',#435,#469,#12297,.T.);
#12295=LINE('',#468,#12298);
#12296=LINE('',#452,#12299);
#12297=LINE('',#434,#12300);
#12298=VECTOR('',#12301,1.0);
#12299=VECTOR('',#12302,1.0);
#12300=VECTOR('',#12303,1.0);
#12301=DIRECTION('',(0.19508948507140564,0.9807854468815154,0));
#12302=DIRECTION('',(0.8314686105709662,0.5555717322139301,0));
#12303=DIRECTION('',(-0.5555694927590824,-0.8314701069283345,0));
#12304=FACE_SURFACE('',(#12309),#12305,.T.);
#12305=PLANE('',#12306);
#12306=AXIS2_PLACEMENT_3D('',#434,#12307,#12308);
#12307=DIRECTION('',(0,0,-1));
#12308=DIRECTION('',(0.8314701069283345,-0.5555694927590824,0));
#12309=FACE_BOUND('',#12310,.T.);
#12310=EDGE_LOOP('',(#12311,#12312,#12313));
#12311=ORIENTED_EDGE('',*,*,#12314,.T.);
#12312=ORIENTED_EDGE('',*,*,#12315,.T.);
#12313=ORIENTED_EDGE('',*,*,#12316,.T.);
#12314=EDGE_CURVE('',#435,#533,#12317,.F.);
#12315=EDGE_CURVE('',#533,#501,#12318,.T.);
#12316=EDGE_CURVE('',#501,#435,#12319,.T.);
#12317=LINE('',#434,#12320);
#12318=LINE('',#532,#12321);
#12319=LINE('',#500,#12322);
#12320=VECTOR('',#12323,1.0);
#12321=VECTOR('',#12324,1.0);
#12322=VECTOR('',#12325,1.0);
#12323=DIRECTION('',(0.8314701069283345,-0.5555694927590824,0));
#12324=DIRECTION('',(-0.5555694927590824,-0.8314701069283345,0));
#12325=DIRECTION('',(-0.19509119521261134,0.9807851067132467,0));
#12326=FACE_SURFACE('',(#12331),#12327,.T.);
#12327=PLANE('',#12328);
#12328=AXIS2_PLACEMENT_3D('',#500,#12329,#12330);
#12329=DIRECTION('',(0,0,-1));
#12330=DIRECTION('',(-0.8314701069283345,0.5555694927590824,0));
#12331=FACE_BOUND('',#12332,.T.);
#12332=EDGE_LOOP('',(#12333,#12334,#12335));
#12333=ORIENTED_EDGE('',*,*,#12336,.T.);
#12334=ORIENTED_EDGE('',*,*,#12337,.T.);
#12335=ORIENTED_EDGE('',*,*,#12338,.T.);
#12336=EDGE_CURVE('',#501,#469,#12339,.F.);
#12337=EDGE_CURVE('',#469,#435,#12340,.T.);
#12338=EDGE_CURVE('',#435,#501,#12341,.T.);
#12339=LINE('',#500,#12342);
#12340=LINE('',#468,#12343);
#12341=LINE('',#434,#12344);
#12342=VECTOR('',#12345,1.0);
#12343=VECTOR('',#12346,1.0);
#12344=VECTOR('',#12347,1.0);
#12345=DIRECTION('',(-0.8314701069283345,0.5555694927590824,0));
#12346=DIRECTION('',(0.5555694927590824,0.8314701069283345,0));
#12347=DIRECTION('',(0.19509119521261134,-0.9807851067132467,0));
#12348=FACE_SURFACE('',(#12353),#12349,.T.);
#12349=PLANE('',#12350);
#12350=AXIS2_PLACEMENT_3D('',#560,#12351,#12352);
#12351=DIRECTION('',(-0.09801622777686081,-0.9951848165503704,0));
#12352=DIRECTION('',(0,0,1));
#12353=FACE_BOUND('',#12354,.T.);
#12354=EDGE_LOOP('',(#12355,#12356,#12357));
#12355=ORIENTED_EDGE('',*,*,#12358,.T.);
#12356=ORIENTED_EDGE('',*,*,#12359,.T.);
#12357=ORIENTED_EDGE('',*,*,#12360,.T.);
#12358=EDGE_CURVE('',#561,#563,#12361,.F.);
#12359=EDGE_CURVE('',#563,#565,#12362,.T.);
#12360=EDGE_CURVE('',#565,#561,#12363,.T.);
#12361=LINE('',#560,#12364);
#12362=LINE('',#562,#12365);
#12363=LINE('',#564,#12366);
#12364=VECTOR('',#12367,1.0);
#12365=VECTOR('',#12368,1.0);
#12366=VECTOR('',#12369,1.0);
#12367=DIRECTION('',(0,0,1));
#12368=DIRECTION('',(-0.9951848165503705,0.09801622777686082,0));
#12369=DIRECTION('',(0.07779768562235291,-0.007662331204876454,-0.9969397217446561));
#12370=FACE_SURFACE('',(#12375),#12371,.T.);
#12371=PLANE('',#12372);
#12372=AXIS2_PLACEMENT_3D('',#560,#12373,#12374);
#12373=DIRECTION('',(-0.09801622777686081,-0.9951848165503704,0));
#12374=DIRECTION('',(-0.07779768562235291,0.007662331204876454,0.9969397217446561));
#12375=FACE_BOUND('',#12376,.T.);
#12376=EDGE_LOOP('',(#12377,#12378,#12379));
#12377=ORIENTED_EDGE('',*,*,#12380,.T.);
#12378=ORIENTED_EDGE('',*,*,#12381,.T.);
#12379=ORIENTED_EDGE('',*,*,#12382,.T.);
#12380=EDGE_CURVE('',#561,#565,#12383,.F.);
#12381=EDGE_CURVE('',#565,#567,#12384,.T.);
#12382=EDGE_CURVE('',#567,#561,#12385,.T.);
#12383=LINE('',#560,#12386);
#12384=LINE('',#564,#12387);
#12385=LINE('',#566,#12388);
#12386=VECTOR('',#12389,1.0);
#12387=VECTOR('',#12390,1.0);
#12388=VECTOR('',#12391,1.0);
#12389=DIRECTION('',(-0.07779768562235291,0.007662331204876454,0.9969397217446561));
#12390=DIRECTION('',(0,0,-1));
#12391=DIRECTION('',(0.9951848165503705,-0.09801622777686082,0));
#12392=FACE_SURFACE('',(#12397),#12393,.T.);
#12393=PLANE('',#12394);
#12394=AXIS2_PLACEMENT_3D('',#566,#12395,#12396);
#12395=DIRECTION('',(-0.2902957875711588,-0.9569369653840533,0));
#12396=DIRECTION('',(0,0,1));
#12397=FACE_BOUND('',#12398,.T.);
#12398=EDGE_LOOP('',(#12399,#12400,#12401));
#12399=ORIENTED_EDGE('',*,*,#12402,.T.);
#12400=ORIENTED_EDGE('',*,*,#12403,.T.);
#12401=ORIENTED_EDGE('',*,*,#12404,.T.);
#12402=EDGE_CURVE('',#567,#565,#12405,.F.);
#12403=EDGE_CURVE('',#565,#569,#12406,.T.);
#12404=EDGE_CURVE('',#569,#567,#12407,.T.);
#12405=LINE('',#566,#12408);
#12406=LINE('',#564,#12409);
#12407=LINE('',#568,#12410);
#12408=VECTOR('',#12411,1.0);
#12409=VECTOR('',#12412,1.0);
#12410=VECTOR('',#12413,1.0);
#12411=DIRECTION('',(0,0,1));
#12412=DIRECTION('',(-0.9569369653840532,0.2902957875711588,0));
#12413=DIRECTION('',(0.07480699246713768,-0.02269340152970473,-0.9969397792269267));
#12414=FACE_SURFACE('',(#12419),#12415,.T.);
#12415=PLANE('',#12416);
#12416=AXIS2_PLACEMENT_3D('',#566,#12417,#12418);
#12417=DIRECTION('',(-0.2902957875711588,-0.9569369653840533,0));
#12418=DIRECTION('',(-0.07480699246713768,0.02269340152970473,0.9969397792269267));
#12419=FACE_BOUND('',#12420,.T.);
#12420=EDGE_LOOP('',(#12421,#12422,#12423));
#12421=ORIENTED_EDGE('',*,*,#12424,.T.);
#12422=ORIENTED_EDGE('',*,*,#12425,.T.);
#12423=ORIENTED_EDGE('',*,*,#12426,.T.);
#12424=EDGE_CURVE('',#567,#569,#12427,.F.);
#12425=EDGE_CURVE('',#569,#571,#12428,.T.);
#12426=EDGE_CURVE('',#571,#567,#12429,.T.);
#12427=LINE('',#566,#12430);
#12428=LINE('',#568,#12431);
#12429=LINE('',#570,#12432);
#12430=VECTOR('',#12433,1.0);
#12431=VECTOR('',#12434,1.0);
#12432=VECTOR('',#12435,1.0);
#12433=DIRECTION('',(-0.07480699246713768,0.02269340152970473,0.9969397792269267));
#12434=DIRECTION('',(0,0,-1));
#12435=DIRECTION('',(0.9569369653840532,-0.2902957875711588,0));
#12436=FACE_SURFACE('',(#12441),#12437,.T.);
#12437=PLANE('',#12438);
#12438=AXIS2_PLACEMENT_3D('',#570,#12439,#12440);
#12439=DIRECTION('',(-0.47138392560551917,-0.8819281119687309,0));
#12440=DIRECTION('',(0,0,1));
#12441=FACE_BOUND('',#12442,.T.);
#12442=EDGE_LOOP('',(#12443,#12444,#12445));
#12443=ORIENTED_EDGE('',*,*,#12446,.T.);
#12444=ORIENTED_EDGE('',*,*,#12447,.T.);
#12445=ORIENTED_EDGE('',*,*,#12448,.T.);
#12446=EDGE_CURVE('',#571,#569,#12449,.F.);
#12447=EDGE_CURVE('',#569,#573,#12450,.T.);
#12448=EDGE_CURVE('',#573,#571,#12451,.T.);
#12449=LINE('',#570,#12452);
#12450=LINE('',#568,#12453);
#12451=LINE('',#572,#12454);
#12452=VECTOR('',#12455,1.0);
#12453=VECTOR('',#12456,1.0);
#12454=VECTOR('',#12457,1.0);
#12455=DIRECTION('',(0,0,1));
#12456=DIRECTION('',(-0.881928111968731,0.4713839256055192,0));
#12457=DIRECTION('',(0.06894348972856927,-0.03684977538662361,-0.9969397621110324));
#12458=FACE_SURFACE('',(#12463),#12459,.T.);
#12459=PLANE('',#12460);
#12460=AXIS2_PLACEMENT_3D('',#570,#12461,#12462);
#12461=DIRECTION('',(-0.47138392560551917,-0.8819281119687309,0));
#12462=DIRECTION('',(-0.06894348972856927,0.03684977538662361,0.9969397621110324));
#12463=FACE_BOUND('',#12464,.T.);
#12464=EDGE_LOOP('',(#12465,#12466,#12467));
#12465=ORIENTED_EDGE('',*,*,#12468,.T.);
#12466=ORIENTED_EDGE('',*,*,#12469,.T.);
#12467=ORIENTED_EDGE('',*,*,#12470,.T.);
#12468=EDGE_CURVE('',#571,#573,#12471,.F.);
#12469=EDGE_CURVE('',#573,#575,#12472,.T.);
#12470=EDGE_CURVE('',#575,#571,#12473,.T.);
#12471=LINE('',#570,#12474);
#12472=LINE('',#572,#12475);
#12473=LINE('',#574,#12476);
#12474=VECTOR('',#12477,1.0);
#12475=VECTOR('',#12478,1.0);
#12476=VECTOR('',#12479,1.0);
#12477=DIRECTION('',(-0.06894348972856927,0.03684977538662361,0.9969397621110324));
#12478=DIRECTION('',(0,0,-1));
#12479=DIRECTION('',(0.881928111968731,-0.4713839256055192,0));
#12480=FACE_SURFACE('',(#12485),#12481,.T.);
#12481=PLANE('',#12482);
#12482=AXIS2_PLACEMENT_3D('',#574,#12483,#12484);
#12483=DIRECTION('',(-0.6343926489794667,-0.773010974644484,0));
#12484=DIRECTION('',(0,0,1));
#12485=FACE_BOUND('',#12486,.T.);
#12486=EDGE_LOOP('',(#12487,#12488,#12489));
#12487=ORIENTED_EDGE('',*,*,#12490,.T.);
#12488=ORIENTED_EDGE('',*,*,#12491,.T.);
#12489=ORIENTED_EDGE('',*,*,#12492,.T.);
#12490=EDGE_CURVE('',#575,#573,#12493,.F.);
#12491=EDGE_CURVE('',#573,#577,#12494,.T.);
#12492=EDGE_CURVE('',#577,#575,#12495,.T.);
#12493=LINE('',#574,#12496);
#12494=LINE('',#572,#12497);
#12495=LINE('',#576,#12498);
#12496=VECTOR('',#12499,1.0);
#12497=VECTOR('',#12500,1.0);
#12498=VECTOR('',#12501,1.0);
#12499=DIRECTION('',(0,0,1));
#12500=DIRECTION('',(-0.773010974644484,0.6343926489794667,0));
#12501=DIRECTION('',(0.06042927953756584,-0.04959294496354099,-0.9969397383916512));
#12502=FACE_SURFACE('',(#12507),#12503,.T.);
#12503=PLANE('',#12504);
#12504=AXIS2_PLACEMENT_3D('',#574,#12505,#12506);
#12505=DIRECTION('',(-0.6343926489794667,-0.773010974644484,0));
#12506=DIRECTION('',(-0.06042927953756584,0.04959294496354099,0.9969397383916512));
#12507=FACE_BOUND('',#12508,.T.);
#12508=EDGE_LOOP('',(#12509,#12510,#12511));
#12509=ORIENTED_EDGE('',*,*,#12512,.T.);
#12510=ORIENTED_EDGE('',*,*,#12513,.T.);
#12511=ORIENTED_EDGE('',*,*,#12514,.T.);
#12512=EDGE_CURVE('',#575,#577,#12515,.F.);
#12513=EDGE_CURVE('',#577,#579,#12516,.T.);
#12514=EDGE_CURVE('',#579,#575,#12517,.T.);
#12515=LINE('',#574,#12518);
#12516=LINE('',#576,#12519);
#12517=LINE('',#578,#12520);
#12518=VECTOR('',#12521,1.0);
#12519=VECTOR('',#12522,1.0);
#12520=VECTOR('',#12523,1.0);
#12521=DIRECTION('',(-0.06042927953756584,0.04959294496354099,0.9969397383916512));
#12522=DIRECTION('',(0,0,-1));
#12523=DIRECTION('',(0.773010974644484,-0.6343926489794667,0));
#12524=FACE_SURFACE('',(#12529),#12525,.T.);
#12525=PLANE('',#12526);
#12526=AXIS2_PLACEMENT_3D('',#578,#12527,#12528);
#12527=DIRECTION('',(-0.773014890337251,-0.634387877656003,0));
#12528=DIRECTION('',(0,0,1));
#12529=FACE_BOUND('',#12530,.T.);
#12530=EDGE_LOOP('',(#12531,#12532,#12533));
#12531=ORIENTED_EDGE('',*,*,#12534,.T.);
#12532=ORIENTED_EDGE('',*,*,#12535,.T.);
#12533=ORIENTED_EDGE('',*,*,#12536,.T.);
#12534=EDGE_CURVE('',#579,#577,#12537,.F.);
#12535=EDGE_CURVE('',#577,#581,#12538,.T.);
#12536=EDGE_CURVE('',#581,#579,#12539,.T.);
#12537=LINE('',#578,#12540);
#12538=LINE('',#576,#12541);
#12539=LINE('',#580,#12542);
#12540=VECTOR('',#12543,1.0);
#12541=VECTOR('',#12544,1.0);
#12542=VECTOR('',#12545,1.0);
#12543=DIRECTION('',(0,0,1));
#12544=DIRECTION('',(-0.634387877656003,0.773014890337251,0));
#12545=DIRECTION('',(0.04959294268409661,-0.06043003736467402,-0.9969396925692325));
#12546=FACE_SURFACE('',(#12551),#12547,.T.);
#12547=PLANE('',#12548);
#12548=AXIS2_PLACEMENT_3D('',#578,#12549,#12550);
#12549=DIRECTION('',(-0.773014890337251,-0.634387877656003,0));
#12550=DIRECTION('',(-0.04959294268409661,0.06043003736467402,0.9969396925692325));
#12551=FACE_BOUND('',#12552,.T.);
#12552=EDGE_LOOP('',(#12553,#12554,#12555));
#12553=ORIENTED_EDGE('',*,*,#12556,.T.);
#12554=ORIENTED_EDGE('',*,*,#12557,.T.);
#12555=ORIENTED_EDGE('',*,*,#12558,.T.);
#12556=EDGE_CURVE('',#579,#581,#12559,.F.);
#12557=EDGE_CURVE('',#581,#583,#12560,.T.);
#12558=EDGE_CURVE('',#583,#579,#12561,.T.);
#12559=LINE('',#578,#12562);
#12560=LINE('',#580,#12563);
#12561=LINE('',#582,#12564);
#12562=VECTOR('',#12565,1.0);
#12563=VECTOR('',#12566,1.0);
#12564=VECTOR('',#12567,1.0);
#12565=DIRECTION('',(-0.04959294268409661,0.06043003736467402,0.9969396925692325));
#12566=DIRECTION('',(0,0,-1));
#12567=DIRECTION('',(0.634387877656003,-0.773014890337251,0));
#12568=FACE_SURFACE('',(#12573),#12569,.T.);
#12569=PLANE('',#12570);
#12570=AXIS2_PLACEMENT_3D('',#582,#12571,#12572);
#12571=DIRECTION('',(-0.8819219050120677,-0.4713955382265359,0));
#12572=DIRECTION('',(0,0,1));
#12573=FACE_BOUND('',#12574,.T.);
#12574=EDGE_LOOP('',(#12575,#12576,#12577));
#12575=ORIENTED_EDGE('',*,*,#12578,.T.);
#12576=ORIENTED_EDGE('',*,*,#12579,.T.);
#12577=ORIENTED_EDGE('',*,*,#12580,.T.);
#12578=EDGE_CURVE('',#583,#581,#12581,.F.);
#12579=EDGE_CURVE('',#581,#585,#12582,.T.);
#12580=EDGE_CURVE('',#585,#583,#12583,.T.);
#12581=LINE('',#582,#12584);
#12582=LINE('',#580,#12585);
#12583=LINE('',#584,#12586);
#12584=VECTOR('',#12587,1.0);
#12585=VECTOR('',#12588,1.0);
#12586=VECTOR('',#12589,1.0);
#12587=DIRECTION('',(0,0,1));
#12588=DIRECTION('',(-0.4713955382265359,0.8819219050120677,0));
#12589=DIRECTION('',(0.036850536890824,-0.06894273080678795,-0.9969397864463836));
#12590=FACE_SURFACE('',(#12595),#12591,.T.);
#12591=PLANE('',#12592);
#12592=AXIS2_PLACEMENT_3D('',#582,#12593,#12594);
#12593=DIRECTION('',(-0.8819219050120677,-0.4713955382265359,0));
#12594=DIRECTION('',(-0.036850536890824,0.06894273080678795,0.9969397864463836));
#12595=FACE_BOUND('',#12596,.T.);
#12596=EDGE_LOOP('',(#12597,#12598,#12599));
#12597=ORIENTED_EDGE('',*,*,#12600,.T.);
#12598=ORIENTED_EDGE('',*,*,#12601,.T.);
#12599=ORIENTED_EDGE('',*,*,#12602,.T.);
#12600=EDGE_CURVE('',#583,#585,#12603,.F.);
#12601=EDGE_CURVE('',#585,#587,#12604,.T.);
#12602=EDGE_CURVE('',#587,#583,#12605,.T.);
#12603=LINE('',#582,#12606);
#12604=LINE('',#584,#12607);
#12605=LINE('',#586,#12608);
#12606=VECTOR('',#12609,1.0);
#12607=VECTOR('',#12610,1.0);
#12608=VECTOR('',#12611,1.0);
#12609=DIRECTION('',(-0.036850536890824,0.06894273080678795,0.9969397864463836));
#12610=DIRECTION('',(0,0,-1));
#12611=DIRECTION('',(0.4713955382265359,-0.8819219050120677,0));
#12612=FACE_SURFACE('',(#12617),#12613,.T.);
#12613=PLANE('',#12614);
#12614=AXIS2_PLACEMENT_3D('',#586,#12615,#12616);
#12615=DIRECTION('',(-0.9569396682142505,-0.2902868777571596,0));
#12616=DIRECTION('',(0,0,1));
#12617=FACE_BOUND('',#12618,.T.);
#12618=EDGE_LOOP('',(#12619,#12620,#12621));
#12619=ORIENTED_EDGE('',*,*,#12622,.T.);
#12620=ORIENTED_EDGE('',*,*,#12623,.T.);
#12621=ORIENTED_EDGE('',*,*,#12624,.T.);
#12622=EDGE_CURVE('',#587,#585,#12625,.F.);
#12623=EDGE_CURVE('',#585,#589,#12626,.T.);
#12624=EDGE_CURVE('',#589,#587,#12627,.T.);
#12625=LINE('',#586,#12628);
#12626=LINE('',#584,#12629);
#12627=LINE('',#588,#12630);
#12628=VECTOR('',#12631,1.0);
#12629=VECTOR('',#12632,1.0);
#12630=VECTOR('',#12633,1.0);
#12631=DIRECTION('',(0,0,1));
#12632=DIRECTION('',(-0.29028687775715967,0.9569396682142506,0));
#12633=DIRECTION('',(0.022692641316699257,-0.0748069937583377,-0.9969397964345248));
#12634=FACE_SURFACE('',(#12639),#12635,.T.);
#12635=PLANE('',#12636);
#12636=AXIS2_PLACEMENT_3D('',#586,#12637,#12638);
#12637=DIRECTION('',(-0.9569396682142505,-0.2902868777571596,0));
#12638=DIRECTION('',(-0.022692641316699257,0.0748069937583377,0.9969397964345248));
#12639=FACE_BOUND('',#12640,.T.);
#12640=EDGE_LOOP('',(#12641,#12642,#12643));
#12641=ORIENTED_EDGE('',*,*,#12644,.T.);
#12642=ORIENTED_EDGE('',*,*,#12645,.T.);
#12643=ORIENTED_EDGE('',*,*,#12646,.T.);
#12644=EDGE_CURVE('',#587,#589,#12647,.F.);
#12645=EDGE_CURVE('',#589,#591,#12648,.T.);
#12646=EDGE_CURVE('',#591,#587,#12649,.T.);
#12647=LINE('',#586,#12650);
#12648=LINE('',#588,#12651);
#12649=LINE('',#590,#12652);
#12650=VECTOR('',#12653,1.0);
#12651=VECTOR('',#12654,1.0);
#12652=VECTOR('',#12655,1.0);
#12653=DIRECTION('',(-0.022692641316699257,0.0748069937583377,0.9969397964345248));
#12654=DIRECTION('',(0,0,-1));
#12655=DIRECTION('',(0.29028687775715967,-0.9569396682142506,0));
#12656=FACE_SURFACE('',(#12661),#12657,.T.);
#12657=PLANE('',#12658);
#12658=AXIS2_PLACEMENT_3D('',#590,#12659,#12660);
#12659=DIRECTION('',(-0.9951848165503704,-0.09801622777686081,0));
#12660=DIRECTION('',(0,0,1));
#12661=FACE_BOUND('',#12662,.T.);
#12662=EDGE_LOOP('',(#12663,#12664,#12665));
#12663=ORIENTED_EDGE('',*,*,#12666,.T.);
#12664=ORIENTED_EDGE('',*,*,#12667,.T.);
#12665=ORIENTED_EDGE('',*,*,#12668,.T.);
#12666=EDGE_CURVE('',#591,#589,#12669,.F.);
#12667=EDGE_CURVE('',#589,#593,#12670,.T.);
#12668=EDGE_CURVE('',#593,#591,#12671,.T.);
#12669=LINE('',#590,#12672);
#12670=LINE('',#588,#12673);
#12671=LINE('',#592,#12674);
#12672=VECTOR('',#12675,1.0);
#12673=VECTOR('',#12676,1.0);
#12674=VECTOR('',#12677,1.0);
#12675=DIRECTION('',(0,0,1));
#12676=DIRECTION('',(-0.09801622777686082,0.9951848165503705,0));
#12677=DIRECTION('',(0.007662331204876454,-0.07779768562235291,-0.9969397217446561));
#12678=FACE_SURFACE('',(#12683),#12679,.T.);
#12679=PLANE('',#12680);
#12680=AXIS2_PLACEMENT_3D('',#590,#12681,#12682);
#12681=DIRECTION('',(-0.9951848165503704,-0.09801622777686081,0));
#12682=DIRECTION('',(-0.007662331204876454,0.07779768562235291,0.9969397217446561));
#12683=FACE_BOUND('',#12684,.T.);
#12684=EDGE_LOOP('',(#12685,#12686,#12687));
#12685=ORIENTED_EDGE('',*,*,#12688,.T.);
#12686=ORIENTED_EDGE('',*,*,#12689,.T.);
#12687=ORIENTED_EDGE('',*,*,#12690,.T.);
#12688=EDGE_CURVE('',#591,#593,#12691,.F.);
#12689=EDGE_CURVE('',#593,#595,#12692,.T.);
#12690=EDGE_CURVE('',#595,#591,#12693,.T.);
#12691=LINE('',#590,#12694);
#12692=LINE('',#592,#12695);
#12693=LINE('',#594,#12696);
#12694=VECTOR('',#12697,1.0);
#12695=VECTOR('',#12698,1.0);
#12696=VECTOR('',#12699,1.0);
#12697=DIRECTION('',(-0.007662331204876454,0.07779768562235291,0.9969397217446561));
#12698=DIRECTION('',(0,0,-1));
#12699=DIRECTION('',(0.09801622777686082,-0.9951848165503705,0));
#12700=FACE_SURFACE('',(#12705),#12701,.T.);
#12701=PLANE('',#12702);
#12702=AXIS2_PLACEMENT_3D('',#594,#12703,#12704);
#12703=DIRECTION('',(-0.9951848165503704,0.09801622777686081,0));
#12704=DIRECTION('',(0,0,1));
#12705=FACE_BOUND('',#12706,.T.);
#12706=EDGE_LOOP('',(#12707,#12708,#12709));
#12707=ORIENTED_EDGE('',*,*,#12710,.T.);
#12708=ORIENTED_EDGE('',*,*,#12711,.T.);
#12709=ORIENTED_EDGE('',*,*,#12712,.T.);
#12710=EDGE_CURVE('',#595,#593,#12713,.F.);
#12711=EDGE_CURVE('',#593,#597,#12714,.T.);
#12712=EDGE_CURVE('',#597,#595,#12715,.T.);
#12713=LINE('',#594,#12716);
#12714=LINE('',#592,#12717);
#12715=LINE('',#596,#12718);
#12716=VECTOR('',#12719,1.0);
#12717=VECTOR('',#12720,1.0);
#12718=VECTOR('',#12721,1.0);
#12719=DIRECTION('',(0,0,1));
#12720=DIRECTION('',(0.09801622777686082,0.9951848165503705,0));
#12721=DIRECTION('',(-0.007662331204876454,-0.07779768562235291,-0.9969397217446561));
#12722=FACE_SURFACE('',(#12727),#12723,.T.);
#12723=PLANE('',#12724);
#12724=AXIS2_PLACEMENT_3D('',#594,#12725,#12726);
#12725=DIRECTION('',(-0.9951848165503704,0.09801622777686081,0));
#12726=DIRECTION('',(0.007662331204876454,0.07779768562235291,0.9969397217446561));
#12727=FACE_BOUND('',#12728,.T.);
#12728=EDGE_LOOP('',(#12729,#12730,#12731));
#12729=ORIENTED_EDGE('',*,*,#12732,.T.);
#12730=ORIENTED_EDGE('',*,*,#12733,.T.);
#12731=ORIENTED_EDGE('',*,*,#12734,.T.);
#12732=EDGE_CURVE('',#595,#597,#12735,.F.);
#12733=EDGE_CURVE('',#597,#599,#12736,.T.);
#12734=EDGE_CURVE('',#599,#595,#12737,.T.);
#12735=LINE('',#594,#12738);
#12736=LINE('',#596,#12739);
#12737=LINE('',#598,#12740);
#12738=VECTOR('',#12741,1.0);
#12739=VECTOR('',#12742,1.0);
#12740=VECTOR('',#12743,1.0);
#12741=DIRECTION('',(0.007662331204876454,0.07779768562235291,0.9969397217446561));
#12742=DIRECTION('',(0,0,-1));
#12743=DIRECTION('',(-0.09801622777686082,-0.9951848165503705,0));
#12744=FACE_SURFACE('',(#12749),#12745,.T.);
#12745=PLANE('',#12746);
#12746=AXIS2_PLACEMENT_3D('',#598,#12747,#12748);
#12747=DIRECTION('',(-0.9569396682142505,0.2902868777571596,0));
#12748=DIRECTION('',(0,0,1));
#12749=FACE_BOUND('',#12750,.T.);
#12750=EDGE_LOOP('',(#12751,#12752,#12753));
#12751=ORIENTED_EDGE('',*,*,#12754,.T.);
#12752=ORIENTED_EDGE('',*,*,#12755,.T.);
#12753=ORIENTED_EDGE('',*,*,#12756,.T.);
#12754=EDGE_CURVE('',#599,#597,#12757,.F.);
#12755=EDGE_CURVE('',#597,#601,#12758,.T.);
#12756=EDGE_CURVE('',#601,#599,#12759,.T.);
#12757=LINE('',#598,#12760);
#12758=LINE('',#596,#12761);
#12759=LINE('',#600,#12762);
#12760=VECTOR('',#12763,1.0);
#12761=VECTOR('',#12764,1.0);
#12762=VECTOR('',#12765,1.0);
#12763=DIRECTION('',(0,0,1));
#12764=DIRECTION('',(0.29028687775715967,0.9569396682142506,0));
#12765=DIRECTION('',(-0.022692641316699257,-0.0748069937583377,-0.9969397964345248));
#12766=FACE_SURFACE('',(#12771),#12767,.T.);
#12767=PLANE('',#12768);
#12768=AXIS2_PLACEMENT_3D('',#598,#12769,#12770);
#12769=DIRECTION('',(-0.9569396682142505,0.2902868777571596,0));
#12770=DIRECTION('',(0.022692641316699257,0.0748069937583377,0.9969397964345248));
#12771=FACE_BOUND('',#12772,.T.);
#12772=EDGE_LOOP('',(#12773,#12774,#12775));
#12773=ORIENTED_EDGE('',*,*,#12776,.T.);
#12774=ORIENTED_EDGE('',*,*,#12777,.T.);
#12775=ORIENTED_EDGE('',*,*,#12778,.T.);
#12776=EDGE_CURVE('',#599,#601,#12779,.F.);
#12777=EDGE_CURVE('',#601,#603,#12780,.T.);
#12778=EDGE_CURVE('',#603,#599,#12781,.T.);
#12779=LINE('',#598,#12782);
#12780=LINE('',#600,#12783);
#12781=LINE('',#602,#12784);
#12782=VECTOR('',#12785,1.0);
#12783=VECTOR('',#12786,1.0);
#12784=VECTOR('',#12787,1.0);
#12785=DIRECTION('',(0.022692641316699257,0.0748069937583377,0.9969397964345248));
#12786=DIRECTION('',(0,0,-1));
#12787=DIRECTION('',(-0.29028687775715967,-0.9569396682142506,0));
#12788=FACE_SURFACE('',(#12793),#12789,.T.);
#12789=PLANE('',#12790);
#12790=AXIS2_PLACEMENT_3D('',#602,#12791,#12792);
#12791=DIRECTION('',(-0.881926229059021,0.47138744838798496,0));
#12792=DIRECTION('',(0,0,1));
#12793=FACE_BOUND('',#12794,.T.);
#12794=EDGE_LOOP('',(#12795,#12796,#12797));
#12795=ORIENTED_EDGE('',*,*,#12798,.T.);
#12796=ORIENTED_EDGE('',*,*,#12799,.T.);
#12797=ORIENTED_EDGE('',*,*,#12800,.T.);
#12798=EDGE_CURVE('',#603,#601,#12801,.F.);
#12799=EDGE_CURVE('',#601,#605,#12802,.T.);
#12800=EDGE_CURVE('',#605,#603,#12803,.T.);
#12801=LINE('',#602,#12804);
#12802=LINE('',#600,#12805);
#12803=LINE('',#604,#12806);
#12804=VECTOR('',#12807,1.0);
#12805=VECTOR('',#12808,1.0);
#12806=VECTOR('',#12809,1.0);
#12807=DIRECTION('',(0,0,1));
#12808=DIRECTION('',(0.47138744838798496,0.8819262290590211,0));
#12809=DIRECTION('',(-0.036850533026032924,-0.06894424478548015,-0.9969396818898609));
#12810=FACE_SURFACE('',(#12815),#12811,.T.);
#12811=PLANE('',#12812);
#12812=AXIS2_PLACEMENT_3D('',#602,#12813,#12814);
#12813=DIRECTION('',(-0.881926229059021,0.47138744838798496,0));
#12814=DIRECTION('',(0.036850533026032924,0.06894424478548015,0.9969396818898609));
#12815=FACE_BOUND('',#12816,.T.);
#12816=EDGE_LOOP('',(#12817,#12818,#12819));
#12817=ORIENTED_EDGE('',*,*,#12820,.T.);
#12818=ORIENTED_EDGE('',*,*,#12821,.T.);
#12819=ORIENTED_EDGE('',*,*,#12822,.T.);
#12820=EDGE_CURVE('',#603,#605,#12823,.F.);
#12821=EDGE_CURVE('',#605,#607,#12824,.T.);
#12822=EDGE_CURVE('',#607,#603,#12825,.T.);
#12823=LINE('',#602,#12826);
#12824=LINE('',#604,#12827);
#12825=LINE('',#606,#12828);
#12826=VECTOR('',#12829,1.0);
#12827=VECTOR('',#12830,1.0);
#12828=VECTOR('',#12831,1.0);
#12829=DIRECTION('',(0.036850533026032924,0.06894424478548015,0.9969396818898609));
#12830=DIRECTION('',(0,0,-1));
#12831=DIRECTION('',(-0.47138744838798496,-0.8819262290590211,0));
#12832=FACE_SURFACE('',(#12837),#12833,.T.);
#12833=PLANE('',#12834);
#12834=AXIS2_PLACEMENT_3D('',#606,#12835,#12836);
#12835=DIRECTION('',(-0.7730070588633648,0.6343974203505326,0));
#12836=DIRECTION('',(0,0,1));
#12837=FACE_BOUND('',#12838,.T.);
#12838=EDGE_LOOP('',(#12839,#12840,#12841));
#12839=ORIENTED_EDGE('',*,*,#12842,.T.);
#12840=ORIENTED_EDGE('',*,*,#12843,.T.);
#12841=ORIENTED_EDGE('',*,*,#12844,.T.);
#12842=EDGE_CURVE('',#607,#605,#12845,.F.);
#12843=EDGE_CURVE('',#605,#609,#12846,.T.);
#12844=EDGE_CURVE('',#609,#607,#12847,.T.);
#12845=LINE('',#606,#12848);
#12846=LINE('',#604,#12849);
#12847=LINE('',#608,#12850);
#12848=VECTOR('',#12851,1.0);
#12849=VECTOR('',#12852,1.0);
#12850=VECTOR('',#12853,1.0);
#12851=DIRECTION('',(0,0,1));
#12852=DIRECTION('',(0.6343974203505326,0.7730070588633648,0));
#12853=DIRECTION('',(-0.04959294724295699,-0.060428521710353164,-0.9969397842134994));
#12854=FACE_SURFACE('',(#12859),#12855,.T.);
#12855=PLANE('',#12856);
#12856=AXIS2_PLACEMENT_3D('',#606,#12857,#12858);
#12857=DIRECTION('',(-0.7730070588633648,0.6343974203505326,0));
#12858=DIRECTION('',(0.04959294724295699,0.060428521710353164,0.9969397842134994));
#12859=FACE_BOUND('',#12860,.T.);
#12860=EDGE_LOOP('',(#12861,#12862,#12863));
#12861=ORIENTED_EDGE('',*,*,#12864,.T.);
#12862=ORIENTED_EDGE('',*,*,#12865,.T.);
#12863=ORIENTED_EDGE('',*,*,#12866,.T.);
#12864=EDGE_CURVE('',#607,#609,#12867,.F.);
#12865=EDGE_CURVE('',#609,#611,#12868,.T.);
#12866=EDGE_CURVE('',#611,#607,#12869,.T.);
#12867=LINE('',#606,#12870);
#12868=LINE('',#608,#12871);
#12869=LINE('',#610,#12872);
#12870=VECTOR('',#12873,1.0);
#12871=VECTOR('',#12874,1.0);
#12872=VECTOR('',#12875,1.0);
#12873=DIRECTION('',(0.04959294724295699,0.060428521710353164,0.9969397842134994));
#12874=DIRECTION('',(0,0,-1));
#12875=DIRECTION('',(-0.6343974203505326,-0.7730070588633648,0));
#12876=FACE_SURFACE('',(#12881),#12877,.T.);
#12877=PLANE('',#12878);
#12878=AXIS2_PLACEMENT_3D('',#610,#12879,#12880);
#12879=DIRECTION('',(-0.6343926489794667,0.773010974644484,0));
#12880=DIRECTION('',(0,0,1));
#12881=FACE_BOUND('',#12882,.T.);
#12882=EDGE_LOOP('',(#12883,#12884,#12885));
#12883=ORIENTED_EDGE('',*,*,#12886,.T.);
#12884=ORIENTED_EDGE('',*,*,#12887,.T.);
#12885=ORIENTED_EDGE('',*,*,#12888,.T.);
#12886=EDGE_CURVE('',#611,#609,#12889,.F.);
#12887=EDGE_CURVE('',#609,#613,#12890,.T.);
#12888=EDGE_CURVE('',#613,#611,#12891,.T.);
#12889=LINE('',#610,#12892);
#12890=LINE('',#608,#12893);
#12891=LINE('',#612,#12894);
#12892=VECTOR('',#12895,1.0);
#12893=VECTOR('',#12896,1.0);
#12894=VECTOR('',#12897,1.0);
#12895=DIRECTION('',(0,0,1));
#12896=DIRECTION('',(0.773010974644484,0.6343926489794667,0));
#12897=DIRECTION('',(-0.06042927953756584,-0.04959294496354099,-0.9969397383916512));
#12898=FACE_SURFACE('',(#12903),#12899,.T.);
#12899=PLANE('',#12900);
#12900=AXIS2_PLACEMENT_3D('',#610,#12901,#12902);
#12901=DIRECTION('',(-0.6343926489794667,0.773010974644484,0));
#12902=DIRECTION('',(0.06042927953756584,0.04959294496354099,0.9969397383916512));
#12903=FACE_BOUND('',#12904,.T.);
#12904=EDGE_LOOP('',(#12905,#12906,#12907));
#12905=ORIENTED_EDGE('',*,*,#12908,.T.);
#12906=ORIENTED_EDGE('',*,*,#12909,.T.);
#12907=ORIENTED_EDGE('',*,*,#12910,.T.);
#12908=EDGE_CURVE('',#611,#613,#12911,.F.);
#12909=EDGE_CURVE('',#613,#615,#12912,.T.);
#12910=EDGE_CURVE('',#615,#611,#12913,.T.);
#12911=LINE('',#610,#12914);
#12912=LINE('',#612,#12915);
#12913=LINE('',#614,#12916);
#12914=VECTOR('',#12917,1.0);
#12915=VECTOR('',#12918,1.0);
#12916=VECTOR('',#12919,1.0);
#12917=DIRECTION('',(0.06042927953756584,0.04959294496354099,0.9969397383916512));
#12918=DIRECTION('',(0,0,-1));
#12919=DIRECTION('',(-0.773010974644484,-0.6343926489794667,0));
#12920=FACE_SURFACE('',(#12925),#12921,.T.);
#12921=PLANE('',#12922);
#12922=AXIS2_PLACEMENT_3D('',#614,#12923,#12924);
#12923=DIRECTION('',(-0.4713990608453744,0.8819200221301811,0));
#12924=DIRECTION('',(0,0,1));
#12925=FACE_BOUND('',#12926,.T.);
#12926=EDGE_LOOP('',(#12927,#12928,#12929));
#12927=ORIENTED_EDGE('',*,*,#12930,.T.);
#12928=ORIENTED_EDGE('',*,*,#12931,.T.);
#12929=ORIENTED_EDGE('',*,*,#12932,.T.);
#12930=EDGE_CURVE('',#615,#613,#12933,.F.);
#12931=EDGE_CURVE('',#613,#617,#12934,.T.);
#12932=EDGE_CURVE('',#617,#615,#12935,.T.);
#12933=LINE('',#614,#12936);
#12934=LINE('',#612,#12937);
#12935=LINE('',#616,#12938);
#12936=VECTOR('',#12939,1.0);
#12937=VECTOR('',#12940,1.0);
#12938=VECTOR('',#12941,1.0);
#12939=DIRECTION('',(0,0,1));
#12940=DIRECTION('',(0.881920022130181,0.47139906084537436,0));
#12941=DIRECTION('',(-0.06894348586377819,-0.036851294530190454,-0.996939706225206));
#12942=FACE_SURFACE('',(#12947),#12943,.T.);
#12943=PLANE('',#12944);
#12944=AXIS2_PLACEMENT_3D('',#614,#12945,#12946);
#12945=DIRECTION('',(-0.4713990608453744,0.8819200221301811,0));
#12946=DIRECTION('',(0.06894348586377819,0.036851294530190454,0.996939706225206));
#12947=FACE_BOUND('',#12948,.T.);
#12948=EDGE_LOOP('',(#12949,#12950,#12951));
#12949=ORIENTED_EDGE('',*,*,#12952,.T.);
#12950=ORIENTED_EDGE('',*,*,#12953,.T.);
#12951=ORIENTED_EDGE('',*,*,#12954,.T.);
#12952=EDGE_CURVE('',#615,#617,#12955,.F.);
#12953=EDGE_CURVE('',#617,#619,#12956,.T.);
#12954=EDGE_CURVE('',#619,#615,#12957,.T.);
#12955=LINE('',#614,#12958);
#12956=LINE('',#616,#12959);
#12957=LINE('',#618,#12960);
#12958=VECTOR('',#12961,1.0);
#12959=VECTOR('',#12962,1.0);
#12960=VECTOR('',#12963,1.0);
#12961=DIRECTION('',(0.06894348586377819,0.036851294530190454,0.996939706225206));
#12962=DIRECTION('',(0,0,-1));
#12963=DIRECTION('',(-0.881920022130181,-0.47139906084537436,0));
#12964=FACE_SURFACE('',(#12969),#12965,.T.);
#12965=PLANE('',#12966);
#12966=AXIS2_PLACEMENT_3D('',#618,#12967,#12968);
#12967=DIRECTION('',(-0.2902779678676651,0.9569423709767578,0));
#12968=DIRECTION('',(0,0,1));
#12969=FACE_BOUND('',#12970,.T.);
#12970=EDGE_LOOP('',(#12971,#12972,#12973));
#12971=ORIENTED_EDGE('',*,*,#12974,.T.);
#12972=ORIENTED_EDGE('',*,*,#12975,.T.);
#12973=ORIENTED_EDGE('',*,*,#12976,.T.);
#12974=EDGE_CURVE('',#619,#617,#12977,.F.);
#12975=EDGE_CURVE('',#617,#621,#12978,.T.);
#12976=EDGE_CURVE('',#621,#619,#12979,.T.);
#12977=LINE('',#618,#12980);
#12978=LINE('',#616,#12981);
#12979=LINE('',#620,#12982);
#12980=VECTOR('',#12983,1.0);
#12981=VECTOR('',#12984,1.0);
#12982=VECTOR('',#12985,1.0);
#12983=DIRECTION('',(0,0,1));
#12984=DIRECTION('',(0.9569423709767578,0.290277967867665,0));
#12985=DIRECTION('',(-0.07480699504949449,-0.022691881103654412,-0.9969398136415469));
#12986=FACE_SURFACE('',(#12991),#12987,.T.);
#12987=PLANE('',#12988);
#12988=AXIS2_PLACEMENT_3D('',#618,#12989,#12990);
#12989=DIRECTION('',(-0.2902779678676651,0.9569423709767578,0));
#12990=DIRECTION('',(0.07480699504949449,0.022691881103654412,0.9969398136415469));
#12991=FACE_BOUND('',#12992,.T.);
#12992=EDGE_LOOP('',(#12993,#12994,#12995));
#12993=ORIENTED_EDGE('',*,*,#12996,.T.);
#12994=ORIENTED_EDGE('',*,*,#12997,.T.);
#12995=ORIENTED_EDGE('',*,*,#12998,.T.);
#12996=EDGE_CURVE('',#619,#621,#12999,.F.);
#12997=EDGE_CURVE('',#621,#623,#13000,.T.);
#12998=EDGE_CURVE('',#623,#619,#13001,.T.);
#12999=LINE('',#618,#13002);
#13000=LINE('',#620,#13003);
#13001=LINE('',#622,#13004);
#13002=VECTOR('',#13005,1.0);
#13003=VECTOR('',#13006,1.0);
#13004=VECTOR('',#13007,1.0);
#13005=DIRECTION('',(0.07480699504949449,0.022691881103654412,0.9969398136415469));
#13006=DIRECTION('',(0,0,-1));
#13007=DIRECTION('',(-0.9569423709767578,-0.290277967867665,0));
#13008=FACE_SURFACE('',(#13013),#13009,.T.);
#13009=PLANE('',#13010);
#13010=AXIS2_PLACEMENT_3D('',#622,#13011,#13012);
#13011=DIRECTION('',(-0.09801622777686081,0.9951848165503704,0));
#13012=DIRECTION('',(0,0,1));
#13013=FACE_BOUND('',#13014,.T.);
#13014=EDGE_LOOP('',(#13015,#13016,#13017));
#13015=ORIENTED_EDGE('',*,*,#13018,.T.);
#13016=ORIENTED_EDGE('',*,*,#13019,.T.);
#13017=ORIENTED_EDGE('',*,*,#13020,.T.);
#13018=EDGE_CURVE('',#623,#621,#13021,.F.);
#13019=EDGE_CURVE('',#621,#625,#13022,.T.);
#13020=EDGE_CURVE('',#625,#623,#13023,.T.);
#13021=LINE('',#622,#13024);
#13022=LINE('',#620,#13025);
#13023=LINE('',#624,#13026);
#13024=VECTOR('',#13027,1.0);
#13025=VECTOR('',#13028,1.0);
#13026=VECTOR('',#13029,1.0);
#13027=DIRECTION('',(0,0,1));
#13028=DIRECTION('',(0.9951848165503705,0.09801622777686082,0));
#13029=DIRECTION('',(-0.07779768562235291,-0.007662331204876454,-0.9969397217446561));
#13030=FACE_SURFACE('',(#13035),#13031,.T.);
#13031=PLANE('',#13032);
#13032=AXIS2_PLACEMENT_3D('',#622,#13033,#13034);
#13033=DIRECTION('',(-0.09801622777686081,0.9951848165503704,0));
#13034=DIRECTION('',(0.07779768562235291,0.007662331204876454,0.9969397217446561));
#13035=FACE_BOUND('',#13036,.T.);
#13036=EDGE_LOOP('',(#13037,#13038,#13039));
#13037=ORIENTED_EDGE('',*,*,#13040,.T.);
#13038=ORIENTED_EDGE('',*,*,#13041,.T.);
#13039=ORIENTED_EDGE('',*,*,#13042,.T.);
#13040=EDGE_CURVE('',#623,#625,#13043,.F.);
#13041=EDGE_CURVE('',#625,#627,#13044,.T.);
#13042=EDGE_CURVE('',#627,#623,#13045,.T.);
#13043=LINE('',#622,#13046);
#13044=LINE('',#624,#13047);
#13045=LINE('',#626,#13048);
#13046=VECTOR('',#13049,1.0);
#13047=VECTOR('',#13050,1.0);
#13048=VECTOR('',#13051,1.0);
#13049=DIRECTION('',(0.07779768562235291,0.007662331204876454,0.9969397217446561));
#13050=DIRECTION('',(0,0,-1));
#13051=DIRECTION('',(-0.9951848165503705,-0.09801622777686082,0));
#13052=FACE_SURFACE('',(#13057),#13053,.T.);
#13053=PLANE('',#13054);
#13054=AXIS2_PLACEMENT_3D('',#626,#13055,#13056);
#13055=DIRECTION('',(0.09801622777686081,0.9951848165503704,-0));
#13056=DIRECTION('',(0,0,1));
#13057=FACE_BOUND('',#13058,.T.);
#13058=EDGE_LOOP('',(#13059,#13060,#13061));
#13059=ORIENTED_EDGE('',*,*,#13062,.T.);
#13060=ORIENTED_EDGE('',*,*,#13063,.T.);
#13061=ORIENTED_EDGE('',*,*,#13064,.T.);
#13062=EDGE_CURVE('',#627,#625,#13065,.F.);
#13063=EDGE_CURVE('',#625,#629,#13066,.T.);
#13064=EDGE_CURVE('',#629,#627,#13067,.T.);
#13065=LINE('',#626,#13068);
#13066=LINE('',#624,#13069);
#13067=LINE('',#628,#13070);
#13068=VECTOR('',#13071,1.0);
#13069=VECTOR('',#13072,1.0);
#13070=VECTOR('',#13073,1.0);
#13071=DIRECTION('',(0,0,1));
#13072=DIRECTION('',(0.9951848165503705,-0.09801622777686082,0));
#13073=DIRECTION('',(-0.07779768562235291,0.007662331204876454,-0.9969397217446561));
#13074=FACE_SURFACE('',(#13079),#13075,.T.);
#13075=PLANE('',#13076);
#13076=AXIS2_PLACEMENT_3D('',#626,#13077,#13078);
#13077=DIRECTION('',(0.09801622777686081,0.9951848165503704,0));
#13078=DIRECTION('',(0.07779768562235291,-0.007662331204876454,0.9969397217446561));
#13079=FACE_BOUND('',#13080,.T.);
#13080=EDGE_LOOP('',(#13081,#13082,#13083));
#13081=ORIENTED_EDGE('',*,*,#13084,.T.);
#13082=ORIENTED_EDGE('',*,*,#13085,.T.);
#13083=ORIENTED_EDGE('',*,*,#13086,.T.);
#13084=EDGE_CURVE('',#627,#629,#13087,.F.);
#13085=EDGE_CURVE('',#629,#631,#13088,.T.);
#13086=EDGE_CURVE('',#631,#627,#13089,.T.);
#13087=LINE('',#626,#13090);
#13088=LINE('',#628,#13091);
#13089=LINE('',#630,#13092);
#13090=VECTOR('',#13093,1.0);
#13091=VECTOR('',#13094,1.0);
#13092=VECTOR('',#13095,1.0);
#13093=DIRECTION('',(0.07779768562235291,-0.007662331204876454,0.9969397217446561));
#13094=DIRECTION('',(0,0,-1));
#13095=DIRECTION('',(-0.9951848165503705,0.09801622777686082,0));
#13096=FACE_SURFACE('',(#13101),#13097,.T.);
#13097=PLANE('',#13098);
#13098=AXIS2_PLACEMENT_3D('',#630,#13099,#13100);
#13099=DIRECTION('',(0.2902779678676651,0.9569423709767578,-0));
#13100=DIRECTION('',(0,0,1));
#13101=FACE_BOUND('',#13102,.T.);
#13102=EDGE_LOOP('',(#13103,#13104,#13105));
#13103=ORIENTED_EDGE('',*,*,#13106,.T.);
#13104=ORIENTED_EDGE('',*,*,#13107,.T.);
#13105=ORIENTED_EDGE('',*,*,#13108,.T.);
#13106=EDGE_CURVE('',#631,#629,#13109,.F.);
#13107=EDGE_CURVE('',#629,#633,#13110,.T.);
#13108=EDGE_CURVE('',#633,#631,#13111,.T.);
#13109=LINE('',#630,#13112);
#13110=LINE('',#628,#13113);
#13111=LINE('',#632,#13114);
#13112=VECTOR('',#13115,1.0);
#13113=VECTOR('',#13116,1.0);
#13114=VECTOR('',#13117,1.0);
#13115=DIRECTION('',(0,0,1));
#13116=DIRECTION('',(0.9569423709767578,-0.290277967867665,0));
#13117=DIRECTION('',(-0.07480699504949449,0.022691881103654412,-0.9969398136415469));
#13118=FACE_SURFACE('',(#13123),#13119,.T.);
#13119=PLANE('',#13120);
#13120=AXIS2_PLACEMENT_3D('',#630,#13121,#13122);
#13121=DIRECTION('',(0.2902779678676651,0.9569423709767578,0));
#13122=DIRECTION('',(0.07480699504949449,-0.022691881103654412,0.9969398136415469));
#13123=FACE_BOUND('',#13124,.T.);
#13124=EDGE_LOOP('',(#13125,#13126,#13127));
#13125=ORIENTED_EDGE('',*,*,#13128,.T.);
#13126=ORIENTED_EDGE('',*,*,#13129,.T.);
#13127=ORIENTED_EDGE('',*,*,#13130,.T.);
#13128=EDGE_CURVE('',#631,#633,#13131,.F.);
#13129=EDGE_CURVE('',#633,#635,#13132,.T.);
#13130=EDGE_CURVE('',#635,#631,#13133,.T.);
#13131=LINE('',#630,#13134);
#13132=LINE('',#632,#13135);
#13133=LINE('',#634,#13136);
#13134=VECTOR('',#13137,1.0);
#13135=VECTOR('',#13138,1.0);
#13136=VECTOR('',#13139,1.0);
#13137=DIRECTION('',(0.07480699504949449,-0.022691881103654412,0.9969398136415469));
#13138=DIRECTION('',(0,0,-1));
#13139=DIRECTION('',(-0.9569423709767578,0.290277967867665,0));
#13140=FACE_SURFACE('',(#13145),#13141,.T.);
#13141=PLANE('',#13142);
#13142=AXIS2_PLACEMENT_3D('',#634,#13143,#13144);
#13143=DIRECTION('',(0.4713990608453744,0.8819200221301811,-0));
#13144=DIRECTION('',(0,0,1));
#13145=FACE_BOUND('',#13146,.T.);
#13146=EDGE_LOOP('',(#13147,#13148,#13149));
#13147=ORIENTED_EDGE('',*,*,#13150,.T.);
#13148=ORIENTED_EDGE('',*,*,#13151,.T.);
#13149=ORIENTED_EDGE('',*,*,#13152,.T.);
#13150=EDGE_CURVE('',#635,#633,#13153,.F.);
#13151=EDGE_CURVE('',#633,#637,#13154,.T.);
#13152=EDGE_CURVE('',#637,#635,#13155,.T.);
#13153=LINE('',#634,#13156);
#13154=LINE('',#632,#13157);
#13155=LINE('',#636,#13158);
#13156=VECTOR('',#13159,1.0);
#13157=VECTOR('',#13160,1.0);
#13158=VECTOR('',#13161,1.0);
#13159=DIRECTION('',(0,0,1));
#13160=DIRECTION('',(0.881920022130181,-0.47139906084537436,0));
#13161=DIRECTION('',(-0.06894348586377819,0.036851294530190454,-0.996939706225206));
#13162=FACE_SURFACE('',(#13167),#13163,.T.);
#13163=PLANE('',#13164);
#13164=AXIS2_PLACEMENT_3D('',#634,#13165,#13166);
#13165=DIRECTION('',(0.4713990608453744,0.8819200221301811,0));
#13166=DIRECTION('',(0.06894348586377819,-0.036851294530190454,0.996939706225206));
#13167=FACE_BOUND('',#13168,.T.);
#13168=EDGE_LOOP('',(#13169,#13170,#13171));
#13169=ORIENTED_EDGE('',*,*,#13172,.T.);
#13170=ORIENTED_EDGE('',*,*,#13173,.T.);
#13171=ORIENTED_EDGE('',*,*,#13174,.T.);
#13172=EDGE_CURVE('',#635,#637,#13175,.F.);
#13173=EDGE_CURVE('',#637,#639,#13176,.T.);
#13174=EDGE_CURVE('',#639,#635,#13177,.T.);
#13175=LINE('',#634,#13178);
#13176=LINE('',#636,#13179);
#13177=LINE('',#638,#13180);
#13178=VECTOR('',#13181,1.0);
#13179=VECTOR('',#13182,1.0);
#13180=VECTOR('',#13183,1.0);
#13181=DIRECTION('',(0.06894348586377819,-0.036851294530190454,0.996939706225206));
#13182=DIRECTION('',(0,0,-1));
#13183=DIRECTION('',(-0.881920022130181,0.47139906084537436,0));
#13184=FACE_SURFACE('',(#13189),#13185,.T.);
#13185=PLANE('',#13186);
#13186=AXIS2_PLACEMENT_3D('',#638,#13187,#13188);
#13187=DIRECTION('',(0.6343926489794667,0.773010974644484,-0));
#13188=DIRECTION('',(0,0,1));
#13189=FACE_BOUND('',#13190,.T.);
#13190=EDGE_LOOP('',(#13191,#13192,#13193));
#13191=ORIENTED_EDGE('',*,*,#13194,.T.);
#13192=ORIENTED_EDGE('',*,*,#13195,.T.);
#13193=ORIENTED_EDGE('',*,*,#13196,.T.);
#13194=EDGE_CURVE('',#639,#637,#13197,.F.);
#13195=EDGE_CURVE('',#637,#641,#13198,.T.);
#13196=EDGE_CURVE('',#641,#639,#13199,.T.);
#13197=LINE('',#638,#13200);
#13198=LINE('',#636,#13201);
#13199=LINE('',#640,#13202);
#13200=VECTOR('',#13203,1.0);
#13201=VECTOR('',#13204,1.0);
#13202=VECTOR('',#13205,1.0);
#13203=DIRECTION('',(0,0,1));
#13204=DIRECTION('',(0.773010974644484,-0.6343926489794667,0));
#13205=DIRECTION('',(-0.06042927953756584,0.04959294496354099,-0.9969397383916512));
#13206=FACE_SURFACE('',(#13211),#13207,.T.);
#13207=PLANE('',#13208);
#13208=AXIS2_PLACEMENT_3D('',#638,#13209,#13210);
#13209=DIRECTION('',(0.6343926489794667,0.773010974644484,0));
#13210=DIRECTION('',(0.06042927953756584,-0.04959294496354099,0.9969397383916512));
#13211=FACE_BOUND('',#13212,.T.);
#13212=EDGE_LOOP('',(#13213,#13214,#13215));
#13213=ORIENTED_EDGE('',*,*,#13216,.T.);
#13214=ORIENTED_EDGE('',*,*,#13217,.T.);
#13215=ORIENTED_EDGE('',*,*,#13218,.T.);
#13216=EDGE_CURVE('',#639,#641,#13219,.F.);
#13217=EDGE_CURVE('',#641,#643,#13220,.T.);
#13218=EDGE_CURVE('',#643,#639,#13221,.T.);
#13219=LINE('',#638,#13222);
#13220=LINE('',#640,#13223);
#13221=LINE('',#642,#13224);
#13222=VECTOR('',#13225,1.0);
#13223=VECTOR('',#13226,1.0);
#13224=VECTOR('',#13227,1.0);
#13225=DIRECTION('',(0.06042927953756584,-0.04959294496354099,0.9969397383916512));
#13226=DIRECTION('',(0,0,-1));
#13227=DIRECTION('',(-0.773010974644484,0.6343926489794667,0));
#13228=FACE_SURFACE('',(#13233),#13229,.T.);
#13229=PLANE('',#13230);
#13230=AXIS2_PLACEMENT_3D('',#642,#13231,#13232);
#13231=DIRECTION('',(0.7730070588633648,0.6343974203505326,-0));
#13232=DIRECTION('',(0,0,1));
#13233=FACE_BOUND('',#13234,.T.);
#13234=EDGE_LOOP('',(#13235,#13236,#13237));
#13235=ORIENTED_EDGE('',*,*,#13238,.T.);
#13236=ORIENTED_EDGE('',*,*,#13239,.T.);
#13237=ORIENTED_EDGE('',*,*,#13240,.T.);
#13238=EDGE_CURVE('',#643,#641,#13241,.F.);
#13239=EDGE_CURVE('',#641,#645,#13242,.T.);
#13240=EDGE_CURVE('',#645,#643,#13243,.T.);
#13241=LINE('',#642,#13244);
#13242=LINE('',#640,#13245);
#13243=LINE('',#644,#13246);
#13244=VECTOR('',#13247,1.0);
#13245=VECTOR('',#13248,1.0);
#13246=VECTOR('',#13249,1.0);
#13247=DIRECTION('',(0,0,1));
#13248=DIRECTION('',(0.6343974203505326,-0.7730070588633648,0));
#13249=DIRECTION('',(-0.04959294724295699,0.060428521710353164,-0.9969397842134994));
#13250=FACE_SURFACE('',(#13255),#13251,.T.);
#13251=PLANE('',#13252);
#13252=AXIS2_PLACEMENT_3D('',#642,#13253,#13254);
#13253=DIRECTION('',(0.7730070588633648,0.6343974203505326,0));
#13254=DIRECTION('',(0.04959294724295699,-0.060428521710353164,0.9969397842134994));
#13255=FACE_BOUND('',#13256,.T.);
#13256=EDGE_LOOP('',(#13257,#13258,#13259));
#13257=ORIENTED_EDGE('',*,*,#13260,.T.);
#13258=ORIENTED_EDGE('',*,*,#13261,.T.);
#13259=ORIENTED_EDGE('',*,*,#13262,.T.);
#13260=EDGE_CURVE('',#643,#645,#13263,.F.);
#13261=EDGE_CURVE('',#645,#647,#13264,.T.);
#13262=EDGE_CURVE('',#647,#643,#13265,.T.);
#13263=LINE('',#642,#13266);
#13264=LINE('',#644,#13267);
#13265=LINE('',#646,#13268);
#13266=VECTOR('',#13269,1.0);
#13267=VECTOR('',#13270,1.0);
#13268=VECTOR('',#13271,1.0);
#13269=DIRECTION('',(0.04959294724295699,-0.060428521710353164,0.9969397842134994));
#13270=DIRECTION('',(0,0,-1));
#13271=DIRECTION('',(-0.6343974203505326,0.7730070588633648,0));
#13272=FACE_SURFACE('',(#13277),#13273,.T.);
#13273=PLANE('',#13274);
#13274=AXIS2_PLACEMENT_3D('',#646,#13275,#13276);
#13275=DIRECTION('',(0.881926229059021,0.47138744838798496,-0));
#13276=DIRECTION('',(0,0,1));
#13277=FACE_BOUND('',#13278,.T.);
#13278=EDGE_LOOP('',(#13279,#13280,#13281));
#13279=ORIENTED_EDGE('',*,*,#13282,.T.);
#13280=ORIENTED_EDGE('',*,*,#13283,.T.);
#13281=ORIENTED_EDGE('',*,*,#13284,.T.);
#13282=EDGE_CURVE('',#647,#645,#13285,.F.);
#13283=EDGE_CURVE('',#645,#649,#13286,.T.);
#13284=EDGE_CURVE('',#649,#647,#13287,.T.);
#13285=LINE('',#646,#13288);
#13286=LINE('',#644,#13289);
#13287=LINE('',#648,#13290);
#13288=VECTOR('',#13291,1.0);
#13289=VECTOR('',#13292,1.0);
#13290=VECTOR('',#13293,1.0);
#13291=DIRECTION('',(0,0,1));
#13292=DIRECTION('',(0.47138744838798496,-0.8819262290590211,0));
#13293=DIRECTION('',(-0.036850533026032924,0.06894424478548015,-0.9969396818898609));
#13294=FACE_SURFACE('',(#13299),#13295,.T.);
#13295=PLANE('',#13296);
#13296=AXIS2_PLACEMENT_3D('',#646,#13297,#13298);
#13297=DIRECTION('',(0.881926229059021,0.47138744838798496,0));
#13298=DIRECTION('',(0.036850533026032924,-0.06894424478548015,0.9969396818898609));
#13299=FACE_BOUND('',#13300,.T.);
#13300=EDGE_LOOP('',(#13301,#13302,#13303));
#13301=ORIENTED_EDGE('',*,*,#13304,.T.);
#13302=ORIENTED_EDGE('',*,*,#13305,.T.);
#13303=ORIENTED_EDGE('',*,*,#13306,.T.);
#13304=EDGE_CURVE('',#647,#649,#13307,.F.);
#13305=EDGE_CURVE('',#649,#651,#13308,.T.);
#13306=EDGE_CURVE('',#651,#647,#13309,.T.);
#13307=LINE('',#646,#13310);
#13308=LINE('',#648,#13311);
#13309=LINE('',#650,#13312);
#13310=VECTOR('',#13313,1.0);
#13311=VECTOR('',#13314,1.0);
#13312=VECTOR('',#13315,1.0);
#13313=DIRECTION('',(0.036850533026032924,-0.06894424478548015,0.9969396818898609));
#13314=DIRECTION('',(0,0,-1));
#13315=DIRECTION('',(-0.47138744838798496,0.8819262290590211,0));
#13316=FACE_SURFACE('',(#13321),#13317,.T.);
#13317=PLANE('',#13318);
#13318=AXIS2_PLACEMENT_3D('',#650,#13319,#13320);
#13319=DIRECTION('',(0.9569396682142505,0.2902868777571596,-0));
#13320=DIRECTION('',(0,0,1));
#13321=FACE_BOUND('',#13322,.T.);
#13322=EDGE_LOOP('',(#13323,#13324,#13325));
#13323=ORIENTED_EDGE('',*,*,#13326,.T.);
#13324=ORIENTED_EDGE('',*,*,#13327,.T.);
#13325=ORIENTED_EDGE('',*,*,#13328,.T.);
#13326=EDGE_CURVE('',#651,#649,#13329,.F.);
#13327=EDGE_CURVE('',#649,#653,#13330,.T.);
#13328=EDGE_CURVE('',#653,#651,#13331,.T.);
#13329=LINE('',#650,#13332);
#13330=LINE('',#648,#13333);
#13331=LINE('',#652,#13334);
#13332=VECTOR('',#13335,1.0);
#13333=VECTOR('',#13336,1.0);
#13334=VECTOR('',#13337,1.0);
#13335=DIRECTION('',(0,0,1));
#13336=DIRECTION('',(0.29028687775715967,-0.9569396682142506,0));
#13337=DIRECTION('',(-0.022692641316699257,0.0748069937583377,-0.9969397964345248));
#13338=FACE_SURFACE('',(#13343),#13339,.T.);
#13339=PLANE('',#13340);
#13340=AXIS2_PLACEMENT_3D('',#650,#13341,#13342);
#13341=DIRECTION('',(0.9569396682142505,0.2902868777571596,0));
#13342=DIRECTION('',(0.022692641316699257,-0.0748069937583377,0.9969397964345248));
#13343=FACE_BOUND('',#13344,.T.);
#13344=EDGE_LOOP('',(#13345,#13346,#13347));
#13345=ORIENTED_EDGE('',*,*,#13348,.T.);
#13346=ORIENTED_EDGE('',*,*,#13349,.T.);
#13347=ORIENTED_EDGE('',*,*,#13350,.T.);
#13348=EDGE_CURVE('',#651,#653,#13351,.F.);
#13349=EDGE_CURVE('',#653,#655,#13352,.T.);
#13350=EDGE_CURVE('',#655,#651,#13353,.T.);
#13351=LINE('',#650,#13354);
#13352=LINE('',#652,#13355);
#13353=LINE('',#654,#13356);
#13354=VECTOR('',#13357,1.0);
#13355=VECTOR('',#13358,1.0);
#13356=VECTOR('',#13359,1.0);
#13357=DIRECTION('',(0.022692641316699257,-0.0748069937583377,0.9969397964345248));
#13358=DIRECTION('',(0,0,-1));
#13359=DIRECTION('',(-0.29028687775715967,0.9569396682142506,0));
#13360=FACE_SURFACE('',(#13365),#13361,.T.);
#13361=PLANE('',#13362);
#13362=AXIS2_PLACEMENT_3D('',#654,#13363,#13364);
#13363=DIRECTION('',(0.9951848165503704,0.09801622777686081,-0));
#13364=DIRECTION('',(0,0,1));
#13365=FACE_BOUND('',#13366,.T.);
#13366=EDGE_LOOP('',(#13367,#13368,#13369));
#13367=ORIENTED_EDGE('',*,*,#13370,.T.);
#13368=ORIENTED_EDGE('',*,*,#13371,.T.);
#13369=ORIENTED_EDGE('',*,*,#13372,.T.);
#13370=EDGE_CURVE('',#655,#653,#13373,.F.);
#13371=EDGE_CURVE('',#653,#657,#13374,.T.);
#13372=EDGE_CURVE('',#657,#655,#13375,.T.);
#13373=LINE('',#654,#13376);
#13374=LINE('',#652,#13377);
#13375=LINE('',#656,#13378);
#13376=VECTOR('',#13379,1.0);
#13377=VECTOR('',#13380,1.0);
#13378=VECTOR('',#13381,1.0);
#13379=DIRECTION('',(0,0,1));
#13380=DIRECTION('',(0.09801622777686082,-0.9951848165503705,0));
#13381=DIRECTION('',(-0.007662331204876454,0.07779768562235291,-0.9969397217446561));
#13382=FACE_SURFACE('',(#13387),#13383,.T.);
#13383=PLANE('',#13384);
#13384=AXIS2_PLACEMENT_3D('',#654,#13385,#13386);
#13385=DIRECTION('',(0.9951848165503704,0.09801622777686081,0));
#13386=DIRECTION('',(0.007662331204876454,-0.07779768562235291,0.9969397217446561));
#13387=FACE_BOUND('',#13388,.T.);
#13388=EDGE_LOOP('',(#13389,#13390,#13391));
#13389=ORIENTED_EDGE('',*,*,#13392,.T.);
#13390=ORIENTED_EDGE('',*,*,#13393,.T.);
#13391=ORIENTED_EDGE('',*,*,#13394,.T.);
#13392=EDGE_CURVE('',#655,#657,#13395,.F.);
#13393=EDGE_CURVE('',#657,#659,#13396,.T.);
#13394=EDGE_CURVE('',#659,#655,#13397,.T.);
#13395=LINE('',#654,#13398);
#13396=LINE('',#656,#13399);
#13397=LINE('',#658,#13400);
#13398=VECTOR('',#13401,1.0);
#13399=VECTOR('',#13402,1.0);
#13400=VECTOR('',#13403,1.0);
#13401=DIRECTION('',(0.007662331204876454,-0.07779768562235291,0.9969397217446561));
#13402=DIRECTION('',(0,0,-1));
#13403=DIRECTION('',(-0.09801622777686082,0.9951848165503705,0));
#13404=FACE_SURFACE('',(#13409),#13405,.T.);
#13405=PLANE('',#13406);
#13406=AXIS2_PLACEMENT_3D('',#658,#13407,#13408);
#13407=DIRECTION('',(0.9951848165503704,-0.09801622777686081,0));
#13408=DIRECTION('',(0,0,1));
#13409=FACE_BOUND('',#13410,.T.);
#13410=EDGE_LOOP('',(#13411,#13412,#13413));
#13411=ORIENTED_EDGE('',*,*,#13414,.T.);
#13412=ORIENTED_EDGE('',*,*,#13415,.T.);
#13413=ORIENTED_EDGE('',*,*,#13416,.T.);
#13414=EDGE_CURVE('',#659,#657,#13417,.F.);
#13415=EDGE_CURVE('',#657,#661,#13418,.T.);
#13416=EDGE_CURVE('',#661,#659,#13419,.T.);
#13417=LINE('',#658,#13420);
#13418=LINE('',#656,#13421);
#13419=LINE('',#660,#13422);
#13420=VECTOR('',#13423,1.0);
#13421=VECTOR('',#13424,1.0);
#13422=VECTOR('',#13425,1.0);
#13423=DIRECTION('',(0,0,1));
#13424=DIRECTION('',(-0.09801622777686082,-0.9951848165503705,0));
#13425=DIRECTION('',(0.007662331204876454,0.07779768562235291,-0.9969397217446561));
#13426=FACE_SURFACE('',(#13431),#13427,.T.);
#13427=PLANE('',#13428);
#13428=AXIS2_PLACEMENT_3D('',#658,#13429,#13430);
#13429=DIRECTION('',(0.9951848165503704,-0.09801622777686081,0));
#13430=DIRECTION('',(-0.007662331204876454,-0.07779768562235291,0.9969397217446561));
#13431=FACE_BOUND('',#13432,.T.);
#13432=EDGE_LOOP('',(#13433,#13434,#13435));
#13433=ORIENTED_EDGE('',*,*,#13436,.T.);
#13434=ORIENTED_EDGE('',*,*,#13437,.T.);
#13435=ORIENTED_EDGE('',*,*,#13438,.T.);
#13436=EDGE_CURVE('',#659,#661,#13439,.F.);
#13437=EDGE_CURVE('',#661,#663,#13440,.T.);
#13438=EDGE_CURVE('',#663,#659,#13441,.T.);
#13439=LINE('',#658,#13442);
#13440=LINE('',#660,#13443);
#13441=LINE('',#662,#13444);
#13442=VECTOR('',#13445,1.0);
#13443=VECTOR('',#13446,1.0);
#13444=VECTOR('',#13447,1.0);
#13445=DIRECTION('',(-0.007662331204876454,-0.07779768562235291,0.9969397217446561));
#13446=DIRECTION('',(0,0,-1));
#13447=DIRECTION('',(0.09801622777686082,0.9951848165503705,0));
#13448=FACE_SURFACE('',(#13453),#13449,.T.);
#13449=PLANE('',#13450);
#13450=AXIS2_PLACEMENT_3D('',#662,#13451,#13452);
#13451=DIRECTION('',(0.9569396682142505,-0.2902868777571596,0));
#13452=DIRECTION('',(0,0,1));
#13453=FACE_BOUND('',#13454,.T.);
#13454=EDGE_LOOP('',(#13455,#13456,#13457));
#13455=ORIENTED_EDGE('',*,*,#13458,.T.);
#13456=ORIENTED_EDGE('',*,*,#13459,.T.);
#13457=ORIENTED_EDGE('',*,*,#13460,.T.);
#13458=EDGE_CURVE('',#663,#661,#13461,.F.);
#13459=EDGE_CURVE('',#661,#665,#13462,.T.);
#13460=EDGE_CURVE('',#665,#663,#13463,.T.);
#13461=LINE('',#662,#13464);
#13462=LINE('',#660,#13465);
#13463=LINE('',#664,#13466);
#13464=VECTOR('',#13467,1.0);
#13465=VECTOR('',#13468,1.0);
#13466=VECTOR('',#13469,1.0);
#13467=DIRECTION('',(0,0,1));
#13468=DIRECTION('',(-0.29028687775715967,-0.9569396682142506,0));
#13469=DIRECTION('',(0.022692641316699257,0.0748069937583377,-0.9969397964345248));
#13470=FACE_SURFACE('',(#13475),#13471,.T.);
#13471=PLANE('',#13472);
#13472=AXIS2_PLACEMENT_3D('',#662,#13473,#13474);
#13473=DIRECTION('',(0.9569396682142505,-0.2902868777571596,0));
#13474=DIRECTION('',(-0.022692641316699257,-0.0748069937583377,0.9969397964345248));
#13475=FACE_BOUND('',#13476,.T.);
#13476=EDGE_LOOP('',(#13477,#13478,#13479));
#13477=ORIENTED_EDGE('',*,*,#13480,.T.);
#13478=ORIENTED_EDGE('',*,*,#13481,.T.);
#13479=ORIENTED_EDGE('',*,*,#13482,.T.);
#13480=EDGE_CURVE('',#663,#665,#13483,.F.);
#13481=EDGE_CURVE('',#665,#667,#13484,.T.);
#13482=EDGE_CURVE('',#667,#663,#13485,.T.);
#13483=LINE('',#662,#13486);
#13484=LINE('',#664,#13487);
#13485=LINE('',#666,#13488);
#13486=VECTOR('',#13489,1.0);
#13487=VECTOR('',#13490,1.0);
#13488=VECTOR('',#13491,1.0);
#13489=DIRECTION('',(-0.022692641316699257,-0.0748069937583377,0.9969397964345248));
#13490=DIRECTION('',(0,0,-1));
#13491=DIRECTION('',(0.29028687775715967,0.9569396682142506,0));
#13492=FACE_SURFACE('',(#13497),#13493,.T.);
#13493=PLANE('',#13494);
#13494=AXIS2_PLACEMENT_3D('',#666,#13495,#13496);
#13495=DIRECTION('',(0.8819219050120677,-0.4713955382265359,0));
#13496=DIRECTION('',(0,0,1));
#13497=FACE_BOUND('',#13498,.T.);
#13498=EDGE_LOOP('',(#13499,#13500,#13501));
#13499=ORIENTED_EDGE('',*,*,#13502,.T.);
#13500=ORIENTED_EDGE('',*,*,#13503,.T.);
#13501=ORIENTED_EDGE('',*,*,#13504,.T.);
#13502=EDGE_CURVE('',#667,#665,#13505,.F.);
#13503=EDGE_CURVE('',#665,#669,#13506,.T.);
#13504=EDGE_CURVE('',#669,#667,#13507,.T.);
#13505=LINE('',#666,#13508);
#13506=LINE('',#664,#13509);
#13507=LINE('',#668,#13510);
#13508=VECTOR('',#13511,1.0);
#13509=VECTOR('',#13512,1.0);
#13510=VECTOR('',#13513,1.0);
#13511=DIRECTION('',(0,0,1));
#13512=DIRECTION('',(-0.4713955382265359,-0.8819219050120677,0));
#13513=DIRECTION('',(0.036850536890824,0.06894273080678795,-0.9969397864463836));
#13514=FACE_SURFACE('',(#13519),#13515,.T.);
#13515=PLANE('',#13516);
#13516=AXIS2_PLACEMENT_3D('',#666,#13517,#13518);
#13517=DIRECTION('',(0.8819219050120677,-0.4713955382265359,0));
#13518=DIRECTION('',(-0.036850536890824,-0.06894273080678795,0.9969397864463836));
#13519=FACE_BOUND('',#13520,.T.);
#13520=EDGE_LOOP('',(#13521,#13522,#13523));
#13521=ORIENTED_EDGE('',*,*,#13524,.T.);
#13522=ORIENTED_EDGE('',*,*,#13525,.T.);
#13523=ORIENTED_EDGE('',*,*,#13526,.T.);
#13524=EDGE_CURVE('',#667,#669,#13527,.F.);
#13525=EDGE_CURVE('',#669,#671,#13528,.T.);
#13526=EDGE_CURVE('',#671,#667,#13529,.T.);
#13527=LINE('',#666,#13530);
#13528=LINE('',#668,#13531);
#13529=LINE('',#670,#13532);
#13530=VECTOR('',#13533,1.0);
#13531=VECTOR('',#13534,1.0);
#13532=VECTOR('',#13535,1.0);
#13533=DIRECTION('',(-0.036850536890824,-0.06894273080678795,0.9969397864463836));
#13534=DIRECTION('',(0,0,-1));
#13535=DIRECTION('',(0.4713955382265359,0.8819219050120677,0));
#13536=FACE_SURFACE('',(#13541),#13537,.T.);
#13537=PLANE('',#13538);
#13538=AXIS2_PLACEMENT_3D('',#670,#13539,#13540);
#13539=DIRECTION('',(0.773014890337251,-0.634387877656003,0));
#13540=DIRECTION('',(0,0,1));
#13541=FACE_BOUND('',#13542,.T.);
#13542=EDGE_LOOP('',(#13543,#13544,#13545));
#13543=ORIENTED_EDGE('',*,*,#13546,.T.);
#13544=ORIENTED_EDGE('',*,*,#13547,.T.);
#13545=ORIENTED_EDGE('',*,*,#13548,.T.);
#13546=EDGE_CURVE('',#671,#669,#13549,.F.);
#13547=EDGE_CURVE('',#669,#673,#13550,.T.);
#13548=EDGE_CURVE('',#673,#671,#13551,.T.);
#13549=LINE('',#670,#13552);
#13550=LINE('',#668,#13553);
#13551=LINE('',#672,#13554);
#13552=VECTOR('',#13555,1.0);
#13553=VECTOR('',#13556,1.0);
#13554=VECTOR('',#13557,1.0);
#13555=DIRECTION('',(0,0,1));
#13556=DIRECTION('',(-0.634387877656003,-0.773014890337251,0));
#13557=DIRECTION('',(0.04959294268409661,0.06043003736467402,-0.9969396925692325));
#13558=FACE_SURFACE('',(#13563),#13559,.T.);
#13559=PLANE('',#13560);
#13560=AXIS2_PLACEMENT_3D('',#670,#13561,#13562);
#13561=DIRECTION('',(0.773014890337251,-0.634387877656003,0));
#13562=DIRECTION('',(-0.04959294268409661,-0.06043003736467402,0.9969396925692325));
#13563=FACE_BOUND('',#13564,.T.);
#13564=EDGE_LOOP('',(#13565,#13566,#13567));
#13565=ORIENTED_EDGE('',*,*,#13568,.T.);
#13566=ORIENTED_EDGE('',*,*,#13569,.T.);
#13567=ORIENTED_EDGE('',*,*,#13570,.T.);
#13568=EDGE_CURVE('',#671,#673,#13571,.F.);
#13569=EDGE_CURVE('',#673,#675,#13572,.T.);
#13570=EDGE_CURVE('',#675,#671,#13573,.T.);
#13571=LINE('',#670,#13574);
#13572=LINE('',#672,#13575);
#13573=LINE('',#674,#13576);
#13574=VECTOR('',#13577,1.0);
#13575=VECTOR('',#13578,1.0);
#13576=VECTOR('',#13579,1.0);
#13577=DIRECTION('',(-0.04959294268409661,-0.06043003736467402,0.9969396925692325));
#13578=DIRECTION('',(0,0,-1));
#13579=DIRECTION('',(0.634387877656003,0.773014890337251,0));
#13580=FACE_SURFACE('',(#13585),#13581,.T.);
#13581=PLANE('',#13582);
#13582=AXIS2_PLACEMENT_3D('',#674,#13583,#13584);
#13583=DIRECTION('',(0.6343926489794667,-0.773010974644484,0));
#13584=DIRECTION('',(0,0,1));
#13585=FACE_BOUND('',#13586,.T.);
#13586=EDGE_LOOP('',(#13587,#13588,#13589));
#13587=ORIENTED_EDGE('',*,*,#13590,.T.);
#13588=ORIENTED_EDGE('',*,*,#13591,.T.);
#13589=ORIENTED_EDGE('',*,*,#13592,.T.);
#13590=EDGE_CURVE('',#675,#673,#13593,.F.);
#13591=EDGE_CURVE('',#673,#677,#13594,.T.);
#13592=EDGE_CURVE('',#677,#675,#13595,.T.);
#13593=LINE('',#674,#13596);
#13594=LINE('',#672,#13597);
#13595=LINE('',#676,#13598);
#13596=VECTOR('',#13599,1.0);
#13597=VECTOR('',#13600,1.0);
#13598=VECTOR('',#13601,1.0);
#13599=DIRECTION('',(0,0,1));
#13600=DIRECTION('',(-0.773010974644484,-0.6343926489794667,0));
#13601=DIRECTION('',(0.06042927953756584,0.04959294496354099,-0.9969397383916512));
#13602=FACE_SURFACE('',(#13607),#13603,.T.);
#13603=PLANE('',#13604);
#13604=AXIS2_PLACEMENT_3D('',#674,#13605,#13606);
#13605=DIRECTION('',(0.6343926489794667,-0.773010974644484,0));
#13606=DIRECTION('',(-0.06042927953756584,-0.04959294496354099,0.9969397383916512));
#13607=FACE_BOUND('',#13608,.T.);
#13608=EDGE_LOOP('',(#13609,#13610,#13611));
#13609=ORIENTED_EDGE('',*,*,#13612,.T.);
#13610=ORIENTED_EDGE('',*,*,#13613,.T.);
#13611=ORIENTED_EDGE('',*,*,#13614,.T.);
#13612=EDGE_CURVE('',#675,#677,#13615,.F.);
#13613=EDGE_CURVE('',#677,#679,#13616,.T.);
#13614=EDGE_CURVE('',#679,#675,#13617,.T.);
#13615=LINE('',#674,#13618);
#13616=LINE('',#676,#13619);
#13617=LINE('',#678,#13620);
#13618=VECTOR('',#13621,1.0);
#13619=VECTOR('',#13622,1.0);
#13620=VECTOR('',#13623,1.0);
#13621=DIRECTION('',(-0.06042927953756584,-0.04959294496354099,0.9969397383916512));
#13622=DIRECTION('',(0,0,-1));
#13623=DIRECTION('',(0.773010974644484,0.6343926489794667,0));
#13624=FACE_SURFACE('',(#13629),#13625,.T.);
#13625=PLANE('',#13626);
#13626=AXIS2_PLACEMENT_3D('',#678,#13627,#13628);
#13627=DIRECTION('',(0.47138392560551917,-0.8819281119687309,0));
#13628=DIRECTION('',(0,0,1));
#13629=FACE_BOUND('',#13630,.T.);
#13630=EDGE_LOOP('',(#13631,#13632,#13633));
#13631=ORIENTED_EDGE('',*,*,#13634,.T.);
#13632=ORIENTED_EDGE('',*,*,#13635,.T.);
#13633=ORIENTED_EDGE('',*,*,#13636,.T.);
#13634=EDGE_CURVE('',#679,#677,#13637,.F.);
#13635=EDGE_CURVE('',#677,#681,#13638,.T.);
#13636=EDGE_CURVE('',#681,#679,#13639,.T.);
#13637=LINE('',#678,#13640);
#13638=LINE('',#676,#13641);
#13639=LINE('',#680,#13642);
#13640=VECTOR('',#13643,1.0);
#13641=VECTOR('',#13644,1.0);
#13642=VECTOR('',#13645,1.0);
#13643=DIRECTION('',(0,0,1));
#13644=DIRECTION('',(-0.881928111968731,-0.4713839256055192,0));
#13645=DIRECTION('',(0.06894348972856927,0.03684977538662361,-0.9969397621110324));
#13646=FACE_SURFACE('',(#13651),#13647,.T.);
#13647=PLANE('',#13648);
#13648=AXIS2_PLACEMENT_3D('',#678,#13649,#13650);
#13649=DIRECTION('',(0.47138392560551917,-0.8819281119687309,0));
#13650=DIRECTION('',(-0.06894348972856927,-0.03684977538662361,0.9969397621110324));
#13651=FACE_BOUND('',#13652,.T.);
#13652=EDGE_LOOP('',(#13653,#13654,#13655));
#13653=ORIENTED_EDGE('',*,*,#13656,.T.);
#13654=ORIENTED_EDGE('',*,*,#13657,.T.);
#13655=ORIENTED_EDGE('',*,*,#13658,.T.);
#13656=EDGE_CURVE('',#679,#681,#13659,.F.);
#13657=EDGE_CURVE('',#681,#683,#13660,.T.);
#13658=EDGE_CURVE('',#683,#679,#13661,.T.);
#13659=LINE('',#678,#13662);
#13660=LINE('',#680,#13663);
#13661=LINE('',#682,#13664);
#13662=VECTOR('',#13665,1.0);
#13663=VECTOR('',#13666,1.0);
#13664=VECTOR('',#13667,1.0);
#13665=DIRECTION('',(-0.06894348972856927,-0.03684977538662361,0.9969397621110324));
#13666=DIRECTION('',(0,0,-1));
#13667=DIRECTION('',(0.881928111968731,0.4713839256055192,0));
#13668=FACE_SURFACE('',(#13673),#13669,.T.);
#13669=PLANE('',#13670);
#13670=AXIS2_PLACEMENT_3D('',#568,#13671,#13672);
#13671=DIRECTION('',(0,0,1));
#13672=DIRECTION('',(0.9569369653840532,-0.2902957875711588,0));
#13673=FACE_BOUND('',#13674,.T.);
#13674=EDGE_LOOP('',(#13675,#13676,#13677));
#13675=ORIENTED_EDGE('',*,*,#13678,.T.);
#13676=ORIENTED_EDGE('',*,*,#13679,.T.);
#13677=ORIENTED_EDGE('',*,*,#13680,.T.);
#13678=EDGE_CURVE('',#569,#565,#13681,.F.);
#13679=EDGE_CURVE('',#565,#563,#13682,.T.);
#13680=EDGE_CURVE('',#563,#569,#13683,.T.);
#13681=LINE('',#568,#13684);
#13682=LINE('',#564,#13685);
#13683=LINE('',#562,#13686);
#13684=VECTOR('',#13687,1.0);
#13685=VECTOR('',#13688,1.0);
#13686=VECTOR('',#13689,1.0);
#13687=DIRECTION('',(0.9569369653840532,-0.2902957875711588,0));
#13688=DIRECTION('',(0.9951848165503705,-0.09801622777686082,0));
#13689=DIRECTION('',(-0.9807843279631591,0.19509511019462947,0));
#13690=FACE_SURFACE('',(#13695),#13691,.T.);
#13691=PLANE('',#13692);
#13692=AXIS2_PLACEMENT_3D('',#562,#13693,#13694);
#13693=DIRECTION('',(0,0,1));
#13694=DIRECTION('',(0.9951848165503705,0.09801622777686082,0));
#13695=FACE_BOUND('',#13696,.T.);
#13696=EDGE_LOOP('',(#13697,#13698,#13699));
#13697=ORIENTED_EDGE('',*,*,#13700,.T.);
#13698=ORIENTED_EDGE('',*,*,#13701,.T.);
#13699=ORIENTED_EDGE('',*,*,#13702,.T.);
#13700=EDGE_CURVE('',#563,#685,#13703,.F.);
#13701=EDGE_CURVE('',#685,#681,#13704,.T.);
#13702=EDGE_CURVE('',#681,#563,#13705,.T.);
#13703=LINE('',#562,#13706);
#13704=LINE('',#684,#13707);
#13705=LINE('',#680,#13708);
#13706=VECTOR('',#13709,1.0);
#13707=VECTOR('',#13710,1.0);
#13708=VECTOR('',#13711,1.0);
#13709=DIRECTION('',(0.9951848165503705,0.09801622777686082,0));
#13710=DIRECTION('',(0.9569369653840532,0.2902957875711588,0));
#13711=DIRECTION('',(-0.9807843279631591,-0.19509511019462947,0));
#13712=FACE_SURFACE('',(#13717),#13713,.T.);
#13713=PLANE('',#13714);
#13714=AXIS2_PLACEMENT_3D('',#680,#13715,#13716);
#13715=DIRECTION('',(0,0,1));
#13716=DIRECTION('',(0.881928111968731,0.4713839256055192,0));
#13717=FACE_BOUND('',#13718,.T.);
#13718=EDGE_LOOP('',(#13719,#13720,#13721));
#13719=ORIENTED_EDGE('',*,*,#13722,.T.);
#13720=ORIENTED_EDGE('',*,*,#13723,.T.);
#13721=ORIENTED_EDGE('',*,*,#13724,.T.);
#13722=EDGE_CURVE('',#681,#677,#13725,.F.);
#13723=EDGE_CURVE('',#677,#673,#13726,.T.);
#13724=EDGE_CURVE('',#673,#681,#13727,.T.);
#13725=LINE('',#680,#13728);
#13726=LINE('',#676,#13729);
#13727=LINE('',#672,#13730);
#13728=VECTOR('',#13731,1.0);
#13729=VECTOR('',#13732,1.0);
#13730=VECTOR('',#13733,1.0);
#13731=DIRECTION('',(0.881928111968731,0.4713839256055192,0));
#13732=DIRECTION('',(0.773010974644484,0.6343926489794667,0));
#13733=DIRECTION('',(-0.8314737692381023,-0.555564011675507,0));
#13734=FACE_SURFACE('',(#13739),#13735,.T.);
#13735=PLANE('',#13736);
#13736=AXIS2_PLACEMENT_3D('',#672,#13737,#13738);
#13737=DIRECTION('',(0,0,1));
#13738=DIRECTION('',(0.634387877656003,0.773014890337251,0));
#13739=FACE_BOUND('',#13740,.T.);
#13740=EDGE_LOOP('',(#13741,#13742,#13743));
#13741=ORIENTED_EDGE('',*,*,#13744,.T.);
#13742=ORIENTED_EDGE('',*,*,#13745,.T.);
#13743=ORIENTED_EDGE('',*,*,#13746,.T.);
#13744=EDGE_CURVE('',#673,#669,#13747,.F.);
#13745=EDGE_CURVE('',#669,#665,#13748,.T.);
#13746=EDGE_CURVE('',#665,#673,#13749,.T.);
#13747=LINE('',#672,#13750);
#13748=LINE('',#668,#13751);
#13749=LINE('',#664,#13752);
#13750=VECTOR('',#13753,1.0);
#13751=VECTOR('',#13754,1.0);
#13752=VECTOR('',#13755,1.0);
#13753=DIRECTION('',(0.634387877656003,0.773014890337251,0));
#13754=DIRECTION('',(0.4713955382265359,0.8819219050120677,0));
#13755=DIRECTION('',(-0.5555673912342671,-0.8314715111157752,0));
#13756=FACE_SURFACE('',(#13761),#13757,.T.);
#13757=PLANE('',#13758);
#13758=AXIS2_PLACEMENT_3D('',#664,#13759,#13760);
#13759=DIRECTION('',(0,0,1));
#13760=DIRECTION('',(0.29028687775715967,0.9569396682142506,0));
#13761=FACE_BOUND('',#13762,.T.);
#13762=EDGE_LOOP('',(#13763,#13764,#13765));
#13763=ORIENTED_EDGE('',*,*,#13766,.T.);
#13764=ORIENTED_EDGE('',*,*,#13767,.T.);
#13765=ORIENTED_EDGE('',*,*,#13768,.T.);
#13766=EDGE_CURVE('',#665,#661,#13769,.F.);
#13767=EDGE_CURVE('',#661,#657,#13770,.T.);
#13768=EDGE_CURVE('',#657,#665,#13771,.T.);
#13769=LINE('',#664,#13772);
#13770=LINE('',#660,#13773);
#13771=LINE('',#656,#13774);
#13772=VECTOR('',#13775,1.0);
#13773=VECTOR('',#13776,1.0);
#13774=VECTOR('',#13777,1.0);
#13775=DIRECTION('',(0.29028687775715967,0.9569396682142506,0));
#13776=DIRECTION('',(0.09801622777686082,0.9951848165503705,0));
#13777=DIRECTION('',(-0.19509040787318935,-0.9807852633251953,0));
#13778=FACE_SURFACE('',(#13783),#13779,.T.);
#13779=PLANE('',#13780);
#13780=AXIS2_PLACEMENT_3D('',#656,#13781,#13782);
#13781=DIRECTION('',(0,0,1));
#13782=DIRECTION('',(-0.09801622777686082,0.9951848165503705,0));
#13783=FACE_BOUND('',#13784,.T.);
#13784=EDGE_LOOP('',(#13785,#13786,#13787));
#13785=ORIENTED_EDGE('',*,*,#13788,.T.);
#13786=ORIENTED_EDGE('',*,*,#13789,.T.);
#13787=ORIENTED_EDGE('',*,*,#13790,.T.);
#13788=EDGE_CURVE('',#657,#653,#13791,.F.);
#13789=EDGE_CURVE('',#653,#649,#13792,.T.);
#13790=EDGE_CURVE('',#649,#657,#13793,.T.);
#13791=LINE('',#656,#13794);
#13792=LINE('',#652,#13795);
#13793=LINE('',#648,#13796);
#13794=VECTOR('',#13797,1.0);
#13795=VECTOR('',#13798,1.0);
#13796=VECTOR('',#13799,1.0);
#13797=DIRECTION('',(-0.09801622777686082,0.9951848165503705,0));
#13798=DIRECTION('',(-0.29028687775715967,0.9569396682142506,0));
#13799=DIRECTION('',(0.19509040787318935,-0.9807852633251953,0));
#13800=FACE_SURFACE('',(#13805),#13801,.T.);
#13801=PLANE('',#13802);
#13802=AXIS2_PLACEMENT_3D('',#648,#13803,#13804);
#13803=DIRECTION('',(0,0,1));
#13804=DIRECTION('',(-0.47138744838798496,0.8819262290590211,0));
#13805=FACE_BOUND('',#13806,.T.);
#13806=EDGE_LOOP('',(#13807,#13808,#13809));
#13807=ORIENTED_EDGE('',*,*,#13810,.T.);
#13808=ORIENTED_EDGE('',*,*,#13811,.T.);
#13809=ORIENTED_EDGE('',*,*,#13812,.T.);
#13810=EDGE_CURVE('',#649,#645,#13813,.F.);
#13811=EDGE_CURVE('',#645,#641,#13814,.T.);
#13812=EDGE_CURVE('',#641,#649,#13815,.T.);
#13813=LINE('',#648,#13816);
#13814=LINE('',#644,#13817);
#13815=LINE('',#640,#13818);
#13816=VECTOR('',#13819,1.0);
#13817=VECTOR('',#13820,1.0);
#13818=VECTOR('',#13821,1.0);
#13819=DIRECTION('',(-0.47138744838798496,0.8819262290590211,0));
#13820=DIRECTION('',(-0.6343974203505326,0.7730070588633648,0));
#13821=DIRECTION('',(0.5555673912342671,-0.8314715111157752,0));
#13822=FACE_SURFACE('',(#13827),#13823,.T.);
#13823=PLANE('',#13824);
#13824=AXIS2_PLACEMENT_3D('',#640,#13825,#13826);
#13825=DIRECTION('',(0,0,1));
#13826=DIRECTION('',(-0.773010974644484,0.6343926489794667,0));
#13827=FACE_BOUND('',#13828,.T.);
#13828=EDGE_LOOP('',(#13829,#13830,#13831));
#13829=ORIENTED_EDGE('',*,*,#13832,.T.);
#13830=ORIENTED_EDGE('',*,*,#13833,.T.);
#13831=ORIENTED_EDGE('',*,*,#13834,.T.);
#13832=EDGE_CURVE('',#641,#637,#13835,.F.);
#13833=EDGE_CURVE('',#637,#633,#13836,.T.);
#13834=EDGE_CURVE('',#633,#641,#13837,.T.);
#13835=LINE('',#640,#13838);
#13836=LINE('',#636,#13839);
#13837=LINE('',#632,#13840);
#13838=VECTOR('',#13841,1.0);
#13839=VECTOR('',#13842,1.0);
#13840=VECTOR('',#13843,1.0);
#13841=DIRECTION('',(-0.773010974644484,0.6343926489794667,0));
#13842=DIRECTION('',(-0.881920022130181,0.47139906084537436,0));
#13843=DIRECTION('',(0.8314692529919772,-0.5555707707654927,0));
#13844=FACE_SURFACE('',(#13849),#13845,.T.);
#13845=PLANE('',#13846);
#13846=AXIS2_PLACEMENT_3D('',#632,#13847,#13848);
#13847=DIRECTION('',(0,0,1));
#13848=DIRECTION('',(-0.9569423709767578,0.290277967867665,0));
#13849=FACE_BOUND('',#13850,.T.);
#13850=EDGE_LOOP('',(#13851,#13852,#13853));
#13851=ORIENTED_EDGE('',*,*,#13854,.T.);
#13852=ORIENTED_EDGE('',*,*,#13855,.T.);
#13853=ORIENTED_EDGE('',*,*,#13856,.T.);
#13854=EDGE_CURVE('',#633,#629,#13857,.F.);
#13855=EDGE_CURVE('',#629,#625,#13858,.T.);
#13856=EDGE_CURVE('',#625,#633,#13859,.T.);
#13857=LINE('',#632,#13860);
#13858=LINE('',#628,#13861);
#13859=LINE('',#624,#13862);
#13860=VECTOR('',#13863,1.0);
#13861=VECTOR('',#13864,1.0);
#13862=VECTOR('',#13865,1.0);
#13863=DIRECTION('',(-0.9569423709767578,0.290277967867665,0));
#13864=DIRECTION('',(-0.9951848165503705,0.09801622777686082,0));
#13865=DIRECTION('',(0.9807861986664705,-0.19508570553829574,0));
#13866=FACE_SURFACE('',(#13871),#13867,.T.);
#13867=PLANE('',#13868);
#13868=AXIS2_PLACEMENT_3D('',#624,#13869,#13870);
#13869=DIRECTION('',(0,0,1));
#13870=DIRECTION('',(-0.9951848165503705,-0.09801622777686082,0));
#13871=FACE_BOUND('',#13872,.T.);
#13872=EDGE_LOOP('',(#13873,#13874,#13875));
#13873=ORIENTED_EDGE('',*,*,#13876,.T.);
#13874=ORIENTED_EDGE('',*,*,#13877,.T.);
#13875=ORIENTED_EDGE('',*,*,#13878,.T.);
#13876=EDGE_CURVE('',#625,#621,#13879,.F.);
#13877=EDGE_CURVE('',#621,#617,#13880,.T.);
#13878=EDGE_CURVE('',#617,#625,#13881,.T.);
#13879=LINE('',#624,#13882);
#13880=LINE('',#620,#13883);
#13881=LINE('',#616,#13884);
#13882=VECTOR('',#13885,1.0);
#13883=VECTOR('',#13886,1.0);
#13884=VECTOR('',#13887,1.0);
#13885=DIRECTION('',(-0.9951848165503705,-0.09801622777686082,0));
#13886=DIRECTION('',(-0.9569423709767578,-0.290277967867665,0));
#13887=DIRECTION('',(0.9807861986664705,0.19508570553829574,0));
#13888=FACE_SURFACE('',(#13893),#13889,.T.);
#13889=PLANE('',#13890);
#13890=AXIS2_PLACEMENT_3D('',#616,#13891,#13892);
#13891=DIRECTION('',(0,0,1));
#13892=DIRECTION('',(-0.881920022130181,-0.47139906084537436,0));
#13893=FACE_BOUND('',#13894,.T.);
#13894=EDGE_LOOP('',(#13895,#13896,#13897));
#13895=ORIENTED_EDGE('',*,*,#13898,.T.);
#13896=ORIENTED_EDGE('',*,*,#13899,.T.);
#13897=ORIENTED_EDGE('',*,*,#13900,.T.);
#13898=EDGE_CURVE('',#617,#613,#13901,.F.);
#13899=EDGE_CURVE('',#613,#609,#13902,.T.);
#13900=EDGE_CURVE('',#609,#617,#13903,.T.);
#13901=LINE('',#616,#13904);
#13902=LINE('',#612,#13905);
#13903=LINE('',#608,#13906);
#13904=VECTOR('',#13907,1.0);
#13905=VECTOR('',#13908,1.0);
#13906=VECTOR('',#13909,1.0);
#13907=DIRECTION('',(-0.881920022130181,-0.47139906084537436,0));
#13908=DIRECTION('',(-0.773010974644484,-0.6343926489794667,0));
#13909=DIRECTION('',(0.8314692529919772,0.5555707707654927,0));
#13910=FACE_SURFACE('',(#13915),#13911,.T.);
#13911=PLANE('',#13912);
#13912=AXIS2_PLACEMENT_3D('',#608,#13913,#13914);
#13913=DIRECTION('',(0,0,1));
#13914=DIRECTION('',(-0.6343974203505326,-0.7730070588633648,0));
#13915=FACE_BOUND('',#13916,.T.);
#13916=EDGE_LOOP('',(#13917,#13918,#13919));
#13917=ORIENTED_EDGE('',*,*,#13920,.T.);
#13918=ORIENTED_EDGE('',*,*,#13921,.T.);
#13919=ORIENTED_EDGE('',*,*,#13922,.T.);
#13920=EDGE_CURVE('',#609,#605,#13923,.F.);
#13921=EDGE_CURVE('',#605,#601,#13924,.T.);
#13922=EDGE_CURVE('',#601,#609,#13925,.T.);
#13923=LINE('',#608,#13926);
#13924=LINE('',#604,#13927);
#13925=LINE('',#600,#13928);
#13926=VECTOR('',#13929,1.0);
#13927=VECTOR('',#13930,1.0);
#13928=VECTOR('',#13931,1.0);
#13929=DIRECTION('',(-0.6343974203505326,-0.7730070588633648,0));
#13930=DIRECTION('',(-0.47138744838798496,-0.8819262290590211,0));
#13931=DIRECTION('',(0.5555673912342671,0.8314715111157752,0));
#13932=FACE_SURFACE('',(#13937),#13933,.T.);
#13933=PLANE('',#13934);
#13934=AXIS2_PLACEMENT_3D('',#600,#13935,#13936);
#13935=DIRECTION('',(0,0,1));
#13936=DIRECTION('',(-0.29028687775715967,-0.9569396682142506,0));
#13937=FACE_BOUND('',#13938,.T.);
#13938=EDGE_LOOP('',(#13939,#13940,#13941));
#13939=ORIENTED_EDGE('',*,*,#13942,.T.);
#13940=ORIENTED_EDGE('',*,*,#13943,.T.);
#13941=ORIENTED_EDGE('',*,*,#13944,.T.);
#13942=EDGE_CURVE('',#601,#597,#13945,.F.);
#13943=EDGE_CURVE('',#597,#593,#13946,.T.);
#13944=EDGE_CURVE('',#593,#601,#13947,.T.);
#13945=LINE('',#600,#13948);
#13946=LINE('',#596,#13949);
#13947=LINE('',#592,#13950);
#13948=VECTOR('',#13951,1.0);
#13949=VECTOR('',#13952,1.0);
#13950=VECTOR('',#13953,1.0);
#13951=DIRECTION('',(-0.29028687775715967,-0.9569396682142506,0));
#13952=DIRECTION('',(-0.09801622777686082,-0.9951848165503705,0));
#13953=DIRECTION('',(0.19509040787318935,0.9807852633251953,0));
#13954=FACE_SURFACE('',(#13959),#13955,.T.);
#13955=PLANE('',#13956);
#13956=AXIS2_PLACEMENT_3D('',#592,#13957,#13958);
#13957=DIRECTION('',(0,0,1));
#13958=DIRECTION('',(0.09801622777686082,-0.9951848165503705,0));
#13959=FACE_BOUND('',#13960,.T.);
#13960=EDGE_LOOP('',(#13961,#13962,#13963));
#13961=ORIENTED_EDGE('',*,*,#13964,.T.);
#13962=ORIENTED_EDGE('',*,*,#13965,.T.);
#13963=ORIENTED_EDGE('',*,*,#13966,.T.);
#13964=EDGE_CURVE('',#593,#589,#13967,.F.);
#13965=EDGE_CURVE('',#589,#585,#13968,.T.);
#13966=EDGE_CURVE('',#585,#593,#13969,.T.);
#13967=LINE('',#592,#13970);
#13968=LINE('',#588,#13971);
#13969=LINE('',#584,#13972);
#13970=VECTOR('',#13973,1.0);
#13971=VECTOR('',#13974,1.0);
#13972=VECTOR('',#13975,1.0);
#13973=DIRECTION('',(0.09801622777686082,-0.9951848165503705,0));
#13974=DIRECTION('',(0.29028687775715967,-0.9569396682142506,0));
#13975=DIRECTION('',(-0.19509040787318935,0.9807852633251953,0));
#13976=FACE_SURFACE('',(#13981),#13977,.T.);
#13977=PLANE('',#13978);
#13978=AXIS2_PLACEMENT_3D('',#584,#13979,#13980);
#13979=DIRECTION('',(0,0,1));
#13980=DIRECTION('',(0.4713955382265359,-0.8819219050120677,0));
#13981=FACE_BOUND('',#13982,.T.);
#13982=EDGE_LOOP('',(#13983,#13984,#13985));
#13983=ORIENTED_EDGE('',*,*,#13986,.T.);
#13984=ORIENTED_EDGE('',*,*,#13987,.T.);
#13985=ORIENTED_EDGE('',*,*,#13988,.T.);
#13986=EDGE_CURVE('',#585,#581,#13989,.F.);
#13987=EDGE_CURVE('',#581,#577,#13990,.T.);
#13988=EDGE_CURVE('',#577,#585,#13991,.T.);
#13989=LINE('',#584,#13992);
#13990=LINE('',#580,#13993);
#13991=LINE('',#576,#13994);
#13992=VECTOR('',#13995,1.0);
#13993=VECTOR('',#13996,1.0);
#13994=VECTOR('',#13997,1.0);
#13995=DIRECTION('',(0.4713955382265359,-0.8819219050120677,0));
#13996=DIRECTION('',(0.634387877656003,-0.773014890337251,0));
#13997=DIRECTION('',(-0.5555673912342671,0.8314715111157752,0));
#13998=FACE_SURFACE('',(#14003),#13999,.T.);
#13999=PLANE('',#14000);
#14000=AXIS2_PLACEMENT_3D('',#576,#14001,#14002);
#14001=DIRECTION('',(0,0,1));
#14002=DIRECTION('',(0.773010974644484,-0.6343926489794667,0));
#14003=FACE_BOUND('',#14004,.T.);
#14004=EDGE_LOOP('',(#14005,#14006,#14007));
#14005=ORIENTED_EDGE('',*,*,#14008,.T.);
#14006=ORIENTED_EDGE('',*,*,#14009,.T.);
#14007=ORIENTED_EDGE('',*,*,#14010,.T.);
#14008=EDGE_CURVE('',#577,#573,#14011,.F.);
#14009=EDGE_CURVE('',#573,#569,#14012,.T.);
#14010=EDGE_CURVE('',#569,#577,#14013,.T.);
#14011=LINE('',#576,#14014);
#14012=LINE('',#572,#14015);
#14013=LINE('',#568,#14016);
#14014=VECTOR('',#14017,1.0);
#14015=VECTOR('',#14018,1.0);
#14016=VECTOR('',#14019,1.0);
#14017=DIRECTION('',(0.773010974644484,-0.6343926489794667,0));
#14018=DIRECTION('',(0.881928111968731,-0.4713839256055192,0));
#14019=DIRECTION('',(-0.8314737692381023,0.555564011675507,0));
#14020=FACE_SURFACE('',(#14025),#14021,.T.);
#14021=PLANE('',#14022);
#14022=AXIS2_PLACEMENT_3D('',#568,#14023,#14024);
#14023=DIRECTION('',(-0,0,1));
#14024=DIRECTION('',(0.9807843279631591,-0.19509511019462947,0));
#14025=FACE_BOUND('',#14026,.T.);
#14026=EDGE_LOOP('',(#14027,#14028,#14029));
#14027=ORIENTED_EDGE('',*,*,#14030,.T.);
#14028=ORIENTED_EDGE('',*,*,#14031,.T.);
#14029=ORIENTED_EDGE('',*,*,#14032,.T.);
#14030=EDGE_CURVE('',#569,#563,#14033,.F.);
#14031=EDGE_CURVE('',#563,#681,#14034,.T.);
#14032=EDGE_CURVE('',#681,#569,#14035,.T.);
#14033=LINE('',#568,#14036);
#14034=LINE('',#562,#14037);
#14035=LINE('',#680,#14038);
#14036=VECTOR('',#14039,1.0);
#14037=VECTOR('',#14040,1.0);
#14038=VECTOR('',#14041,1.0);
#14039=DIRECTION('',(0.9807843279631591,-0.19509511019462947,0));
#14040=DIRECTION('',(0.9807843279631591,0.19509511019462947,0));
#14041=DIRECTION('',(-1,0,0));
#14042=FACE_SURFACE('',(#14047),#14043,.T.);
#14043=PLANE('',#14044);
#14044=AXIS2_PLACEMENT_3D('',#680,#14045,#14046);
#14045=DIRECTION('',(0,0,1));
#14046=DIRECTION('',(0.8314737692381023,0.555564011675507,0));
#14047=FACE_BOUND('',#14048,.T.);
#14048=EDGE_LOOP('',(#14049,#14050,#14051));
#14049=ORIENTED_EDGE('',*,*,#14052,.T.);
#14050=ORIENTED_EDGE('',*,*,#14053,.T.);
#14051=ORIENTED_EDGE('',*,*,#14054,.T.);
#14052=EDGE_CURVE('',#681,#673,#14055,.F.);
#14053=EDGE_CURVE('',#673,#665,#14056,.T.);
#14054=EDGE_CURVE('',#665,#681,#14057,.T.);
#14055=LINE('',#680,#14058);
#14056=LINE('',#672,#14059);
#14057=LINE('',#664,#14060);
#14058=VECTOR('',#14061,1.0);
#14059=VECTOR('',#14062,1.0);
#14060=VECTOR('',#14063,1.0);
#14061=DIRECTION('',(0.8314737692381023,0.555564011675507,0));
#14062=DIRECTION('',(0.5555673912342671,0.8314715111157752,0));
#14063=DIRECTION('',(-0.7071080272215231,-0.7071055351493761,0));
#14064=FACE_SURFACE('',(#14069),#14065,.T.);
#14065=PLANE('',#14066);
#14066=AXIS2_PLACEMENT_3D('',#664,#14067,#14068);
#14067=DIRECTION('',(0,0,1));
#14068=DIRECTION('',(0.19509040787318935,0.9807852633251953,0));
#14069=FACE_BOUND('',#14070,.T.);
#14070=EDGE_LOOP('',(#14071,#14072,#14073));
#14071=ORIENTED_EDGE('',*,*,#14074,.T.);
#14072=ORIENTED_EDGE('',*,*,#14075,.T.);
#14073=ORIENTED_EDGE('',*,*,#14076,.T.);
#14074=EDGE_CURVE('',#665,#657,#14077,.F.);
#14075=EDGE_CURVE('',#657,#649,#14078,.T.);
#14076=EDGE_CURVE('',#649,#665,#14079,.T.);
#14077=LINE('',#664,#14080);
#14078=LINE('',#656,#14081);
#14079=LINE('',#648,#14082);
#14080=VECTOR('',#14083,1.0);
#14081=VECTOR('',#14084,1.0);
#14082=VECTOR('',#14085,1.0);
#14083=DIRECTION('',(0.19509040787318935,0.9807852633251953,0));
#14084=DIRECTION('',(-0.19509040787318935,0.9807852633251953,0));
#14085=DIRECTION('',(0,-1,0));
#14086=FACE_SURFACE('',(#14091),#14087,.T.);
#14087=PLANE('',#14088);
#14088=AXIS2_PLACEMENT_3D('',#648,#14089,#14090);
#14089=DIRECTION('',(0,0,1));
#14090=DIRECTION('',(-0.5555673912342671,0.8314715111157752,0));
#14091=FACE_BOUND('',#14092,.T.);
#14092=EDGE_LOOP('',(#14093,#14094,#14095));
#14093=ORIENTED_EDGE('',*,*,#14096,.T.);
#14094=ORIENTED_EDGE('',*,*,#14097,.T.);
#14095=ORIENTED_EDGE('',*,*,#14098,.T.);
#14096=EDGE_CURVE('',#649,#641,#14099,.F.);
#14097=EDGE_CURVE('',#641,#633,#14100,.T.);
#14098=EDGE_CURVE('',#633,#649,#14101,.T.);
#14099=LINE('',#648,#14102);
#14100=LINE('',#640,#14103);
#14101=LINE('',#632,#14104);
#14102=VECTOR('',#14105,1.0);
#14103=VECTOR('',#14106,1.0);
#14104=VECTOR('',#14107,1.0);
#14105=DIRECTION('',(-0.5555673912342671,0.8314715111157752,0));
#14106=DIRECTION('',(-0.8314692529919772,0.5555707707654927,0));
#14107=DIRECTION('',(0.7071055351537676,-0.7071080272171318,0));
#14108=FACE_SURFACE('',(#14113),#14109,.T.);
#14109=PLANE('',#14110);
#14110=AXIS2_PLACEMENT_3D('',#632,#14111,#14112);
#14111=DIRECTION('',(0,0,1));
#14112=DIRECTION('',(-0.9807861986664705,0.19508570553829574,0));
#14113=FACE_BOUND('',#14114,.T.);
#14114=EDGE_LOOP('',(#14115,#14116,#14117));
#14115=ORIENTED_EDGE('',*,*,#14118,.T.);
#14116=ORIENTED_EDGE('',*,*,#14119,.T.);
#14117=ORIENTED_EDGE('',*,*,#14120,.T.);
#14118=EDGE_CURVE('',#633,#625,#14121,.F.);
#14119=EDGE_CURVE('',#625,#617,#14122,.T.);
#14120=EDGE_CURVE('',#617,#633,#14123,.T.);
#14121=LINE('',#632,#14124);
#14122=LINE('',#624,#14125);
#14123=LINE('',#616,#14126);
#14124=VECTOR('',#14127,1.0);
#14125=VECTOR('',#14128,1.0);
#14126=VECTOR('',#14129,1.0);
#14127=DIRECTION('',(-0.9807861986664705,0.19508570553829574,0));
#14128=DIRECTION('',(-0.9807861986664705,-0.19508570553829574,0));
#14129=DIRECTION('',(1,0,0));
#14130=FACE_SURFACE('',(#14135),#14131,.T.);
#14131=PLANE('',#14132);
#14132=AXIS2_PLACEMENT_3D('',#616,#14133,#14134);
#14133=DIRECTION('',(0,0,1));
#14134=DIRECTION('',(-0.8314692529919772,-0.5555707707654927,0));
#14135=FACE_BOUND('',#14136,.T.);
#14136=EDGE_LOOP('',(#14137,#14138,#14139));
#14137=ORIENTED_EDGE('',*,*,#14140,.T.);
#14138=ORIENTED_EDGE('',*,*,#14141,.T.);
#14139=ORIENTED_EDGE('',*,*,#14142,.T.);
#14140=EDGE_CURVE('',#617,#609,#14143,.F.);
#14141=EDGE_CURVE('',#609,#601,#14144,.T.);
#14142=EDGE_CURVE('',#601,#617,#14145,.T.);
#14143=LINE('',#616,#14146);
#14144=LINE('',#608,#14147);
#14145=LINE('',#600,#14148);
#14146=VECTOR('',#14149,1.0);
#14147=VECTOR('',#14150,1.0);
#14148=VECTOR('',#14151,1.0);
#14149=DIRECTION('',(-0.8314692529919772,-0.5555707707654927,0));
#14150=DIRECTION('',(-0.5555673912342671,-0.8314715111157752,0));
#14151=DIRECTION('',(0.7071055351537676,0.7071080272171318,0));
#14152=FACE_SURFACE('',(#14157),#14153,.T.);
#14153=PLANE('',#14154);
#14154=AXIS2_PLACEMENT_3D('',#600,#14155,#14156);
#14155=DIRECTION('',(0,0,1));
#14156=DIRECTION('',(-0.19509040787318935,-0.9807852633251953,0));
#14157=FACE_BOUND('',#14158,.T.);
#14158=EDGE_LOOP('',(#14159,#14160,#14161));
#14159=ORIENTED_EDGE('',*,*,#14162,.T.);
#14160=ORIENTED_EDGE('',*,*,#14163,.T.);
#14161=ORIENTED_EDGE('',*,*,#14164,.T.);
#14162=EDGE_CURVE('',#601,#593,#14165,.F.);
#14163=EDGE_CURVE('',#593,#585,#14166,.T.);
#14164=EDGE_CURVE('',#585,#601,#14167,.T.);
#14165=LINE('',#600,#14168);
#14166=LINE('',#592,#14169);
#14167=LINE('',#584,#14170);
#14168=VECTOR('',#14171,1.0);
#14169=VECTOR('',#14172,1.0);
#14170=VECTOR('',#14173,1.0);
#14171=DIRECTION('',(-0.19509040787318935,-0.9807852633251953,0));
#14172=DIRECTION('',(0.19509040787318935,-0.9807852633251953,0));
#14173=DIRECTION('',(0,1,0));
#14174=FACE_SURFACE('',(#14179),#14175,.T.);
#14175=PLANE('',#14176);
#14176=AXIS2_PLACEMENT_3D('',#584,#14177,#14178);
#14177=DIRECTION('',(0,0,1));
#14178=DIRECTION('',(0.5555673912342671,-0.8314715111157752,0));
#14179=FACE_BOUND('',#14180,.T.);
#14180=EDGE_LOOP('',(#14181,#14182,#14183));
#14181=ORIENTED_EDGE('',*,*,#14184,.T.);
#14182=ORIENTED_EDGE('',*,*,#14185,.T.);
#14183=ORIENTED_EDGE('',*,*,#14186,.T.);
#14184=EDGE_CURVE('',#585,#577,#14187,.F.);
#14185=EDGE_CURVE('',#577,#569,#14188,.T.);
#14186=EDGE_CURVE('',#569,#585,#14189,.T.);
#14187=LINE('',#584,#14190);
#14188=LINE('',#576,#14191);
#14189=LINE('',#568,#14192);
#14190=VECTOR('',#14193,1.0);
#14191=VECTOR('',#14194,1.0);
#14192=VECTOR('',#14195,1.0);
#14193=DIRECTION('',(0.5555673912342671,-0.8314715111157752,0));
#14194=DIRECTION('',(0.8314737692381023,-0.555564011675507,0));
#14195=DIRECTION('',(-0.7071080272215231,0.7071055351493761,0));
#14196=FACE_SURFACE('',(#14201),#14197,.T.);
#14197=PLANE('',#14198);
#14198=AXIS2_PLACEMENT_3D('',#568,#14199,#14200);
#14199=DIRECTION('',(0,0,1));
#14200=DIRECTION('',(1,0,0));
#14201=FACE_BOUND('',#14202,.T.);
#14202=EDGE_LOOP('',(#14203,#14204,#14205));
#14203=ORIENTED_EDGE('',*,*,#14206,.T.);
#14204=ORIENTED_EDGE('',*,*,#14207,.T.);
#14205=ORIENTED_EDGE('',*,*,#14208,.T.);
#14206=EDGE_CURVE('',#569,#681,#14209,.F.);
#14207=EDGE_CURVE('',#681,#665,#14210,.T.);
#14208=EDGE_CURVE('',#665,#569,#14211,.T.);
#14209=LINE('',#568,#14212);
#14210=LINE('',#680,#14213);
#14211=LINE('',#664,#14214);
#14212=VECTOR('',#14215,1.0);
#14213=VECTOR('',#14216,1.0);
#14214=VECTOR('',#14217,1.0);
#14215=DIRECTION('',(1,0,0));
#14216=DIRECTION('',(0.7071080272215231,0.7071055351493761,0));
#14217=DIRECTION('',(-0.9238797725649232,-0.38268285282383074,0));
#14218=FACE_SURFACE('',(#14223),#14219,.T.);
#14219=PLANE('',#14220);
#14220=AXIS2_PLACEMENT_3D('',#664,#14221,#14222);
#14221=DIRECTION('',(0,-0,1));
#14222=DIRECTION('',(0,1,0));
#14223=FACE_BOUND('',#14224,.T.);
#14224=EDGE_LOOP('',(#14225,#14226,#14227));
#14225=ORIENTED_EDGE('',*,*,#14228,.T.);
#14226=ORIENTED_EDGE('',*,*,#14229,.T.);
#14227=ORIENTED_EDGE('',*,*,#14230,.T.);
#14228=EDGE_CURVE('',#665,#649,#14231,.F.);
#14229=EDGE_CURVE('',#649,#633,#14232,.T.);
#14230=EDGE_CURVE('',#633,#665,#14233,.T.);
#14231=LINE('',#664,#14234);
#14232=LINE('',#648,#14235);
#14233=LINE('',#632,#14236);
#14234=VECTOR('',#14237,1.0);
#14235=VECTOR('',#14238,1.0);
#14236=VECTOR('',#14239,1.0);
#14237=DIRECTION('',(0,1,0));
#14238=DIRECTION('',(-0.7071055351537676,0.7071080272171318,0));
#14239=DIRECTION('',(0.3826835271737677,-0.9238794932402408,0));
#14240=FACE_SURFACE('',(#14245),#14241,.T.);
#14241=PLANE('',#14242);
#14242=AXIS2_PLACEMENT_3D('',#632,#14243,#14244);
#14243=DIRECTION('',(0,0,1));
#14244=DIRECTION('',(-1,0,0));
#14245=FACE_BOUND('',#14246,.T.);
#14246=EDGE_LOOP('',(#14247,#14248,#14249));
#14247=ORIENTED_EDGE('',*,*,#14250,.T.);
#14248=ORIENTED_EDGE('',*,*,#14251,.T.);
#14249=ORIENTED_EDGE('',*,*,#14252,.T.);
#14250=EDGE_CURVE('',#633,#617,#14253,.F.);
#14251=EDGE_CURVE('',#617,#601,#14254,.T.);
#14252=EDGE_CURVE('',#601,#633,#14255,.T.);
#14253=LINE('',#632,#14256);
#14254=LINE('',#616,#14257);
#14255=LINE('',#600,#14258);
#14256=VECTOR('',#14259,1.0);
#14257=VECTOR('',#14260,1.0);
#14258=VECTOR('',#14261,1.0);
#14259=DIRECTION('',(-1,0,0));
#14260=DIRECTION('',(-0.7071055351537676,-0.7071080272171318,0));
#14261=DIRECTION('',(0.9238788188892761,0.38268515519648294,0));
#14262=FACE_SURFACE('',(#14267),#14263,.T.);
#14263=PLANE('',#14264);
#14264=AXIS2_PLACEMENT_3D('',#600,#14265,#14266);
#14265=DIRECTION('',(0,0,1));
#14266=DIRECTION('',(0,-1,0));
#14267=FACE_BOUND('',#14268,.T.);
#14268=EDGE_LOOP('',(#14269,#14270,#14271));
#14269=ORIENTED_EDGE('',*,*,#14272,.T.);
#14270=ORIENTED_EDGE('',*,*,#14273,.T.);
#14271=ORIENTED_EDGE('',*,*,#14274,.T.);
#14272=EDGE_CURVE('',#601,#585,#14275,.F.);
#14273=EDGE_CURVE('',#585,#569,#14276,.T.);
#14274=EDGE_CURVE('',#569,#601,#14277,.T.);
#14275=LINE('',#600,#14278);
#14276=LINE('',#584,#14279);
#14277=LINE('',#568,#14280);
#14278=VECTOR('',#14281,1.0);
#14279=VECTOR('',#14282,1.0);
#14280=VECTOR('',#14283,1.0);
#14281=DIRECTION('',(0,-1,0));
#14282=DIRECTION('',(0.7071080272215231,-0.7071055351493761,0));
#14283=DIRECTION('',(-0.38268448084941487,0.9238790982141624,0));
#14284=FACE_SURFACE('',(#14289),#14285,.T.);
#14285=PLANE('',#14286);
#14286=AXIS2_PLACEMENT_3D('',#568,#14287,#14288);
#14287=DIRECTION('',(0,0,1));
#14288=DIRECTION('',(0.9238797725649232,0.38268285282383074,0));
#14289=FACE_BOUND('',#14290,.T.);
#14290=EDGE_LOOP('',(#14291,#14292,#14293));
#14291=ORIENTED_EDGE('',*,*,#14294,.T.);
#14292=ORIENTED_EDGE('',*,*,#14295,.T.);
#14293=ORIENTED_EDGE('',*,*,#14296,.T.);
#14294=EDGE_CURVE('',#569,#665,#14297,.F.);
#14295=EDGE_CURVE('',#665,#633,#14298,.T.);
#14296=EDGE_CURVE('',#633,#569,#14299,.T.);
#14297=LINE('',#568,#14300);
#14298=LINE('',#664,#14301);
#14299=LINE('',#632,#14302);
#14300=VECTOR('',#14303,1.0);
#14301=VECTOR('',#14304,1.0);
#14302=VECTOR('',#14305,1.0);
#14303=DIRECTION('',(0.9238797725649232,0.38268285282383074,0));
#14304=DIRECTION('',(-0.3826835271737677,0.9238794932402408,0));
#14305=DIRECTION('',(-0.38268286071898494,-0.923879769294649,0));
#14306=FACE_SURFACE('',(#14311),#14307,.T.);
#14307=PLANE('',#14308);
#14308=AXIS2_PLACEMENT_3D('',#632,#14309,#14310);
#14309=DIRECTION('',(0,0,1));
#14310=DIRECTION('',(-0.9238788188892761,-0.38268515519648294,0));
#14311=FACE_BOUND('',#14312,.T.);
#14312=EDGE_LOOP('',(#14313,#14314,#14315));
#14313=ORIENTED_EDGE('',*,*,#14316,.T.);
#14314=ORIENTED_EDGE('',*,*,#14317,.T.);
#14315=ORIENTED_EDGE('',*,*,#14318,.T.);
#14316=EDGE_CURVE('',#633,#601,#14319,.F.);
#14317=EDGE_CURVE('',#601,#569,#14320,.T.);
#14318=EDGE_CURVE('',#569,#633,#14321,.T.);
#14319=LINE('',#632,#14322);
#14320=LINE('',#600,#14323);
#14321=LINE('',#568,#14324);
#14322=VECTOR('',#14325,1.0);
#14323=VECTOR('',#14326,1.0);
#14324=VECTOR('',#14327,1.0);
#14325=DIRECTION('',(-0.9238788188892761,-0.38268515519648294,0));
#14326=DIRECTION('',(0.38268448084941487,-0.9238790982141624,0));
#14327=DIRECTION('',(0.38268286071898494,0.923879769294649,0));
#14328=FACE_SURFACE('',(#14333),#14329,.T.);
#14329=PLANE('',#14330);
#14330=AXIS2_PLACEMENT_3D('',#682,#14331,#14332);
#14331=DIRECTION('',(0.2902957875711588,-0.9569369653840533,0));
#14332=DIRECTION('',(0,0,1));
#14333=FACE_BOUND('',#14334,.T.);
#14334=EDGE_LOOP('',(#14335,#14336,#14337));
#14335=ORIENTED_EDGE('',*,*,#14338,.T.);
#14336=ORIENTED_EDGE('',*,*,#14339,.T.);
#14337=ORIENTED_EDGE('',*,*,#14340,.T.);
#14338=EDGE_CURVE('',#683,#681,#14341,.F.);
#14339=EDGE_CURVE('',#681,#685,#14342,.T.);
#14340=EDGE_CURVE('',#685,#683,#14343,.T.);
#14341=LINE('',#682,#14344);
#14342=LINE('',#680,#14345);
#14343=LINE('',#684,#14346);
#14344=VECTOR('',#14347,1.0);
#14345=VECTOR('',#14348,1.0);
#14346=VECTOR('',#14349,1.0);
#14347=DIRECTION('',(0,0,1));
#14348=DIRECTION('',(-0.9569369653840532,-0.2902957875711588,0));
#14349=DIRECTION('',(0.07480699246713768,0.02269340152970473,-0.9969397792269267));
#14350=FACE_SURFACE('',(#14355),#14351,.T.);
#14351=PLANE('',#14352);
#14352=AXIS2_PLACEMENT_3D('',#682,#14353,#14354);
#14353=DIRECTION('',(0.2902957875711588,-0.9569369653840533,0));
#14354=DIRECTION('',(-0.07480699246713768,-0.02269340152970473,0.9969397792269267));
#14355=FACE_BOUND('',#14356,.T.);
#14356=EDGE_LOOP('',(#14357,#14358,#14359));
#14357=ORIENTED_EDGE('',*,*,#14360,.T.);
#14358=ORIENTED_EDGE('',*,*,#14361,.T.);
#14359=ORIENTED_EDGE('',*,*,#14362,.T.);
#14360=EDGE_CURVE('',#683,#685,#14363,.F.);
#14361=EDGE_CURVE('',#685,#687,#14364,.T.);
#14362=EDGE_CURVE('',#687,#683,#14365,.T.);
#14363=LINE('',#682,#14366);
#14364=LINE('',#684,#14367);
#14365=LINE('',#686,#14368);
#14366=VECTOR('',#14369,1.0);
#14367=VECTOR('',#14370,1.0);
#14368=VECTOR('',#14371,1.0);
#14369=DIRECTION('',(-0.07480699246713768,-0.02269340152970473,0.9969397792269267));
#14370=DIRECTION('',(0,0,-1));
#14371=DIRECTION('',(0.9569369653840532,0.2902957875711588,0));
#14372=FACE_SURFACE('',(#14377),#14373,.T.);
#14373=PLANE('',#14374);
#14374=AXIS2_PLACEMENT_3D('',#686,#14375,#14376);
#14375=DIRECTION('',(0.09801622777686081,-0.9951848165503704,0));
#14376=DIRECTION('',(0,0,1));
#14377=FACE_BOUND('',#14378,.T.);
#14378=EDGE_LOOP('',(#14379,#14380,#14381));
#14379=ORIENTED_EDGE('',*,*,#14382,.T.);
#14380=ORIENTED_EDGE('',*,*,#14383,.T.);
#14381=ORIENTED_EDGE('',*,*,#14384,.T.);
#14382=EDGE_CURVE('',#687,#685,#14385,.F.);
#14383=EDGE_CURVE('',#685,#563,#14386,.T.);
#14384=EDGE_CURVE('',#563,#687,#14387,.T.);
#14385=LINE('',#686,#14388);
#14386=LINE('',#684,#14389);
#14387=LINE('',#562,#14390);
#14388=VECTOR('',#14391,1.0);
#14389=VECTOR('',#14392,1.0);
#14390=VECTOR('',#14393,1.0);
#14391=DIRECTION('',(0,0,1));
#14392=DIRECTION('',(-0.9951848165503705,-0.09801622777686082,0));
#14393=DIRECTION('',(0.07779768562235291,0.007662331204876454,-0.9969397217446561));
#14394=FACE_SURFACE('',(#14399),#14395,.T.);
#14395=PLANE('',#14396);
#14396=AXIS2_PLACEMENT_3D('',#686,#14397,#14398);
#14397=DIRECTION('',(0.09801622777686081,-0.9951848165503704,0));
#14398=DIRECTION('',(-0.07779768562235291,-0.007662331204876454,0.9969397217446561));
#14399=FACE_BOUND('',#14400,.T.);
#14400=EDGE_LOOP('',(#14401,#14402,#14403));
#14401=ORIENTED_EDGE('',*,*,#14404,.T.);
#14402=ORIENTED_EDGE('',*,*,#14405,.T.);
#14403=ORIENTED_EDGE('',*,*,#14406,.T.);
#14404=EDGE_CURVE('',#687,#563,#14407,.F.);
#14405=EDGE_CURVE('',#563,#561,#14408,.T.);
#14406=EDGE_CURVE('',#561,#687,#14409,.T.);
#14407=LINE('',#686,#14410);
#14408=LINE('',#562,#14411);
#14409=LINE('',#560,#14412);
#14410=VECTOR('',#14413,1.0);
#14411=VECTOR('',#14414,1.0);
#14412=VECTOR('',#14415,1.0);
#14413=DIRECTION('',(-0.07779768562235291,-0.007662331204876454,0.9969397217446561));
#14414=DIRECTION('',(0,0,-1));
#14415=DIRECTION('',(0.9951848165503705,0.09801622777686082,0));
#14416=FACE_SURFACE('',(#14421),#14417,.T.);
#14417=PLANE('',#14418);
#14418=AXIS2_PLACEMENT_3D('',#686,#14419,#14420);
#14419=DIRECTION('',(-0,0,-1));
#14420=DIRECTION('',(-0.9951848165503705,-0.09801622777686082,0));
#14421=FACE_BOUND('',#14422,.T.);
#14422=EDGE_LOOP('',(#14423,#14424,#14425));
#14423=ORIENTED_EDGE('',*,*,#14426,.T.);
#14424=ORIENTED_EDGE('',*,*,#14427,.T.);
#14425=ORIENTED_EDGE('',*,*,#14428,.T.);
#14426=EDGE_CURVE('',#687,#561,#14429,.F.);
#14427=EDGE_CURVE('',#561,#567,#14430,.T.);
#14428=EDGE_CURVE('',#567,#687,#14431,.T.);
#14429=LINE('',#686,#14432);
#14430=LINE('',#560,#14433);
#14431=LINE('',#566,#14434);
#14432=VECTOR('',#14435,1.0);
#14433=VECTOR('',#14436,1.0);
#14434=VECTOR('',#14437,1.0);
#14435=DIRECTION('',(-0.9951848165503705,-0.09801622777686082,0));
#14436=DIRECTION('',(-0.9951848165503705,0.09801622777686082,0));
#14437=DIRECTION('',(1,0,0));
#14438=FACE_SURFACE('',(#14443),#14439,.T.);
#14439=PLANE('',#14440);
#14440=AXIS2_PLACEMENT_3D('',#566,#14441,#14442);
#14441=DIRECTION('',(0,0,-1));
#14442=DIRECTION('',(-0.9569369653840532,0.2902957875711588,0));
#14443=FACE_BOUND('',#14444,.T.);
#14444=EDGE_LOOP('',(#14445,#14446,#14447));
#14445=ORIENTED_EDGE('',*,*,#14448,.T.);
#14446=ORIENTED_EDGE('',*,*,#14449,.T.);
#14447=ORIENTED_EDGE('',*,*,#14450,.T.);
#14448=EDGE_CURVE('',#567,#571,#14451,.F.);
#14449=EDGE_CURVE('',#571,#575,#14452,.T.);
#14450=EDGE_CURVE('',#575,#567,#14453,.T.);
#14451=LINE('',#566,#14454);
#14452=LINE('',#570,#14455);
#14453=LINE('',#574,#14456);
#14454=VECTOR('',#14457,1.0);
#14455=VECTOR('',#14458,1.0);
#14456=VECTOR('',#14459,1.0);
#14457=DIRECTION('',(-0.9569369653840532,0.2902957875711588,0));
#14458=DIRECTION('',(-0.881928111968731,0.4713839256055192,0));
#14459=DIRECTION('',(0.923880037556855,-0.3826822130749535,0));
#14460=FACE_SURFACE('',(#14465),#14461,.T.);
#14461=PLANE('',#14462);
#14462=AXIS2_PLACEMENT_3D('',#574,#14463,#14464);
#14463=DIRECTION('',(0,0,-1));
#14464=DIRECTION('',(-0.773010974644484,0.6343926489794667,0));
#14465=FACE_BOUND('',#14466,.T.);
#14466=EDGE_LOOP('',(#14467,#14468,#14469));
#14467=ORIENTED_EDGE('',*,*,#14470,.T.);
#14468=ORIENTED_EDGE('',*,*,#14471,.T.);
#14469=ORIENTED_EDGE('',*,*,#14472,.T.);
#14470=EDGE_CURVE('',#575,#579,#14473,.F.);
#14471=EDGE_CURVE('',#579,#583,#14474,.T.);
#14472=EDGE_CURVE('',#583,#575,#14475,.T.);
#14473=LINE('',#574,#14476);
#14474=LINE('',#578,#14477);
#14475=LINE('',#582,#14478);
#14476=VECTOR('',#14479,1.0);
#14477=VECTOR('',#14480,1.0);
#14478=VECTOR('',#14481,1.0);
#14479=DIRECTION('',(-0.773010974644484,0.6343926489794667,0));
#14480=DIRECTION('',(-0.634387877656003,0.773014890337251,0));
#14481=DIRECTION('',(0.7071043370086328,-0.7071092253560138,0));
#14482=FACE_SURFACE('',(#14487),#14483,.T.);
#14483=PLANE('',#14484);
#14484=AXIS2_PLACEMENT_3D('',#582,#14485,#14486);
#14485=DIRECTION('',(0,0,-1));
#14486=DIRECTION('',(-0.4713955382265359,0.8819219050120677,0));
#14487=FACE_BOUND('',#14488,.T.);
#14488=EDGE_LOOP('',(#14489,#14490,#14491));
#14489=ORIENTED_EDGE('',*,*,#14492,.T.);
#14490=ORIENTED_EDGE('',*,*,#14493,.T.);
#14491=ORIENTED_EDGE('',*,*,#14494,.T.);
#14492=EDGE_CURVE('',#583,#587,#14495,.F.);
#14493=EDGE_CURVE('',#587,#591,#14496,.T.);
#14494=EDGE_CURVE('',#591,#583,#14497,.T.);
#14495=LINE('',#582,#14498);
#14496=LINE('',#586,#14499);
#14497=LINE('',#590,#14500);
#14498=VECTOR('',#14501,1.0);
#14499=VECTOR('',#14502,1.0);
#14500=VECTOR('',#14503,1.0);
#14501=DIRECTION('',(-0.4713955382265359,0.8819219050120677,0));
#14502=DIRECTION('',(-0.29028687775715967,0.9569396682142506,0));
#14503=DIRECTION('',(0.3826839413820847,-0.9238793216693797,0));
#14504=FACE_SURFACE('',(#14509),#14505,.T.);
#14505=PLANE('',#14506);
#14506=AXIS2_PLACEMENT_3D('',#590,#14507,#14508);
#14507=DIRECTION('',(0,0,-1));
#14508=DIRECTION('',(-0.09801622777686082,0.9951848165503705,0));
#14509=FACE_BOUND('',#14510,.T.);
#14510=EDGE_LOOP('',(#14511,#14512,#14513));
#14511=ORIENTED_EDGE('',*,*,#14514,.T.);
#14512=ORIENTED_EDGE('',*,*,#14515,.T.);
#14513=ORIENTED_EDGE('',*,*,#14516,.T.);
#14514=EDGE_CURVE('',#591,#595,#14517,.F.);
#14515=EDGE_CURVE('',#595,#599,#14518,.T.);
#14516=EDGE_CURVE('',#599,#591,#14519,.T.);
#14517=LINE('',#590,#14520);
#14518=LINE('',#594,#14521);
#14519=LINE('',#598,#14522);
#14520=VECTOR('',#14523,1.0);
#14521=VECTOR('',#14524,1.0);
#14522=VECTOR('',#14525,1.0);
#14523=DIRECTION('',(-0.09801622777686082,0.9951848165503705,0));
#14524=DIRECTION('',(0.09801622777686082,0.9951848165503705,0));
#14525=DIRECTION('',(0,-1,0));
#14526=FACE_SURFACE('',(#14531),#14527,.T.);
#14527=PLANE('',#14528);
#14528=AXIS2_PLACEMENT_3D('',#598,#14529,#14530);
#14529=DIRECTION('',(0,0,-1));
#14530=DIRECTION('',(0.29028687775715967,0.9569396682142506,0));
#14531=FACE_BOUND('',#14532,.T.);
#14532=EDGE_LOOP('',(#14533,#14534,#14535));
#14533=ORIENTED_EDGE('',*,*,#14536,.T.);
#14534=ORIENTED_EDGE('',*,*,#14537,.T.);
#14535=ORIENTED_EDGE('',*,*,#14538,.T.);
#14536=EDGE_CURVE('',#599,#603,#14539,.F.);
#14537=EDGE_CURVE('',#603,#607,#14540,.T.);
#14538=EDGE_CURVE('',#607,#599,#14541,.T.);
#14539=LINE('',#598,#14542);
#14540=LINE('',#602,#14543);
#14541=LINE('',#606,#14544);
#14542=VECTOR('',#14545,1.0);
#14543=VECTOR('',#14546,1.0);
#14544=VECTOR('',#14547,1.0);
#14545=DIRECTION('',(0.29028687775715967,0.9569396682142506,0));
#14546=DIRECTION('',(0.47138744838798496,0.8819262290590211,0));
#14547=DIRECTION('',(-0.3826804847820941,-0.923880753434631,0));
#14548=FACE_SURFACE('',(#14553),#14549,.T.);
#14549=PLANE('',#14550);
#14550=AXIS2_PLACEMENT_3D('',#606,#14551,#14552);
#14551=DIRECTION('',(0,0,-1));
#14552=DIRECTION('',(0.6343974203505326,0.7730070588633648,0));
#14553=FACE_BOUND('',#14554,.T.);
#14554=EDGE_LOOP('',(#14555,#14556,#14557));
#14555=ORIENTED_EDGE('',*,*,#14558,.T.);
#14556=ORIENTED_EDGE('',*,*,#14559,.T.);
#14557=ORIENTED_EDGE('',*,*,#14560,.T.);
#14558=EDGE_CURVE('',#607,#611,#14561,.F.);
#14559=EDGE_CURVE('',#611,#615,#14562,.T.);
#14560=EDGE_CURVE('',#615,#607,#14563,.T.);
#14561=LINE('',#606,#14564);
#14562=LINE('',#610,#14565);
#14563=LINE('',#614,#14566);
#14564=VECTOR('',#14567,1.0);
#14565=VECTOR('',#14568,1.0);
#14566=VECTOR('',#14569,1.0);
#14567=DIRECTION('',(0.6343974203505326,0.7730070588633648,0));
#14568=DIRECTION('',(0.773010974644484,0.6343926489794667,0));
#14569=DIRECTION('',(-0.7071092253729109,-0.7071043369917356,0));
#14570=FACE_SURFACE('',(#14575),#14571,.T.);
#14571=PLANE('',#14572);
#14572=AXIS2_PLACEMENT_3D('',#614,#14573,#14574);
#14573=DIRECTION('',(0,0,-1));
#14574=DIRECTION('',(0.881920022130181,0.47139906084537436,0));
#14575=FACE_BOUND('',#14576,.T.);
#14576=EDGE_LOOP('',(#14577,#14578,#14579));
#14577=ORIENTED_EDGE('',*,*,#14580,.T.);
#14578=ORIENTED_EDGE('',*,*,#14581,.T.);
#14579=ORIENTED_EDGE('',*,*,#14582,.T.);
#14580=EDGE_CURVE('',#615,#619,#14583,.F.);
#14581=EDGE_CURVE('',#619,#623,#14584,.T.);
#14582=EDGE_CURVE('',#623,#615,#14585,.T.);
#14583=LINE('',#614,#14586);
#14584=LINE('',#618,#14587);
#14585=LINE('',#622,#14588);
#14586=VECTOR('',#14589,1.0);
#14587=VECTOR('',#14590,1.0);
#14588=VECTOR('',#14591,1.0);
#14589=DIRECTION('',(0.881920022130181,0.47139906084537436,0));
#14590=DIRECTION('',(0.9569423709767578,0.290277967867665,0));
#14591=DIRECTION('',(-0.923880037556855,-0.3826822130749535,0));
#14592=FACE_SURFACE('',(#14597),#14593,.T.);
#14593=PLANE('',#14594);
#14594=AXIS2_PLACEMENT_3D('',#622,#14595,#14596);
#14595=DIRECTION('',(0,0,-1));
#14596=DIRECTION('',(0.9951848165503705,0.09801622777686082,0));
#14597=FACE_BOUND('',#14598,.T.);
#14598=EDGE_LOOP('',(#14599,#14600,#14601));
#14599=ORIENTED_EDGE('',*,*,#14602,.T.);
#14600=ORIENTED_EDGE('',*,*,#14603,.T.);
#14601=ORIENTED_EDGE('',*,*,#14604,.T.);
#14602=EDGE_CURVE('',#623,#627,#14605,.F.);
#14603=EDGE_CURVE('',#627,#631,#14606,.T.);
#14604=EDGE_CURVE('',#631,#623,#14607,.T.);
#14605=LINE('',#622,#14608);
#14606=LINE('',#626,#14609);
#14607=LINE('',#630,#14610);
#14608=VECTOR('',#14611,1.0);
#14609=VECTOR('',#14612,1.0);
#14610=VECTOR('',#14613,1.0);
#14611=DIRECTION('',(0.9951848165503705,0.09801622777686082,0));
#14612=DIRECTION('',(0.9951848165503705,-0.09801622777686082,0));
#14613=DIRECTION('',(-1,0,0));
#14614=FACE_SURFACE('',(#14619),#14615,.T.);
#14615=PLANE('',#14616);
#14616=AXIS2_PLACEMENT_3D('',#630,#14617,#14618);
#14617=DIRECTION('',(0,0,-1));
#14618=DIRECTION('',(0.9569423709767578,-0.290277967867665,0));
#14619=FACE_BOUND('',#14620,.T.);
#14620=EDGE_LOOP('',(#14621,#14622,#14623));
#14621=ORIENTED_EDGE('',*,*,#14624,.T.);
#14622=ORIENTED_EDGE('',*,*,#14625,.T.);
#14623=ORIENTED_EDGE('',*,*,#14626,.T.);
#14624=EDGE_CURVE('',#631,#635,#14627,.F.);
#14625=EDGE_CURVE('',#635,#639,#14628,.T.);
#14626=EDGE_CURVE('',#639,#631,#14629,.T.);
#14627=LINE('',#630,#14630);
#14628=LINE('',#634,#14631);
#14629=LINE('',#638,#14632);
#14630=VECTOR('',#14633,1.0);
#14631=VECTOR('',#14634,1.0);
#14632=VECTOR('',#14635,1.0);
#14633=DIRECTION('',(0.9569423709767578,-0.290277967867665,0));
#14634=DIRECTION('',(0.881920022130181,-0.47139906084537436,0));
#14635=DIRECTION('',(-0.923880037556855,0.3826822130749535,0));
#14636=FACE_SURFACE('',(#14641),#14637,.T.);
#14637=PLANE('',#14638);
#14638=AXIS2_PLACEMENT_3D('',#638,#14639,#14640);
#14639=DIRECTION('',(0,0,-1));
#14640=DIRECTION('',(0.773010974644484,-0.6343926489794667,0));
#14641=FACE_BOUND('',#14642,.T.);
#14642=EDGE_LOOP('',(#14643,#14644,#14645));
#14643=ORIENTED_EDGE('',*,*,#14646,.T.);
#14644=ORIENTED_EDGE('',*,*,#14647,.T.);
#14645=ORIENTED_EDGE('',*,*,#14648,.T.);
#14646=EDGE_CURVE('',#639,#643,#14649,.F.);
#14647=EDGE_CURVE('',#643,#647,#14650,.T.);
#14648=EDGE_CURVE('',#647,#639,#14651,.T.);
#14649=LINE('',#638,#14652);
#14650=LINE('',#642,#14653);
#14651=LINE('',#646,#14654);
#14652=VECTOR('',#14655,1.0);
#14653=VECTOR('',#14656,1.0);
#14654=VECTOR('',#14657,1.0);
#14655=DIRECTION('',(0.773010974644484,-0.6343926489794667,0));
#14656=DIRECTION('',(0.6343974203505326,-0.7730070588633648,0));
#14657=DIRECTION('',(-0.7071092253729109,0.7071043369917356,0));
#14658=FACE_SURFACE('',(#14663),#14659,.T.);
#14659=PLANE('',#14660);
#14660=AXIS2_PLACEMENT_3D('',#646,#14661,#14662);
#14661=DIRECTION('',(0,0,-1));
#14662=DIRECTION('',(0.47138744838798496,-0.8819262290590211,0));
#14663=FACE_BOUND('',#14664,.T.);
#14664=EDGE_LOOP('',(#14665,#14666,#14667));
#14665=ORIENTED_EDGE('',*,*,#14668,.T.);
#14666=ORIENTED_EDGE('',*,*,#14669,.T.);
#14667=ORIENTED_EDGE('',*,*,#14670,.T.);
#14668=EDGE_CURVE('',#647,#651,#14671,.F.);
#14669=EDGE_CURVE('',#651,#655,#14672,.T.);
#14670=EDGE_CURVE('',#655,#647,#14673,.T.);
#14671=LINE('',#646,#14674);
#14672=LINE('',#650,#14675);
#14673=LINE('',#654,#14676);
#14674=VECTOR('',#14677,1.0);
#14675=VECTOR('',#14678,1.0);
#14676=VECTOR('',#14679,1.0);
#14677=DIRECTION('',(0.47138744838798496,-0.8819262290590211,0));
#14678=DIRECTION('',(0.29028687775715967,-0.9569396682142506,0));
#14679=DIRECTION('',(-0.3826804847820941,0.923880753434631,0));
#14680=FACE_SURFACE('',(#14685),#14681,.T.);
#14681=PLANE('',#14682);
#14682=AXIS2_PLACEMENT_3D('',#654,#14683,#14684);
#14683=DIRECTION('',(0,0,-1));
#14684=DIRECTION('',(0.09801622777686082,-0.9951848165503705,0));
#14685=FACE_BOUND('',#14686,.T.);
#14686=EDGE_LOOP('',(#14687,#14688,#14689));
#14687=ORIENTED_EDGE('',*,*,#14690,.T.);
#14688=ORIENTED_EDGE('',*,*,#14691,.T.);
#14689=ORIENTED_EDGE('',*,*,#14692,.T.);
#14690=EDGE_CURVE('',#655,#659,#14693,.F.);
#14691=EDGE_CURVE('',#659,#663,#14694,.T.);
#14692=EDGE_CURVE('',#663,#655,#14695,.T.);
#14693=LINE('',#654,#14696);
#14694=LINE('',#658,#14697);
#14695=LINE('',#662,#14698);
#14696=VECTOR('',#14699,1.0);
#14697=VECTOR('',#14700,1.0);
#14698=VECTOR('',#14701,1.0);
#14699=DIRECTION('',(0.09801622777686082,-0.9951848165503705,0));
#14700=DIRECTION('',(-0.09801622777686082,-0.9951848165503705,0));
#14701=DIRECTION('',(0,1,0));
#14702=FACE_SURFACE('',(#14707),#14703,.T.);
#14703=PLANE('',#14704);
#14704=AXIS2_PLACEMENT_3D('',#662,#14705,#14706);
#14705=DIRECTION('',(0,0,-1));
#14706=DIRECTION('',(-0.29028687775715967,-0.9569396682142506,0));
#14707=FACE_BOUND('',#14708,.T.);
#14708=EDGE_LOOP('',(#14709,#14710,#14711));
#14709=ORIENTED_EDGE('',*,*,#14712,.T.);
#14710=ORIENTED_EDGE('',*,*,#14713,.T.);
#14711=ORIENTED_EDGE('',*,*,#14714,.T.);
#14712=EDGE_CURVE('',#663,#667,#14715,.F.);
#14713=EDGE_CURVE('',#667,#671,#14716,.T.);
#14714=EDGE_CURVE('',#671,#663,#14717,.T.);
#14715=LINE('',#662,#14718);
#14716=LINE('',#666,#14719);
#14717=LINE('',#670,#14720);
#14718=VECTOR('',#14721,1.0);
#14719=VECTOR('',#14722,1.0);
#14720=VECTOR('',#14723,1.0);
#14721=DIRECTION('',(-0.29028687775715967,-0.9569396682142506,0));
#14722=DIRECTION('',(-0.4713955382265359,-0.8819219050120677,0));
#14723=DIRECTION('',(0.3826839413820847,0.9238793216693797,0));
#14724=FACE_SURFACE('',(#14729),#14725,.T.);
#14725=PLANE('',#14726);
#14726=AXIS2_PLACEMENT_3D('',#670,#14727,#14728);
#14727=DIRECTION('',(0,0,-1));
#14728=DIRECTION('',(-0.634387877656003,-0.773014890337251,0));
#14729=FACE_BOUND('',#14730,.T.);
#14730=EDGE_LOOP('',(#14731,#14732,#14733));
#14731=ORIENTED_EDGE('',*,*,#14734,.T.);
#14732=ORIENTED_EDGE('',*,*,#14735,.T.);
#14733=ORIENTED_EDGE('',*,*,#14736,.T.);
#14734=EDGE_CURVE('',#671,#675,#14737,.F.);
#14735=EDGE_CURVE('',#675,#679,#14738,.T.);
#14736=EDGE_CURVE('',#679,#671,#14739,.T.);
#14737=LINE('',#670,#14740);
#14738=LINE('',#674,#14741);
#14739=LINE('',#678,#14742);
#14740=VECTOR('',#14743,1.0);
#14741=VECTOR('',#14744,1.0);
#14742=VECTOR('',#14745,1.0);
#14743=DIRECTION('',(-0.634387877656003,-0.773014890337251,0));
#14744=DIRECTION('',(-0.773010974644484,-0.6343926489794667,0));
#14745=DIRECTION('',(0.7071043370086328,0.7071092253560138,0));
#14746=FACE_SURFACE('',(#14751),#14747,.T.);
#14747=PLANE('',#14748);
#14748=AXIS2_PLACEMENT_3D('',#678,#14749,#14750);
#14749=DIRECTION('',(0,0,-1));
#14750=DIRECTION('',(-0.881928111968731,-0.4713839256055192,0));
#14751=FACE_BOUND('',#14752,.T.);
#14752=EDGE_LOOP('',(#14753,#14754,#14755));
#14753=ORIENTED_EDGE('',*,*,#14756,.T.);
#14754=ORIENTED_EDGE('',*,*,#14757,.T.);
#14755=ORIENTED_EDGE('',*,*,#14758,.T.);
#14756=EDGE_CURVE('',#679,#683,#14759,.F.);
#14757=EDGE_CURVE('',#683,#687,#14760,.T.);
#14758=EDGE_CURVE('',#687,#679,#14761,.T.);
#14759=LINE('',#678,#14762);
#14760=LINE('',#682,#14763);
#14761=LINE('',#686,#14764);
#14762=VECTOR('',#14765,1.0);
#14763=VECTOR('',#14766,1.0);
#14764=VECTOR('',#14767,1.0);
#14765=DIRECTION('',(-0.881928111968731,-0.4713839256055192,0));
#14766=DIRECTION('',(-0.9569369653840532,-0.2902957875711588,0));
#14767=DIRECTION('',(0.923880037556855,0.3826822130749535,0));
#14768=FACE_SURFACE('',(#14773),#14769,.T.);
#14769=PLANE('',#14770);
#14770=AXIS2_PLACEMENT_3D('',#686,#14771,#14772);
#14771=DIRECTION('',(0,0,-1));
#14772=DIRECTION('',(-1,0,0));
#14773=FACE_BOUND('',#14774,.T.);
#14774=EDGE_LOOP('',(#14775,#14776,#14777));
#14775=ORIENTED_EDGE('',*,*,#14778,.T.);
#14776=ORIENTED_EDGE('',*,*,#14779,.T.);
#14777=ORIENTED_EDGE('',*,*,#14780,.T.);
#14778=EDGE_CURVE('',#687,#567,#14781,.F.);
#14779=EDGE_CURVE('',#567,#575,#14782,.T.);
#14780=EDGE_CURVE('',#575,#687,#14783,.T.);
#14781=LINE('',#686,#14784);
#14782=LINE('',#566,#14785);
#14783=LINE('',#574,#14786);
#14784=VECTOR('',#14787,1.0);
#14785=VECTOR('',#14788,1.0);
#14786=VECTOR('',#14789,1.0);
#14787=DIRECTION('',(-1,0,0));
#14788=DIRECTION('',(-0.923880037556855,0.3826822130749535,0));
#14789=DIRECTION('',(0.9807855417292554,-0.19508900823688463,0));
#14790=FACE_SURFACE('',(#14795),#14791,.T.);
#14791=PLANE('',#14792);
#14792=AXIS2_PLACEMENT_3D('',#574,#14793,#14794);
#14793=DIRECTION('',(0,0,-1));
#14794=DIRECTION('',(-0.7071043370086328,0.7071092253560138,0));
#14795=FACE_BOUND('',#14796,.T.);
#14796=EDGE_LOOP('',(#14797,#14798,#14799));
#14797=ORIENTED_EDGE('',*,*,#14800,.T.);
#14798=ORIENTED_EDGE('',*,*,#14801,.T.);
#14799=ORIENTED_EDGE('',*,*,#14802,.T.);
#14800=EDGE_CURVE('',#575,#583,#14803,.F.);
#14801=EDGE_CURVE('',#583,#591,#14804,.T.);
#14802=EDGE_CURVE('',#591,#575,#14805,.T.);
#14803=LINE('',#574,#14806);
#14804=LINE('',#582,#14807);
#14805=LINE('',#590,#14808);
#14806=VECTOR('',#14809,1.0);
#14807=VECTOR('',#14810,1.0);
#14808=VECTOR('',#14811,1.0);
#14809=DIRECTION('',(-0.7071043370086328,0.7071092253560138,0));
#14810=DIRECTION('',(-0.3826839413820847,0.9238793216693797,0));
#14811=DIRECTION('',(0.5555700093437477,-0.8314697617579295,0));
#14812=FACE_SURFACE('',(#14817),#14813,.T.);
#14813=PLANE('',#14814);
#14814=AXIS2_PLACEMENT_3D('',#590,#14815,#14816);
#14815=DIRECTION('',(0,0,-1));
#14816=DIRECTION('',(0,1,0));
#14817=FACE_BOUND('',#14818,.T.);
#14818=EDGE_LOOP('',(#14819,#14820,#14821));
#14819=ORIENTED_EDGE('',*,*,#14822,.T.);
#14820=ORIENTED_EDGE('',*,*,#14823,.T.);
#14821=ORIENTED_EDGE('',*,*,#14824,.T.);
#14822=EDGE_CURVE('',#591,#599,#14825,.F.);
#14823=EDGE_CURVE('',#599,#607,#14826,.T.);
#14824=EDGE_CURVE('',#607,#591,#14827,.T.);
#14825=LINE('',#590,#14828);
#14826=LINE('',#598,#14829);
#14827=LINE('',#606,#14830);
#14828=VECTOR('',#14831,1.0);
#14829=VECTOR('',#14832,1.0);
#14830=VECTOR('',#14833,1.0);
#14831=DIRECTION('',(0,1,0));
#14832=DIRECTION('',(0.3826804847820941,0.923880753434631,0));
#14833=DIRECTION('',(-0.1950885314046484,-0.9807856365762997,0));
#14834=FACE_SURFACE('',(#14839),#14835,.T.);
#14835=PLANE('',#14836);
#14836=AXIS2_PLACEMENT_3D('',#606,#14837,#14838);
#14837=DIRECTION('',(0,0,-1));
#14838=DIRECTION('',(0.7071092253729109,0.7071043369917356,0));
#14839=FACE_BOUND('',#14840,.T.);
#14840=EDGE_LOOP('',(#14841,#14842,#14843));
#14841=ORIENTED_EDGE('',*,*,#14844,.T.);
#14842=ORIENTED_EDGE('',*,*,#14845,.T.);
#14843=ORIENTED_EDGE('',*,*,#14846,.T.);
#14844=EDGE_CURVE('',#607,#615,#14847,.F.);
#14845=EDGE_CURVE('',#615,#623,#14848,.T.);
#14846=EDGE_CURVE('',#623,#607,#14849,.T.);
#14847=LINE('',#606,#14850);
#14848=LINE('',#614,#14851);
#14849=LINE('',#622,#14852);
#14850=VECTOR('',#14853,1.0);
#14851=VECTOR('',#14854,1.0);
#14852=VECTOR('',#14855,1.0);
#14853=DIRECTION('',(0.7071092253729109,0.7071043369917356,0));
#14854=DIRECTION('',(0.923880037556855,0.3826822130749535,0));
#14855=DIRECTION('',(-0.8314709129445107,-0.5555682864664091,0));
#14856=FACE_SURFACE('',(#14861),#14857,.T.);
#14857=PLANE('',#14858);
#14858=AXIS2_PLACEMENT_3D('',#622,#14859,#14860);
#14859=DIRECTION('',(0,0,-1));
#14860=DIRECTION('',(1,0,0));
#14861=FACE_BOUND('',#14862,.T.);
#14862=EDGE_LOOP('',(#14863,#14864,#14865));
#14863=ORIENTED_EDGE('',*,*,#14866,.T.);
#14864=ORIENTED_EDGE('',*,*,#14867,.T.);
#14865=ORIENTED_EDGE('',*,*,#14868,.T.);
#14866=EDGE_CURVE('',#623,#631,#14869,.F.);
#14867=EDGE_CURVE('',#631,#639,#14870,.T.);
#14868=EDGE_CURVE('',#639,#623,#14871,.T.);
#14869=LINE('',#622,#14872);
#14870=LINE('',#630,#14873);
#14871=LINE('',#638,#14874);
#14872=VECTOR('',#14875,1.0);
#14873=VECTOR('',#14876,1.0);
#14874=VECTOR('',#14877,1.0);
#14875=DIRECTION('',(1,0,0));
#14876=DIRECTION('',(0.923880037556855,-0.3826822130749535,0));
#14877=DIRECTION('',(-0.9807855417292554,0.19508900823688463,0));
#14878=FACE_SURFACE('',(#14883),#14879,.T.);
#14879=PLANE('',#14880);
#14880=AXIS2_PLACEMENT_3D('',#638,#14881,#14882);
#14881=DIRECTION('',(0,0,-1));
#14882=DIRECTION('',(0.7071092253729109,-0.7071043369917356,0));
#14883=FACE_BOUND('',#14884,.T.);
#14884=EDGE_LOOP('',(#14885,#14886,#14887));
#14885=ORIENTED_EDGE('',*,*,#14888,.T.);
#14886=ORIENTED_EDGE('',*,*,#14889,.T.);
#14887=ORIENTED_EDGE('',*,*,#14890,.T.);
#14888=EDGE_CURVE('',#639,#647,#14891,.F.);
#14889=EDGE_CURVE('',#647,#655,#14892,.T.);
#14890=EDGE_CURVE('',#655,#639,#14893,.T.);
#14891=LINE('',#638,#14894);
#14892=LINE('',#646,#14895);
#14893=LINE('',#654,#14896);
#14894=VECTOR('',#14897,1.0);
#14895=VECTOR('',#14898,1.0);
#14896=VECTOR('',#14899,1.0);
#14897=DIRECTION('',(0.7071092253729109,-0.7071043369917356,0));
#14898=DIRECTION('',(0.3826804847820941,-0.923880753434631,0));
#14899=DIRECTION('',(-0.5555700093437477,0.8314697617579295,0));
#14900=FACE_SURFACE('',(#14905),#14901,.T.);
#14901=PLANE('',#14902);
#14902=AXIS2_PLACEMENT_3D('',#654,#14903,#14904);
#14903=DIRECTION('',(0,-0,-1));
#14904=DIRECTION('',(0,-1,0));
#14905=FACE_BOUND('',#14906,.T.);
#14906=EDGE_LOOP('',(#14907,#14908,#14909));
#14907=ORIENTED_EDGE('',*,*,#14910,.T.);
#14908=ORIENTED_EDGE('',*,*,#14911,.T.);
#14909=ORIENTED_EDGE('',*,*,#14912,.T.);
#14910=EDGE_CURVE('',#655,#663,#14913,.F.);
#14911=EDGE_CURVE('',#663,#671,#14914,.T.);
#14912=EDGE_CURVE('',#671,#655,#14915,.T.);
#14913=LINE('',#654,#14916);
#14914=LINE('',#662,#14917);
#14915=LINE('',#670,#14918);
#14916=VECTOR('',#14919,1.0);
#14917=VECTOR('',#14920,1.0);
#14918=VECTOR('',#14921,1.0);
#14919=DIRECTION('',(0,-1,0));
#14920=DIRECTION('',(-0.3826839413820847,-0.9238793216693797,0));
#14921=DIRECTION('',(0.19508948507140564,0.9807854468815154,0));
#14922=FACE_SURFACE('',(#14927),#14923,.T.);
#14923=PLANE('',#14924);
#14924=AXIS2_PLACEMENT_3D('',#670,#14925,#14926);
#14925=DIRECTION('',(0,0,-1));
#14926=DIRECTION('',(-0.7071043370086328,-0.7071092253560138,0));
#14927=FACE_BOUND('',#14928,.T.);
#14928=EDGE_LOOP('',(#14929,#14930,#14931));
#14929=ORIENTED_EDGE('',*,*,#14932,.T.);
#14930=ORIENTED_EDGE('',*,*,#14933,.T.);
#14931=ORIENTED_EDGE('',*,*,#14934,.T.);
#14932=EDGE_CURVE('',#671,#679,#14935,.F.);
#14933=EDGE_CURVE('',#679,#687,#14936,.T.);
#14934=EDGE_CURVE('',#687,#671,#14937,.T.);
#14935=LINE('',#670,#14938);
#14936=LINE('',#678,#14939);
#14937=LINE('',#686,#14940);
#14938=VECTOR('',#14941,1.0);
#14939=VECTOR('',#14942,1.0);
#14940=VECTOR('',#14943,1.0);
#14941=DIRECTION('',(-0.7071043370086328,-0.7071092253560138,0));
#14942=DIRECTION('',(-0.923880037556855,-0.3826822130749535,0));
#14943=DIRECTION('',(0.8314686105709662,0.5555717322139301,0));
#14944=FACE_SURFACE('',(#14949),#14945,.T.);
#14945=PLANE('',#14946);
#14946=AXIS2_PLACEMENT_3D('',#686,#14947,#14948);
#14947=DIRECTION('',(0,0,-1));
#14948=DIRECTION('',(-0.9807855417292554,0.19508900823688463,0));
#14949=FACE_BOUND('',#14950,.T.);
#14950=EDGE_LOOP('',(#14951,#14952,#14953));
#14951=ORIENTED_EDGE('',*,*,#14954,.T.);
#14952=ORIENTED_EDGE('',*,*,#14955,.T.);
#14953=ORIENTED_EDGE('',*,*,#14956,.T.);
#14954=EDGE_CURVE('',#687,#575,#14957,.F.);
#14955=EDGE_CURVE('',#575,#591,#14958,.T.);
#14956=EDGE_CURVE('',#591,#687,#14959,.T.);
#14957=LINE('',#686,#14960);
#14958=LINE('',#574,#14961);
#14959=LINE('',#590,#14962);
#14960=VECTOR('',#14963,1.0);
#14961=VECTOR('',#14964,1.0);
#14962=VECTOR('',#14965,1.0);
#14963=DIRECTION('',(-0.9807855417292554,0.19508900823688463,0));
#14964=DIRECTION('',(-0.5555700093437477,0.8314697617579295,0));
#14965=DIRECTION('',(0.8314701069283345,-0.5555694927590824,0));
#14966=FACE_SURFACE('',(#14971),#14967,.T.);
#14967=PLANE('',#14968);
#14968=AXIS2_PLACEMENT_3D('',#590,#14969,#14970);
#14969=DIRECTION('',(0,0,-1));
#14970=DIRECTION('',(0.1950885314046484,0.9807856365762997,0));
#14971=FACE_BOUND('',#14972,.T.);
#14972=EDGE_LOOP('',(#14973,#14974,#14975));
#14973=ORIENTED_EDGE('',*,*,#14976,.T.);
#14974=ORIENTED_EDGE('',*,*,#14977,.T.);
#14975=ORIENTED_EDGE('',*,*,#14978,.T.);
#14976=EDGE_CURVE('',#591,#607,#14979,.F.);
#14977=EDGE_CURVE('',#607,#623,#14980,.T.);
#14978=EDGE_CURVE('',#623,#591,#14981,.T.);
#14979=LINE('',#590,#14982);
#14980=LINE('',#606,#14983);
#14981=LINE('',#622,#14984);
#14982=VECTOR('',#14985,1.0);
#14983=VECTOR('',#14986,1.0);
#14984=VECTOR('',#14987,1.0);
#14985=DIRECTION('',(0.1950885314046484,0.9807856365762997,0));
#14986=DIRECTION('',(0.8314709129445107,0.5555682864664091,0));
#14987=DIRECTION('',(-0.5555694927590824,-0.8314701069283345,0));
#14988=FACE_SURFACE('',(#14993),#14989,.T.);
#14989=PLANE('',#14990);
#14990=AXIS2_PLACEMENT_3D('',#622,#14991,#14992);
#14991=DIRECTION('',(0,0,-1));
#14992=DIRECTION('',(0.9807855417292554,-0.19508900823688463,0));
#14993=FACE_BOUND('',#14994,.T.);
#14994=EDGE_LOOP('',(#14995,#14996,#14997));
#14995=ORIENTED_EDGE('',*,*,#14998,.T.);
#14996=ORIENTED_EDGE('',*,*,#14999,.T.);
#14997=ORIENTED_EDGE('',*,*,#15000,.T.);
#14998=EDGE_CURVE('',#623,#639,#15001,.F.);
#14999=EDGE_CURVE('',#639,#655,#15002,.T.);
#15000=EDGE_CURVE('',#655,#623,#15003,.T.);
#15001=LINE('',#622,#15004);
#15002=LINE('',#638,#15005);
#15003=LINE('',#654,#15006);
#15004=VECTOR('',#15007,1.0);
#15005=VECTOR('',#15008,1.0);
#15006=VECTOR('',#15009,1.0);
#15007=DIRECTION('',(0.9807855417292554,-0.19508900823688463,0));
#15008=DIRECTION('',(0.5555700093437477,-0.8314697617579295,0));
#15009=DIRECTION('',(-0.8314701069283345,0.5555694927590824,0));
#15010=FACE_SURFACE('',(#15015),#15011,.T.);
#15011=PLANE('',#15012);
#15012=AXIS2_PLACEMENT_3D('',#654,#15013,#15014);
#15013=DIRECTION('',(0,0,-1));
#15014=DIRECTION('',(-0.19508948507140564,-0.9807854468815154,0));
#15015=FACE_BOUND('',#15016,.T.);
#15016=EDGE_LOOP('',(#15017,#15018,#15019));
#15017=ORIENTED_EDGE('',*,*,#15020,.T.);
#15018=ORIENTED_EDGE('',*,*,#15021,.T.);
#15019=ORIENTED_EDGE('',*,*,#15022,.T.);
#15020=EDGE_CURVE('',#655,#671,#15023,.F.);
#15021=EDGE_CURVE('',#671,#687,#15024,.T.);
#15022=EDGE_CURVE('',#687,#655,#15025,.T.);
#15023=LINE('',#654,#15026);
#15024=LINE('',#670,#15027);
#15025=LINE('',#686,#15028);
#15026=VECTOR('',#15029,1.0);
#15027=VECTOR('',#15030,1.0);
#15028=VECTOR('',#15031,1.0);
#15029=DIRECTION('',(-0.19508948507140564,-0.9807854468815154,0));
#15030=DIRECTION('',(-0.8314686105709662,-0.5555717322139301,0));
#15031=DIRECTION('',(0.5555694927590824,0.8314701069283345,0));
#15032=FACE_SURFACE('',(#15037),#15033,.T.);
#15033=PLANE('',#15034);
#15034=AXIS2_PLACEMENT_3D('',#686,#15035,#15036);
#15035=DIRECTION('',(0,0,-1));
#15036=DIRECTION('',(-0.8314701069283345,0.5555694927590824,0));
#15037=FACE_BOUND('',#15038,.T.);
#15038=EDGE_LOOP('',(#15039,#15040,#15041));
#15039=ORIENTED_EDGE('',*,*,#15042,.T.);
#15040=ORIENTED_EDGE('',*,*,#15043,.T.);
#15041=ORIENTED_EDGE('',*,*,#15044,.T.);
#15042=EDGE_CURVE('',#687,#591,#15045,.F.);
#15043=EDGE_CURVE('',#591,#623,#15046,.T.);
#15044=EDGE_CURVE('',#623,#687,#15047,.T.);
#15045=LINE('',#686,#15048);
#15046=LINE('',#590,#15049);
#15047=LINE('',#622,#15050);
#15048=VECTOR('',#15051,1.0);
#15049=VECTOR('',#15052,1.0);
#15050=VECTOR('',#15053,1.0);
#15051=DIRECTION('',(-0.8314701069283345,0.5555694927590824,0));
#15052=DIRECTION('',(0.5555694927590824,0.8314701069283345,0));
#15053=DIRECTION('',(0.19509119521261134,-0.9807851067132467,0));
#15054=FACE_SURFACE('',(#15059),#15055,.T.);
#15055=PLANE('',#15056);
#15056=AXIS2_PLACEMENT_3D('',#622,#15057,#15058);
#15057=DIRECTION('',(0,0,-1));
#15058=DIRECTION('',(0.8314701069283345,-0.5555694927590824,0));
#15059=FACE_BOUND('',#15060,.T.);
#15060=EDGE_LOOP('',(#15061,#15062,#15063));
#15061=ORIENTED_EDGE('',*,*,#15064,.T.);
#15062=ORIENTED_EDGE('',*,*,#15065,.T.);
#15063=ORIENTED_EDGE('',*,*,#15066,.T.);
#15064=EDGE_CURVE('',#623,#655,#15067,.F.);
#15065=EDGE_CURVE('',#655,#687,#15068,.T.);
#15066=EDGE_CURVE('',#687,#623,#15069,.T.);
#15067=LINE('',#622,#15070);
#15068=LINE('',#654,#15071);
#15069=LINE('',#686,#15072);
#15070=VECTOR('',#15073,1.0);
#15071=VECTOR('',#15074,1.0);
#15072=VECTOR('',#15075,1.0);
#15073=DIRECTION('',(0.8314701069283345,-0.5555694927590824,0));
#15074=DIRECTION('',(-0.5555694927590824,-0.8314701069283345,0));
#15075=DIRECTION('',(-0.19509119521261134,0.9807851067132467,0));
ENDSEC;
END-ISO-10303-21;
