ISO-10303-21;
HEADER;
FILE_DESCRIPTION((''),'2;1');
FILE_NAME('Card_Render', '2026-09-07T18:36:00', (''), (''), 'ImageToStl.com STEP Converter','', '');
FILE_SCHEMA(('AUTOMOTIVE_DESIGN_CC2'));
ENDSEC;
DATA;
#1=PRODUCT_DEFINITION_CONTEXT('',#4,'design');
#2=APPLICATION_PROTOCOL_DEFINITION('INTERNATIONAL STANDARD','automotive_design',1994,#4);
#3=(GEOMETRIC_REPRESENTATION_CONTEXT(3)GLOBAL_UNCERTAINTY_ASSIGNED_CONTEXT((#5))GLOBAL_UNIT_ASSIGNED_CONTEXT((#6,#7,#8))REPRESENTATION_CONTEXT('NONE','WORKSPACE'));
#4=APPLICATION_CONTEXT(' ');
#5=UNCERTAINTY_MEASURE_WITH_UNIT(LENGTH_MEASURE(1.0E-006),#6,'','');
#6=(CONVERSION_BASED_UNIT('METRE',#10)LENGTH_UNIT()NAMED_UNIT(#11));
#7=(NAMED_UNIT(#12)PLANE_ANGLE_UNIT()SI_UNIT($,.RADIAN.));
#8=(NAMED_UNIT(#12)SOLID_ANGLE_UNIT()SI_UNIT($,.STERADIAN.));
#9=AXIS2_PLACEMENT_3D('',#14,#15,#16);
#10=LENGTH_MEASURE_WITH_UNIT(LENGTH_MEASURE(1.0),#17);
#11=DIMENSIONAL_EXPONENTS(1.0,0.0,0.0,0.0,0.0,0.0,0.0);
#12=DIMENSIONAL_EXPONENTS(0.0,0.0,0.0,0.0,0.0,0.0,0.0);
#13=PRODUCT_CONTEXT('',#4,'mechanical');
#14=CARTESIAN_POINT('',(0.0,0.0,0.0));
#15=DIRECTION('',(0.0,0.0,1.0));
#16=DIRECTION('',(1.0,0.0,0.0));
#17=(NAMED_UNIT(#11)LENGTH_UNIT()SI_UNIT(.MILLI.,.METRE.));
#18=PRESENTATION_STYLE_ASSIGNMENT((#19));
#19=SURFACE_STYLE_USAGE(.BOTH.,#20);
#20=SURFACE_SIDE_STYLE('',(#21));
#21=SURFACE_STYLE_FILL_AREA(#22);
#22=FILL_AREA_STYLE('',(#23));
#23=FILL_AREA_STYLE_COLOUR('',#24);
#24=COLOUR_RGB('',0.9,0.9,0.9);
#25=SHAPE_DEFINITION_REPRESENTATION(#26,#27);
#26=PRODUCT_DEFINITION_SHAPE('productshape0','',#30);
#27=MANIFOLD_SURFACE_SHAPE_REPRESENTATION('',(#28,#9),#3);
#28=SHELL_BASED_SURFACE_MODEL('shell0',(#33));
#29=PRODUCT('product0','','',(#13));
#30=PRODUCT_DEFINITION('mesh0','',#31,#2);
#31=PRODUCT_DEFINITION_FORMATION_WITH_SPECIFIED_SOURCE('prodsource0','',#29,.NOT_KNOWN.);
#32=STYLED_ITEM('',(#18),#33);
#33=CLOSED_SHELL('',(#514,#536,#558,#580,#602,#624,#646,#668,#690,#712,#734,#756,#778,#800,#822,#844,#866,#888,#910,#932,#954,#976,#998,#1020,#1042,#1064,#1086,#1108,#1130,#1152,#1174,#1196,#1218,#1240,#1262,#1284,#1306,#1328,#1350,#1372,#1394,#1416,#1438,#1460,#1482,#1504,#1526,#1548,#1570,#1592,#1614,#1636,#1658,#1680,#1702,#1724,#1746,#1768,#1790,#1812,#1834,#1856,#1878,#1900,#1922,#1944,#1966,#1988,#2010,#2032,#2054,#2076,#2098,#2120,#2142,#2164,#2186,#2208,#2230,#2252,#2274,#2296,#2318,#2340,#2362,#2384,#2406,#2428,#2450,#2472,#2494,#2516,#2538,#2560,#2582,#2604,#2626,#2648,#2670,#2692,#2714,#2736,#2758,#2780,#2802,#2824,#2846,#2868,#2890,#2912,#2934,#2956,#2978,#3000,#3022,#3044,#3066,#3088,#3110,#3132,#3154,#3176,#3198,#3220,#3242,#3264,#3286,#3308,#3330,#3352,#3374,#3396,#3418,#3440,#3462,#3484,#3506,#3528,#3550,#3572,#3594,#3616,#3638,#3660,#3682,#3704,#3726,#3748,#3770,#3792,#3814,#3836,#3858,#3880,#3902,#3924,#3946,#3968,#3990,#4012,#4034,#4056,#4078,#4100,#4122,#4144,#4166,#4188,#4210,#4232,#4254,#4276,#4298,#4320,#4342,#4364,#4386,#4408,#4430,#4452,#4474,#4496,#4518,#4540,#4562,#4584,#4606,#4628,#4650,#4672,#4694,#4716,#4738,#4760,#4782,#4804,#4826,#4848,#4870,#4892,#4914,#4936,#4958,#4980,#5002,#5024,#5046,#5068,#5090,#5112,#5134,#5156,#5178,#5200,#5222,#5244,#5266,#5288,#5310,#5332,#5354,#5376,#5398,#5420,#5442,#5464,#5486,#5508,#5530,#5552,#5574,#5596,#5618,#5640,#5662,#5684,#5706,#5728,#5750,#5772,#5794,#5816,#5838,#5860,#5882,#5904,#5926,#5948,#5970,#5992,#6014,#6036,#6058,#6080,#6102,#6124,#6146,#6168,#6190,#6212,#6234,#6256,#6278,#6300,#6322,#6344,#6366,#6388,#6410,#6432,#6454,#6476,#6498,#6520,#6542,#6564,#6586,#6608,#6630,#6652,#6674,#6696,#6718,#6740,#6762,#6784,#6806,#6828,#6850,#6872,#6894,#6916,#6938,#6960,#6982,#7004,#7026,#7048,#7070,#7092,#7114,#7136,#7158,#7180,#7202,#7224,#7246,#7268,#7290,#7312,#7334,#7356,#7378,#7400,#7422,#7444,#7466,#7488,#7510,#7532,#7554,#7576,#7598,#7620,#7642,#7664,#7686,#7708,#7730,#7752,#7774,#7796,#7818,#7840,#7862,#7884,#7906,#7928,#7950,#7972,#7994,#8016,#8038,#8060,#8082,#8104,#8126,#8148,#8170,#8192,#8214,#8236,#8258,#8280,#8302,#8324,#8346,#8368,#8390,#8412,#8434,#8456,#8478,#8500,#8522,#8544,#8566,#8588,#8610,#8632,#8654,#8676,#8698,#8720,#8742,#8764,#8786,#8808,#8830,#8852,#8874,#8896,#8918,#8940,#8962,#8984,#9006,#9028,#9050,#9072,#9094,#9116,#9138,#9160,#9182,#9204,#9226,#9248,#9270,#9292,#9314,#9336,#9358,#9380,#9402,#9424,#9446,#9468,#9490,#9512,#9534,#9556,#9578,#9600,#9622,#9644,#9666,#9688,#9710,#9732,#9754,#9776,#9798,#9820,#9842,#9864,#9886,#9908,#9930,#9952,#9974,#9996,#10018,#10040,#10062,#10084,#10106,#10128,#10150,#10172,#10194,#10216,#10238,#10260,#10282,#10304,#10326,#10348,#10370,#10392,#10414,#10436,#10458,#10480,#10502,#10524,#10546,#10568,#10590,#10612,#10634,#10656,#10678,#10700,#10722,#10744,#10766,#10788));
#34=CARTESIAN_POINT('',(28.184999465942383,-36.185001373291016,9.605358123779297));
#35=VERTEX_POINT('',#34);
#36=CARTESIAN_POINT('',(28.42037582397461,-36.17575454711914,9.605358123779297));
#37=VERTEX_POINT('',#36);
#38=CARTESIAN_POINT('',(28.42037582397461,-36.17575454711914,10.974370002746582));
#39=VERTEX_POINT('',#38);
#40=CARTESIAN_POINT('',(28.184999465942383,-36.185001373291016,10.974370002746582));
#41=VERTEX_POINT('',#40);
#42=CARTESIAN_POINT('',(28.6543025970459,-36.148067474365234,9.605358123779297));
#43=VERTEX_POINT('',#42);
#44=CARTESIAN_POINT('',(28.6543025970459,-36.148067474365234,10.974370002746582));
#45=VERTEX_POINT('',#44);
#46=CARTESIAN_POINT('',(28.88533592224121,-36.10211181640625,9.605358123779297));
#47=VERTEX_POINT('',#46);
#48=CARTESIAN_POINT('',(28.88533592224121,-36.10211181640625,10.974370002746582));
#49=VERTEX_POINT('',#48);
#50=CARTESIAN_POINT('',(29.112051010131836,-36.038169860839844,9.605358123779297));
#51=VERTEX_POINT('',#50);
#52=CARTESIAN_POINT('',(29.112051010131836,-36.038169860839844,10.974370002746582));
#53=VERTEX_POINT('',#52);
#54=CARTESIAN_POINT('',(29.333049774169922,-35.95663833618164,9.605358123779297));
#55=VERTEX_POINT('',#54);
#56=CARTESIAN_POINT('',(29.333049774169922,-35.95663833618164,10.974370002746582));
#57=VERTEX_POINT('',#56);
#58=CARTESIAN_POINT('',(29.54697036743164,-35.8580207824707,9.605358123779297));
#59=VERTEX_POINT('',#58);
#60=CARTESIAN_POINT('',(29.54697036743164,-35.8580207824707,10.974370002746582));
#61=VERTEX_POINT('',#60);
#62=CARTESIAN_POINT('',(29.75249481201172,-35.742919921875,9.605358123779297));
#63=VERTEX_POINT('',#62);
#64=CARTESIAN_POINT('',(29.75249481201172,-35.742919921875,10.974370002746582));
#65=VERTEX_POINT('',#64);
#66=CARTESIAN_POINT('',(29.948354721069336,-35.61205291748047,9.605358123779297));
#67=VERTEX_POINT('',#66);
#68=CARTESIAN_POINT('',(29.948354721069336,-35.61205291748047,10.974370002746582));
#69=VERTEX_POINT('',#68);
#70=CARTESIAN_POINT('',(30.133342742919922,-35.46622085571289,9.605358123779297));
#71=VERTEX_POINT('',#70);
#72=CARTESIAN_POINT('',(30.133342742919922,-35.46622085571289,10.974370002746582));
#73=VERTEX_POINT('',#72);
#74=CARTESIAN_POINT('',(30.306320190429688,-35.30632019042969,9.605358123779297));
#75=VERTEX_POINT('',#74);
#76=CARTESIAN_POINT('',(30.306320190429688,-35.30632019042969,10.974370002746582));
#77=VERTEX_POINT('',#76);
#78=CARTESIAN_POINT('',(30.466217041015625,-35.13334655761719,9.605358123779297));
#79=VERTEX_POINT('',#78);
#80=CARTESIAN_POINT('',(30.466217041015625,-35.13334655761719,10.974370002746582));
#81=VERTEX_POINT('',#80);
#82=CARTESIAN_POINT('',(30.612051010131836,-34.94835662841797,9.605358123779297));
#83=VERTEX_POINT('',#82);
#84=CARTESIAN_POINT('',(30.612051010131836,-34.94835662841797,10.974370002746582));
#85=VERTEX_POINT('',#84);
#86=CARTESIAN_POINT('',(30.742919921875,-34.752498626708984,9.605358123779297));
#87=VERTEX_POINT('',#86);
#88=CARTESIAN_POINT('',(30.742919921875,-34.752498626708984,10.974370002746582));
#89=VERTEX_POINT('',#88);
#90=CARTESIAN_POINT('',(30.85801887512207,-34.546974182128906,9.605358123779297));
#91=VERTEX_POINT('',#90);
#92=CARTESIAN_POINT('',(30.85801887512207,-34.546974182128906,10.974370002746582));
#93=VERTEX_POINT('',#92);
#94=CARTESIAN_POINT('',(30.95663833618164,-34.33305358886719,9.605358123779297));
#95=VERTEX_POINT('',#94);
#96=CARTESIAN_POINT('',(30.95663833618164,-34.33305358886719,10.974370002746582));
#97=VERTEX_POINT('',#96);
#98=CARTESIAN_POINT('',(31.038169860839844,-34.11205291748047,9.605358123779297));
#99=VERTEX_POINT('',#98);
#100=CARTESIAN_POINT('',(31.038169860839844,-34.11205291748047,10.974370002746582));
#101=VERTEX_POINT('',#100);
#102=CARTESIAN_POINT('',(31.102109909057617,-33.885337829589844,9.605358123779297));
#103=VERTEX_POINT('',#102);
#104=CARTESIAN_POINT('',(31.102109909057617,-33.885337829589844,10.974370002746582));
#105=VERTEX_POINT('',#104);
#106=CARTESIAN_POINT('',(31.14806365966797,-33.65430450439453,9.605358123779297));
#107=VERTEX_POINT('',#106);
#108=CARTESIAN_POINT('',(31.14806365966797,-33.65430450439453,10.974370002746582));
#109=VERTEX_POINT('',#108);
#110=CARTESIAN_POINT('',(31.175750732421875,-33.420379638671875,9.605358123779297));
#111=VERTEX_POINT('',#110);
#112=CARTESIAN_POINT('',(31.175750732421875,-33.420379638671875,10.974370002746582));
#113=VERTEX_POINT('',#112);
#114=CARTESIAN_POINT('',(31.184999465942383,-33.185001373291016,9.605358123779297));
#115=VERTEX_POINT('',#114);
#116=CARTESIAN_POINT('',(31.184999465942383,-33.185001373291016,10.974370002746582));
#117=VERTEX_POINT('',#116);
#118=CARTESIAN_POINT('',(-28.184999465942383,-36.185001373291016,10.974370002746582));
#119=VERTEX_POINT('',#118);
#120=CARTESIAN_POINT('',(-28.42037582397461,-36.17575454711914,10.974370002746582));
#121=VERTEX_POINT('',#120);
#122=CARTESIAN_POINT('',(-28.42037582397461,-36.17575454711914,9.605358123779297));
#123=VERTEX_POINT('',#122);
#124=CARTESIAN_POINT('',(-28.184999465942383,-36.185001373291016,9.605358123779297));
#125=VERTEX_POINT('',#124);
#126=CARTESIAN_POINT('',(-28.6543025970459,-36.148067474365234,10.974370002746582));
#127=VERTEX_POINT('',#126);
#128=CARTESIAN_POINT('',(-28.6543025970459,-36.148067474365234,9.605358123779297));
#129=VERTEX_POINT('',#128);
#130=CARTESIAN_POINT('',(-28.88533592224121,-36.10211181640625,10.974370002746582));
#131=VERTEX_POINT('',#130);
#132=CARTESIAN_POINT('',(-28.88533592224121,-36.10211181640625,9.605358123779297));
#133=VERTEX_POINT('',#132);
#134=CARTESIAN_POINT('',(-29.112051010131836,-36.038169860839844,10.974370002746582));
#135=VERTEX_POINT('',#134);
#136=CARTESIAN_POINT('',(-29.112051010131836,-36.038169860839844,9.605358123779297));
#137=VERTEX_POINT('',#136);
#138=CARTESIAN_POINT('',(-29.333049774169922,-35.95663833618164,10.974370002746582));
#139=VERTEX_POINT('',#138);
#140=CARTESIAN_POINT('',(-29.333049774169922,-35.95663833618164,9.605358123779297));
#141=VERTEX_POINT('',#140);
#142=CARTESIAN_POINT('',(-29.54697036743164,-35.8580207824707,10.974370002746582));
#143=VERTEX_POINT('',#142);
#144=CARTESIAN_POINT('',(-29.54697036743164,-35.8580207824707,9.605358123779297));
#145=VERTEX_POINT('',#144);
#146=CARTESIAN_POINT('',(-29.75249481201172,-35.742919921875,10.974370002746582));
#147=VERTEX_POINT('',#146);
#148=CARTESIAN_POINT('',(-29.75249481201172,-35.742919921875,9.605358123779297));
#149=VERTEX_POINT('',#148);
#150=CARTESIAN_POINT('',(-29.948354721069336,-35.61205291748047,10.974370002746582));
#151=VERTEX_POINT('',#150);
#152=CARTESIAN_POINT('',(-29.948354721069336,-35.61205291748047,9.605358123779297));
#153=VERTEX_POINT('',#152);
#154=CARTESIAN_POINT('',(-30.133342742919922,-35.46622085571289,10.974370002746582));
#155=VERTEX_POINT('',#154);
#156=CARTESIAN_POINT('',(-30.133342742919922,-35.46622085571289,9.605358123779297));
#157=VERTEX_POINT('',#156);
#158=CARTESIAN_POINT('',(-30.306320190429688,-35.30632019042969,10.974370002746582));
#159=VERTEX_POINT('',#158);
#160=CARTESIAN_POINT('',(-30.306320190429688,-35.30632019042969,9.605358123779297));
#161=VERTEX_POINT('',#160);
#162=CARTESIAN_POINT('',(-30.466217041015625,-35.13334655761719,10.974370002746582));
#163=VERTEX_POINT('',#162);
#164=CARTESIAN_POINT('',(-30.466217041015625,-35.13334655761719,9.605358123779297));
#165=VERTEX_POINT('',#164);
#166=CARTESIAN_POINT('',(-30.612051010131836,-34.94835662841797,10.974370002746582));
#167=VERTEX_POINT('',#166);
#168=CARTESIAN_POINT('',(-30.612051010131836,-34.94835662841797,9.605358123779297));
#169=VERTEX_POINT('',#168);
#170=CARTESIAN_POINT('',(-30.742919921875,-34.752498626708984,10.974370002746582));
#171=VERTEX_POINT('',#170);
#172=CARTESIAN_POINT('',(-30.742919921875,-34.752498626708984,9.605358123779297));
#173=VERTEX_POINT('',#172);
#174=CARTESIAN_POINT('',(-30.85801887512207,-34.546974182128906,10.974370002746582));
#175=VERTEX_POINT('',#174);
#176=CARTESIAN_POINT('',(-30.85801887512207,-34.546974182128906,9.605358123779297));
#177=VERTEX_POINT('',#176);
#178=CARTESIAN_POINT('',(-30.95663833618164,-34.33305358886719,10.974370002746582));
#179=VERTEX_POINT('',#178);
#180=CARTESIAN_POINT('',(-30.95663833618164,-34.33305358886719,9.605358123779297));
#181=VERTEX_POINT('',#180);
#182=CARTESIAN_POINT('',(-31.038169860839844,-34.11205291748047,10.974370002746582));
#183=VERTEX_POINT('',#182);
#184=CARTESIAN_POINT('',(-31.038169860839844,-34.11205291748047,9.605358123779297));
#185=VERTEX_POINT('',#184);
#186=CARTESIAN_POINT('',(-31.102109909057617,-33.885337829589844,10.974370002746582));
#187=VERTEX_POINT('',#186);
#188=CARTESIAN_POINT('',(-31.102109909057617,-33.885337829589844,9.605358123779297));
#189=VERTEX_POINT('',#188);
#190=CARTESIAN_POINT('',(-31.14806365966797,-33.65430450439453,10.974370002746582));
#191=VERTEX_POINT('',#190);
#192=CARTESIAN_POINT('',(-31.14806365966797,-33.65430450439453,9.605358123779297));
#193=VERTEX_POINT('',#192);
#194=CARTESIAN_POINT('',(-31.175750732421875,-33.420379638671875,10.974370002746582));
#195=VERTEX_POINT('',#194);
#196=CARTESIAN_POINT('',(-31.175750732421875,-33.420379638671875,9.605358123779297));
#197=VERTEX_POINT('',#196);
#198=CARTESIAN_POINT('',(-31.184999465942383,-33.185001373291016,10.974370002746582));
#199=VERTEX_POINT('',#198);
#200=CARTESIAN_POINT('',(-31.184999465942383,-33.185001373291016,9.605358123779297));
#201=VERTEX_POINT('',#200);
#202=CARTESIAN_POINT('',(-28.184999465942383,51.185001373291016,9.605358123779297));
#203=VERTEX_POINT('',#202);
#204=CARTESIAN_POINT('',(-28.42037582397461,51.17575454711914,9.605358123779297));
#205=VERTEX_POINT('',#204);
#206=CARTESIAN_POINT('',(-28.42037582397461,51.17575454711914,10.974370002746582));
#207=VERTEX_POINT('',#206);
#208=CARTESIAN_POINT('',(-28.184999465942383,51.185001373291016,10.974370002746582));
#209=VERTEX_POINT('',#208);
#210=CARTESIAN_POINT('',(-28.6543025970459,51.148067474365234,9.605358123779297));
#211=VERTEX_POINT('',#210);
#212=CARTESIAN_POINT('',(-28.6543025970459,51.148067474365234,10.974370002746582));
#213=VERTEX_POINT('',#212);
#214=CARTESIAN_POINT('',(-28.88533592224121,51.10211181640625,9.605358123779297));
#215=VERTEX_POINT('',#214);
#216=CARTESIAN_POINT('',(-28.88533592224121,51.10211181640625,10.974370002746582));
#217=VERTEX_POINT('',#216);
#218=CARTESIAN_POINT('',(-29.112051010131836,51.038169860839844,9.605358123779297));
#219=VERTEX_POINT('',#218);
#220=CARTESIAN_POINT('',(-29.112051010131836,51.038169860839844,10.974370002746582));
#221=VERTEX_POINT('',#220);
#222=CARTESIAN_POINT('',(-29.333049774169922,50.95663833618164,9.605358123779297));
#223=VERTEX_POINT('',#222);
#224=CARTESIAN_POINT('',(-29.333049774169922,50.95663833618164,10.974370002746582));
#225=VERTEX_POINT('',#224);
#226=CARTESIAN_POINT('',(-29.54697036743164,50.8580207824707,9.605358123779297));
#227=VERTEX_POINT('',#226);
#228=CARTESIAN_POINT('',(-29.54697036743164,50.8580207824707,10.974370002746582));
#229=VERTEX_POINT('',#228);
#230=CARTESIAN_POINT('',(-29.75249481201172,50.742919921875,9.605358123779297));
#231=VERTEX_POINT('',#230);
#232=CARTESIAN_POINT('',(-29.75249481201172,50.742919921875,10.974370002746582));
#233=VERTEX_POINT('',#232);
#234=CARTESIAN_POINT('',(-29.948354721069336,50.61205291748047,9.605358123779297));
#235=VERTEX_POINT('',#234);
#236=CARTESIAN_POINT('',(-29.948354721069336,50.61205291748047,10.974370002746582));
#237=VERTEX_POINT('',#236);
#238=CARTESIAN_POINT('',(-30.133342742919922,50.46622085571289,9.605358123779297));
#239=VERTEX_POINT('',#238);
#240=CARTESIAN_POINT('',(-30.133342742919922,50.46622085571289,10.974370002746582));
#241=VERTEX_POINT('',#240);
#242=CARTESIAN_POINT('',(-30.306320190429688,50.30632019042969,9.605358123779297));
#243=VERTEX_POINT('',#242);
#244=CARTESIAN_POINT('',(-30.306320190429688,50.30632019042969,10.974370002746582));
#245=VERTEX_POINT('',#244);
#246=CARTESIAN_POINT('',(-30.466217041015625,50.13334655761719,9.605358123779297));
#247=VERTEX_POINT('',#246);
#248=CARTESIAN_POINT('',(-30.466217041015625,50.13334655761719,10.974370002746582));
#249=VERTEX_POINT('',#248);
#250=CARTESIAN_POINT('',(-30.612051010131836,49.94835662841797,9.605358123779297));
#251=VERTEX_POINT('',#250);
#252=CARTESIAN_POINT('',(-30.612051010131836,49.94835662841797,10.974370002746582));
#253=VERTEX_POINT('',#252);
#254=CARTESIAN_POINT('',(-30.742919921875,49.752498626708984,9.605358123779297));
#255=VERTEX_POINT('',#254);
#256=CARTESIAN_POINT('',(-30.742919921875,49.752498626708984,10.974370002746582));
#257=VERTEX_POINT('',#256);
#258=CARTESIAN_POINT('',(-30.85801887512207,49.546974182128906,9.605358123779297));
#259=VERTEX_POINT('',#258);
#260=CARTESIAN_POINT('',(-30.85801887512207,49.546974182128906,10.974370002746582));
#261=VERTEX_POINT('',#260);
#262=CARTESIAN_POINT('',(-30.95663833618164,49.33305358886719,9.605358123779297));
#263=VERTEX_POINT('',#262);
#264=CARTESIAN_POINT('',(-30.95663833618164,49.33305358886719,10.974370002746582));
#265=VERTEX_POINT('',#264);
#266=CARTESIAN_POINT('',(-31.038169860839844,49.11205291748047,9.605358123779297));
#267=VERTEX_POINT('',#266);
#268=CARTESIAN_POINT('',(-31.038169860839844,49.11205291748047,10.974370002746582));
#269=VERTEX_POINT('',#268);
#270=CARTESIAN_POINT('',(-31.102109909057617,48.885337829589844,9.605358123779297));
#271=VERTEX_POINT('',#270);
#272=CARTESIAN_POINT('',(-31.102109909057617,48.885337829589844,10.974370002746582));
#273=VERTEX_POINT('',#272);
#274=CARTESIAN_POINT('',(-31.14806365966797,48.65430450439453,9.605358123779297));
#275=VERTEX_POINT('',#274);
#276=CARTESIAN_POINT('',(-31.14806365966797,48.65430450439453,10.974370002746582));
#277=VERTEX_POINT('',#276);
#278=CARTESIAN_POINT('',(-31.175750732421875,48.420379638671875,9.605358123779297));
#279=VERTEX_POINT('',#278);
#280=CARTESIAN_POINT('',(-31.175750732421875,48.420379638671875,10.974370002746582));
#281=VERTEX_POINT('',#280);
#282=CARTESIAN_POINT('',(-31.184999465942383,48.185001373291016,9.605358123779297));
#283=VERTEX_POINT('',#282);
#284=CARTESIAN_POINT('',(-31.184999465942383,48.185001373291016,10.974370002746582));
#285=VERTEX_POINT('',#284);
#286=CARTESIAN_POINT('',(28.184999465942383,51.185001373291016,10.974370002746582));
#287=VERTEX_POINT('',#286);
#288=CARTESIAN_POINT('',(28.42037582397461,51.17575454711914,10.974370002746582));
#289=VERTEX_POINT('',#288);
#290=CARTESIAN_POINT('',(28.42037582397461,51.17575454711914,9.605358123779297));
#291=VERTEX_POINT('',#290);
#292=CARTESIAN_POINT('',(28.184999465942383,51.185001373291016,9.605358123779297));
#293=VERTEX_POINT('',#292);
#294=CARTESIAN_POINT('',(28.6543025970459,51.148067474365234,10.974370002746582));
#295=VERTEX_POINT('',#294);
#296=CARTESIAN_POINT('',(28.6543025970459,51.148067474365234,9.605358123779297));
#297=VERTEX_POINT('',#296);
#298=CARTESIAN_POINT('',(28.88533592224121,51.10211181640625,10.974370002746582));
#299=VERTEX_POINT('',#298);
#300=CARTESIAN_POINT('',(28.88533592224121,51.10211181640625,9.605358123779297));
#301=VERTEX_POINT('',#300);
#302=CARTESIAN_POINT('',(29.112051010131836,51.038169860839844,10.974370002746582));
#303=VERTEX_POINT('',#302);
#304=CARTESIAN_POINT('',(29.112051010131836,51.038169860839844,9.605358123779297));
#305=VERTEX_POINT('',#304);
#306=CARTESIAN_POINT('',(29.333049774169922,50.95663833618164,10.974370002746582));
#307=VERTEX_POINT('',#306);
#308=CARTESIAN_POINT('',(29.333049774169922,50.95663833618164,9.605358123779297));
#309=VERTEX_POINT('',#308);
#310=CARTESIAN_POINT('',(29.54697036743164,50.8580207824707,10.974370002746582));
#311=VERTEX_POINT('',#310);
#312=CARTESIAN_POINT('',(29.54697036743164,50.8580207824707,9.605358123779297));
#313=VERTEX_POINT('',#312);
#314=CARTESIAN_POINT('',(29.75249481201172,50.742919921875,10.974370002746582));
#315=VERTEX_POINT('',#314);
#316=CARTESIAN_POINT('',(29.75249481201172,50.742919921875,9.605358123779297));
#317=VERTEX_POINT('',#316);
#318=CARTESIAN_POINT('',(29.948354721069336,50.61205291748047,10.974370002746582));
#319=VERTEX_POINT('',#318);
#320=CARTESIAN_POINT('',(29.948354721069336,50.61205291748047,9.605358123779297));
#321=VERTEX_POINT('',#320);
#322=CARTESIAN_POINT('',(30.133342742919922,50.46622085571289,10.974370002746582));
#323=VERTEX_POINT('',#322);
#324=CARTESIAN_POINT('',(30.133342742919922,50.46622085571289,9.605358123779297));
#325=VERTEX_POINT('',#324);
#326=CARTESIAN_POINT('',(30.306320190429688,50.30632019042969,10.974370002746582));
#327=VERTEX_POINT('',#326);
#328=CARTESIAN_POINT('',(30.306320190429688,50.30632019042969,9.605358123779297));
#329=VERTEX_POINT('',#328);
#330=CARTESIAN_POINT('',(30.466217041015625,50.13334655761719,10.974370002746582));
#331=VERTEX_POINT('',#330);
#332=CARTESIAN_POINT('',(30.466217041015625,50.13334655761719,9.605358123779297));
#333=VERTEX_POINT('',#332);
#334=CARTESIAN_POINT('',(30.612051010131836,49.94835662841797,10.974370002746582));
#335=VERTEX_POINT('',#334);
#336=CARTESIAN_POINT('',(30.612051010131836,49.94835662841797,9.605358123779297));
#337=VERTEX_POINT('',#336);
#338=CARTESIAN_POINT('',(30.742919921875,49.752498626708984,10.974370002746582));
#339=VERTEX_POINT('',#338);
#340=CARTESIAN_POINT('',(30.742919921875,49.752498626708984,9.605358123779297));
#341=VERTEX_POINT('',#340);
#342=CARTESIAN_POINT('',(30.85801887512207,49.546974182128906,10.974370002746582));
#343=VERTEX_POINT('',#342);
#344=CARTESIAN_POINT('',(30.85801887512207,49.546974182128906,9.605358123779297));
#345=VERTEX_POINT('',#344);
#346=CARTESIAN_POINT('',(30.95663833618164,49.33305358886719,10.974370002746582));
#347=VERTEX_POINT('',#346);
#348=CARTESIAN_POINT('',(30.95663833618164,49.33305358886719,9.605358123779297));
#349=VERTEX_POINT('',#348);
#350=CARTESIAN_POINT('',(31.038169860839844,49.11205291748047,10.974370002746582));
#351=VERTEX_POINT('',#350);
#352=CARTESIAN_POINT('',(31.038169860839844,49.11205291748047,9.605358123779297));
#353=VERTEX_POINT('',#352);
#354=CARTESIAN_POINT('',(31.102109909057617,48.885337829589844,10.974370002746582));
#355=VERTEX_POINT('',#354);
#356=CARTESIAN_POINT('',(31.102109909057617,48.885337829589844,9.605358123779297));
#357=VERTEX_POINT('',#356);
#358=CARTESIAN_POINT('',(31.14806365966797,48.65430450439453,10.974370002746582));
#359=VERTEX_POINT('',#358);
#360=CARTESIAN_POINT('',(31.14806365966797,48.65430450439453,9.605358123779297));
#361=VERTEX_POINT('',#360);
#362=CARTESIAN_POINT('',(31.175750732421875,48.420379638671875,10.974370002746582));
#363=VERTEX_POINT('',#362);
#364=CARTESIAN_POINT('',(31.175750732421875,48.420379638671875,9.605358123779297));
#365=VERTEX_POINT('',#364);
#366=CARTESIAN_POINT('',(31.184999465942383,48.185001373291016,10.974370002746582));
#367=VERTEX_POINT('',#366);
#368=CARTESIAN_POINT('',(31.184999465942383,48.185001373291016,9.605358123779297));
#369=VERTEX_POINT('',#368);
#370=CARTESIAN_POINT('',(-36.5,-47.5,7.23037052154541));
#371=VERTEX_POINT('',#370);
#372=CARTESIAN_POINT('',(-36.5,-47.5,14.088370323181152));
#373=VERTEX_POINT('',#372);
#374=CARTESIAN_POINT('',(-36.5,62.5,14.088370323181152));
#375=VERTEX_POINT('',#374);
#376=CARTESIAN_POINT('',(-36.5,62.5,7.23037052154541));
#377=VERTEX_POINT('',#376);
#378=CARTESIAN_POINT('',(36.5,62.5,14.088370323181152));
#379=VERTEX_POINT('',#378);
#380=CARTESIAN_POINT('',(36.5,62.5,7.23037052154541));
#381=VERTEX_POINT('',#380);
#382=CARTESIAN_POINT('',(36.5,-47.5,14.088370323181152));
#383=VERTEX_POINT('',#382);
#384=CARTESIAN_POINT('',(36.5,-47.5,7.23037052154541));
#385=VERTEX_POINT('',#384);
#386=CARTESIAN_POINT('',(0,59.1230583190918,8.659370422363281));
#387=VERTEX_POINT('',#386);
#388=CARTESIAN_POINT('',(0,59.1230583190918,12.659370422363281));
#389=VERTEX_POINT('',#388);
#390=CARTESIAN_POINT('',(0.5215647220611572,59.07168960571289,12.659370422363281));
#391=VERTEX_POINT('',#390);
#392=CARTESIAN_POINT('',(0.5215647220611572,59.07168960571289,8.659370422363281));
#393=VERTEX_POINT('',#392);
#394=CARTESIAN_POINT('',(1.0230860710144043,58.9195556640625,12.659370422363281));
#395=VERTEX_POINT('',#394);
#396=CARTESIAN_POINT('',(1.0230860710144043,58.9195556640625,8.659370422363281));
#397=VERTEX_POINT('',#396);
#398=CARTESIAN_POINT('',(1.4852908849716187,58.67250061035156,12.659370422363281));
#399=VERTEX_POINT('',#398);
#400=CARTESIAN_POINT('',(1.4852908849716187,58.67250061035156,8.659370422363281));
#401=VERTEX_POINT('',#400);
#402=CARTESIAN_POINT('',(1.8904165029525757,58.340023040771484,12.659370422363281));
#403=VERTEX_POINT('',#402);
#404=CARTESIAN_POINT('',(1.8904165029525757,58.340023040771484,8.659370422363281));
#405=VERTEX_POINT('',#404);
#406=CARTESIAN_POINT('',(2.2228946685791016,57.934898376464844,12.659370422363281));
#407=VERTEX_POINT('',#406);
#408=CARTESIAN_POINT('',(2.2228946685791016,57.934898376464844,8.659370422363281));
#409=VERTEX_POINT('',#408);
#410=CARTESIAN_POINT('',(2.4699480533599854,57.47269058227539,12.659370422363281));
#411=VERTEX_POINT('',#410);
#412=CARTESIAN_POINT('',(2.4699480533599854,57.47269058227539,8.659370422363281));
#413=VERTEX_POINT('',#412);
#414=CARTESIAN_POINT('',(2.6220829486846924,56.971168518066406,12.659370422363281));
#415=VERTEX_POINT('',#414);
#416=CARTESIAN_POINT('',(2.6220829486846924,56.971168518066406,8.659370422363281));
#417=VERTEX_POINT('',#416);
#418=CARTESIAN_POINT('',(2.673452615737915,56.44960403442383,12.659370422363281));
#419=VERTEX_POINT('',#418);
#420=CARTESIAN_POINT('',(2.673452615737915,56.44960403442383,8.659370422363281));
#421=VERTEX_POINT('',#420);
#422=CARTESIAN_POINT('',(2.6220829486846924,55.928043365478516,12.659370422363281));
#423=VERTEX_POINT('',#422);
#424=CARTESIAN_POINT('',(2.6220829486846924,55.928043365478516,8.659370422363281));
#425=VERTEX_POINT('',#424);
#426=CARTESIAN_POINT('',(2.4699480533599854,55.42652130126953,12.659370422363281));
#427=VERTEX_POINT('',#426);
#428=CARTESIAN_POINT('',(2.4699480533599854,55.42652130126953,8.659370422363281));
#429=VERTEX_POINT('',#428);
#430=CARTESIAN_POINT('',(2.2228946685791016,54.96431350708008,12.659370422363281));
#431=VERTEX_POINT('',#430);
#432=CARTESIAN_POINT('',(2.2228946685791016,54.96431350708008,8.659370422363281));
#433=VERTEX_POINT('',#432);
#434=CARTESIAN_POINT('',(1.8904165029525757,54.55918884277344,12.659370422363281));
#435=VERTEX_POINT('',#434);
#436=CARTESIAN_POINT('',(1.8904165029525757,54.55918884277344,8.659370422363281));
#437=VERTEX_POINT('',#436);
#438=CARTESIAN_POINT('',(1.4852908849716187,54.22671127319336,12.659370422363281));
#439=VERTEX_POINT('',#438);
#440=CARTESIAN_POINT('',(1.4852908849716187,54.22671127319336,8.659370422363281));
#441=VERTEX_POINT('',#440);
#442=CARTESIAN_POINT('',(1.0230860710144043,53.97965621948242,12.659370422363281));
#443=VERTEX_POINT('',#442);
#444=CARTESIAN_POINT('',(1.0230860710144043,53.97965621948242,8.659370422363281));
#445=VERTEX_POINT('',#444);
#446=CARTESIAN_POINT('',(0.5215647220611572,53.82752227783203,12.659370422363281));
#447=VERTEX_POINT('',#446);
#448=CARTESIAN_POINT('',(0.5215647220611572,53.82752227783203,8.659370422363281));
#449=VERTEX_POINT('',#448);
#450=CARTESIAN_POINT('',(0,53.776153564453125,12.659370422363281));
#451=VERTEX_POINT('',#450);
#452=CARTESIAN_POINT('',(0,53.776153564453125,8.659370422363281));
#453=VERTEX_POINT('',#452);
#454=CARTESIAN_POINT('',(-0.5215647220611572,53.82752227783203,12.659370422363281));
#455=VERTEX_POINT('',#454);
#456=CARTESIAN_POINT('',(-0.5215647220611572,53.82752227783203,8.659370422363281));
#457=VERTEX_POINT('',#456);
#458=CARTESIAN_POINT('',(-1.0230860710144043,53.97965621948242,12.659370422363281));
#459=VERTEX_POINT('',#458);
#460=CARTESIAN_POINT('',(-1.0230860710144043,53.97965621948242,8.659370422363281));
#461=VERTEX_POINT('',#460);
#462=CARTESIAN_POINT('',(-1.4852908849716187,54.22671127319336,12.659370422363281));
#463=VERTEX_POINT('',#462);
#464=CARTESIAN_POINT('',(-1.4852908849716187,54.22671127319336,8.659370422363281));
#465=VERTEX_POINT('',#464);
#466=CARTESIAN_POINT('',(-1.8904165029525757,54.55918884277344,12.659370422363281));
#467=VERTEX_POINT('',#466);
#468=CARTESIAN_POINT('',(-1.8904165029525757,54.55918884277344,8.659370422363281));
#469=VERTEX_POINT('',#468);
#470=CARTESIAN_POINT('',(-2.2228946685791016,54.96431350708008,12.659370422363281));
#471=VERTEX_POINT('',#470);
#472=CARTESIAN_POINT('',(-2.2228946685791016,54.96431350708008,8.659370422363281));
#473=VERTEX_POINT('',#472);
#474=CARTESIAN_POINT('',(-2.4699480533599854,55.42652130126953,12.659370422363281));
#475=VERTEX_POINT('',#474);
#476=CARTESIAN_POINT('',(-2.4699480533599854,55.42652130126953,8.659370422363281));
#477=VERTEX_POINT('',#476);
#478=CARTESIAN_POINT('',(-2.6220829486846924,55.928043365478516,12.659370422363281));
#479=VERTEX_POINT('',#478);
#480=CARTESIAN_POINT('',(-2.6220829486846924,55.928043365478516,8.659370422363281));
#481=VERTEX_POINT('',#480);
#482=CARTESIAN_POINT('',(-2.673452615737915,56.44960403442383,12.659370422363281));
#483=VERTEX_POINT('',#482);
#484=CARTESIAN_POINT('',(-2.673452615737915,56.44960403442383,8.659370422363281));
#485=VERTEX_POINT('',#484);
#486=CARTESIAN_POINT('',(-2.6220829486846924,56.971168518066406,12.659370422363281));
#487=VERTEX_POINT('',#486);
#488=CARTESIAN_POINT('',(-2.6220829486846924,56.971168518066406,8.659370422363281));
#489=VERTEX_POINT('',#488);
#490=CARTESIAN_POINT('',(-2.4699480533599854,57.47269058227539,12.659370422363281));
#491=VERTEX_POINT('',#490);
#492=CARTESIAN_POINT('',(-2.4699480533599854,57.47269058227539,8.659370422363281));
#493=VERTEX_POINT('',#492);
#494=CARTESIAN_POINT('',(-2.2228946685791016,57.934898376464844,12.659370422363281));
#495=VERTEX_POINT('',#494);
#496=CARTESIAN_POINT('',(-2.2228946685791016,57.934898376464844,8.659370422363281));
#497=VERTEX_POINT('',#496);
#498=CARTESIAN_POINT('',(-1.8904165029525757,58.340023040771484,12.659370422363281));
#499=VERTEX_POINT('',#498);
#500=CARTESIAN_POINT('',(-1.8904165029525757,58.340023040771484,8.659370422363281));
#501=VERTEX_POINT('',#500);
#502=CARTESIAN_POINT('',(-1.4852908849716187,58.67250061035156,12.659370422363281));
#503=VERTEX_POINT('',#502);
#504=CARTESIAN_POINT('',(-1.4852908849716187,58.67250061035156,8.659370422363281));
#505=VERTEX_POINT('',#504);
#506=CARTESIAN_POINT('',(-1.0230860710144043,58.9195556640625,12.659370422363281));
#507=VERTEX_POINT('',#506);
#508=CARTESIAN_POINT('',(-1.0230860710144043,58.9195556640625,8.659370422363281));
#509=VERTEX_POINT('',#508);
#510=CARTESIAN_POINT('',(-0.5215647220611572,59.07168960571289,12.659370422363281));
#511=VERTEX_POINT('',#510);
#512=CARTESIAN_POINT('',(-0.5215647220611572,59.07168960571289,8.659370422363281));
#513=VERTEX_POINT('',#512);
#514=FACE_SURFACE('',(#519),#515,.T.);
#515=PLANE('',#516);
#516=AXIS2_PLACEMENT_3D('',#34,#517,#518);
#517=DIRECTION('',(0.03925500008039898,-0.999229225437631,0));
#518=DIRECTION('',(0.9992292254376309,0.03925500008039897,0));
#519=FACE_BOUND('',#520,.T.);
#520=EDGE_LOOP('',(#521,#522,#523));
#521=ORIENTED_EDGE('',*,*,#524,.T.);
#522=ORIENTED_EDGE('',*,*,#525,.T.);
#523=ORIENTED_EDGE('',*,*,#526,.T.);
#524=EDGE_CURVE('',#35,#37,#527,.F.);
#525=EDGE_CURVE('',#37,#39,#528,.T.);
#526=EDGE_CURVE('',#39,#35,#529,.T.);
#527=LINE('',#34,#530);
#528=LINE('',#36,#531);
#529=LINE('',#38,#532);
#530=VECTOR('',#533,1.0);
#531=VECTOR('',#534,1.0);
#532=VECTOR('',#535,1.0);
#533=DIRECTION('',(0.9992292254376309,0.03925500008039897,0));
#534=DIRECTION('',(0,0,1));
#535=DIRECTION('',(-0.1694416109534884,-0.006656561159616804,-0.9855177475170172));
#536=FACE_SURFACE('',(#541),#537,.T.);
#537=PLANE('',#538);
#538=AXIS2_PLACEMENT_3D('',#34,#539,#540);
#539=DIRECTION('',(0.03925500008039898,-0.999229225437631,0));
#540=DIRECTION('',(0.1694416109534884,0.006656561159616804,0.9855177475170172));
#541=FACE_BOUND('',#542,.T.);
#542=EDGE_LOOP('',(#543,#544,#545));
#543=ORIENTED_EDGE('',*,*,#546,.T.);
#544=ORIENTED_EDGE('',*,*,#547,.T.);
#545=ORIENTED_EDGE('',*,*,#548,.T.);
#546=EDGE_CURVE('',#35,#39,#549,.F.);
#547=EDGE_CURVE('',#39,#41,#550,.T.);
#548=EDGE_CURVE('',#41,#35,#551,.T.);
#549=LINE('',#34,#552);
#550=LINE('',#38,#553);
#551=LINE('',#40,#554);
#552=VECTOR('',#555,1.0);
#553=VECTOR('',#556,1.0);
#554=VECTOR('',#557,1.0);
#555=DIRECTION('',(0.1694416109534884,0.006656561159616804,0.9855177475170172));
#556=DIRECTION('',(-0.9992292254376309,-0.03925500008039897,0));
#557=DIRECTION('',(0,0,-1));
#558=FACE_SURFACE('',(#563),#559,.T.);
#559=PLANE('',#560);
#560=AXIS2_PLACEMENT_3D('',#36,#561,#562);
#561=DIRECTION('',(0.11753745864915802,-0.9930684497124542,0));
#562=DIRECTION('',(0.9930684497124543,0.11753745864915803,0));
#563=FACE_BOUND('',#564,.T.);
#564=EDGE_LOOP('',(#565,#566,#567));
#565=ORIENTED_EDGE('',*,*,#568,.T.);
#566=ORIENTED_EDGE('',*,*,#569,.T.);
#567=ORIENTED_EDGE('',*,*,#570,.T.);
#568=EDGE_CURVE('',#37,#43,#571,.F.);
#569=EDGE_CURVE('',#43,#45,#572,.T.);
#570=EDGE_CURVE('',#45,#37,#573,.T.);
#571=LINE('',#36,#574);
#572=LINE('',#42,#575);
#573=LINE('',#44,#576);
#574=VECTOR('',#577,1.0);
#575=VECTOR('',#578,1.0);
#576=VECTOR('',#579,1.0);
#577=DIRECTION('',(0.9930684497124543,0.11753745864915803,0));
#578=DIRECTION('',(0,0,1));
#579=DIRECTION('',(-0.16839805680430545,-0.019931233988921666,-0.9855175495018914));
#580=FACE_SURFACE('',(#585),#581,.T.);
#581=PLANE('',#582);
#582=AXIS2_PLACEMENT_3D('',#36,#583,#584);
#583=DIRECTION('',(0.11753745864915802,-0.9930684497124542,0));
#584=DIRECTION('',(0.16839805680430545,0.019931233988921666,0.9855175495018914));
#585=FACE_BOUND('',#586,.T.);
#586=EDGE_LOOP('',(#587,#588,#589));
#587=ORIENTED_EDGE('',*,*,#590,.T.);
#588=ORIENTED_EDGE('',*,*,#591,.T.);
#589=ORIENTED_EDGE('',*,*,#592,.T.);
#590=EDGE_CURVE('',#37,#45,#593,.F.);
#591=EDGE_CURVE('',#45,#39,#594,.T.);
#592=EDGE_CURVE('',#39,#37,#595,.T.);
#593=LINE('',#36,#596);
#594=LINE('',#44,#597);
#595=LINE('',#38,#598);
#596=VECTOR('',#599,1.0);
#597=VECTOR('',#600,1.0);
#598=VECTOR('',#601,1.0);
#599=DIRECTION('',(0.16839805680430545,0.019931233988921666,0.9855175495018914));
#600=DIRECTION('',(-0.9930684497124543,-0.11753745864915803,0));
#601=DIRECTION('',(0,0,-1));
#602=FACE_SURFACE('',(#607),#603,.T.);
#603=PLANE('',#604);
#604=AXIS2_PLACEMENT_3D('',#42,#605,#606);
#605=DIRECTION('',(0.19509143399348614,-0.9807850592165265,0));
#606=DIRECTION('',(0.9807850592165264,0.19509143399348614,0));
#607=FACE_BOUND('',#608,.T.);
#608=EDGE_LOOP('',(#609,#610,#611));
#609=ORIENTED_EDGE('',*,*,#612,.T.);
#610=ORIENTED_EDGE('',*,*,#613,.T.);
#611=ORIENTED_EDGE('',*,*,#614,.T.);
#612=EDGE_CURVE('',#43,#47,#615,.F.);
#613=EDGE_CURVE('',#47,#49,#616,.T.);
#614=EDGE_CURVE('',#49,#43,#617,.T.);
#615=LINE('',#42,#618);
#616=LINE('',#46,#619);
#617=LINE('',#48,#620);
#618=VECTOR('',#621,1.0);
#619=VECTOR('',#622,1.0);
#620=VECTOR('',#623,1.0);
#621=DIRECTION('',(0.9807850592165264,0.19509143399348614,0));
#622=DIRECTION('',(0,0,1));
#623=DIRECTION('',(-0.16631513529358607,-0.03308233331487074,-0.9855175467716037));
#624=FACE_SURFACE('',(#629),#625,.T.);
#625=PLANE('',#626);
#626=AXIS2_PLACEMENT_3D('',#42,#627,#628);
#627=DIRECTION('',(0.19509143399348614,-0.9807850592165265,0));
#628=DIRECTION('',(0.16631513529358607,0.03308233331487074,0.9855175467716037));
#629=FACE_BOUND('',#630,.T.);
#630=EDGE_LOOP('',(#631,#632,#633));
#631=ORIENTED_EDGE('',*,*,#634,.T.);
#632=ORIENTED_EDGE('',*,*,#635,.T.);
#633=ORIENTED_EDGE('',*,*,#636,.T.);
#634=EDGE_CURVE('',#43,#49,#637,.F.);
#635=EDGE_CURVE('',#49,#45,#638,.T.);
#636=EDGE_CURVE('',#45,#43,#639,.T.);
#637=LINE('',#42,#640);
#638=LINE('',#48,#641);
#639=LINE('',#44,#642);
#640=VECTOR('',#643,1.0);
#641=VECTOR('',#644,1.0);
#642=VECTOR('',#645,1.0);
#643=DIRECTION('',(0.16631513529358607,0.03308233331487074,0.9855175467716037));
#644=DIRECTION('',(-0.9807850592165264,-0.19509143399348614,0));
#645=DIRECTION('',(0,0,-1));
#646=FACE_SURFACE('',(#651),#647,.T.);
#647=PLANE('',#648);
#648=AXIS2_PLACEMENT_3D('',#46,#649,#650);
#649=DIRECTION('',(0.2714470873464182,-0.9624533644655964,0));
#650=DIRECTION('',(0.9624533644655963,0.27144708734641815,0));
#651=FACE_BOUND('',#652,.T.);
#652=EDGE_LOOP('',(#653,#654,#655));
#653=ORIENTED_EDGE('',*,*,#656,.T.);
#654=ORIENTED_EDGE('',*,*,#657,.T.);
#655=ORIENTED_EDGE('',*,*,#658,.T.);
#656=EDGE_CURVE('',#47,#51,#659,.F.);
#657=EDGE_CURVE('',#51,#53,#660,.T.);
#658=EDGE_CURVE('',#53,#47,#661,.T.);
#659=LINE('',#46,#662);
#660=LINE('',#50,#663);
#661=LINE('',#52,#664);
#662=VECTOR('',#665,1.0);
#663=VECTOR('',#666,1.0);
#664=VECTOR('',#667,1.0);
#665=DIRECTION('',(0.9624533644655963,0.27144708734641815,0));
#666=DIRECTION('',(0,0,1));
#667=DIRECTION('',(-0.16320654447224667,-0.04603022106682929,-0.9855175506250345));
#668=FACE_SURFACE('',(#673),#669,.T.);
#669=PLANE('',#670);
#670=AXIS2_PLACEMENT_3D('',#46,#671,#672);
#671=DIRECTION('',(0.2714470873464182,-0.9624533644655964,0));
#672=DIRECTION('',(0.16320654447224667,0.04603022106682929,0.9855175506250345));
#673=FACE_BOUND('',#674,.T.);
#674=EDGE_LOOP('',(#675,#676,#677));
#675=ORIENTED_EDGE('',*,*,#678,.T.);
#676=ORIENTED_EDGE('',*,*,#679,.T.);
#677=ORIENTED_EDGE('',*,*,#680,.T.);
#678=EDGE_CURVE('',#47,#53,#681,.F.);
#679=EDGE_CURVE('',#53,#49,#682,.T.);
#680=EDGE_CURVE('',#49,#47,#683,.T.);
#681=LINE('',#46,#684);
#682=LINE('',#52,#685);
#683=LINE('',#48,#686);
#684=VECTOR('',#687,1.0);
#685=VECTOR('',#688,1.0);
#686=VECTOR('',#689,1.0);
#687=DIRECTION('',(0.16320654447224667,0.04603022106682929,0.9855175506250345));
#688=DIRECTION('',(-0.9624533644655963,-0.27144708734641815,0));
#689=DIRECTION('',(0,0,-1));
#690=FACE_SURFACE('',(#695),#691,.T.);
#691=PLANE('',#692);
#692=AXIS2_PLACEMENT_3D('',#50,#693,#694);
#693=DIRECTION('',(0.3461199574262875,-0.9381902659222302,0));
#694=DIRECTION('',(0.9381902659222301,0.34611995742628743,0));
#695=FACE_BOUND('',#696,.T.);
#696=EDGE_LOOP('',(#697,#698,#699));
#697=ORIENTED_EDGE('',*,*,#700,.T.);
#698=ORIENTED_EDGE('',*,*,#701,.T.);
#699=ORIENTED_EDGE('',*,*,#702,.T.);
#700=EDGE_CURVE('',#51,#55,#703,.F.);
#701=EDGE_CURVE('',#55,#57,#704,.T.);
#702=EDGE_CURVE('',#57,#51,#705,.T.);
#703=LINE('',#50,#706);
#704=LINE('',#54,#707);
#705=LINE('',#56,#708);
#706=VECTOR('',#709,1.0);
#707=VECTOR('',#710,1.0);
#708=VECTOR('',#711,1.0);
#709=DIRECTION('',(0.9381902659222301,0.34611995742628743,0));
#710=DIRECTION('',(0,0,1));
#711=DIRECTION('',(-0.15909152434575902,-0.05869252073225176,-0.985517668482629));
#712=FACE_SURFACE('',(#717),#713,.T.);
#713=PLANE('',#714);
#714=AXIS2_PLACEMENT_3D('',#50,#715,#716);
#715=DIRECTION('',(0.3461199574262875,-0.9381902659222302,0));
#716=DIRECTION('',(0.15909152434575902,0.05869252073225176,0.985517668482629));
#717=FACE_BOUND('',#718,.T.);
#718=EDGE_LOOP('',(#719,#720,#721));
#719=ORIENTED_EDGE('',*,*,#722,.T.);
#720=ORIENTED_EDGE('',*,*,#723,.T.);
#721=ORIENTED_EDGE('',*,*,#724,.T.);
#722=EDGE_CURVE('',#51,#57,#725,.F.);
#723=EDGE_CURVE('',#57,#53,#726,.T.);
#724=EDGE_CURVE('',#53,#51,#727,.T.);
#725=LINE('',#50,#728);
#726=LINE('',#56,#729);
#727=LINE('',#52,#730);
#728=VECTOR('',#731,1.0);
#729=VECTOR('',#732,1.0);
#730=VECTOR('',#733,1.0);
#731=DIRECTION('',(0.15909152434575902,0.05869252073225176,0.985517668482629));
#732=DIRECTION('',(-0.9381902659222301,-0.34611995742628743,0));
#733=DIRECTION('',(0,0,-1));
#734=FACE_SURFACE('',(#739),#735,.T.);
#735=PLANE('',#736);
#736=AXIS2_PLACEMENT_3D('',#54,#737,#738);
#737=DIRECTION('',(0.41865556916770486,-0.9081450954582451,0));
#738=DIRECTION('',(0.9081450954582452,0.41865556916770486,0));
#739=FACE_BOUND('',#740,.T.);
#740=EDGE_LOOP('',(#741,#742,#743));
#741=ORIENTED_EDGE('',*,*,#744,.T.);
#742=ORIENTED_EDGE('',*,*,#745,.T.);
#743=ORIENTED_EDGE('',*,*,#746,.T.);
#744=EDGE_CURVE('',#55,#59,#747,.F.);
#745=EDGE_CURVE('',#59,#61,#748,.T.);
#746=EDGE_CURVE('',#61,#55,#749,.T.);
#747=LINE('',#54,#750);
#748=LINE('',#58,#751);
#749=LINE('',#60,#752);
#750=VECTOR('',#753,1.0);
#751=VECTOR('',#754,1.0);
#752=VECTOR('',#755,1.0);
#753=DIRECTION('',(0.9081450954582452,0.41865556916770486,0));
#754=DIRECTION('',(0,0,1));
#755=DIRECTION('',(-0.15399614091094105,-0.0709923362964023,-0.9855177709060938));
#756=FACE_SURFACE('',(#761),#757,.T.);
#757=PLANE('',#758);
#758=AXIS2_PLACEMENT_3D('',#54,#759,#760);
#759=DIRECTION('',(0.41865556916770486,-0.9081450954582451,0));
#760=DIRECTION('',(0.15399614091094105,0.0709923362964023,0.9855177709060938));
#761=FACE_BOUND('',#762,.T.);
#762=EDGE_LOOP('',(#763,#764,#765));
#763=ORIENTED_EDGE('',*,*,#766,.T.);
#764=ORIENTED_EDGE('',*,*,#767,.T.);
#765=ORIENTED_EDGE('',*,*,#768,.T.);
#766=EDGE_CURVE('',#55,#61,#769,.F.);
#767=EDGE_CURVE('',#61,#57,#770,.T.);
#768=EDGE_CURVE('',#57,#55,#771,.T.);
#769=LINE('',#54,#772);
#770=LINE('',#60,#773);
#771=LINE('',#56,#774);
#772=VECTOR('',#775,1.0);
#773=VECTOR('',#776,1.0);
#774=VECTOR('',#777,1.0);
#775=DIRECTION('',(0.15399614091094105,0.0709923362964023,0.9855177709060938));
#776=DIRECTION('',(-0.9081450954582452,-0.41865556916770486,0));
#777=DIRECTION('',(0,0,-1));
#778=FACE_SURFACE('',(#783),#779,.T.);
#779=PLANE('',#780);
#780=AXIS2_PLACEMENT_3D('',#58,#781,#782);
#781=DIRECTION('',(0.488626545548826,-0.8724930366398469,0));
#782=DIRECTION('',(0.8724930366398468,0.48862654554882595,0));
#783=FACE_BOUND('',#784,.T.);
#784=EDGE_LOOP('',(#785,#786,#787));
#785=ORIENTED_EDGE('',*,*,#788,.T.);
#786=ORIENTED_EDGE('',*,*,#789,.T.);
#787=ORIENTED_EDGE('',*,*,#790,.T.);
#788=EDGE_CURVE('',#59,#63,#791,.F.);
#789=EDGE_CURVE('',#63,#65,#792,.T.);
#790=EDGE_CURVE('',#65,#59,#793,.T.);
#791=LINE('',#58,#794);
#792=LINE('',#62,#795);
#793=LINE('',#64,#796);
#794=VECTOR('',#797,1.0);
#795=VECTOR('',#798,1.0);
#796=VECTOR('',#799,1.0);
#797=DIRECTION('',(0.8724930366398468,0.48862654554882595,0));
#798=DIRECTION('',(0,0,1));
#799=DIRECTION('',(-0.14795192050288752,-0.08285823815976438,-0.9855174993822113));
#800=FACE_SURFACE('',(#805),#801,.T.);
#801=PLANE('',#802);
#802=AXIS2_PLACEMENT_3D('',#58,#803,#804);
#803=DIRECTION('',(0.488626545548826,-0.8724930366398469,0));
#804=DIRECTION('',(0.14795192050288752,0.08285823815976438,0.9855174993822113));
#805=FACE_BOUND('',#806,.T.);
#806=EDGE_LOOP('',(#807,#808,#809));
#807=ORIENTED_EDGE('',*,*,#810,.T.);
#808=ORIENTED_EDGE('',*,*,#811,.T.);
#809=ORIENTED_EDGE('',*,*,#812,.T.);
#810=EDGE_CURVE('',#59,#65,#813,.F.);
#811=EDGE_CURVE('',#65,#61,#814,.T.);
#812=EDGE_CURVE('',#61,#59,#815,.T.);
#813=LINE('',#58,#816);
#814=LINE('',#64,#817);
#815=LINE('',#60,#818);
#816=VECTOR('',#819,1.0);
#817=VECTOR('',#820,1.0);
#818=VECTOR('',#821,1.0);
#819=DIRECTION('',(0.14795192050288752,0.08285823815976438,0.9855174993822113));
#820=DIRECTION('',(-0.8724930366398468,-0.48862654554882595,0));
#821=DIRECTION('',(0,0,-1));
#822=FACE_SURFACE('',(#827),#823,.T.);
#823=PLANE('',#824);
#824=AXIS2_PLACEMENT_3D('',#62,#825,#826);
#825=DIRECTION('',(0.5555631807935698,-0.8314743244060704,0));
#826=DIRECTION('',(0.8314743244060705,0.5555631807935698,0));
#827=FACE_BOUND('',#828,.T.);
#828=EDGE_LOOP('',(#829,#830,#831));
#829=ORIENTED_EDGE('',*,*,#832,.T.);
#830=ORIENTED_EDGE('',*,*,#833,.T.);
#831=ORIENTED_EDGE('',*,*,#834,.T.);
#832=EDGE_CURVE('',#63,#67,#835,.F.);
#833=EDGE_CURVE('',#67,#69,#836,.T.);
#834=EDGE_CURVE('',#69,#63,#837,.T.);
#835=LINE('',#62,#838);
#836=LINE('',#66,#839);
#837=LINE('',#68,#840);
#838=VECTOR('',#841,1.0);
#839=VECTOR('',#842,1.0);
#840=VECTOR('',#843,1.0);
#841=DIRECTION('',(0.8314743244060705,0.5555631807935698,0));
#842=DIRECTION('',(0,0,1));
#843=DIRECTION('',(-0.14099470736339895,-0.09420792175852374,-0.9855178131182862));
#844=FACE_SURFACE('',(#849),#845,.T.);
#845=PLANE('',#846);
#846=AXIS2_PLACEMENT_3D('',#62,#847,#848);
#847=DIRECTION('',(0.5555631807935698,-0.8314743244060704,0));
#848=DIRECTION('',(0.14099470736339895,0.09420792175852374,0.9855178131182862));
#849=FACE_BOUND('',#850,.T.);
#850=EDGE_LOOP('',(#851,#852,#853));
#851=ORIENTED_EDGE('',*,*,#854,.T.);
#852=ORIENTED_EDGE('',*,*,#855,.T.);
#853=ORIENTED_EDGE('',*,*,#856,.T.);
#854=EDGE_CURVE('',#63,#69,#857,.F.);
#855=EDGE_CURVE('',#69,#65,#858,.T.);
#856=EDGE_CURVE('',#65,#63,#859,.T.);
#857=LINE('',#62,#860);
#858=LINE('',#68,#861);
#859=LINE('',#64,#862);
#860=VECTOR('',#863,1.0);
#861=VECTOR('',#864,1.0);
#862=VECTOR('',#865,1.0);
#863=DIRECTION('',(0.14099470736339895,0.09420792175852374,0.9855178131182862));
#864=DIRECTION('',(-0.8314743244060705,-0.5555631807935698,0));
#865=DIRECTION('',(0,0,-1));
#866=FACE_SURFACE('',(#871),#867,.T.);
#867=PLANE('',#868);
#868=AXIS2_PLACEMENT_3D('',#66,#869,#870);
#869=DIRECTION('',(0.61909202283399,-0.7853184495880116,0));
#870=DIRECTION('',(0.7853184495880116,0.61909202283399,0));
#871=FACE_BOUND('',#872,.T.);
#872=EDGE_LOOP('',(#873,#874,#875));
#873=ORIENTED_EDGE('',*,*,#876,.T.);
#874=ORIENTED_EDGE('',*,*,#877,.T.);
#875=ORIENTED_EDGE('',*,*,#878,.T.);
#876=EDGE_CURVE('',#67,#71,#879,.F.);
#877=EDGE_CURVE('',#71,#73,#880,.T.);
#878=EDGE_CURVE('',#73,#67,#881,.T.);
#879=LINE('',#66,#882);
#880=LINE('',#70,#883);
#881=LINE('',#72,#884);
#882=VECTOR('',#885,1.0);
#883=VECTOR('',#886,1.0);
#884=VECTOR('',#887,1.0);
#885=DIRECTION('',(0.7853184495880116,0.61909202283399,0));
#886=DIRECTION('',(0,0,1));
#887=DIRECTION('',(-0.13316829477043485,-0.10498088900118477,-0.9855177411961976));
#888=FACE_SURFACE('',(#893),#889,.T.);
#889=PLANE('',#890);
#890=AXIS2_PLACEMENT_3D('',#66,#891,#892);
#891=DIRECTION('',(0.61909202283399,-0.7853184495880116,0));
#892=DIRECTION('',(0.13316829477043485,0.10498088900118477,0.9855177411961976));
#893=FACE_BOUND('',#894,.T.);
#894=EDGE_LOOP('',(#895,#896,#897));
#895=ORIENTED_EDGE('',*,*,#898,.T.);
#896=ORIENTED_EDGE('',*,*,#899,.T.);
#897=ORIENTED_EDGE('',*,*,#900,.T.);
#898=EDGE_CURVE('',#67,#73,#901,.F.);
#899=EDGE_CURVE('',#73,#69,#902,.T.);
#900=EDGE_CURVE('',#69,#67,#903,.T.);
#901=LINE('',#66,#904);
#902=LINE('',#72,#905);
#903=LINE('',#68,#906);
#904=VECTOR('',#907,1.0);
#905=VECTOR('',#908,1.0);
#906=VECTOR('',#909,1.0);
#907=DIRECTION('',(0.13316829477043485,0.10498088900118477,0.9855177411961976));
#908=DIRECTION('',(-0.7853184495880116,-0.61909202283399,0));
#909=DIRECTION('',(0,0,-1));
#910=FACE_SURFACE('',(#915),#911,.T.);
#911=PLANE('',#912);
#912=AXIS2_PLACEMENT_3D('',#70,#913,#914);
#913=DIRECTION('',(0.6788052265505337,-0.7343183672002755,0));
#914=DIRECTION('',(0.7343183672002755,0.6788052265505337,0));
#915=FACE_BOUND('',#916,.T.);
#916=EDGE_LOOP('',(#917,#918,#919));
#917=ORIENTED_EDGE('',*,*,#920,.T.);
#918=ORIENTED_EDGE('',*,*,#921,.T.);
#919=ORIENTED_EDGE('',*,*,#922,.T.);
#920=EDGE_CURVE('',#71,#75,#923,.F.);
#921=EDGE_CURVE('',#75,#77,#924,.T.);
#922=EDGE_CURVE('',#77,#71,#925,.T.);
#923=LINE('',#70,#926);
#924=LINE('',#74,#927);
#925=LINE('',#76,#928);
#926=VECTOR('',#929,1.0);
#927=VECTOR('',#930,1.0);
#928=VECTOR('',#931,1.0);
#929=DIRECTION('',(0.7343183672002755,0.6788052265505337,0));
#930=DIRECTION('',(0,0,1));
#931=DIRECTION('',(-0.12452211973920638,-0.1151084726675116,-0.9855172658131401));
#932=FACE_SURFACE('',(#937),#933,.T.);
#933=PLANE('',#934);
#934=AXIS2_PLACEMENT_3D('',#70,#935,#936);
#935=DIRECTION('',(0.6788052265505337,-0.7343183672002755,0));
#936=DIRECTION('',(0.12452211973920638,0.1151084726675116,0.9855172658131401));
#937=FACE_BOUND('',#938,.T.);
#938=EDGE_LOOP('',(#939,#940,#941));
#939=ORIENTED_EDGE('',*,*,#942,.T.);
#940=ORIENTED_EDGE('',*,*,#943,.T.);
#941=ORIENTED_EDGE('',*,*,#944,.T.);
#942=EDGE_CURVE('',#71,#77,#945,.F.);
#943=EDGE_CURVE('',#77,#73,#946,.T.);
#944=EDGE_CURVE('',#73,#71,#947,.T.);
#945=LINE('',#70,#948);
#946=LINE('',#76,#949);
#947=LINE('',#72,#950);
#948=VECTOR('',#951,1.0);
#949=VECTOR('',#952,1.0);
#950=VECTOR('',#953,1.0);
#951=DIRECTION('',(0.12452211973920638,0.1151084726675116,0.9855172658131401));
#952=DIRECTION('',(-0.7343183672002755,-0.6788052265505337,0));
#953=DIRECTION('',(0,0,-1));
#954=FACE_SURFACE('',(#959),#955,.T.);
#955=PLANE('',#956);
#956=AXIS2_PLACEMENT_3D('',#74,#957,#958);
#957=DIRECTION('',(0.7343189774473248,-0.6788045663964817,0));
#958=DIRECTION('',(0.6788045663964817,0.7343189774473248,0));
#959=FACE_BOUND('',#960,.T.);
#960=EDGE_LOOP('',(#961,#962,#963));
#961=ORIENTED_EDGE('',*,*,#964,.T.);
#962=ORIENTED_EDGE('',*,*,#965,.T.);
#963=ORIENTED_EDGE('',*,*,#966,.T.);
#964=EDGE_CURVE('',#75,#79,#967,.F.);
#965=EDGE_CURVE('',#79,#81,#968,.T.);
#966=EDGE_CURVE('',#81,#75,#969,.T.);
#967=LINE('',#74,#970);
#968=LINE('',#78,#971);
#969=LINE('',#80,#972);
#970=VECTOR('',#973,1.0);
#971=VECTOR('',#974,1.0);
#972=VECTOR('',#975,1.0);
#973=DIRECTION('',(0.6788045663964817,0.7343189774473248,0));
#974=DIRECTION('',(0,0,1));
#975=DIRECTION('',(-0.11510580230737642,-0.12451945557366344,-0.9855179143266822));
#976=FACE_SURFACE('',(#981),#977,.T.);
#977=PLANE('',#978);
#978=AXIS2_PLACEMENT_3D('',#74,#979,#980);
#979=DIRECTION('',(0.7343189774473248,-0.6788045663964817,0));
#980=DIRECTION('',(0.11510580230737642,0.12451945557366344,0.9855179143266822));
#981=FACE_BOUND('',#982,.T.);
#982=EDGE_LOOP('',(#983,#984,#985));
#983=ORIENTED_EDGE('',*,*,#986,.T.);
#984=ORIENTED_EDGE('',*,*,#987,.T.);
#985=ORIENTED_EDGE('',*,*,#988,.T.);
#986=EDGE_CURVE('',#75,#81,#989,.F.);
#987=EDGE_CURVE('',#81,#77,#990,.T.);
#988=EDGE_CURVE('',#77,#75,#991,.T.);
#989=LINE('',#74,#992);
#990=LINE('',#80,#993);
#991=LINE('',#76,#994);
#992=VECTOR('',#995,1.0);
#993=VECTOR('',#996,1.0);
#994=VECTOR('',#997,1.0);
#995=DIRECTION('',(0.11510580230737642,0.12451945557366344,0.9855179143266822));
#996=DIRECTION('',(-0.6788045663964817,-0.7343189774473248,0));
#997=DIRECTION('',(0,0,-1));
#998=FACE_SURFACE('',(#1003),#999,.T.);
#999=PLANE('',#1000);
#1000=AXIS2_PLACEMENT_3D('',#78,#1001,#1002);
#1001=DIRECTION('',(0.7853176163233117,-0.6190930798290932,0));
#1002=DIRECTION('',(0.6190930798290931,0.7853176163233117,0));
#1003=FACE_BOUND('',#1004,.T.);
#1004=EDGE_LOOP('',(#1005,#1006,#1007));
#1005=ORIENTED_EDGE('',*,*,#1008,.T.);
#1006=ORIENTED_EDGE('',*,*,#1009,.T.);
#1007=ORIENTED_EDGE('',*,*,#1010,.T.);
#1008=EDGE_CURVE('',#79,#83,#1011,.F.);
#1009=EDGE_CURVE('',#83,#85,#1012,.T.);
#1010=EDGE_CURVE('',#85,#79,#1013,.T.);
#1011=LINE('',#78,#1014);
#1012=LINE('',#82,#1015);
#1013=LINE('',#84,#1016);
#1014=VECTOR('',#1017,1.0);
#1015=VECTOR('',#1018,1.0);
#1016=VECTOR('',#1019,1.0);
#1017=DIRECTION('',(0.6190930798290931,0.7853176163233117,0));
#1018=DIRECTION('',(0,0,1));
#1019=DIRECTION('',(-0.10498222772573623,-0.13316962427789672,-0.9855174189386129));
#1020=FACE_SURFACE('',(#1025),#1021,.T.);
#1021=PLANE('',#1022);
#1022=AXIS2_PLACEMENT_3D('',#78,#1023,#1024);
#1023=DIRECTION('',(0.7853176163233117,-0.6190930798290932,0));
#1024=DIRECTION('',(0.10498222772573623,0.13316962427789672,0.9855174189386129));
#1025=FACE_BOUND('',#1026,.T.);
#1026=EDGE_LOOP('',(#1027,#1028,#1029));
#1027=ORIENTED_EDGE('',*,*,#1030,.T.);
#1028=ORIENTED_EDGE('',*,*,#1031,.T.);
#1029=ORIENTED_EDGE('',*,*,#1032,.T.);
#1030=EDGE_CURVE('',#79,#85,#1033,.F.);
#1031=EDGE_CURVE('',#85,#81,#1034,.T.);
#1032=EDGE_CURVE('',#81,#79,#1035,.T.);
#1033=LINE('',#78,#1036);
#1034=LINE('',#84,#1037);
#1035=LINE('',#80,#1038);
#1036=VECTOR('',#1039,1.0);
#1037=VECTOR('',#1040,1.0);
#1038=VECTOR('',#1041,1.0);
#1039=DIRECTION('',(0.10498222772573623,0.13316962427789672,0.9855174189386129));
#1040=DIRECTION('',(-0.6190930798290931,-0.7853176163233117,0));
#1041=DIRECTION('',(0,0,-1));
#1042=FACE_SURFACE('',(#1047),#1043,.T.);
#1043=PLANE('',#1044);
#1044=AXIS2_PLACEMENT_3D('',#82,#1045,#1046);
#1045=DIRECTION('',(0.8314680847642933,-0.5555725191353491,0));
#1046=DIRECTION('',(0.5555725191353491,0.8314680847642933,0));
#1047=FACE_BOUND('',#1048,.T.);
#1048=EDGE_LOOP('',(#1049,#1050,#1051));
#1049=ORIENTED_EDGE('',*,*,#1052,.T.);
#1050=ORIENTED_EDGE('',*,*,#1053,.T.);
#1051=ORIENTED_EDGE('',*,*,#1054,.T.);
#1052=EDGE_CURVE('',#83,#87,#1055,.F.);
#1053=EDGE_CURVE('',#87,#89,#1056,.T.);
#1054=EDGE_CURVE('',#89,#83,#1057,.T.);
#1055=LINE('',#82,#1058);
#1056=LINE('',#86,#1059);
#1057=LINE('',#88,#1060);
#1058=VECTOR('',#1061,1.0);
#1059=VECTOR('',#1062,1.0);
#1060=VECTOR('',#1063,1.0);
#1061=DIRECTION('',(0.5555725191353491,0.8314680847642933,0));
#1062=DIRECTION('',(0,0,1));
#1063=DIRECTION('',(-0.09420930086355767,-0.14099334336751465,-0.9855178764268306));
#1064=FACE_SURFACE('',(#1069),#1065,.T.);
#1065=PLANE('',#1066);
#1066=AXIS2_PLACEMENT_3D('',#82,#1067,#1068);
#1067=DIRECTION('',(0.8314680847642933,-0.5555725191353491,0));
#1068=DIRECTION('',(0.09420930086355767,0.14099334336751465,0.9855178764268306));
#1069=FACE_BOUND('',#1070,.T.);
#1070=EDGE_LOOP('',(#1071,#1072,#1073));
#1071=ORIENTED_EDGE('',*,*,#1074,.T.);
#1072=ORIENTED_EDGE('',*,*,#1075,.T.);
#1073=ORIENTED_EDGE('',*,*,#1076,.T.);
#1074=EDGE_CURVE('',#83,#89,#1077,.F.);
#1075=EDGE_CURVE('',#89,#85,#1078,.T.);
#1076=EDGE_CURVE('',#85,#83,#1079,.T.);
#1077=LINE('',#82,#1080);
#1078=LINE('',#88,#1081);
#1079=LINE('',#84,#1082);
#1080=VECTOR('',#1083,1.0);
#1081=VECTOR('',#1084,1.0);
#1082=VECTOR('',#1085,1.0);
#1083=DIRECTION('',(0.09420930086355767,0.14099334336751465,0.9855178764268306));
#1084=DIRECTION('',(-0.5555725191353491,-0.8314680847642933,0));
#1085=DIRECTION('',(0,0,-1));
#1086=FACE_SURFACE('',(#1091),#1087,.T.);
#1087=PLANE('',#1088);
#1088=AXIS2_PLACEMENT_3D('',#86,#1089,#1090);
#1089=DIRECTION('',(0.8724964886063626,-0.4886203816559102,0));
#1090=DIRECTION('',(0.4886203816559102,0.8724964886063625,0));
#1091=FACE_BOUND('',#1092,.T.);
#1092=EDGE_LOOP('',(#1093,#1094,#1095));
#1093=ORIENTED_EDGE('',*,*,#1096,.T.);
#1094=ORIENTED_EDGE('',*,*,#1097,.T.);
#1095=ORIENTED_EDGE('',*,*,#1098,.T.);
#1096=EDGE_CURVE('',#87,#91,#1099,.F.);
#1097=EDGE_CURVE('',#91,#93,#1100,.T.);
#1098=EDGE_CURVE('',#93,#87,#1101,.T.);
#1099=LINE('',#86,#1102);
#1100=LINE('',#90,#1103);
#1101=LINE('',#92,#1104);
#1102=VECTOR('',#1105,1.0);
#1103=VECTOR('',#1106,1.0);
#1104=VECTOR('',#1107,1.0);
#1105=DIRECTION('',(0.4886203816559102,0.8724964886063625,0));
#1106=DIRECTION('',(0,0,1));
#1107=DIRECTION('',(-0.08285687453350923,-0.14795193733505269,-0.9855176115023734));
#1108=FACE_SURFACE('',(#1113),#1109,.T.);
#1109=PLANE('',#1110);
#1110=AXIS2_PLACEMENT_3D('',#86,#1111,#1112);
#1111=DIRECTION('',(0.8724964886063626,-0.4886203816559102,0));
#1112=DIRECTION('',(0.08285687453350923,0.14795193733505269,0.9855176115023734));
#1113=FACE_BOUND('',#1114,.T.);
#1114=EDGE_LOOP('',(#1115,#1116,#1117));
#1115=ORIENTED_EDGE('',*,*,#1118,.T.);
#1116=ORIENTED_EDGE('',*,*,#1119,.T.);
#1117=ORIENTED_EDGE('',*,*,#1120,.T.);
#1118=EDGE_CURVE('',#87,#93,#1121,.F.);
#1119=EDGE_CURVE('',#93,#89,#1122,.T.);
#1120=EDGE_CURVE('',#89,#87,#1123,.T.);
#1121=LINE('',#86,#1124);
#1122=LINE('',#92,#1125);
#1123=LINE('',#88,#1126);
#1124=VECTOR('',#1127,1.0);
#1125=VECTOR('',#1128,1.0);
#1126=VECTOR('',#1129,1.0);
#1127=DIRECTION('',(0.08285687453350923,0.14795193733505269,0.9855176115023734));
#1128=DIRECTION('',(-0.4886203816559102,-0.8724964886063625,0));
#1129=DIRECTION('',(0,0,-1));
#1130=FACE_SURFACE('',(#1135),#1131,.T.);
#1131=PLANE('',#1132);
#1132=AXIS2_PLACEMENT_3D('',#90,#1133,#1134);
#1133=DIRECTION('',(0.9081420169038189,-0.41866224708452476,0));
#1134=DIRECTION('',(0.41866224708452476,0.908142016903819,0));
#1135=FACE_BOUND('',#1136,.T.);
#1136=EDGE_LOOP('',(#1137,#1138,#1139));
#1137=ORIENTED_EDGE('',*,*,#1140,.T.);
#1138=ORIENTED_EDGE('',*,*,#1141,.T.);
#1139=ORIENTED_EDGE('',*,*,#1142,.T.);
#1140=EDGE_CURVE('',#91,#95,#1143,.F.);
#1141=EDGE_CURVE('',#95,#97,#1144,.T.);
#1142=EDGE_CURVE('',#97,#91,#1145,.T.);
#1143=LINE('',#90,#1146);
#1144=LINE('',#94,#1147);
#1145=LINE('',#96,#1148);
#1146=VECTOR('',#1149,1.0);
#1147=VECTOR('',#1150,1.0);
#1148=VECTOR('',#1151,1.0);
#1149=DIRECTION('',(0.41866224708452476,0.908142016903819,0));
#1150=DIRECTION('',(0,0,1));
#1151=DIRECTION('',(-0.07099370242921318,-0.1539961258998324,-0.9855176748406064));
#1152=FACE_SURFACE('',(#1157),#1153,.T.);
#1153=PLANE('',#1154);
#1154=AXIS2_PLACEMENT_3D('',#90,#1155,#1156);
#1155=DIRECTION('',(0.9081420169038189,-0.41866224708452476,0));
#1156=DIRECTION('',(0.07099370242921318,0.1539961258998324,0.9855176748406064));
#1157=FACE_BOUND('',#1158,.T.);
#1158=EDGE_LOOP('',(#1159,#1160,#1161));
#1159=ORIENTED_EDGE('',*,*,#1162,.T.);
#1160=ORIENTED_EDGE('',*,*,#1163,.T.);
#1161=ORIENTED_EDGE('',*,*,#1164,.T.);
#1162=EDGE_CURVE('',#91,#97,#1165,.F.);
#1163=EDGE_CURVE('',#97,#93,#1166,.T.);
#1164=EDGE_CURVE('',#93,#91,#1167,.T.);
#1165=LINE('',#90,#1168);
#1166=LINE('',#96,#1169);
#1167=LINE('',#92,#1170);
#1168=VECTOR('',#1171,1.0);
#1169=VECTOR('',#1172,1.0);
#1170=VECTOR('',#1173,1.0);
#1171=DIRECTION('',(0.07099370242921318,0.1539961258998324,0.9855176748406064));
#1172=DIRECTION('',(-0.41866224708452476,-0.908142016903819,0));
#1173=DIRECTION('',(0,0,-1));
#1174=FACE_SURFACE('',(#1179),#1175,.T.);
#1175=PLANE('',#1176);
#1176=AXIS2_PLACEMENT_3D('',#94,#1177,#1178);
#1177=DIRECTION('',(0.9381912359395633,-0.3461173280929383,0));
#1178=DIRECTION('',(0.34611732809293827,0.9381912359395633,0));
#1179=FACE_BOUND('',#1180,.T.);
#1180=EDGE_LOOP('',(#1181,#1182,#1183));
#1181=ORIENTED_EDGE('',*,*,#1184,.T.);
#1182=ORIENTED_EDGE('',*,*,#1185,.T.);
#1183=ORIENTED_EDGE('',*,*,#1186,.T.);
#1184=EDGE_CURVE('',#95,#99,#1187,.F.);
#1185=EDGE_CURVE('',#99,#101,#1188,.T.);
#1186=EDGE_CURVE('',#101,#95,#1189,.T.);
#1187=LINE('',#94,#1190);
#1188=LINE('',#98,#1191);
#1189=LINE('',#100,#1192);
#1190=VECTOR('',#1193,1.0);
#1191=VECTOR('',#1194,1.0);
#1192=VECTOR('',#1195,1.0);
#1193=DIRECTION('',(0.34611732809293827,0.9381912359395633,0));
#1194=DIRECTION('',(0,0,1));
#1195=DIRECTION('',(-0.05869250791134276,-0.15909286264612976,-0.9855174532042225));
#1196=FACE_SURFACE('',(#1201),#1197,.T.);
#1197=PLANE('',#1198);
#1198=AXIS2_PLACEMENT_3D('',#94,#1199,#1200);
#1199=DIRECTION('',(0.9381912359395633,-0.3461173280929383,0));
#1200=DIRECTION('',(0.05869250791134276,0.15909286264612976,0.9855174532042225));
#1201=FACE_BOUND('',#1202,.T.);
#1202=EDGE_LOOP('',(#1203,#1204,#1205));
#1203=ORIENTED_EDGE('',*,*,#1206,.T.);
#1204=ORIENTED_EDGE('',*,*,#1207,.T.);
#1205=ORIENTED_EDGE('',*,*,#1208,.T.);
#1206=EDGE_CURVE('',#95,#101,#1209,.F.);
#1207=EDGE_CURVE('',#101,#97,#1210,.T.);
#1208=EDGE_CURVE('',#97,#95,#1211,.T.);
#1209=LINE('',#94,#1212);
#1210=LINE('',#100,#1213);
#1211=LINE('',#96,#1214);
#1212=VECTOR('',#1215,1.0);
#1213=VECTOR('',#1216,1.0);
#1214=VECTOR('',#1217,1.0);
#1215=DIRECTION('',(0.05869250791134276,0.15909286264612976,0.9855174532042225));
#1216=DIRECTION('',(-0.34611732809293827,-0.9381912359395633,0));
#1217=DIRECTION('',(0,0,-1));
#1218=FACE_SURFACE('',(#1223),#1219,.T.);
#1219=PLANE('',#1220);
#1220=AXIS2_PLACEMENT_3D('',#98,#1221,#1222);
#1221=DIRECTION('',(0.9624554798494708,-0.27143958684710096,0));
#1222=DIRECTION('',(0.271439586847101,0.9624554798494709,0));
#1223=FACE_BOUND('',#1224,.T.);
#1224=EDGE_LOOP('',(#1225,#1226,#1227));
#1225=ORIENTED_EDGE('',*,*,#1228,.T.);
#1226=ORIENTED_EDGE('',*,*,#1229,.T.);
#1227=ORIENTED_EDGE('',*,*,#1230,.T.);
#1228=EDGE_CURVE('',#99,#103,#1231,.F.);
#1229=EDGE_CURVE('',#103,#105,#1232,.T.);
#1230=EDGE_CURVE('',#105,#99,#1233,.T.);
#1231=LINE('',#98,#1234);
#1232=LINE('',#102,#1235);
#1233=LINE('',#104,#1236);
#1234=VECTOR('',#1237,1.0);
#1235=VECTOR('',#1238,1.0);
#1236=VECTOR('',#1239,1.0);
#1237=DIRECTION('',(0.271439586847101,0.9624554798494709,0));
#1238=DIRECTION('',(0,0,1));
#1239=DIRECTION('',(-0.0460288509231277,-0.16320655478706117,-0.9855176129107153));
#1240=FACE_SURFACE('',(#1245),#1241,.T.);
#1241=PLANE('',#1242);
#1242=AXIS2_PLACEMENT_3D('',#98,#1243,#1244);
#1243=DIRECTION('',(0.9624554798494708,-0.27143958684710096,0));
#1244=DIRECTION('',(0.0460288509231277,0.16320655478706117,0.9855176129107153));
#1245=FACE_BOUND('',#1246,.T.);
#1246=EDGE_LOOP('',(#1247,#1248,#1249));
#1247=ORIENTED_EDGE('',*,*,#1250,.T.);
#1248=ORIENTED_EDGE('',*,*,#1251,.T.);
#1249=ORIENTED_EDGE('',*,*,#1252,.T.);
#1250=EDGE_CURVE('',#99,#105,#1253,.F.);
#1251=EDGE_CURVE('',#105,#101,#1254,.T.);
#1252=EDGE_CURVE('',#101,#99,#1255,.T.);
#1253=LINE('',#98,#1256);
#1254=LINE('',#104,#1257);
#1255=LINE('',#100,#1258);
#1256=VECTOR('',#1259,1.0);
#1257=VECTOR('',#1260,1.0);
#1258=VECTOR('',#1261,1.0);
#1259=DIRECTION('',(0.0460288509231277,0.16320655478706117,0.9855176129107153));
#1260=DIRECTION('',(-0.271439586847101,-0.9624554798494709,0));
#1261=DIRECTION('',(0,0,-1));
#1262=FACE_SURFACE('',(#1267),#1263,.T.);
#1263=PLANE('',#1264);
#1264=AXIS2_PLACEMENT_3D('',#102,#1265,#1266);
#1265=DIRECTION('',(0.9807866085087955,-0.1950836450597914,0));
#1266=DIRECTION('',(0.19508364505979137,0.9807866085087955,0));
#1267=FACE_BOUND('',#1268,.T.);
#1268=EDGE_LOOP('',(#1269,#1270,#1271));
#1269=ORIENTED_EDGE('',*,*,#1272,.T.);
#1270=ORIENTED_EDGE('',*,*,#1273,.T.);
#1271=ORIENTED_EDGE('',*,*,#1274,.T.);
#1272=EDGE_CURVE('',#103,#107,#1275,.F.);
#1273=EDGE_CURVE('',#107,#109,#1276,.T.);
#1274=EDGE_CURVE('',#109,#103,#1277,.T.);
#1275=LINE('',#102,#1278);
#1276=LINE('',#106,#1279);
#1277=LINE('',#108,#1280);
#1278=VECTOR('',#1281,1.0);
#1279=VECTOR('',#1282,1.0);
#1280=VECTOR('',#1283,1.0);
#1281=DIRECTION('',(0.19508364505979137,0.9807866085087955,0));
#1282=DIRECTION('',(0,0,1));
#1283=DIRECTION('',(-0.03308096176473743,-0.16631514284809346,-0.985517591536619));
#1284=FACE_SURFACE('',(#1289),#1285,.T.);
#1285=PLANE('',#1286);
#1286=AXIS2_PLACEMENT_3D('',#102,#1287,#1288);
#1287=DIRECTION('',(0.9807866085087955,-0.1950836450597914,0));
#1288=DIRECTION('',(0.03308096176473743,0.16631514284809346,0.985517591536619));
#1289=FACE_BOUND('',#1290,.T.);
#1290=EDGE_LOOP('',(#1291,#1292,#1293));
#1291=ORIENTED_EDGE('',*,*,#1294,.T.);
#1292=ORIENTED_EDGE('',*,*,#1295,.T.);
#1293=ORIENTED_EDGE('',*,*,#1296,.T.);
#1294=EDGE_CURVE('',#103,#109,#1297,.F.);
#1295=EDGE_CURVE('',#109,#105,#1298,.T.);
#1296=EDGE_CURVE('',#105,#103,#1299,.T.);
#1297=LINE('',#102,#1300);
#1298=LINE('',#108,#1301);
#1299=LINE('',#104,#1302);
#1300=VECTOR('',#1303,1.0);
#1301=VECTOR('',#1304,1.0);
#1302=VECTOR('',#1305,1.0);
#1303=DIRECTION('',(0.03308096176473743,0.16631514284809346,0.985517591536619));
#1304=DIRECTION('',(-0.19508364505979137,-0.9807866085087955,0));
#1305=DIRECTION('',(0,0,-1));
#1306=FACE_SURFACE('',(#1311),#1307,.T.);
#1307=PLANE('',#1308);
#1308=AXIS2_PLACEMENT_3D('',#106,#1309,#1310);
#1309=DIRECTION('',(0.9930683378492726,-0.11753840377205604,0));
#1310=DIRECTION('',(0.11753840377205604,0.9930683378492726,0));
#1311=FACE_BOUND('',#1312,.T.);
#1312=EDGE_LOOP('',(#1313,#1314,#1315));
#1313=ORIENTED_EDGE('',*,*,#1316,.T.);
#1314=ORIENTED_EDGE('',*,*,#1317,.T.);
#1315=ORIENTED_EDGE('',*,*,#1318,.T.);
#1316=EDGE_CURVE('',#107,#111,#1319,.F.);
#1317=EDGE_CURVE('',#111,#113,#1320,.T.);
#1318=EDGE_CURVE('',#113,#107,#1321,.T.);
#1319=LINE('',#106,#1322);
#1320=LINE('',#110,#1323);
#1321=LINE('',#112,#1324);
#1322=VECTOR('',#1325,1.0);
#1323=VECTOR('',#1326,1.0);
#1324=VECTOR('',#1327,1.0);
#1325=DIRECTION('',(0.11753840377205604,0.9930683378492726,0));
#1326=DIRECTION('',(0,0,1));
#1327=DIRECTION('',(-0.019931238597392802,-0.16839672268797484,-0.9855177773718357));
#1328=FACE_SURFACE('',(#1333),#1329,.T.);
#1329=PLANE('',#1330);
#1330=AXIS2_PLACEMENT_3D('',#106,#1331,#1332);
#1331=DIRECTION('',(0.9930683378492726,-0.11753840377205604,0));
#1332=DIRECTION('',(0.019931238597392802,0.16839672268797484,0.9855177773718357));
#1333=FACE_BOUND('',#1334,.T.);
#1334=EDGE_LOOP('',(#1335,#1336,#1337));
#1335=ORIENTED_EDGE('',*,*,#1338,.T.);
#1336=ORIENTED_EDGE('',*,*,#1339,.T.);
#1337=ORIENTED_EDGE('',*,*,#1340,.T.);
#1338=EDGE_CURVE('',#107,#113,#1341,.F.);
#1339=EDGE_CURVE('',#113,#109,#1342,.T.);
#1340=EDGE_CURVE('',#109,#107,#1343,.T.);
#1341=LINE('',#106,#1344);
#1342=LINE('',#112,#1345);
#1343=LINE('',#108,#1346);
#1344=VECTOR('',#1347,1.0);
#1345=VECTOR('',#1348,1.0);
#1346=VECTOR('',#1349,1.0);
#1347=DIRECTION('',(0.019931238597392802,0.16839672268797484,0.9855177773718357));
#1348=DIRECTION('',(-0.11753840377205604,-0.9930683378492726,0));
#1349=DIRECTION('',(0,0,-1));
#1350=FACE_SURFACE('',(#1355),#1351,.T.);
#1351=PLANE('',#1352);
#1352=AXIS2_PLACEMENT_3D('',#110,#1353,#1354);
#1353=DIRECTION('',(0.9992289202785927,-0.03926276708126749,0));
#1354=DIRECTION('',(0.03926276708126749,0.9992289202785927,0));
#1355=FACE_BOUND('',#1356,.T.);
#1356=EDGE_LOOP('',(#1357,#1358,#1359));
#1357=ORIENTED_EDGE('',*,*,#1360,.T.);
#1358=ORIENTED_EDGE('',*,*,#1361,.T.);
#1359=ORIENTED_EDGE('',*,*,#1362,.T.);
#1360=EDGE_CURVE('',#111,#115,#1363,.F.);
#1361=EDGE_CURVE('',#115,#117,#1364,.T.);
#1362=EDGE_CURVE('',#117,#111,#1365,.T.);
#1363=LINE('',#110,#1366);
#1364=LINE('',#114,#1367);
#1365=LINE('',#116,#1368);
#1366=VECTOR('',#1369,1.0);
#1367=VECTOR('',#1370,1.0);
#1368=VECTOR('',#1371,1.0);
#1369=DIRECTION('',(0.03926276708126749,0.9992289202785927,0));
#1370=DIRECTION('',(0,0,1));
#1371=DIRECTION('',(-0.006657932602813207,-0.16944294303624804,-0.9855175092248089));
#1372=FACE_SURFACE('',(#1377),#1373,.T.);
#1373=PLANE('',#1374);
#1374=AXIS2_PLACEMENT_3D('',#110,#1375,#1376);
#1375=DIRECTION('',(0.9992289202785927,-0.03926276708126749,0));
#1376=DIRECTION('',(0.006657932602813207,0.16944294303624804,0.9855175092248089));
#1377=FACE_BOUND('',#1378,.T.);
#1378=EDGE_LOOP('',(#1379,#1380,#1381));
#1379=ORIENTED_EDGE('',*,*,#1382,.T.);
#1380=ORIENTED_EDGE('',*,*,#1383,.T.);
#1381=ORIENTED_EDGE('',*,*,#1384,.T.);
#1382=EDGE_CURVE('',#111,#117,#1385,.F.);
#1383=EDGE_CURVE('',#117,#113,#1386,.T.);
#1384=EDGE_CURVE('',#113,#111,#1387,.T.);
#1385=LINE('',#110,#1388);
#1386=LINE('',#116,#1389);
#1387=LINE('',#112,#1390);
#1388=VECTOR('',#1391,1.0);
#1389=VECTOR('',#1392,1.0);
#1390=VECTOR('',#1393,1.0);
#1391=DIRECTION('',(0.006657932602813207,0.16944294303624804,0.9855175092248089));
#1392=DIRECTION('',(-0.03926276708126749,-0.9992289202785927,0));
#1393=DIRECTION('',(0,0,-1));
#1394=FACE_SURFACE('',(#1399),#1395,.T.);
#1395=PLANE('',#1396);
#1396=AXIS2_PLACEMENT_3D('',#118,#1397,#1398);
#1397=DIRECTION('',(-0.03925500008039898,-0.999229225437631,0));
#1398=DIRECTION('',(-0.9992292254376309,0.03925500008039897,0));
#1399=FACE_BOUND('',#1400,.T.);
#1400=EDGE_LOOP('',(#1401,#1402,#1403));
#1401=ORIENTED_EDGE('',*,*,#1404,.T.);
#1402=ORIENTED_EDGE('',*,*,#1405,.T.);
#1403=ORIENTED_EDGE('',*,*,#1406,.T.);
#1404=EDGE_CURVE('',#119,#121,#1407,.F.);
#1405=EDGE_CURVE('',#121,#123,#1408,.T.);
#1406=EDGE_CURVE('',#123,#119,#1409,.T.);
#1407=LINE('',#118,#1410);
#1408=LINE('',#120,#1411);
#1409=LINE('',#122,#1412);
#1410=VECTOR('',#1413,1.0);
#1411=VECTOR('',#1414,1.0);
#1412=VECTOR('',#1415,1.0);
#1413=DIRECTION('',(-0.9992292254376309,0.03925500008039897,0));
#1414=DIRECTION('',(0,0,-1));
#1415=DIRECTION('',(0.1694416109534884,-0.006656561159616804,0.9855177475170172));
#1416=FACE_SURFACE('',(#1421),#1417,.T.);
#1417=PLANE('',#1418);
#1418=AXIS2_PLACEMENT_3D('',#118,#1419,#1420);
#1419=DIRECTION('',(-0.03925500008039898,-0.999229225437631,-0));
#1420=DIRECTION('',(-0.1694416109534884,0.006656561159616804,-0.9855177475170172));
#1421=FACE_BOUND('',#1422,.T.);
#1422=EDGE_LOOP('',(#1423,#1424,#1425));
#1423=ORIENTED_EDGE('',*,*,#1426,.T.);
#1424=ORIENTED_EDGE('',*,*,#1427,.T.);
#1425=ORIENTED_EDGE('',*,*,#1428,.T.);
#1426=EDGE_CURVE('',#119,#123,#1429,.F.);
#1427=EDGE_CURVE('',#123,#125,#1430,.T.);
#1428=EDGE_CURVE('',#125,#119,#1431,.T.);
#1429=LINE('',#118,#1432);
#1430=LINE('',#122,#1433);
#1431=LINE('',#124,#1434);
#1432=VECTOR('',#1435,1.0);
#1433=VECTOR('',#1436,1.0);
#1434=VECTOR('',#1437,1.0);
#1435=DIRECTION('',(-0.1694416109534884,0.006656561159616804,-0.9855177475170172));
#1436=DIRECTION('',(0.9992292254376309,-0.03925500008039897,0));
#1437=DIRECTION('',(0,0,1));
#1438=FACE_SURFACE('',(#1443),#1439,.T.);
#1439=PLANE('',#1440);
#1440=AXIS2_PLACEMENT_3D('',#120,#1441,#1442);
#1441=DIRECTION('',(-0.11753745864915802,-0.9930684497124542,0));
#1442=DIRECTION('',(-0.9930684497124543,0.11753745864915803,0));
#1443=FACE_BOUND('',#1444,.T.);
#1444=EDGE_LOOP('',(#1445,#1446,#1447));
#1445=ORIENTED_EDGE('',*,*,#1448,.T.);
#1446=ORIENTED_EDGE('',*,*,#1449,.T.);
#1447=ORIENTED_EDGE('',*,*,#1450,.T.);
#1448=EDGE_CURVE('',#121,#127,#1451,.F.);
#1449=EDGE_CURVE('',#127,#129,#1452,.T.);
#1450=EDGE_CURVE('',#129,#121,#1453,.T.);
#1451=LINE('',#120,#1454);
#1452=LINE('',#126,#1455);
#1453=LINE('',#128,#1456);
#1454=VECTOR('',#1457,1.0);
#1455=VECTOR('',#1458,1.0);
#1456=VECTOR('',#1459,1.0);
#1457=DIRECTION('',(-0.9930684497124543,0.11753745864915803,0));
#1458=DIRECTION('',(0,0,-1));
#1459=DIRECTION('',(0.16839805680430545,-0.019931233988921666,0.9855175495018914));
#1460=FACE_SURFACE('',(#1465),#1461,.T.);
#1461=PLANE('',#1462);
#1462=AXIS2_PLACEMENT_3D('',#120,#1463,#1464);
#1463=DIRECTION('',(-0.11753745864915802,-0.9930684497124542,-0));
#1464=DIRECTION('',(-0.16839805680430545,0.019931233988921666,-0.9855175495018914));
#1465=FACE_BOUND('',#1466,.T.);
#1466=EDGE_LOOP('',(#1467,#1468,#1469));
#1467=ORIENTED_EDGE('',*,*,#1470,.T.);
#1468=ORIENTED_EDGE('',*,*,#1471,.T.);
#1469=ORIENTED_EDGE('',*,*,#1472,.T.);
#1470=EDGE_CURVE('',#121,#129,#1473,.F.);
#1471=EDGE_CURVE('',#129,#123,#1474,.T.);
#1472=EDGE_CURVE('',#123,#121,#1475,.T.);
#1473=LINE('',#120,#1476);
#1474=LINE('',#128,#1477);
#1475=LINE('',#122,#1478);
#1476=VECTOR('',#1479,1.0);
#1477=VECTOR('',#1480,1.0);
#1478=VECTOR('',#1481,1.0);
#1479=DIRECTION('',(-0.16839805680430545,0.019931233988921666,-0.9855175495018914));
#1480=DIRECTION('',(0.9930684497124543,-0.11753745864915803,0));
#1481=DIRECTION('',(0,0,1));
#1482=FACE_SURFACE('',(#1487),#1483,.T.);
#1483=PLANE('',#1484);
#1484=AXIS2_PLACEMENT_3D('',#126,#1485,#1486);
#1485=DIRECTION('',(-0.19509143399348614,-0.9807850592165265,0));
#1486=DIRECTION('',(-0.9807850592165264,0.19509143399348614,0));
#1487=FACE_BOUND('',#1488,.T.);
#1488=EDGE_LOOP('',(#1489,#1490,#1491));
#1489=ORIENTED_EDGE('',*,*,#1492,.T.);
#1490=ORIENTED_EDGE('',*,*,#1493,.T.);
#1491=ORIENTED_EDGE('',*,*,#1494,.T.);
#1492=EDGE_CURVE('',#127,#131,#1495,.F.);
#1493=EDGE_CURVE('',#131,#133,#1496,.T.);
#1494=EDGE_CURVE('',#133,#127,#1497,.T.);
#1495=LINE('',#126,#1498);
#1496=LINE('',#130,#1499);
#1497=LINE('',#132,#1500);
#1498=VECTOR('',#1501,1.0);
#1499=VECTOR('',#1502,1.0);
#1500=VECTOR('',#1503,1.0);
#1501=DIRECTION('',(-0.9807850592165264,0.19509143399348614,0));
#1502=DIRECTION('',(0,0,-1));
#1503=DIRECTION('',(0.16631513529358607,-0.03308233331487074,0.9855175467716037));
#1504=FACE_SURFACE('',(#1509),#1505,.T.);
#1505=PLANE('',#1506);
#1506=AXIS2_PLACEMENT_3D('',#126,#1507,#1508);
#1507=DIRECTION('',(-0.19509143399348614,-0.9807850592165265,-0));
#1508=DIRECTION('',(-0.16631513529358607,0.03308233331487074,-0.9855175467716037));
#1509=FACE_BOUND('',#1510,.T.);
#1510=EDGE_LOOP('',(#1511,#1512,#1513));
#1511=ORIENTED_EDGE('',*,*,#1514,.T.);
#1512=ORIENTED_EDGE('',*,*,#1515,.T.);
#1513=ORIENTED_EDGE('',*,*,#1516,.T.);
#1514=EDGE_CURVE('',#127,#133,#1517,.F.);
#1515=EDGE_CURVE('',#133,#129,#1518,.T.);
#1516=EDGE_CURVE('',#129,#127,#1519,.T.);
#1517=LINE('',#126,#1520);
#1518=LINE('',#132,#1521);
#1519=LINE('',#128,#1522);
#1520=VECTOR('',#1523,1.0);
#1521=VECTOR('',#1524,1.0);
#1522=VECTOR('',#1525,1.0);
#1523=DIRECTION('',(-0.16631513529358607,0.03308233331487074,-0.9855175467716037));
#1524=DIRECTION('',(0.9807850592165264,-0.19509143399348614,0));
#1525=DIRECTION('',(0,0,1));
#1526=FACE_SURFACE('',(#1531),#1527,.T.);
#1527=PLANE('',#1528);
#1528=AXIS2_PLACEMENT_3D('',#130,#1529,#1530);
#1529=DIRECTION('',(-0.2714470873464182,-0.9624533644655964,0));
#1530=DIRECTION('',(-0.9624533644655963,0.27144708734641815,0));
#1531=FACE_BOUND('',#1532,.T.);
#1532=EDGE_LOOP('',(#1533,#1534,#1535));
#1533=ORIENTED_EDGE('',*,*,#1536,.T.);
#1534=ORIENTED_EDGE('',*,*,#1537,.T.);
#1535=ORIENTED_EDGE('',*,*,#1538,.T.);
#1536=EDGE_CURVE('',#131,#135,#1539,.F.);
#1537=EDGE_CURVE('',#135,#137,#1540,.T.);
#1538=EDGE_CURVE('',#137,#131,#1541,.T.);
#1539=LINE('',#130,#1542);
#1540=LINE('',#134,#1543);
#1541=LINE('',#136,#1544);
#1542=VECTOR('',#1545,1.0);
#1543=VECTOR('',#1546,1.0);
#1544=VECTOR('',#1547,1.0);
#1545=DIRECTION('',(-0.9624533644655963,0.27144708734641815,0));
#1546=DIRECTION('',(0,0,-1));
#1547=DIRECTION('',(0.16320654447224667,-0.04603022106682929,0.9855175506250345));
#1548=FACE_SURFACE('',(#1553),#1549,.T.);
#1549=PLANE('',#1550);
#1550=AXIS2_PLACEMENT_3D('',#130,#1551,#1552);
#1551=DIRECTION('',(-0.2714470873464182,-0.9624533644655964,-0));
#1552=DIRECTION('',(-0.16320654447224667,0.04603022106682929,-0.9855175506250345));
#1553=FACE_BOUND('',#1554,.T.);
#1554=EDGE_LOOP('',(#1555,#1556,#1557));
#1555=ORIENTED_EDGE('',*,*,#1558,.T.);
#1556=ORIENTED_EDGE('',*,*,#1559,.T.);
#1557=ORIENTED_EDGE('',*,*,#1560,.T.);
#1558=EDGE_CURVE('',#131,#137,#1561,.F.);
#1559=EDGE_CURVE('',#137,#133,#1562,.T.);
#1560=EDGE_CURVE('',#133,#131,#1563,.T.);
#1561=LINE('',#130,#1564);
#1562=LINE('',#136,#1565);
#1563=LINE('',#132,#1566);
#1564=VECTOR('',#1567,1.0);
#1565=VECTOR('',#1568,1.0);
#1566=VECTOR('',#1569,1.0);
#1567=DIRECTION('',(-0.16320654447224667,0.04603022106682929,-0.9855175506250345));
#1568=DIRECTION('',(0.9624533644655963,-0.27144708734641815,0));
#1569=DIRECTION('',(0,0,1));
#1570=FACE_SURFACE('',(#1575),#1571,.T.);
#1571=PLANE('',#1572);
#1572=AXIS2_PLACEMENT_3D('',#134,#1573,#1574);
#1573=DIRECTION('',(-0.3461199574262875,-0.9381902659222302,0));
#1574=DIRECTION('',(-0.9381902659222301,0.34611995742628743,0));
#1575=FACE_BOUND('',#1576,.T.);
#1576=EDGE_LOOP('',(#1577,#1578,#1579));
#1577=ORIENTED_EDGE('',*,*,#1580,.T.);
#1578=ORIENTED_EDGE('',*,*,#1581,.T.);
#1579=ORIENTED_EDGE('',*,*,#1582,.T.);
#1580=EDGE_CURVE('',#135,#139,#1583,.F.);
#1581=EDGE_CURVE('',#139,#141,#1584,.T.);
#1582=EDGE_CURVE('',#141,#135,#1585,.T.);
#1583=LINE('',#134,#1586);
#1584=LINE('',#138,#1587);
#1585=LINE('',#140,#1588);
#1586=VECTOR('',#1589,1.0);
#1587=VECTOR('',#1590,1.0);
#1588=VECTOR('',#1591,1.0);
#1589=DIRECTION('',(-0.9381902659222301,0.34611995742628743,0));
#1590=DIRECTION('',(0,0,-1));
#1591=DIRECTION('',(0.15909152434575902,-0.05869252073225176,0.985517668482629));
#1592=FACE_SURFACE('',(#1597),#1593,.T.);
#1593=PLANE('',#1594);
#1594=AXIS2_PLACEMENT_3D('',#134,#1595,#1596);
#1595=DIRECTION('',(-0.3461199574262875,-0.9381902659222302,-0));
#1596=DIRECTION('',(-0.15909152434575902,0.05869252073225176,-0.985517668482629));
#1597=FACE_BOUND('',#1598,.T.);
#1598=EDGE_LOOP('',(#1599,#1600,#1601));
#1599=ORIENTED_EDGE('',*,*,#1602,.T.);
#1600=ORIENTED_EDGE('',*,*,#1603,.T.);
#1601=ORIENTED_EDGE('',*,*,#1604,.T.);
#1602=EDGE_CURVE('',#135,#141,#1605,.F.);
#1603=EDGE_CURVE('',#141,#137,#1606,.T.);
#1604=EDGE_CURVE('',#137,#135,#1607,.T.);
#1605=LINE('',#134,#1608);
#1606=LINE('',#140,#1609);
#1607=LINE('',#136,#1610);
#1608=VECTOR('',#1611,1.0);
#1609=VECTOR('',#1612,1.0);
#1610=VECTOR('',#1613,1.0);
#1611=DIRECTION('',(-0.15909152434575902,0.05869252073225176,-0.985517668482629));
#1612=DIRECTION('',(0.9381902659222301,-0.34611995742628743,0));
#1613=DIRECTION('',(0,0,1));
#1614=FACE_SURFACE('',(#1619),#1615,.T.);
#1615=PLANE('',#1616);
#1616=AXIS2_PLACEMENT_3D('',#138,#1617,#1618);
#1617=DIRECTION('',(-0.41865556916770486,-0.9081450954582451,0));
#1618=DIRECTION('',(-0.9081450954582452,0.41865556916770486,0));
#1619=FACE_BOUND('',#1620,.T.);
#1620=EDGE_LOOP('',(#1621,#1622,#1623));
#1621=ORIENTED_EDGE('',*,*,#1624,.T.);
#1622=ORIENTED_EDGE('',*,*,#1625,.T.);
#1623=ORIENTED_EDGE('',*,*,#1626,.T.);
#1624=EDGE_CURVE('',#139,#143,#1627,.F.);
#1625=EDGE_CURVE('',#143,#145,#1628,.T.);
#1626=EDGE_CURVE('',#145,#139,#1629,.T.);
#1627=LINE('',#138,#1630);
#1628=LINE('',#142,#1631);
#1629=LINE('',#144,#1632);
#1630=VECTOR('',#1633,1.0);
#1631=VECTOR('',#1634,1.0);
#1632=VECTOR('',#1635,1.0);
#1633=DIRECTION('',(-0.9081450954582452,0.41865556916770486,0));
#1634=DIRECTION('',(0,0,-1));
#1635=DIRECTION('',(0.15399614091094105,-0.0709923362964023,0.9855177709060938));
#1636=FACE_SURFACE('',(#1641),#1637,.T.);
#1637=PLANE('',#1638);
#1638=AXIS2_PLACEMENT_3D('',#138,#1639,#1640);
#1639=DIRECTION('',(-0.41865556916770486,-0.9081450954582451,-0));
#1640=DIRECTION('',(-0.15399614091094105,0.0709923362964023,-0.9855177709060938));
#1641=FACE_BOUND('',#1642,.T.);
#1642=EDGE_LOOP('',(#1643,#1644,#1645));
#1643=ORIENTED_EDGE('',*,*,#1646,.T.);
#1644=ORIENTED_EDGE('',*,*,#1647,.T.);
#1645=ORIENTED_EDGE('',*,*,#1648,.T.);
#1646=EDGE_CURVE('',#139,#145,#1649,.F.);
#1647=EDGE_CURVE('',#145,#141,#1650,.T.);
#1648=EDGE_CURVE('',#141,#139,#1651,.T.);
#1649=LINE('',#138,#1652);
#1650=LINE('',#144,#1653);
#1651=LINE('',#140,#1654);
#1652=VECTOR('',#1655,1.0);
#1653=VECTOR('',#1656,1.0);
#1654=VECTOR('',#1657,1.0);
#1655=DIRECTION('',(-0.15399614091094105,0.0709923362964023,-0.9855177709060938));
#1656=DIRECTION('',(0.9081450954582452,-0.41865556916770486,0));
#1657=DIRECTION('',(0,0,1));
#1658=FACE_SURFACE('',(#1663),#1659,.T.);
#1659=PLANE('',#1660);
#1660=AXIS2_PLACEMENT_3D('',#142,#1661,#1662);
#1661=DIRECTION('',(-0.488626545548826,-0.8724930366398469,0));
#1662=DIRECTION('',(-0.8724930366398468,0.48862654554882595,0));
#1663=FACE_BOUND('',#1664,.T.);
#1664=EDGE_LOOP('',(#1665,#1666,#1667));
#1665=ORIENTED_EDGE('',*,*,#1668,.T.);
#1666=ORIENTED_EDGE('',*,*,#1669,.T.);
#1667=ORIENTED_EDGE('',*,*,#1670,.T.);
#1668=EDGE_CURVE('',#143,#147,#1671,.F.);
#1669=EDGE_CURVE('',#147,#149,#1672,.T.);
#1670=EDGE_CURVE('',#149,#143,#1673,.T.);
#1671=LINE('',#142,#1674);
#1672=LINE('',#146,#1675);
#1673=LINE('',#148,#1676);
#1674=VECTOR('',#1677,1.0);
#1675=VECTOR('',#1678,1.0);
#1676=VECTOR('',#1679,1.0);
#1677=DIRECTION('',(-0.8724930366398468,0.48862654554882595,0));
#1678=DIRECTION('',(0,0,-1));
#1679=DIRECTION('',(0.14795192050288752,-0.08285823815976438,0.9855174993822113));
#1680=FACE_SURFACE('',(#1685),#1681,.T.);
#1681=PLANE('',#1682);
#1682=AXIS2_PLACEMENT_3D('',#142,#1683,#1684);
#1683=DIRECTION('',(-0.488626545548826,-0.8724930366398469,-0));
#1684=DIRECTION('',(-0.14795192050288752,0.08285823815976438,-0.9855174993822113));
#1685=FACE_BOUND('',#1686,.T.);
#1686=EDGE_LOOP('',(#1687,#1688,#1689));
#1687=ORIENTED_EDGE('',*,*,#1690,.T.);
#1688=ORIENTED_EDGE('',*,*,#1691,.T.);
#1689=ORIENTED_EDGE('',*,*,#1692,.T.);
#1690=EDGE_CURVE('',#143,#149,#1693,.F.);
#1691=EDGE_CURVE('',#149,#145,#1694,.T.);
#1692=EDGE_CURVE('',#145,#143,#1695,.T.);
#1693=LINE('',#142,#1696);
#1694=LINE('',#148,#1697);
#1695=LINE('',#144,#1698);
#1696=VECTOR('',#1699,1.0);
#1697=VECTOR('',#1700,1.0);
#1698=VECTOR('',#1701,1.0);
#1699=DIRECTION('',(-0.14795192050288752,0.08285823815976438,-0.9855174993822113));
#1700=DIRECTION('',(0.8724930366398468,-0.48862654554882595,0));
#1701=DIRECTION('',(0,0,1));
#1702=FACE_SURFACE('',(#1707),#1703,.T.);
#1703=PLANE('',#1704);
#1704=AXIS2_PLACEMENT_3D('',#146,#1705,#1706);
#1705=DIRECTION('',(-0.5555631807935698,-0.8314743244060704,0));
#1706=DIRECTION('',(-0.8314743244060705,0.5555631807935698,0));
#1707=FACE_BOUND('',#1708,.T.);
#1708=EDGE_LOOP('',(#1709,#1710,#1711));
#1709=ORIENTED_EDGE('',*,*,#1712,.T.);
#1710=ORIENTED_EDGE('',*,*,#1713,.T.);
#1711=ORIENTED_EDGE('',*,*,#1714,.T.);
#1712=EDGE_CURVE('',#147,#151,#1715,.F.);
#1713=EDGE_CURVE('',#151,#153,#1716,.T.);
#1714=EDGE_CURVE('',#153,#147,#1717,.T.);
#1715=LINE('',#146,#1718);
#1716=LINE('',#150,#1719);
#1717=LINE('',#152,#1720);
#1718=VECTOR('',#1721,1.0);
#1719=VECTOR('',#1722,1.0);
#1720=VECTOR('',#1723,1.0);
#1721=DIRECTION('',(-0.8314743244060705,0.5555631807935698,0));
#1722=DIRECTION('',(0,0,-1));
#1723=DIRECTION('',(0.14099470736339895,-0.09420792175852374,0.9855178131182862));
#1724=FACE_SURFACE('',(#1729),#1725,.T.);
#1725=PLANE('',#1726);
#1726=AXIS2_PLACEMENT_3D('',#146,#1727,#1728);
#1727=DIRECTION('',(-0.5555631807935698,-0.8314743244060704,-0));
#1728=DIRECTION('',(-0.14099470736339895,0.09420792175852374,-0.9855178131182862));
#1729=FACE_BOUND('',#1730,.T.);
#1730=EDGE_LOOP('',(#1731,#1732,#1733));
#1731=ORIENTED_EDGE('',*,*,#1734,.T.);
#1732=ORIENTED_EDGE('',*,*,#1735,.T.);
#1733=ORIENTED_EDGE('',*,*,#1736,.T.);
#1734=EDGE_CURVE('',#147,#153,#1737,.F.);
#1735=EDGE_CURVE('',#153,#149,#1738,.T.);
#1736=EDGE_CURVE('',#149,#147,#1739,.T.);
#1737=LINE('',#146,#1740);
#1738=LINE('',#152,#1741);
#1739=LINE('',#148,#1742);
#1740=VECTOR('',#1743,1.0);
#1741=VECTOR('',#1744,1.0);
#1742=VECTOR('',#1745,1.0);
#1743=DIRECTION('',(-0.14099470736339895,0.09420792175852374,-0.9855178131182862));
#1744=DIRECTION('',(0.8314743244060705,-0.5555631807935698,0));
#1745=DIRECTION('',(0,0,1));
#1746=FACE_SURFACE('',(#1751),#1747,.T.);
#1747=PLANE('',#1748);
#1748=AXIS2_PLACEMENT_3D('',#150,#1749,#1750);
#1749=DIRECTION('',(-0.61909202283399,-0.7853184495880116,0));
#1750=DIRECTION('',(-0.7853184495880116,0.61909202283399,0));
#1751=FACE_BOUND('',#1752,.T.);
#1752=EDGE_LOOP('',(#1753,#1754,#1755));
#1753=ORIENTED_EDGE('',*,*,#1756,.T.);
#1754=ORIENTED_EDGE('',*,*,#1757,.T.);
#1755=ORIENTED_EDGE('',*,*,#1758,.T.);
#1756=EDGE_CURVE('',#151,#155,#1759,.F.);
#1757=EDGE_CURVE('',#155,#157,#1760,.T.);
#1758=EDGE_CURVE('',#157,#151,#1761,.T.);
#1759=LINE('',#150,#1762);
#1760=LINE('',#154,#1763);
#1761=LINE('',#156,#1764);
#1762=VECTOR('',#1765,1.0);
#1763=VECTOR('',#1766,1.0);
#1764=VECTOR('',#1767,1.0);
#1765=DIRECTION('',(-0.7853184495880116,0.61909202283399,0));
#1766=DIRECTION('',(0,0,-1));
#1767=DIRECTION('',(0.13316829477043485,-0.10498088900118477,0.9855177411961976));
#1768=FACE_SURFACE('',(#1773),#1769,.T.);
#1769=PLANE('',#1770);
#1770=AXIS2_PLACEMENT_3D('',#150,#1771,#1772);
#1771=DIRECTION('',(-0.61909202283399,-0.7853184495880116,-0));
#1772=DIRECTION('',(-0.13316829477043485,0.10498088900118477,-0.9855177411961976));
#1773=FACE_BOUND('',#1774,.T.);
#1774=EDGE_LOOP('',(#1775,#1776,#1777));
#1775=ORIENTED_EDGE('',*,*,#1778,.T.);
#1776=ORIENTED_EDGE('',*,*,#1779,.T.);
#1777=ORIENTED_EDGE('',*,*,#1780,.T.);
#1778=EDGE_CURVE('',#151,#157,#1781,.F.);
#1779=EDGE_CURVE('',#157,#153,#1782,.T.);
#1780=EDGE_CURVE('',#153,#151,#1783,.T.);
#1781=LINE('',#150,#1784);
#1782=LINE('',#156,#1785);
#1783=LINE('',#152,#1786);
#1784=VECTOR('',#1787,1.0);
#1785=VECTOR('',#1788,1.0);
#1786=VECTOR('',#1789,1.0);
#1787=DIRECTION('',(-0.13316829477043485,0.10498088900118477,-0.9855177411961976));
#1788=DIRECTION('',(0.7853184495880116,-0.61909202283399,0));
#1789=DIRECTION('',(0,0,1));
#1790=FACE_SURFACE('',(#1795),#1791,.T.);
#1791=PLANE('',#1792);
#1792=AXIS2_PLACEMENT_3D('',#154,#1793,#1794);
#1793=DIRECTION('',(-0.6788052265505337,-0.7343183672002755,0));
#1794=DIRECTION('',(-0.7343183672002755,0.6788052265505337,0));
#1795=FACE_BOUND('',#1796,.T.);
#1796=EDGE_LOOP('',(#1797,#1798,#1799));
#1797=ORIENTED_EDGE('',*,*,#1800,.T.);
#1798=ORIENTED_EDGE('',*,*,#1801,.T.);
#1799=ORIENTED_EDGE('',*,*,#1802,.T.);
#1800=EDGE_CURVE('',#155,#159,#1803,.F.);
#1801=EDGE_CURVE('',#159,#161,#1804,.T.);
#1802=EDGE_CURVE('',#161,#155,#1805,.T.);
#1803=LINE('',#154,#1806);
#1804=LINE('',#158,#1807);
#1805=LINE('',#160,#1808);
#1806=VECTOR('',#1809,1.0);
#1807=VECTOR('',#1810,1.0);
#1808=VECTOR('',#1811,1.0);
#1809=DIRECTION('',(-0.7343183672002755,0.6788052265505337,0));
#1810=DIRECTION('',(0,0,-1));
#1811=DIRECTION('',(0.12452211973920638,-0.1151084726675116,0.9855172658131401));
#1812=FACE_SURFACE('',(#1817),#1813,.T.);
#1813=PLANE('',#1814);
#1814=AXIS2_PLACEMENT_3D('',#154,#1815,#1816);
#1815=DIRECTION('',(-0.6788052265505337,-0.7343183672002755,-0));
#1816=DIRECTION('',(-0.12452211973920638,0.1151084726675116,-0.9855172658131401));
#1817=FACE_BOUND('',#1818,.T.);
#1818=EDGE_LOOP('',(#1819,#1820,#1821));
#1819=ORIENTED_EDGE('',*,*,#1822,.T.);
#1820=ORIENTED_EDGE('',*,*,#1823,.T.);
#1821=ORIENTED_EDGE('',*,*,#1824,.T.);
#1822=EDGE_CURVE('',#155,#161,#1825,.F.);
#1823=EDGE_CURVE('',#161,#157,#1826,.T.);
#1824=EDGE_CURVE('',#157,#155,#1827,.T.);
#1825=LINE('',#154,#1828);
#1826=LINE('',#160,#1829);
#1827=LINE('',#156,#1830);
#1828=VECTOR('',#1831,1.0);
#1829=VECTOR('',#1832,1.0);
#1830=VECTOR('',#1833,1.0);
#1831=DIRECTION('',(-0.12452211973920638,0.1151084726675116,-0.9855172658131401));
#1832=DIRECTION('',(0.7343183672002755,-0.6788052265505337,0));
#1833=DIRECTION('',(0,0,1));
#1834=FACE_SURFACE('',(#1839),#1835,.T.);
#1835=PLANE('',#1836);
#1836=AXIS2_PLACEMENT_3D('',#158,#1837,#1838);
#1837=DIRECTION('',(-0.7343189774473248,-0.6788045663964817,0));
#1838=DIRECTION('',(-0.6788045663964817,0.7343189774473248,0));
#1839=FACE_BOUND('',#1840,.T.);
#1840=EDGE_LOOP('',(#1841,#1842,#1843));
#1841=ORIENTED_EDGE('',*,*,#1844,.T.);
#1842=ORIENTED_EDGE('',*,*,#1845,.T.);
#1843=ORIENTED_EDGE('',*,*,#1846,.T.);
#1844=EDGE_CURVE('',#159,#163,#1847,.F.);
#1845=EDGE_CURVE('',#163,#165,#1848,.T.);
#1846=EDGE_CURVE('',#165,#159,#1849,.T.);
#1847=LINE('',#158,#1850);
#1848=LINE('',#162,#1851);
#1849=LINE('',#164,#1852);
#1850=VECTOR('',#1853,1.0);
#1851=VECTOR('',#1854,1.0);
#1852=VECTOR('',#1855,1.0);
#1853=DIRECTION('',(-0.6788045663964817,0.7343189774473248,0));
#1854=DIRECTION('',(0,0,-1));
#1855=DIRECTION('',(0.11510580230737642,-0.12451945557366344,0.9855179143266822));
#1856=FACE_SURFACE('',(#1861),#1857,.T.);
#1857=PLANE('',#1858);
#1858=AXIS2_PLACEMENT_3D('',#158,#1859,#1860);
#1859=DIRECTION('',(-0.7343189774473248,-0.6788045663964817,-0));
#1860=DIRECTION('',(-0.11510580230737642,0.12451945557366344,-0.9855179143266822));
#1861=FACE_BOUND('',#1862,.T.);
#1862=EDGE_LOOP('',(#1863,#1864,#1865));
#1863=ORIENTED_EDGE('',*,*,#1866,.T.);
#1864=ORIENTED_EDGE('',*,*,#1867,.T.);
#1865=ORIENTED_EDGE('',*,*,#1868,.T.);
#1866=EDGE_CURVE('',#159,#165,#1869,.F.);
#1867=EDGE_CURVE('',#165,#161,#1870,.T.);
#1868=EDGE_CURVE('',#161,#159,#1871,.T.);
#1869=LINE('',#158,#1872);
#1870=LINE('',#164,#1873);
#1871=LINE('',#160,#1874);
#1872=VECTOR('',#1875,1.0);
#1873=VECTOR('',#1876,1.0);
#1874=VECTOR('',#1877,1.0);
#1875=DIRECTION('',(-0.11510580230737642,0.12451945557366344,-0.9855179143266822));
#1876=DIRECTION('',(0.6788045663964817,-0.7343189774473248,0));
#1877=DIRECTION('',(0,0,1));
#1878=FACE_SURFACE('',(#1883),#1879,.T.);
#1879=PLANE('',#1880);
#1880=AXIS2_PLACEMENT_3D('',#162,#1881,#1882);
#1881=DIRECTION('',(-0.7853176163233117,-0.6190930798290932,0));
#1882=DIRECTION('',(-0.6190930798290931,0.7853176163233117,0));
#1883=FACE_BOUND('',#1884,.T.);
#1884=EDGE_LOOP('',(#1885,#1886,#1887));
#1885=ORIENTED_EDGE('',*,*,#1888,.T.);
#1886=ORIENTED_EDGE('',*,*,#1889,.T.);
#1887=ORIENTED_EDGE('',*,*,#1890,.T.);
#1888=EDGE_CURVE('',#163,#167,#1891,.F.);
#1889=EDGE_CURVE('',#167,#169,#1892,.T.);
#1890=EDGE_CURVE('',#169,#163,#1893,.T.);
#1891=LINE('',#162,#1894);
#1892=LINE('',#166,#1895);
#1893=LINE('',#168,#1896);
#1894=VECTOR('',#1897,1.0);
#1895=VECTOR('',#1898,1.0);
#1896=VECTOR('',#1899,1.0);
#1897=DIRECTION('',(-0.6190930798290931,0.7853176163233117,0));
#1898=DIRECTION('',(0,0,-1));
#1899=DIRECTION('',(0.10498222772573623,-0.13316962427789672,0.9855174189386129));
#1900=FACE_SURFACE('',(#1905),#1901,.T.);
#1901=PLANE('',#1902);
#1902=AXIS2_PLACEMENT_3D('',#162,#1903,#1904);
#1903=DIRECTION('',(-0.7853176163233117,-0.6190930798290932,-0));
#1904=DIRECTION('',(-0.10498222772573623,0.13316962427789672,-0.9855174189386129));
#1905=FACE_BOUND('',#1906,.T.);
#1906=EDGE_LOOP('',(#1907,#1908,#1909));
#1907=ORIENTED_EDGE('',*,*,#1910,.T.);
#1908=ORIENTED_EDGE('',*,*,#1911,.T.);
#1909=ORIENTED_EDGE('',*,*,#1912,.T.);
#1910=EDGE_CURVE('',#163,#169,#1913,.F.);
#1911=EDGE_CURVE('',#169,#165,#1914,.T.);
#1912=EDGE_CURVE('',#165,#163,#1915,.T.);
#1913=LINE('',#162,#1916);
#1914=LINE('',#168,#1917);
#1915=LINE('',#164,#1918);
#1916=VECTOR('',#1919,1.0);
#1917=VECTOR('',#1920,1.0);
#1918=VECTOR('',#1921,1.0);
#1919=DIRECTION('',(-0.10498222772573623,0.13316962427789672,-0.9855174189386129));
#1920=DIRECTION('',(0.6190930798290931,-0.7853176163233117,0));
#1921=DIRECTION('',(0,0,1));
#1922=FACE_SURFACE('',(#1927),#1923,.T.);
#1923=PLANE('',#1924);
#1924=AXIS2_PLACEMENT_3D('',#166,#1925,#1926);
#1925=DIRECTION('',(-0.8314680847642933,-0.5555725191353491,0));
#1926=DIRECTION('',(-0.5555725191353491,0.8314680847642933,0));
#1927=FACE_BOUND('',#1928,.T.);
#1928=EDGE_LOOP('',(#1929,#1930,#1931));
#1929=ORIENTED_EDGE('',*,*,#1932,.T.);
#1930=ORIENTED_EDGE('',*,*,#1933,.T.);
#1931=ORIENTED_EDGE('',*,*,#1934,.T.);
#1932=EDGE_CURVE('',#167,#171,#1935,.F.);
#1933=EDGE_CURVE('',#171,#173,#1936,.T.);
#1934=EDGE_CURVE('',#173,#167,#1937,.T.);
#1935=LINE('',#166,#1938);
#1936=LINE('',#170,#1939);
#1937=LINE('',#172,#1940);
#1938=VECTOR('',#1941,1.0);
#1939=VECTOR('',#1942,1.0);
#1940=VECTOR('',#1943,1.0);
#1941=DIRECTION('',(-0.5555725191353491,0.8314680847642933,0));
#1942=DIRECTION('',(0,0,-1));
#1943=DIRECTION('',(0.09420930086355767,-0.14099334336751465,0.9855178764268306));
#1944=FACE_SURFACE('',(#1949),#1945,.T.);
#1945=PLANE('',#1946);
#1946=AXIS2_PLACEMENT_3D('',#166,#1947,#1948);
#1947=DIRECTION('',(-0.8314680847642933,-0.5555725191353491,-0));
#1948=DIRECTION('',(-0.09420930086355767,0.14099334336751465,-0.9855178764268306));
#1949=FACE_BOUND('',#1950,.T.);
#1950=EDGE_LOOP('',(#1951,#1952,#1953));
#1951=ORIENTED_EDGE('',*,*,#1954,.T.);
#1952=ORIENTED_EDGE('',*,*,#1955,.T.);
#1953=ORIENTED_EDGE('',*,*,#1956,.T.);
#1954=EDGE_CURVE('',#167,#173,#1957,.F.);
#1955=EDGE_CURVE('',#173,#169,#1958,.T.);
#1956=EDGE_CURVE('',#169,#167,#1959,.T.);
#1957=LINE('',#166,#1960);
#1958=LINE('',#172,#1961);
#1959=LINE('',#168,#1962);
#1960=VECTOR('',#1963,1.0);
#1961=VECTOR('',#1964,1.0);
#1962=VECTOR('',#1965,1.0);
#1963=DIRECTION('',(-0.09420930086355767,0.14099334336751465,-0.9855178764268306));
#1964=DIRECTION('',(0.5555725191353491,-0.8314680847642933,0));
#1965=DIRECTION('',(0,0,1));
#1966=FACE_SURFACE('',(#1971),#1967,.T.);
#1967=PLANE('',#1968);
#1968=AXIS2_PLACEMENT_3D('',#170,#1969,#1970);
#1969=DIRECTION('',(-0.8724964886063626,-0.4886203816559102,0));
#1970=DIRECTION('',(-0.4886203816559102,0.8724964886063625,0));
#1971=FACE_BOUND('',#1972,.T.);
#1972=EDGE_LOOP('',(#1973,#1974,#1975));
#1973=ORIENTED_EDGE('',*,*,#1976,.T.);
#1974=ORIENTED_EDGE('',*,*,#1977,.T.);
#1975=ORIENTED_EDGE('',*,*,#1978,.T.);
#1976=EDGE_CURVE('',#171,#175,#1979,.F.);
#1977=EDGE_CURVE('',#175,#177,#1980,.T.);
#1978=EDGE_CURVE('',#177,#171,#1981,.T.);
#1979=LINE('',#170,#1982);
#1980=LINE('',#174,#1983);
#1981=LINE('',#176,#1984);
#1982=VECTOR('',#1985,1.0);
#1983=VECTOR('',#1986,1.0);
#1984=VECTOR('',#1987,1.0);
#1985=DIRECTION('',(-0.4886203816559102,0.8724964886063625,0));
#1986=DIRECTION('',(0,0,-1));
#1987=DIRECTION('',(0.08285687453350923,-0.14795193733505269,0.9855176115023734));
#1988=FACE_SURFACE('',(#1993),#1989,.T.);
#1989=PLANE('',#1990);
#1990=AXIS2_PLACEMENT_3D('',#170,#1991,#1992);
#1991=DIRECTION('',(-0.8724964886063626,-0.4886203816559102,-0));
#1992=DIRECTION('',(-0.08285687453350923,0.14795193733505269,-0.9855176115023734));
#1993=FACE_BOUND('',#1994,.T.);
#1994=EDGE_LOOP('',(#1995,#1996,#1997));
#1995=ORIENTED_EDGE('',*,*,#1998,.T.);
#1996=ORIENTED_EDGE('',*,*,#1999,.T.);
#1997=ORIENTED_EDGE('',*,*,#2000,.T.);
#1998=EDGE_CURVE('',#171,#177,#2001,.F.);
#1999=EDGE_CURVE('',#177,#173,#2002,.T.);
#2000=EDGE_CURVE('',#173,#171,#2003,.T.);
#2001=LINE('',#170,#2004);
#2002=LINE('',#176,#2005);
#2003=LINE('',#172,#2006);
#2004=VECTOR('',#2007,1.0);
#2005=VECTOR('',#2008,1.0);
#2006=VECTOR('',#2009,1.0);
#2007=DIRECTION('',(-0.08285687453350923,0.14795193733505269,-0.9855176115023734));
#2008=DIRECTION('',(0.4886203816559102,-0.8724964886063625,0));
#2009=DIRECTION('',(0,0,1));
#2010=FACE_SURFACE('',(#2015),#2011,.T.);
#2011=PLANE('',#2012);
#2012=AXIS2_PLACEMENT_3D('',#174,#2013,#2014);
#2013=DIRECTION('',(-0.9081420169038189,-0.41866224708452476,0));
#2014=DIRECTION('',(-0.41866224708452476,0.908142016903819,0));
#2015=FACE_BOUND('',#2016,.T.);
#2016=EDGE_LOOP('',(#2017,#2018,#2019));
#2017=ORIENTED_EDGE('',*,*,#2020,.T.);
#2018=ORIENTED_EDGE('',*,*,#2021,.T.);
#2019=ORIENTED_EDGE('',*,*,#2022,.T.);
#2020=EDGE_CURVE('',#175,#179,#2023,.F.);
#2021=EDGE_CURVE('',#179,#181,#2024,.T.);
#2022=EDGE_CURVE('',#181,#175,#2025,.T.);
#2023=LINE('',#174,#2026);
#2024=LINE('',#178,#2027);
#2025=LINE('',#180,#2028);
#2026=VECTOR('',#2029,1.0);
#2027=VECTOR('',#2030,1.0);
#2028=VECTOR('',#2031,1.0);
#2029=DIRECTION('',(-0.41866224708452476,0.908142016903819,0));
#2030=DIRECTION('',(0,0,-1));
#2031=DIRECTION('',(0.07099370242921318,-0.1539961258998324,0.9855176748406064));
#2032=FACE_SURFACE('',(#2037),#2033,.T.);
#2033=PLANE('',#2034);
#2034=AXIS2_PLACEMENT_3D('',#174,#2035,#2036);
#2035=DIRECTION('',(-0.9081420169038189,-0.41866224708452476,-0));
#2036=DIRECTION('',(-0.07099370242921318,0.1539961258998324,-0.9855176748406064));
#2037=FACE_BOUND('',#2038,.T.);
#2038=EDGE_LOOP('',(#2039,#2040,#2041));
#2039=ORIENTED_EDGE('',*,*,#2042,.T.);
#2040=ORIENTED_EDGE('',*,*,#2043,.T.);
#2041=ORIENTED_EDGE('',*,*,#2044,.T.);
#2042=EDGE_CURVE('',#175,#181,#2045,.F.);
#2043=EDGE_CURVE('',#181,#177,#2046,.T.);
#2044=EDGE_CURVE('',#177,#175,#2047,.T.);
#2045=LINE('',#174,#2048);
#2046=LINE('',#180,#2049);
#2047=LINE('',#176,#2050);
#2048=VECTOR('',#2051,1.0);
#2049=VECTOR('',#2052,1.0);
#2050=VECTOR('',#2053,1.0);
#2051=DIRECTION('',(-0.07099370242921318,0.1539961258998324,-0.9855176748406064));
#2052=DIRECTION('',(0.41866224708452476,-0.908142016903819,0));
#2053=DIRECTION('',(0,0,1));
#2054=FACE_SURFACE('',(#2059),#2055,.T.);
#2055=PLANE('',#2056);
#2056=AXIS2_PLACEMENT_3D('',#178,#2057,#2058);
#2057=DIRECTION('',(-0.9381912359395633,-0.3461173280929383,0));
#2058=DIRECTION('',(-0.34611732809293827,0.9381912359395633,0));
#2059=FACE_BOUND('',#2060,.T.);
#2060=EDGE_LOOP('',(#2061,#2062,#2063));
#2061=ORIENTED_EDGE('',*,*,#2064,.T.);
#2062=ORIENTED_EDGE('',*,*,#2065,.T.);
#2063=ORIENTED_EDGE('',*,*,#2066,.T.);
#2064=EDGE_CURVE('',#179,#183,#2067,.F.);
#2065=EDGE_CURVE('',#183,#185,#2068,.T.);
#2066=EDGE_CURVE('',#185,#179,#2069,.T.);
#2067=LINE('',#178,#2070);
#2068=LINE('',#182,#2071);
#2069=LINE('',#184,#2072);
#2070=VECTOR('',#2073,1.0);
#2071=VECTOR('',#2074,1.0);
#2072=VECTOR('',#2075,1.0);
#2073=DIRECTION('',(-0.34611732809293827,0.9381912359395633,0));
#2074=DIRECTION('',(0,0,-1));
#2075=DIRECTION('',(0.05869250791134276,-0.15909286264612976,0.9855174532042225));
#2076=FACE_SURFACE('',(#2081),#2077,.T.);
#2077=PLANE('',#2078);
#2078=AXIS2_PLACEMENT_3D('',#178,#2079,#2080);
#2079=DIRECTION('',(-0.9381912359395633,-0.3461173280929383,-0));
#2080=DIRECTION('',(-0.05869250791134276,0.15909286264612976,-0.9855174532042225));
#2081=FACE_BOUND('',#2082,.T.);
#2082=EDGE_LOOP('',(#2083,#2084,#2085));
#2083=ORIENTED_EDGE('',*,*,#2086,.T.);
#2084=ORIENTED_EDGE('',*,*,#2087,.T.);
#2085=ORIENTED_EDGE('',*,*,#2088,.T.);
#2086=EDGE_CURVE('',#179,#185,#2089,.F.);
#2087=EDGE_CURVE('',#185,#181,#2090,.T.);
#2088=EDGE_CURVE('',#181,#179,#2091,.T.);
#2089=LINE('',#178,#2092);
#2090=LINE('',#184,#2093);
#2091=LINE('',#180,#2094);
#2092=VECTOR('',#2095,1.0);
#2093=VECTOR('',#2096,1.0);
#2094=VECTOR('',#2097,1.0);
#2095=DIRECTION('',(-0.05869250791134276,0.15909286264612976,-0.9855174532042225));
#2096=DIRECTION('',(0.34611732809293827,-0.9381912359395633,0));
#2097=DIRECTION('',(0,0,1));
#2098=FACE_SURFACE('',(#2103),#2099,.T.);
#2099=PLANE('',#2100);
#2100=AXIS2_PLACEMENT_3D('',#182,#2101,#2102);
#2101=DIRECTION('',(-0.9624554798494708,-0.27143958684710096,0));
#2102=DIRECTION('',(-0.271439586847101,0.9624554798494709,0));
#2103=FACE_BOUND('',#2104,.T.);
#2104=EDGE_LOOP('',(#2105,#2106,#2107));
#2105=ORIENTED_EDGE('',*,*,#2108,.T.);
#2106=ORIENTED_EDGE('',*,*,#2109,.T.);
#2107=ORIENTED_EDGE('',*,*,#2110,.T.);
#2108=EDGE_CURVE('',#183,#187,#2111,.F.);
#2109=EDGE_CURVE('',#187,#189,#2112,.T.);
#2110=EDGE_CURVE('',#189,#183,#2113,.T.);
#2111=LINE('',#182,#2114);
#2112=LINE('',#186,#2115);
#2113=LINE('',#188,#2116);
#2114=VECTOR('',#2117,1.0);
#2115=VECTOR('',#2118,1.0);
#2116=VECTOR('',#2119,1.0);
#2117=DIRECTION('',(-0.271439586847101,0.9624554798494709,0));
#2118=DIRECTION('',(0,0,-1));
#2119=DIRECTION('',(0.0460288509231277,-0.16320655478706117,0.9855176129107153));
#2120=FACE_SURFACE('',(#2125),#2121,.T.);
#2121=PLANE('',#2122);
#2122=AXIS2_PLACEMENT_3D('',#182,#2123,#2124);
#2123=DIRECTION('',(-0.9624554798494708,-0.27143958684710096,-0));
#2124=DIRECTION('',(-0.0460288509231277,0.16320655478706117,-0.9855176129107153));
#2125=FACE_BOUND('',#2126,.T.);
#2126=EDGE_LOOP('',(#2127,#2128,#2129));
#2127=ORIENTED_EDGE('',*,*,#2130,.T.);
#2128=ORIENTED_EDGE('',*,*,#2131,.T.);
#2129=ORIENTED_EDGE('',*,*,#2132,.T.);
#2130=EDGE_CURVE('',#183,#189,#2133,.F.);
#2131=EDGE_CURVE('',#189,#185,#2134,.T.);
#2132=EDGE_CURVE('',#185,#183,#2135,.T.);
#2133=LINE('',#182,#2136);
#2134=LINE('',#188,#2137);
#2135=LINE('',#184,#2138);
#2136=VECTOR('',#2139,1.0);
#2137=VECTOR('',#2140,1.0);
#2138=VECTOR('',#2141,1.0);
#2139=DIRECTION('',(-0.0460288509231277,0.16320655478706117,-0.9855176129107153));
#2140=DIRECTION('',(0.271439586847101,-0.9624554798494709,0));
#2141=DIRECTION('',(0,0,1));
#2142=FACE_SURFACE('',(#2147),#2143,.T.);
#2143=PLANE('',#2144);
#2144=AXIS2_PLACEMENT_3D('',#186,#2145,#2146);
#2145=DIRECTION('',(-0.9807866085087955,-0.1950836450597914,0));
#2146=DIRECTION('',(-0.19508364505979137,0.9807866085087955,0));
#2147=FACE_BOUND('',#2148,.T.);
#2148=EDGE_LOOP('',(#2149,#2150,#2151));
#2149=ORIENTED_EDGE('',*,*,#2152,.T.);
#2150=ORIENTED_EDGE('',*,*,#2153,.T.);
#2151=ORIENTED_EDGE('',*,*,#2154,.T.);
#2152=EDGE_CURVE('',#187,#191,#2155,.F.);
#2153=EDGE_CURVE('',#191,#193,#2156,.T.);
#2154=EDGE_CURVE('',#193,#187,#2157,.T.);
#2155=LINE('',#186,#2158);
#2156=LINE('',#190,#2159);
#2157=LINE('',#192,#2160);
#2158=VECTOR('',#2161,1.0);
#2159=VECTOR('',#2162,1.0);
#2160=VECTOR('',#2163,1.0);
#2161=DIRECTION('',(-0.19508364505979137,0.9807866085087955,0));
#2162=DIRECTION('',(0,0,-1));
#2163=DIRECTION('',(0.03308096176473743,-0.16631514284809346,0.985517591536619));
#2164=FACE_SURFACE('',(#2169),#2165,.T.);
#2165=PLANE('',#2166);
#2166=AXIS2_PLACEMENT_3D('',#186,#2167,#2168);
#2167=DIRECTION('',(-0.9807866085087955,-0.1950836450597914,-0));
#2168=DIRECTION('',(-0.03308096176473743,0.16631514284809346,-0.985517591536619));
#2169=FACE_BOUND('',#2170,.T.);
#2170=EDGE_LOOP('',(#2171,#2172,#2173));
#2171=ORIENTED_EDGE('',*,*,#2174,.T.);
#2172=ORIENTED_EDGE('',*,*,#2175,.T.);
#2173=ORIENTED_EDGE('',*,*,#2176,.T.);
#2174=EDGE_CURVE('',#187,#193,#2177,.F.);
#2175=EDGE_CURVE('',#193,#189,#2178,.T.);
#2176=EDGE_CURVE('',#189,#187,#2179,.T.);
#2177=LINE('',#186,#2180);
#2178=LINE('',#192,#2181);
#2179=LINE('',#188,#2182);
#2180=VECTOR('',#2183,1.0);
#2181=VECTOR('',#2184,1.0);
#2182=VECTOR('',#2185,1.0);
#2183=DIRECTION('',(-0.03308096176473743,0.16631514284809346,-0.985517591536619));
#2184=DIRECTION('',(0.19508364505979137,-0.9807866085087955,0));
#2185=DIRECTION('',(0,0,1));
#2186=FACE_SURFACE('',(#2191),#2187,.T.);
#2187=PLANE('',#2188);
#2188=AXIS2_PLACEMENT_3D('',#190,#2189,#2190);
#2189=DIRECTION('',(-0.9930683378492726,-0.11753840377205604,0));
#2190=DIRECTION('',(-0.11753840377205604,0.9930683378492726,0));
#2191=FACE_BOUND('',#2192,.T.);
#2192=EDGE_LOOP('',(#2193,#2194,#2195));
#2193=ORIENTED_EDGE('',*,*,#2196,.T.);
#2194=ORIENTED_EDGE('',*,*,#2197,.T.);
#2195=ORIENTED_EDGE('',*,*,#2198,.T.);
#2196=EDGE_CURVE('',#191,#195,#2199,.F.);
#2197=EDGE_CURVE('',#195,#197,#2200,.T.);
#2198=EDGE_CURVE('',#197,#191,#2201,.T.);
#2199=LINE('',#190,#2202);
#2200=LINE('',#194,#2203);
#2201=LINE('',#196,#2204);
#2202=VECTOR('',#2205,1.0);
#2203=VECTOR('',#2206,1.0);
#2204=VECTOR('',#2207,1.0);
#2205=DIRECTION('',(-0.11753840377205604,0.9930683378492726,0));
#2206=DIRECTION('',(0,0,-1));
#2207=DIRECTION('',(0.019931238597392802,-0.16839672268797484,0.9855177773718357));
#2208=FACE_SURFACE('',(#2213),#2209,.T.);
#2209=PLANE('',#2210);
#2210=AXIS2_PLACEMENT_3D('',#190,#2211,#2212);
#2211=DIRECTION('',(-0.9930683378492726,-0.11753840377205604,-0));
#2212=DIRECTION('',(-0.019931238597392802,0.16839672268797484,-0.9855177773718357));
#2213=FACE_BOUND('',#2214,.T.);
#2214=EDGE_LOOP('',(#2215,#2216,#2217));
#2215=ORIENTED_EDGE('',*,*,#2218,.T.);
#2216=ORIENTED_EDGE('',*,*,#2219,.T.);
#2217=ORIENTED_EDGE('',*,*,#2220,.T.);
#2218=EDGE_CURVE('',#191,#197,#2221,.F.);
#2219=EDGE_CURVE('',#197,#193,#2222,.T.);
#2220=EDGE_CURVE('',#193,#191,#2223,.T.);
#2221=LINE('',#190,#2224);
#2222=LINE('',#196,#2225);
#2223=LINE('',#192,#2226);
#2224=VECTOR('',#2227,1.0);
#2225=VECTOR('',#2228,1.0);
#2226=VECTOR('',#2229,1.0);
#2227=DIRECTION('',(-0.019931238597392802,0.16839672268797484,-0.9855177773718357));
#2228=DIRECTION('',(0.11753840377205604,-0.9930683378492726,0));
#2229=DIRECTION('',(0,0,1));
#2230=FACE_SURFACE('',(#2235),#2231,.T.);
#2231=PLANE('',#2232);
#2232=AXIS2_PLACEMENT_3D('',#194,#2233,#2234);
#2233=DIRECTION('',(-0.9992289202785927,-0.03926276708126749,0));
#2234=DIRECTION('',(-0.03926276708126749,0.9992289202785927,0));
#2235=FACE_BOUND('',#2236,.T.);
#2236=EDGE_LOOP('',(#2237,#2238,#2239));
#2237=ORIENTED_EDGE('',*,*,#2240,.T.);
#2238=ORIENTED_EDGE('',*,*,#2241,.T.);
#2239=ORIENTED_EDGE('',*,*,#2242,.T.);
#2240=EDGE_CURVE('',#195,#199,#2243,.F.);
#2241=EDGE_CURVE('',#199,#201,#2244,.T.);
#2242=EDGE_CURVE('',#201,#195,#2245,.T.);
#2243=LINE('',#194,#2246);
#2244=LINE('',#198,#2247);
#2245=LINE('',#200,#2248);
#2246=VECTOR('',#2249,1.0);
#2247=VECTOR('',#2250,1.0);
#2248=VECTOR('',#2251,1.0);
#2249=DIRECTION('',(-0.03926276708126749,0.9992289202785927,0));
#2250=DIRECTION('',(0,0,-1));
#2251=DIRECTION('',(0.006657932602813207,-0.16944294303624804,0.9855175092248089));
#2252=FACE_SURFACE('',(#2257),#2253,.T.);
#2253=PLANE('',#2254);
#2254=AXIS2_PLACEMENT_3D('',#194,#2255,#2256);
#2255=DIRECTION('',(-0.9992289202785927,-0.03926276708126749,-0));
#2256=DIRECTION('',(-0.006657932602813207,0.16944294303624804,-0.9855175092248089));
#2257=FACE_BOUND('',#2258,.T.);
#2258=EDGE_LOOP('',(#2259,#2260,#2261));
#2259=ORIENTED_EDGE('',*,*,#2262,.T.);
#2260=ORIENTED_EDGE('',*,*,#2263,.T.);
#2261=ORIENTED_EDGE('',*,*,#2264,.T.);
#2262=EDGE_CURVE('',#195,#201,#2265,.F.);
#2263=EDGE_CURVE('',#201,#197,#2266,.T.);
#2264=EDGE_CURVE('',#197,#195,#2267,.T.);
#2265=LINE('',#194,#2268);
#2266=LINE('',#200,#2269);
#2267=LINE('',#196,#2270);
#2268=VECTOR('',#2271,1.0);
#2269=VECTOR('',#2272,1.0);
#2270=VECTOR('',#2273,1.0);
#2271=DIRECTION('',(-0.006657932602813207,0.16944294303624804,-0.9855175092248089));
#2272=DIRECTION('',(0.03926276708126749,-0.9992289202785927,0));
#2273=DIRECTION('',(0,0,1));
#2274=FACE_SURFACE('',(#2279),#2275,.T.);
#2275=PLANE('',#2276);
#2276=AXIS2_PLACEMENT_3D('',#118,#2277,#2278);
#2277=DIRECTION('',(0,-1,0));
#2278=DIRECTION('',(0,0,-1));
#2279=FACE_BOUND('',#2280,.T.);
#2280=EDGE_LOOP('',(#2281,#2282,#2283));
#2281=ORIENTED_EDGE('',*,*,#2284,.T.);
#2282=ORIENTED_EDGE('',*,*,#2285,.T.);
#2283=ORIENTED_EDGE('',*,*,#2286,.T.);
#2284=EDGE_CURVE('',#119,#125,#2287,.F.);
#2285=EDGE_CURVE('',#125,#35,#2288,.T.);
#2286=EDGE_CURVE('',#35,#119,#2289,.T.);
#2287=LINE('',#118,#2290);
#2288=LINE('',#124,#2291);
#2289=LINE('',#34,#2292);
#2290=VECTOR('',#2293,1.0);
#2291=VECTOR('',#2294,1.0);
#2292=VECTOR('',#2295,1.0);
#2293=DIRECTION('',(0,0,-1));
#2294=DIRECTION('',(1,0,0));
#2295=DIRECTION('',(-0.9997052211501867,0,0.024279019853699013));
#2296=FACE_SURFACE('',(#2301),#2297,.T.);
#2297=PLANE('',#2298);
#2298=AXIS2_PLACEMENT_3D('',#118,#2299,#2300);
#2299=DIRECTION('',(0,-1,0));
#2300=DIRECTION('',(0.9997052211501867,0,-0.024279019853699013));
#2301=FACE_BOUND('',#2302,.T.);
#2302=EDGE_LOOP('',(#2303,#2304,#2305));
#2303=ORIENTED_EDGE('',*,*,#2306,.T.);
#2304=ORIENTED_EDGE('',*,*,#2307,.T.);
#2305=ORIENTED_EDGE('',*,*,#2308,.T.);
#2306=EDGE_CURVE('',#119,#35,#2309,.F.);
#2307=EDGE_CURVE('',#35,#41,#2310,.T.);
#2308=EDGE_CURVE('',#41,#119,#2311,.T.);
#2309=LINE('',#118,#2312);
#2310=LINE('',#34,#2313);
#2311=LINE('',#40,#2314);
#2312=VECTOR('',#2315,1.0);
#2313=VECTOR('',#2316,1.0);
#2314=VECTOR('',#2317,1.0);
#2315=DIRECTION('',(0.9997052211501867,0,-0.024279019853699013));
#2316=DIRECTION('',(0,0,1));
#2317=DIRECTION('',(-1,0,0));
#2318=FACE_SURFACE('',(#2323),#2319,.T.);
#2319=PLANE('',#2320);
#2320=AXIS2_PLACEMENT_3D('',#202,#2321,#2322);
#2321=DIRECTION('',(-0.03925500008039898,0.999229225437631,0));
#2322=DIRECTION('',(-0.9992292254376309,-0.03925500008039897,0));
#2323=FACE_BOUND('',#2324,.T.);
#2324=EDGE_LOOP('',(#2325,#2326,#2327));
#2325=ORIENTED_EDGE('',*,*,#2328,.T.);
#2326=ORIENTED_EDGE('',*,*,#2329,.T.);
#2327=ORIENTED_EDGE('',*,*,#2330,.T.);
#2328=EDGE_CURVE('',#203,#205,#2331,.F.);
#2329=EDGE_CURVE('',#205,#207,#2332,.T.);
#2330=EDGE_CURVE('',#207,#203,#2333,.T.);
#2331=LINE('',#202,#2334);
#2332=LINE('',#204,#2335);
#2333=LINE('',#206,#2336);
#2334=VECTOR('',#2337,1.0);
#2335=VECTOR('',#2338,1.0);
#2336=VECTOR('',#2339,1.0);
#2337=DIRECTION('',(-0.9992292254376309,-0.03925500008039897,0));
#2338=DIRECTION('',(0,0,1));
#2339=DIRECTION('',(0.1694416109534884,0.006656561159616804,-0.9855177475170172));
#2340=FACE_SURFACE('',(#2345),#2341,.T.);
#2341=PLANE('',#2342);
#2342=AXIS2_PLACEMENT_3D('',#202,#2343,#2344);
#2343=DIRECTION('',(-0.03925500008039898,0.999229225437631,0));
#2344=DIRECTION('',(-0.1694416109534884,-0.006656561159616804,0.9855177475170172));
#2345=FACE_BOUND('',#2346,.T.);
#2346=EDGE_LOOP('',(#2347,#2348,#2349));
#2347=ORIENTED_EDGE('',*,*,#2350,.T.);
#2348=ORIENTED_EDGE('',*,*,#2351,.T.);
#2349=ORIENTED_EDGE('',*,*,#2352,.T.);
#2350=EDGE_CURVE('',#203,#207,#2353,.F.);
#2351=EDGE_CURVE('',#207,#209,#2354,.T.);
#2352=EDGE_CURVE('',#209,#203,#2355,.T.);
#2353=LINE('',#202,#2356);
#2354=LINE('',#206,#2357);
#2355=LINE('',#208,#2358);
#2356=VECTOR('',#2359,1.0);
#2357=VECTOR('',#2360,1.0);
#2358=VECTOR('',#2361,1.0);
#2359=DIRECTION('',(-0.1694416109534884,-0.006656561159616804,0.9855177475170172));
#2360=DIRECTION('',(0.9992292254376309,0.03925500008039897,0));
#2361=DIRECTION('',(0,0,-1));
#2362=FACE_SURFACE('',(#2367),#2363,.T.);
#2363=PLANE('',#2364);
#2364=AXIS2_PLACEMENT_3D('',#204,#2365,#2366);
#2365=DIRECTION('',(-0.11753745864915802,0.9930684497124542,0));
#2366=DIRECTION('',(-0.9930684497124543,-0.11753745864915803,0));
#2367=FACE_BOUND('',#2368,.T.);
#2368=EDGE_LOOP('',(#2369,#2370,#2371));
#2369=ORIENTED_EDGE('',*,*,#2372,.T.);
#2370=ORIENTED_EDGE('',*,*,#2373,.T.);
#2371=ORIENTED_EDGE('',*,*,#2374,.T.);
#2372=EDGE_CURVE('',#205,#211,#2375,.F.);
#2373=EDGE_CURVE('',#211,#213,#2376,.T.);
#2374=EDGE_CURVE('',#213,#205,#2377,.T.);
#2375=LINE('',#204,#2378);
#2376=LINE('',#210,#2379);
#2377=LINE('',#212,#2380);
#2378=VECTOR('',#2381,1.0);
#2379=VECTOR('',#2382,1.0);
#2380=VECTOR('',#2383,1.0);
#2381=DIRECTION('',(-0.9930684497124543,-0.11753745864915803,0));
#2382=DIRECTION('',(0,0,1));
#2383=DIRECTION('',(0.16839805680430545,0.019931233988921666,-0.9855175495018914));
#2384=FACE_SURFACE('',(#2389),#2385,.T.);
#2385=PLANE('',#2386);
#2386=AXIS2_PLACEMENT_3D('',#204,#2387,#2388);
#2387=DIRECTION('',(-0.11753745864915802,0.9930684497124542,0));
#2388=DIRECTION('',(-0.16839805680430545,-0.019931233988921666,0.9855175495018914));
#2389=FACE_BOUND('',#2390,.T.);
#2390=EDGE_LOOP('',(#2391,#2392,#2393));
#2391=ORIENTED_EDGE('',*,*,#2394,.T.);
#2392=ORIENTED_EDGE('',*,*,#2395,.T.);
#2393=ORIENTED_EDGE('',*,*,#2396,.T.);
#2394=EDGE_CURVE('',#205,#213,#2397,.F.);
#2395=EDGE_CURVE('',#213,#207,#2398,.T.);
#2396=EDGE_CURVE('',#207,#205,#2399,.T.);
#2397=LINE('',#204,#2400);
#2398=LINE('',#212,#2401);
#2399=LINE('',#206,#2402);
#2400=VECTOR('',#2403,1.0);
#2401=VECTOR('',#2404,1.0);
#2402=VECTOR('',#2405,1.0);
#2403=DIRECTION('',(-0.16839805680430545,-0.019931233988921666,0.9855175495018914));
#2404=DIRECTION('',(0.9930684497124543,0.11753745864915803,0));
#2405=DIRECTION('',(0,0,-1));
#2406=FACE_SURFACE('',(#2411),#2407,.T.);
#2407=PLANE('',#2408);
#2408=AXIS2_PLACEMENT_3D('',#210,#2409,#2410);
#2409=DIRECTION('',(-0.19509143399348614,0.9807850592165265,0));
#2410=DIRECTION('',(-0.9807850592165264,-0.19509143399348614,0));
#2411=FACE_BOUND('',#2412,.T.);
#2412=EDGE_LOOP('',(#2413,#2414,#2415));
#2413=ORIENTED_EDGE('',*,*,#2416,.T.);
#2414=ORIENTED_EDGE('',*,*,#2417,.T.);
#2415=ORIENTED_EDGE('',*,*,#2418,.T.);
#2416=EDGE_CURVE('',#211,#215,#2419,.F.);
#2417=EDGE_CURVE('',#215,#217,#2420,.T.);
#2418=EDGE_CURVE('',#217,#211,#2421,.T.);
#2419=LINE('',#210,#2422);
#2420=LINE('',#214,#2423);
#2421=LINE('',#216,#2424);
#2422=VECTOR('',#2425,1.0);
#2423=VECTOR('',#2426,1.0);
#2424=VECTOR('',#2427,1.0);
#2425=DIRECTION('',(-0.9807850592165264,-0.19509143399348614,0));
#2426=DIRECTION('',(0,0,1));
#2427=DIRECTION('',(0.16631513529358607,0.03308233331487074,-0.9855175467716037));
#2428=FACE_SURFACE('',(#2433),#2429,.T.);
#2429=PLANE('',#2430);
#2430=AXIS2_PLACEMENT_3D('',#210,#2431,#2432);
#2431=DIRECTION('',(-0.19509143399348614,0.9807850592165265,0));
#2432=DIRECTION('',(-0.16631513529358607,-0.03308233331487074,0.9855175467716037));
#2433=FACE_BOUND('',#2434,.T.);
#2434=EDGE_LOOP('',(#2435,#2436,#2437));
#2435=ORIENTED_EDGE('',*,*,#2438,.T.);
#2436=ORIENTED_EDGE('',*,*,#2439,.T.);
#2437=ORIENTED_EDGE('',*,*,#2440,.T.);
#2438=EDGE_CURVE('',#211,#217,#2441,.F.);
#2439=EDGE_CURVE('',#217,#213,#2442,.T.);
#2440=EDGE_CURVE('',#213,#211,#2443,.T.);
#2441=LINE('',#210,#2444);
#2442=LINE('',#216,#2445);
#2443=LINE('',#212,#2446);
#2444=VECTOR('',#2447,1.0);
#2445=VECTOR('',#2448,1.0);
#2446=VECTOR('',#2449,1.0);
#2447=DIRECTION('',(-0.16631513529358607,-0.03308233331487074,0.9855175467716037));
#2448=DIRECTION('',(0.9807850592165264,0.19509143399348614,0));
#2449=DIRECTION('',(0,0,-1));
#2450=FACE_SURFACE('',(#2455),#2451,.T.);
#2451=PLANE('',#2452);
#2452=AXIS2_PLACEMENT_3D('',#214,#2453,#2454);
#2453=DIRECTION('',(-0.2714470873464182,0.9624533644655964,0));
#2454=DIRECTION('',(-0.9624533644655963,-0.27144708734641815,0));
#2455=FACE_BOUND('',#2456,.T.);
#2456=EDGE_LOOP('',(#2457,#2458,#2459));
#2457=ORIENTED_EDGE('',*,*,#2460,.T.);
#2458=ORIENTED_EDGE('',*,*,#2461,.T.);
#2459=ORIENTED_EDGE('',*,*,#2462,.T.);
#2460=EDGE_CURVE('',#215,#219,#2463,.F.);
#2461=EDGE_CURVE('',#219,#221,#2464,.T.);
#2462=EDGE_CURVE('',#221,#215,#2465,.T.);
#2463=LINE('',#214,#2466);
#2464=LINE('',#218,#2467);
#2465=LINE('',#220,#2468);
#2466=VECTOR('',#2469,1.0);
#2467=VECTOR('',#2470,1.0);
#2468=VECTOR('',#2471,1.0);
#2469=DIRECTION('',(-0.9624533644655963,-0.27144708734641815,0));
#2470=DIRECTION('',(0,0,1));
#2471=DIRECTION('',(0.16320654447224667,0.04603022106682929,-0.9855175506250345));
#2472=FACE_SURFACE('',(#2477),#2473,.T.);
#2473=PLANE('',#2474);
#2474=AXIS2_PLACEMENT_3D('',#214,#2475,#2476);
#2475=DIRECTION('',(-0.2714470873464182,0.9624533644655964,0));
#2476=DIRECTION('',(-0.16320654447224667,-0.04603022106682929,0.9855175506250345));
#2477=FACE_BOUND('',#2478,.T.);
#2478=EDGE_LOOP('',(#2479,#2480,#2481));
#2479=ORIENTED_EDGE('',*,*,#2482,.T.);
#2480=ORIENTED_EDGE('',*,*,#2483,.T.);
#2481=ORIENTED_EDGE('',*,*,#2484,.T.);
#2482=EDGE_CURVE('',#215,#221,#2485,.F.);
#2483=EDGE_CURVE('',#221,#217,#2486,.T.);
#2484=EDGE_CURVE('',#217,#215,#2487,.T.);
#2485=LINE('',#214,#2488);
#2486=LINE('',#220,#2489);
#2487=LINE('',#216,#2490);
#2488=VECTOR('',#2491,1.0);
#2489=VECTOR('',#2492,1.0);
#2490=VECTOR('',#2493,1.0);
#2491=DIRECTION('',(-0.16320654447224667,-0.04603022106682929,0.9855175506250345));
#2492=DIRECTION('',(0.9624533644655963,0.27144708734641815,0));
#2493=DIRECTION('',(0,0,-1));
#2494=FACE_SURFACE('',(#2499),#2495,.T.);
#2495=PLANE('',#2496);
#2496=AXIS2_PLACEMENT_3D('',#218,#2497,#2498);
#2497=DIRECTION('',(-0.3461199574262875,0.9381902659222302,0));
#2498=DIRECTION('',(-0.9381902659222301,-0.34611995742628743,0));
#2499=FACE_BOUND('',#2500,.T.);
#2500=EDGE_LOOP('',(#2501,#2502,#2503));
#2501=ORIENTED_EDGE('',*,*,#2504,.T.);
#2502=ORIENTED_EDGE('',*,*,#2505,.T.);
#2503=ORIENTED_EDGE('',*,*,#2506,.T.);
#2504=EDGE_CURVE('',#219,#223,#2507,.F.);
#2505=EDGE_CURVE('',#223,#225,#2508,.T.);
#2506=EDGE_CURVE('',#225,#219,#2509,.T.);
#2507=LINE('',#218,#2510);
#2508=LINE('',#222,#2511);
#2509=LINE('',#224,#2512);
#2510=VECTOR('',#2513,1.0);
#2511=VECTOR('',#2514,1.0);
#2512=VECTOR('',#2515,1.0);
#2513=DIRECTION('',(-0.9381902659222301,-0.34611995742628743,0));
#2514=DIRECTION('',(0,0,1));
#2515=DIRECTION('',(0.15909152434575902,0.05869252073225176,-0.985517668482629));
#2516=FACE_SURFACE('',(#2521),#2517,.T.);
#2517=PLANE('',#2518);
#2518=AXIS2_PLACEMENT_3D('',#218,#2519,#2520);
#2519=DIRECTION('',(-0.3461199574262875,0.9381902659222302,0));
#2520=DIRECTION('',(-0.15909152434575902,-0.05869252073225176,0.985517668482629));
#2521=FACE_BOUND('',#2522,.T.);
#2522=EDGE_LOOP('',(#2523,#2524,#2525));
#2523=ORIENTED_EDGE('',*,*,#2526,.T.);
#2524=ORIENTED_EDGE('',*,*,#2527,.T.);
#2525=ORIENTED_EDGE('',*,*,#2528,.T.);
#2526=EDGE_CURVE('',#219,#225,#2529,.F.);
#2527=EDGE_CURVE('',#225,#221,#2530,.T.);
#2528=EDGE_CURVE('',#221,#219,#2531,.T.);
#2529=LINE('',#218,#2532);
#2530=LINE('',#224,#2533);
#2531=LINE('',#220,#2534);
#2532=VECTOR('',#2535,1.0);
#2533=VECTOR('',#2536,1.0);
#2534=VECTOR('',#2537,1.0);
#2535=DIRECTION('',(-0.15909152434575902,-0.05869252073225176,0.985517668482629));
#2536=DIRECTION('',(0.9381902659222301,0.34611995742628743,0));
#2537=DIRECTION('',(0,0,-1));
#2538=FACE_SURFACE('',(#2543),#2539,.T.);
#2539=PLANE('',#2540);
#2540=AXIS2_PLACEMENT_3D('',#222,#2541,#2542);
#2541=DIRECTION('',(-0.41865556916770486,0.9081450954582451,0));
#2542=DIRECTION('',(-0.9081450954582452,-0.41865556916770486,0));
#2543=FACE_BOUND('',#2544,.T.);
#2544=EDGE_LOOP('',(#2545,#2546,#2547));
#2545=ORIENTED_EDGE('',*,*,#2548,.T.);
#2546=ORIENTED_EDGE('',*,*,#2549,.T.);
#2547=ORIENTED_EDGE('',*,*,#2550,.T.);
#2548=EDGE_CURVE('',#223,#227,#2551,.F.);
#2549=EDGE_CURVE('',#227,#229,#2552,.T.);
#2550=EDGE_CURVE('',#229,#223,#2553,.T.);
#2551=LINE('',#222,#2554);
#2552=LINE('',#226,#2555);
#2553=LINE('',#228,#2556);
#2554=VECTOR('',#2557,1.0);
#2555=VECTOR('',#2558,1.0);
#2556=VECTOR('',#2559,1.0);
#2557=DIRECTION('',(-0.9081450954582452,-0.41865556916770486,0));
#2558=DIRECTION('',(0,0,1));
#2559=DIRECTION('',(0.15399614091094105,0.0709923362964023,-0.9855177709060938));
#2560=FACE_SURFACE('',(#2565),#2561,.T.);
#2561=PLANE('',#2562);
#2562=AXIS2_PLACEMENT_3D('',#222,#2563,#2564);
#2563=DIRECTION('',(-0.41865556916770486,0.9081450954582451,0));
#2564=DIRECTION('',(-0.15399614091094105,-0.0709923362964023,0.9855177709060938));
#2565=FACE_BOUND('',#2566,.T.);
#2566=EDGE_LOOP('',(#2567,#2568,#2569));
#2567=ORIENTED_EDGE('',*,*,#2570,.T.);
#2568=ORIENTED_EDGE('',*,*,#2571,.T.);
#2569=ORIENTED_EDGE('',*,*,#2572,.T.);
#2570=EDGE_CURVE('',#223,#229,#2573,.F.);
#2571=EDGE_CURVE('',#229,#225,#2574,.T.);
#2572=EDGE_CURVE('',#225,#223,#2575,.T.);
#2573=LINE('',#222,#2576);
#2574=LINE('',#228,#2577);
#2575=LINE('',#224,#2578);
#2576=VECTOR('',#2579,1.0);
#2577=VECTOR('',#2580,1.0);
#2578=VECTOR('',#2581,1.0);
#2579=DIRECTION('',(-0.15399614091094105,-0.0709923362964023,0.9855177709060938));
#2580=DIRECTION('',(0.9081450954582452,0.41865556916770486,0));
#2581=DIRECTION('',(0,0,-1));
#2582=FACE_SURFACE('',(#2587),#2583,.T.);
#2583=PLANE('',#2584);
#2584=AXIS2_PLACEMENT_3D('',#226,#2585,#2586);
#2585=DIRECTION('',(-0.488626545548826,0.8724930366398469,0));
#2586=DIRECTION('',(-0.8724930366398468,-0.48862654554882595,0));
#2587=FACE_BOUND('',#2588,.T.);
#2588=EDGE_LOOP('',(#2589,#2590,#2591));
#2589=ORIENTED_EDGE('',*,*,#2592,.T.);
#2590=ORIENTED_EDGE('',*,*,#2593,.T.);
#2591=ORIENTED_EDGE('',*,*,#2594,.T.);
#2592=EDGE_CURVE('',#227,#231,#2595,.F.);
#2593=EDGE_CURVE('',#231,#233,#2596,.T.);
#2594=EDGE_CURVE('',#233,#227,#2597,.T.);
#2595=LINE('',#226,#2598);
#2596=LINE('',#230,#2599);
#2597=LINE('',#232,#2600);
#2598=VECTOR('',#2601,1.0);
#2599=VECTOR('',#2602,1.0);
#2600=VECTOR('',#2603,1.0);
#2601=DIRECTION('',(-0.8724930366398468,-0.48862654554882595,0));
#2602=DIRECTION('',(0,0,1));
#2603=DIRECTION('',(0.14795192050288752,0.08285823815976438,-0.9855174993822113));
#2604=FACE_SURFACE('',(#2609),#2605,.T.);
#2605=PLANE('',#2606);
#2606=AXIS2_PLACEMENT_3D('',#226,#2607,#2608);
#2607=DIRECTION('',(-0.488626545548826,0.8724930366398469,0));
#2608=DIRECTION('',(-0.14795192050288752,-0.08285823815976438,0.9855174993822113));
#2609=FACE_BOUND('',#2610,.T.);
#2610=EDGE_LOOP('',(#2611,#2612,#2613));
#2611=ORIENTED_EDGE('',*,*,#2614,.T.);
#2612=ORIENTED_EDGE('',*,*,#2615,.T.);
#2613=ORIENTED_EDGE('',*,*,#2616,.T.);
#2614=EDGE_CURVE('',#227,#233,#2617,.F.);
#2615=EDGE_CURVE('',#233,#229,#2618,.T.);
#2616=EDGE_CURVE('',#229,#227,#2619,.T.);
#2617=LINE('',#226,#2620);
#2618=LINE('',#232,#2621);
#2619=LINE('',#228,#2622);
#2620=VECTOR('',#2623,1.0);
#2621=VECTOR('',#2624,1.0);
#2622=VECTOR('',#2625,1.0);
#2623=DIRECTION('',(-0.14795192050288752,-0.08285823815976438,0.9855174993822113));
#2624=DIRECTION('',(0.8724930366398468,0.48862654554882595,0));
#2625=DIRECTION('',(0,0,-1));
#2626=FACE_SURFACE('',(#2631),#2627,.T.);
#2627=PLANE('',#2628);
#2628=AXIS2_PLACEMENT_3D('',#230,#2629,#2630);
#2629=DIRECTION('',(-0.5555631807935698,0.8314743244060704,0));
#2630=DIRECTION('',(-0.8314743244060705,-0.5555631807935698,0));
#2631=FACE_BOUND('',#2632,.T.);
#2632=EDGE_LOOP('',(#2633,#2634,#2635));
#2633=ORIENTED_EDGE('',*,*,#2636,.T.);
#2634=ORIENTED_EDGE('',*,*,#2637,.T.);
#2635=ORIENTED_EDGE('',*,*,#2638,.T.);
#2636=EDGE_CURVE('',#231,#235,#2639,.F.);
#2637=EDGE_CURVE('',#235,#237,#2640,.T.);
#2638=EDGE_CURVE('',#237,#231,#2641,.T.);
#2639=LINE('',#230,#2642);
#2640=LINE('',#234,#2643);
#2641=LINE('',#236,#2644);
#2642=VECTOR('',#2645,1.0);
#2643=VECTOR('',#2646,1.0);
#2644=VECTOR('',#2647,1.0);
#2645=DIRECTION('',(-0.8314743244060705,-0.5555631807935698,0));
#2646=DIRECTION('',(0,0,1));
#2647=DIRECTION('',(0.14099470736339895,0.09420792175852374,-0.9855178131182862));
#2648=FACE_SURFACE('',(#2653),#2649,.T.);
#2649=PLANE('',#2650);
#2650=AXIS2_PLACEMENT_3D('',#230,#2651,#2652);
#2651=DIRECTION('',(-0.5555631807935698,0.8314743244060704,0));
#2652=DIRECTION('',(-0.14099470736339895,-0.09420792175852374,0.9855178131182862));
#2653=FACE_BOUND('',#2654,.T.);
#2654=EDGE_LOOP('',(#2655,#2656,#2657));
#2655=ORIENTED_EDGE('',*,*,#2658,.T.);
#2656=ORIENTED_EDGE('',*,*,#2659,.T.);
#2657=ORIENTED_EDGE('',*,*,#2660,.T.);
#2658=EDGE_CURVE('',#231,#237,#2661,.F.);
#2659=EDGE_CURVE('',#237,#233,#2662,.T.);
#2660=EDGE_CURVE('',#233,#231,#2663,.T.);
#2661=LINE('',#230,#2664);
#2662=LINE('',#236,#2665);
#2663=LINE('',#232,#2666);
#2664=VECTOR('',#2667,1.0);
#2665=VECTOR('',#2668,1.0);
#2666=VECTOR('',#2669,1.0);
#2667=DIRECTION('',(-0.14099470736339895,-0.09420792175852374,0.9855178131182862));
#2668=DIRECTION('',(0.8314743244060705,0.5555631807935698,0));
#2669=DIRECTION('',(0,0,-1));
#2670=FACE_SURFACE('',(#2675),#2671,.T.);
#2671=PLANE('',#2672);
#2672=AXIS2_PLACEMENT_3D('',#234,#2673,#2674);
#2673=DIRECTION('',(-0.61909202283399,0.7853184495880116,0));
#2674=DIRECTION('',(-0.7853184495880116,-0.61909202283399,0));
#2675=FACE_BOUND('',#2676,.T.);
#2676=EDGE_LOOP('',(#2677,#2678,#2679));
#2677=ORIENTED_EDGE('',*,*,#2680,.T.);
#2678=ORIENTED_EDGE('',*,*,#2681,.T.);
#2679=ORIENTED_EDGE('',*,*,#2682,.T.);
#2680=EDGE_CURVE('',#235,#239,#2683,.F.);
#2681=EDGE_CURVE('',#239,#241,#2684,.T.);
#2682=EDGE_CURVE('',#241,#235,#2685,.T.);
#2683=LINE('',#234,#2686);
#2684=LINE('',#238,#2687);
#2685=LINE('',#240,#2688);
#2686=VECTOR('',#2689,1.0);
#2687=VECTOR('',#2690,1.0);
#2688=VECTOR('',#2691,1.0);
#2689=DIRECTION('',(-0.7853184495880116,-0.61909202283399,0));
#2690=DIRECTION('',(0,0,1));
#2691=DIRECTION('',(0.13316829477043485,0.10498088900118477,-0.9855177411961976));
#2692=FACE_SURFACE('',(#2697),#2693,.T.);
#2693=PLANE('',#2694);
#2694=AXIS2_PLACEMENT_3D('',#234,#2695,#2696);
#2695=DIRECTION('',(-0.61909202283399,0.7853184495880116,0));
#2696=DIRECTION('',(-0.13316829477043485,-0.10498088900118477,0.9855177411961976));
#2697=FACE_BOUND('',#2698,.T.);
#2698=EDGE_LOOP('',(#2699,#2700,#2701));
#2699=ORIENTED_EDGE('',*,*,#2702,.T.);
#2700=ORIENTED_EDGE('',*,*,#2703,.T.);
#2701=ORIENTED_EDGE('',*,*,#2704,.T.);
#2702=EDGE_CURVE('',#235,#241,#2705,.F.);
#2703=EDGE_CURVE('',#241,#237,#2706,.T.);
#2704=EDGE_CURVE('',#237,#235,#2707,.T.);
#2705=LINE('',#234,#2708);
#2706=LINE('',#240,#2709);
#2707=LINE('',#236,#2710);
#2708=VECTOR('',#2711,1.0);
#2709=VECTOR('',#2712,1.0);
#2710=VECTOR('',#2713,1.0);
#2711=DIRECTION('',(-0.13316829477043485,-0.10498088900118477,0.9855177411961976));
#2712=DIRECTION('',(0.7853184495880116,0.61909202283399,0));
#2713=DIRECTION('',(0,0,-1));
#2714=FACE_SURFACE('',(#2719),#2715,.T.);
#2715=PLANE('',#2716);
#2716=AXIS2_PLACEMENT_3D('',#238,#2717,#2718);
#2717=DIRECTION('',(-0.6788052265505337,0.7343183672002755,0));
#2718=DIRECTION('',(-0.7343183672002755,-0.6788052265505337,0));
#2719=FACE_BOUND('',#2720,.T.);
#2720=EDGE_LOOP('',(#2721,#2722,#2723));
#2721=ORIENTED_EDGE('',*,*,#2724,.T.);
#2722=ORIENTED_EDGE('',*,*,#2725,.T.);
#2723=ORIENTED_EDGE('',*,*,#2726,.T.);
#2724=EDGE_CURVE('',#239,#243,#2727,.F.);
#2725=EDGE_CURVE('',#243,#245,#2728,.T.);
#2726=EDGE_CURVE('',#245,#239,#2729,.T.);
#2727=LINE('',#238,#2730);
#2728=LINE('',#242,#2731);
#2729=LINE('',#244,#2732);
#2730=VECTOR('',#2733,1.0);
#2731=VECTOR('',#2734,1.0);
#2732=VECTOR('',#2735,1.0);
#2733=DIRECTION('',(-0.7343183672002755,-0.6788052265505337,0));
#2734=DIRECTION('',(0,0,1));
#2735=DIRECTION('',(0.12452211973920638,0.1151084726675116,-0.9855172658131401));
#2736=FACE_SURFACE('',(#2741),#2737,.T.);
#2737=PLANE('',#2738);
#2738=AXIS2_PLACEMENT_3D('',#238,#2739,#2740);
#2739=DIRECTION('',(-0.6788052265505337,0.7343183672002755,0));
#2740=DIRECTION('',(-0.12452211973920638,-0.1151084726675116,0.9855172658131401));
#2741=FACE_BOUND('',#2742,.T.);
#2742=EDGE_LOOP('',(#2743,#2744,#2745));
#2743=ORIENTED_EDGE('',*,*,#2746,.T.);
#2744=ORIENTED_EDGE('',*,*,#2747,.T.);
#2745=ORIENTED_EDGE('',*,*,#2748,.T.);
#2746=EDGE_CURVE('',#239,#245,#2749,.F.);
#2747=EDGE_CURVE('',#245,#241,#2750,.T.);
#2748=EDGE_CURVE('',#241,#239,#2751,.T.);
#2749=LINE('',#238,#2752);
#2750=LINE('',#244,#2753);
#2751=LINE('',#240,#2754);
#2752=VECTOR('',#2755,1.0);
#2753=VECTOR('',#2756,1.0);
#2754=VECTOR('',#2757,1.0);
#2755=DIRECTION('',(-0.12452211973920638,-0.1151084726675116,0.9855172658131401));
#2756=DIRECTION('',(0.7343183672002755,0.6788052265505337,0));
#2757=DIRECTION('',(0,0,-1));
#2758=FACE_SURFACE('',(#2763),#2759,.T.);
#2759=PLANE('',#2760);
#2760=AXIS2_PLACEMENT_3D('',#242,#2761,#2762);
#2761=DIRECTION('',(-0.7343189774473248,0.6788045663964817,0));
#2762=DIRECTION('',(-0.6788045663964817,-0.7343189774473248,0));
#2763=FACE_BOUND('',#2764,.T.);
#2764=EDGE_LOOP('',(#2765,#2766,#2767));
#2765=ORIENTED_EDGE('',*,*,#2768,.T.);
#2766=ORIENTED_EDGE('',*,*,#2769,.T.);
#2767=ORIENTED_EDGE('',*,*,#2770,.T.);
#2768=EDGE_CURVE('',#243,#247,#2771,.F.);
#2769=EDGE_CURVE('',#247,#249,#2772,.T.);
#2770=EDGE_CURVE('',#249,#243,#2773,.T.);
#2771=LINE('',#242,#2774);
#2772=LINE('',#246,#2775);
#2773=LINE('',#248,#2776);
#2774=VECTOR('',#2777,1.0);
#2775=VECTOR('',#2778,1.0);
#2776=VECTOR('',#2779,1.0);
#2777=DIRECTION('',(-0.6788045663964817,-0.7343189774473248,0));
#2778=DIRECTION('',(0,0,1));
#2779=DIRECTION('',(0.11510580230737642,0.12451945557366344,-0.9855179143266822));
#2780=FACE_SURFACE('',(#2785),#2781,.T.);
#2781=PLANE('',#2782);
#2782=AXIS2_PLACEMENT_3D('',#242,#2783,#2784);
#2783=DIRECTION('',(-0.7343189774473248,0.6788045663964817,0));
#2784=DIRECTION('',(-0.11510580230737642,-0.12451945557366344,0.9855179143266822));
#2785=FACE_BOUND('',#2786,.T.);
#2786=EDGE_LOOP('',(#2787,#2788,#2789));
#2787=ORIENTED_EDGE('',*,*,#2790,.T.);
#2788=ORIENTED_EDGE('',*,*,#2791,.T.);
#2789=ORIENTED_EDGE('',*,*,#2792,.T.);
#2790=EDGE_CURVE('',#243,#249,#2793,.F.);
#2791=EDGE_CURVE('',#249,#245,#2794,.T.);
#2792=EDGE_CURVE('',#245,#243,#2795,.T.);
#2793=LINE('',#242,#2796);
#2794=LINE('',#248,#2797);
#2795=LINE('',#244,#2798);
#2796=VECTOR('',#2799,1.0);
#2797=VECTOR('',#2800,1.0);
#2798=VECTOR('',#2801,1.0);
#2799=DIRECTION('',(-0.11510580230737642,-0.12451945557366344,0.9855179143266822));
#2800=DIRECTION('',(0.6788045663964817,0.7343189774473248,0));
#2801=DIRECTION('',(0,0,-1));
#2802=FACE_SURFACE('',(#2807),#2803,.T.);
#2803=PLANE('',#2804);
#2804=AXIS2_PLACEMENT_3D('',#246,#2805,#2806);
#2805=DIRECTION('',(-0.7853176163233117,0.6190930798290932,0));
#2806=DIRECTION('',(-0.6190930798290931,-0.7853176163233117,0));
#2807=FACE_BOUND('',#2808,.T.);
#2808=EDGE_LOOP('',(#2809,#2810,#2811));
#2809=ORIENTED_EDGE('',*,*,#2812,.T.);
#2810=ORIENTED_EDGE('',*,*,#2813,.T.);
#2811=ORIENTED_EDGE('',*,*,#2814,.T.);
#2812=EDGE_CURVE('',#247,#251,#2815,.F.);
#2813=EDGE_CURVE('',#251,#253,#2816,.T.);
#2814=EDGE_CURVE('',#253,#247,#2817,.T.);
#2815=LINE('',#246,#2818);
#2816=LINE('',#250,#2819);
#2817=LINE('',#252,#2820);
#2818=VECTOR('',#2821,1.0);
#2819=VECTOR('',#2822,1.0);
#2820=VECTOR('',#2823,1.0);
#2821=DIRECTION('',(-0.6190930798290931,-0.7853176163233117,0));
#2822=DIRECTION('',(0,0,1));
#2823=DIRECTION('',(0.10498222772573623,0.13316962427789672,-0.9855174189386129));
#2824=FACE_SURFACE('',(#2829),#2825,.T.);
#2825=PLANE('',#2826);
#2826=AXIS2_PLACEMENT_3D('',#246,#2827,#2828);
#2827=DIRECTION('',(-0.7853176163233117,0.6190930798290932,0));
#2828=DIRECTION('',(-0.10498222772573623,-0.13316962427789672,0.9855174189386129));
#2829=FACE_BOUND('',#2830,.T.);
#2830=EDGE_LOOP('',(#2831,#2832,#2833));
#2831=ORIENTED_EDGE('',*,*,#2834,.T.);
#2832=ORIENTED_EDGE('',*,*,#2835,.T.);
#2833=ORIENTED_EDGE('',*,*,#2836,.T.);
#2834=EDGE_CURVE('',#247,#253,#2837,.F.);
#2835=EDGE_CURVE('',#253,#249,#2838,.T.);
#2836=EDGE_CURVE('',#249,#247,#2839,.T.);
#2837=LINE('',#246,#2840);
#2838=LINE('',#252,#2841);
#2839=LINE('',#248,#2842);
#2840=VECTOR('',#2843,1.0);
#2841=VECTOR('',#2844,1.0);
#2842=VECTOR('',#2845,1.0);
#2843=DIRECTION('',(-0.10498222772573623,-0.13316962427789672,0.9855174189386129));
#2844=DIRECTION('',(0.6190930798290931,0.7853176163233117,0));
#2845=DIRECTION('',(0,0,-1));
#2846=FACE_SURFACE('',(#2851),#2847,.T.);
#2847=PLANE('',#2848);
#2848=AXIS2_PLACEMENT_3D('',#250,#2849,#2850);
#2849=DIRECTION('',(-0.8314680847642933,0.5555725191353491,0));
#2850=DIRECTION('',(-0.5555725191353491,-0.8314680847642933,0));
#2851=FACE_BOUND('',#2852,.T.);
#2852=EDGE_LOOP('',(#2853,#2854,#2855));
#2853=ORIENTED_EDGE('',*,*,#2856,.T.);
#2854=ORIENTED_EDGE('',*,*,#2857,.T.);
#2855=ORIENTED_EDGE('',*,*,#2858,.T.);
#2856=EDGE_CURVE('',#251,#255,#2859,.F.);
#2857=EDGE_CURVE('',#255,#257,#2860,.T.);
#2858=EDGE_CURVE('',#257,#251,#2861,.T.);
#2859=LINE('',#250,#2862);
#2860=LINE('',#254,#2863);
#2861=LINE('',#256,#2864);
#2862=VECTOR('',#2865,1.0);
#2863=VECTOR('',#2866,1.0);
#2864=VECTOR('',#2867,1.0);
#2865=DIRECTION('',(-0.5555725191353491,-0.8314680847642933,0));
#2866=DIRECTION('',(0,0,1));
#2867=DIRECTION('',(0.09420930086355767,0.14099334336751465,-0.9855178764268306));
#2868=FACE_SURFACE('',(#2873),#2869,.T.);
#2869=PLANE('',#2870);
#2870=AXIS2_PLACEMENT_3D('',#250,#2871,#2872);
#2871=DIRECTION('',(-0.8314680847642933,0.5555725191353491,0));
#2872=DIRECTION('',(-0.09420930086355767,-0.14099334336751465,0.9855178764268306));
#2873=FACE_BOUND('',#2874,.T.);
#2874=EDGE_LOOP('',(#2875,#2876,#2877));
#2875=ORIENTED_EDGE('',*,*,#2878,.T.);
#2876=ORIENTED_EDGE('',*,*,#2879,.T.);
#2877=ORIENTED_EDGE('',*,*,#2880,.T.);
#2878=EDGE_CURVE('',#251,#257,#2881,.F.);
#2879=EDGE_CURVE('',#257,#253,#2882,.T.);
#2880=EDGE_CURVE('',#253,#251,#2883,.T.);
#2881=LINE('',#250,#2884);
#2882=LINE('',#256,#2885);
#2883=LINE('',#252,#2886);
#2884=VECTOR('',#2887,1.0);
#2885=VECTOR('',#2888,1.0);
#2886=VECTOR('',#2889,1.0);
#2887=DIRECTION('',(-0.09420930086355767,-0.14099334336751465,0.9855178764268306));
#2888=DIRECTION('',(0.5555725191353491,0.8314680847642933,0));
#2889=DIRECTION('',(0,0,-1));
#2890=FACE_SURFACE('',(#2895),#2891,.T.);
#2891=PLANE('',#2892);
#2892=AXIS2_PLACEMENT_3D('',#254,#2893,#2894);
#2893=DIRECTION('',(-0.8724964886063626,0.4886203816559102,0));
#2894=DIRECTION('',(-0.4886203816559102,-0.8724964886063625,0));
#2895=FACE_BOUND('',#2896,.T.);
#2896=EDGE_LOOP('',(#2897,#2898,#2899));
#2897=ORIENTED_EDGE('',*,*,#2900,.T.);
#2898=ORIENTED_EDGE('',*,*,#2901,.T.);
#2899=ORIENTED_EDGE('',*,*,#2902,.T.);
#2900=EDGE_CURVE('',#255,#259,#2903,.F.);
#2901=EDGE_CURVE('',#259,#261,#2904,.T.);
#2902=EDGE_CURVE('',#261,#255,#2905,.T.);
#2903=LINE('',#254,#2906);
#2904=LINE('',#258,#2907);
#2905=LINE('',#260,#2908);
#2906=VECTOR('',#2909,1.0);
#2907=VECTOR('',#2910,1.0);
#2908=VECTOR('',#2911,1.0);
#2909=DIRECTION('',(-0.4886203816559102,-0.8724964886063625,0));
#2910=DIRECTION('',(0,0,1));
#2911=DIRECTION('',(0.08285687453350923,0.14795193733505269,-0.9855176115023734));
#2912=FACE_SURFACE('',(#2917),#2913,.T.);
#2913=PLANE('',#2914);
#2914=AXIS2_PLACEMENT_3D('',#254,#2915,#2916);
#2915=DIRECTION('',(-0.8724964886063626,0.4886203816559102,0));
#2916=DIRECTION('',(-0.08285687453350923,-0.14795193733505269,0.9855176115023734));
#2917=FACE_BOUND('',#2918,.T.);
#2918=EDGE_LOOP('',(#2919,#2920,#2921));
#2919=ORIENTED_EDGE('',*,*,#2922,.T.);
#2920=ORIENTED_EDGE('',*,*,#2923,.T.);
#2921=ORIENTED_EDGE('',*,*,#2924,.T.);
#2922=EDGE_CURVE('',#255,#261,#2925,.F.);
#2923=EDGE_CURVE('',#261,#257,#2926,.T.);
#2924=EDGE_CURVE('',#257,#255,#2927,.T.);
#2925=LINE('',#254,#2928);
#2926=LINE('',#260,#2929);
#2927=LINE('',#256,#2930);
#2928=VECTOR('',#2931,1.0);
#2929=VECTOR('',#2932,1.0);
#2930=VECTOR('',#2933,1.0);
#2931=DIRECTION('',(-0.08285687453350923,-0.14795193733505269,0.9855176115023734));
#2932=DIRECTION('',(0.4886203816559102,0.8724964886063625,0));
#2933=DIRECTION('',(0,0,-1));
#2934=FACE_SURFACE('',(#2939),#2935,.T.);
#2935=PLANE('',#2936);
#2936=AXIS2_PLACEMENT_3D('',#258,#2937,#2938);
#2937=DIRECTION('',(-0.9081420169038189,0.41866224708452476,0));
#2938=DIRECTION('',(-0.41866224708452476,-0.908142016903819,0));
#2939=FACE_BOUND('',#2940,.T.);
#2940=EDGE_LOOP('',(#2941,#2942,#2943));
#2941=ORIENTED_EDGE('',*,*,#2944,.T.);
#2942=ORIENTED_EDGE('',*,*,#2945,.T.);
#2943=ORIENTED_EDGE('',*,*,#2946,.T.);
#2944=EDGE_CURVE('',#259,#263,#2947,.F.);
#2945=EDGE_CURVE('',#263,#265,#2948,.T.);
#2946=EDGE_CURVE('',#265,#259,#2949,.T.);
#2947=LINE('',#258,#2950);
#2948=LINE('',#262,#2951);
#2949=LINE('',#264,#2952);
#2950=VECTOR('',#2953,1.0);
#2951=VECTOR('',#2954,1.0);
#2952=VECTOR('',#2955,1.0);
#2953=DIRECTION('',(-0.41866224708452476,-0.908142016903819,0));
#2954=DIRECTION('',(0,0,1));
#2955=DIRECTION('',(0.07099370242921318,0.1539961258998324,-0.9855176748406064));
#2956=FACE_SURFACE('',(#2961),#2957,.T.);
#2957=PLANE('',#2958);
#2958=AXIS2_PLACEMENT_3D('',#258,#2959,#2960);
#2959=DIRECTION('',(-0.9081420169038189,0.41866224708452476,0));
#2960=DIRECTION('',(-0.07099370242921318,-0.1539961258998324,0.9855176748406064));
#2961=FACE_BOUND('',#2962,.T.);
#2962=EDGE_LOOP('',(#2963,#2964,#2965));
#2963=ORIENTED_EDGE('',*,*,#2966,.T.);
#2964=ORIENTED_EDGE('',*,*,#2967,.T.);
#2965=ORIENTED_EDGE('',*,*,#2968,.T.);
#2966=EDGE_CURVE('',#259,#265,#2969,.F.);
#2967=EDGE_CURVE('',#265,#261,#2970,.T.);
#2968=EDGE_CURVE('',#261,#259,#2971,.T.);
#2969=LINE('',#258,#2972);
#2970=LINE('',#264,#2973);
#2971=LINE('',#260,#2974);
#2972=VECTOR('',#2975,1.0);
#2973=VECTOR('',#2976,1.0);
#2974=VECTOR('',#2977,1.0);
#2975=DIRECTION('',(-0.07099370242921318,-0.1539961258998324,0.9855176748406064));
#2976=DIRECTION('',(0.41866224708452476,0.908142016903819,0));
#2977=DIRECTION('',(0,0,-1));
#2978=FACE_SURFACE('',(#2983),#2979,.T.);
#2979=PLANE('',#2980);
#2980=AXIS2_PLACEMENT_3D('',#262,#2981,#2982);
#2981=DIRECTION('',(-0.9381912359395633,0.3461173280929383,0));
#2982=DIRECTION('',(-0.34611732809293827,-0.9381912359395633,0));
#2983=FACE_BOUND('',#2984,.T.);
#2984=EDGE_LOOP('',(#2985,#2986,#2987));
#2985=ORIENTED_EDGE('',*,*,#2988,.T.);
#2986=ORIENTED_EDGE('',*,*,#2989,.T.);
#2987=ORIENTED_EDGE('',*,*,#2990,.T.);
#2988=EDGE_CURVE('',#263,#267,#2991,.F.);
#2989=EDGE_CURVE('',#267,#269,#2992,.T.);
#2990=EDGE_CURVE('',#269,#263,#2993,.T.);
#2991=LINE('',#262,#2994);
#2992=LINE('',#266,#2995);
#2993=LINE('',#268,#2996);
#2994=VECTOR('',#2997,1.0);
#2995=VECTOR('',#2998,1.0);
#2996=VECTOR('',#2999,1.0);
#2997=DIRECTION('',(-0.34611732809293827,-0.9381912359395633,0));
#2998=DIRECTION('',(0,0,1));
#2999=DIRECTION('',(0.05869250791134276,0.15909286264612976,-0.9855174532042225));
#3000=FACE_SURFACE('',(#3005),#3001,.T.);
#3001=PLANE('',#3002);
#3002=AXIS2_PLACEMENT_3D('',#262,#3003,#3004);
#3003=DIRECTION('',(-0.9381912359395633,0.3461173280929383,0));
#3004=DIRECTION('',(-0.05869250791134276,-0.15909286264612976,0.9855174532042225));
#3005=FACE_BOUND('',#3006,.T.);
#3006=EDGE_LOOP('',(#3007,#3008,#3009));
#3007=ORIENTED_EDGE('',*,*,#3010,.T.);
#3008=ORIENTED_EDGE('',*,*,#3011,.T.);
#3009=ORIENTED_EDGE('',*,*,#3012,.T.);
#3010=EDGE_CURVE('',#263,#269,#3013,.F.);
#3011=EDGE_CURVE('',#269,#265,#3014,.T.);
#3012=EDGE_CURVE('',#265,#263,#3015,.T.);
#3013=LINE('',#262,#3016);
#3014=LINE('',#268,#3017);
#3015=LINE('',#264,#3018);
#3016=VECTOR('',#3019,1.0);
#3017=VECTOR('',#3020,1.0);
#3018=VECTOR('',#3021,1.0);
#3019=DIRECTION('',(-0.05869250791134276,-0.15909286264612976,0.9855174532042225));
#3020=DIRECTION('',(0.34611732809293827,0.9381912359395633,0));
#3021=DIRECTION('',(0,0,-1));
#3022=FACE_SURFACE('',(#3027),#3023,.T.);
#3023=PLANE('',#3024);
#3024=AXIS2_PLACEMENT_3D('',#266,#3025,#3026);
#3025=DIRECTION('',(-0.9624554798494708,0.27143958684710096,0));
#3026=DIRECTION('',(-0.271439586847101,-0.9624554798494709,0));
#3027=FACE_BOUND('',#3028,.T.);
#3028=EDGE_LOOP('',(#3029,#3030,#3031));
#3029=ORIENTED_EDGE('',*,*,#3032,.T.);
#3030=ORIENTED_EDGE('',*,*,#3033,.T.);
#3031=ORIENTED_EDGE('',*,*,#3034,.T.);
#3032=EDGE_CURVE('',#267,#271,#3035,.F.);
#3033=EDGE_CURVE('',#271,#273,#3036,.T.);
#3034=EDGE_CURVE('',#273,#267,#3037,.T.);
#3035=LINE('',#266,#3038);
#3036=LINE('',#270,#3039);
#3037=LINE('',#272,#3040);
#3038=VECTOR('',#3041,1.0);
#3039=VECTOR('',#3042,1.0);
#3040=VECTOR('',#3043,1.0);
#3041=DIRECTION('',(-0.271439586847101,-0.9624554798494709,0));
#3042=DIRECTION('',(0,0,1));
#3043=DIRECTION('',(0.0460288509231277,0.16320655478706117,-0.9855176129107153));
#3044=FACE_SURFACE('',(#3049),#3045,.T.);
#3045=PLANE('',#3046);
#3046=AXIS2_PLACEMENT_3D('',#266,#3047,#3048);
#3047=DIRECTION('',(-0.9624554798494708,0.27143958684710096,0));
#3048=DIRECTION('',(-0.0460288509231277,-0.16320655478706117,0.9855176129107153));
#3049=FACE_BOUND('',#3050,.T.);
#3050=EDGE_LOOP('',(#3051,#3052,#3053));
#3051=ORIENTED_EDGE('',*,*,#3054,.T.);
#3052=ORIENTED_EDGE('',*,*,#3055,.T.);
#3053=ORIENTED_EDGE('',*,*,#3056,.T.);
#3054=EDGE_CURVE('',#267,#273,#3057,.F.);
#3055=EDGE_CURVE('',#273,#269,#3058,.T.);
#3056=EDGE_CURVE('',#269,#267,#3059,.T.);
#3057=LINE('',#266,#3060);
#3058=LINE('',#272,#3061);
#3059=LINE('',#268,#3062);
#3060=VECTOR('',#3063,1.0);
#3061=VECTOR('',#3064,1.0);
#3062=VECTOR('',#3065,1.0);
#3063=DIRECTION('',(-0.0460288509231277,-0.16320655478706117,0.9855176129107153));
#3064=DIRECTION('',(0.271439586847101,0.9624554798494709,0));
#3065=DIRECTION('',(0,0,-1));
#3066=FACE_SURFACE('',(#3071),#3067,.T.);
#3067=PLANE('',#3068);
#3068=AXIS2_PLACEMENT_3D('',#270,#3069,#3070);
#3069=DIRECTION('',(-0.9807866085087955,0.1950836450597914,0));
#3070=DIRECTION('',(-0.19508364505979137,-0.9807866085087955,0));
#3071=FACE_BOUND('',#3072,.T.);
#3072=EDGE_LOOP('',(#3073,#3074,#3075));
#3073=ORIENTED_EDGE('',*,*,#3076,.T.);
#3074=ORIENTED_EDGE('',*,*,#3077,.T.);
#3075=ORIENTED_EDGE('',*,*,#3078,.T.);
#3076=EDGE_CURVE('',#271,#275,#3079,.F.);
#3077=EDGE_CURVE('',#275,#277,#3080,.T.);
#3078=EDGE_CURVE('',#277,#271,#3081,.T.);
#3079=LINE('',#270,#3082);
#3080=LINE('',#274,#3083);
#3081=LINE('',#276,#3084);
#3082=VECTOR('',#3085,1.0);
#3083=VECTOR('',#3086,1.0);
#3084=VECTOR('',#3087,1.0);
#3085=DIRECTION('',(-0.19508364505979137,-0.9807866085087955,0));
#3086=DIRECTION('',(0,0,1));
#3087=DIRECTION('',(0.03308096176473743,0.16631514284809346,-0.985517591536619));
#3088=FACE_SURFACE('',(#3093),#3089,.T.);
#3089=PLANE('',#3090);
#3090=AXIS2_PLACEMENT_3D('',#270,#3091,#3092);
#3091=DIRECTION('',(-0.9807866085087955,0.1950836450597914,0));
#3092=DIRECTION('',(-0.03308096176473743,-0.16631514284809346,0.985517591536619));
#3093=FACE_BOUND('',#3094,.T.);
#3094=EDGE_LOOP('',(#3095,#3096,#3097));
#3095=ORIENTED_EDGE('',*,*,#3098,.T.);
#3096=ORIENTED_EDGE('',*,*,#3099,.T.);
#3097=ORIENTED_EDGE('',*,*,#3100,.T.);
#3098=EDGE_CURVE('',#271,#277,#3101,.F.);
#3099=EDGE_CURVE('',#277,#273,#3102,.T.);
#3100=EDGE_CURVE('',#273,#271,#3103,.T.);
#3101=LINE('',#270,#3104);
#3102=LINE('',#276,#3105);
#3103=LINE('',#272,#3106);
#3104=VECTOR('',#3107,1.0);
#3105=VECTOR('',#3108,1.0);
#3106=VECTOR('',#3109,1.0);
#3107=DIRECTION('',(-0.03308096176473743,-0.16631514284809346,0.985517591536619));
#3108=DIRECTION('',(0.19508364505979137,0.9807866085087955,0));
#3109=DIRECTION('',(0,0,-1));
#3110=FACE_SURFACE('',(#3115),#3111,.T.);
#3111=PLANE('',#3112);
#3112=AXIS2_PLACEMENT_3D('',#274,#3113,#3114);
#3113=DIRECTION('',(-0.9930683378492726,0.11753840377205604,0));
#3114=DIRECTION('',(-0.11753840377205604,-0.9930683378492726,0));
#3115=FACE_BOUND('',#3116,.T.);
#3116=EDGE_LOOP('',(#3117,#3118,#3119));
#3117=ORIENTED_EDGE('',*,*,#3120,.T.);
#3118=ORIENTED_EDGE('',*,*,#3121,.T.);
#3119=ORIENTED_EDGE('',*,*,#3122,.T.);
#3120=EDGE_CURVE('',#275,#279,#3123,.F.);
#3121=EDGE_CURVE('',#279,#281,#3124,.T.);
#3122=EDGE_CURVE('',#281,#275,#3125,.T.);
#3123=LINE('',#274,#3126);
#3124=LINE('',#278,#3127);
#3125=LINE('',#280,#3128);
#3126=VECTOR('',#3129,1.0);
#3127=VECTOR('',#3130,1.0);
#3128=VECTOR('',#3131,1.0);
#3129=DIRECTION('',(-0.11753840377205604,-0.9930683378492726,0));
#3130=DIRECTION('',(0,0,1));
#3131=DIRECTION('',(0.019931238597392802,0.16839672268797484,-0.9855177773718357));
#3132=FACE_SURFACE('',(#3137),#3133,.T.);
#3133=PLANE('',#3134);
#3134=AXIS2_PLACEMENT_3D('',#274,#3135,#3136);
#3135=DIRECTION('',(-0.9930683378492726,0.11753840377205604,0));
#3136=DIRECTION('',(-0.019931238597392802,-0.16839672268797484,0.9855177773718357));
#3137=FACE_BOUND('',#3138,.T.);
#3138=EDGE_LOOP('',(#3139,#3140,#3141));
#3139=ORIENTED_EDGE('',*,*,#3142,.T.);
#3140=ORIENTED_EDGE('',*,*,#3143,.T.);
#3141=ORIENTED_EDGE('',*,*,#3144,.T.);
#3142=EDGE_CURVE('',#275,#281,#3145,.F.);
#3143=EDGE_CURVE('',#281,#277,#3146,.T.);
#3144=EDGE_CURVE('',#277,#275,#3147,.T.);
#3145=LINE('',#274,#3148);
#3146=LINE('',#280,#3149);
#3147=LINE('',#276,#3150);
#3148=VECTOR('',#3151,1.0);
#3149=VECTOR('',#3152,1.0);
#3150=VECTOR('',#3153,1.0);
#3151=DIRECTION('',(-0.019931238597392802,-0.16839672268797484,0.9855177773718357));
#3152=DIRECTION('',(0.11753840377205604,0.9930683378492726,0));
#3153=DIRECTION('',(0,0,-1));
#3154=FACE_SURFACE('',(#3159),#3155,.T.);
#3155=PLANE('',#3156);
#3156=AXIS2_PLACEMENT_3D('',#278,#3157,#3158);
#3157=DIRECTION('',(-0.9992289202785927,0.03926276708126749,0));
#3158=DIRECTION('',(-0.03926276708126749,-0.9992289202785927,0));
#3159=FACE_BOUND('',#3160,.T.);
#3160=EDGE_LOOP('',(#3161,#3162,#3163));
#3161=ORIENTED_EDGE('',*,*,#3164,.T.);
#3162=ORIENTED_EDGE('',*,*,#3165,.T.);
#3163=ORIENTED_EDGE('',*,*,#3166,.T.);
#3164=EDGE_CURVE('',#279,#283,#3167,.F.);
#3165=EDGE_CURVE('',#283,#285,#3168,.T.);
#3166=EDGE_CURVE('',#285,#279,#3169,.T.);
#3167=LINE('',#278,#3170);
#3168=LINE('',#282,#3171);
#3169=LINE('',#284,#3172);
#3170=VECTOR('',#3173,1.0);
#3171=VECTOR('',#3174,1.0);
#3172=VECTOR('',#3175,1.0);
#3173=DIRECTION('',(-0.03926276708126749,-0.9992289202785927,0));
#3174=DIRECTION('',(0,0,1));
#3175=DIRECTION('',(0.006657932602813207,0.16944294303624804,-0.9855175092248089));
#3176=FACE_SURFACE('',(#3181),#3177,.T.);
#3177=PLANE('',#3178);
#3178=AXIS2_PLACEMENT_3D('',#278,#3179,#3180);
#3179=DIRECTION('',(-0.9992289202785927,0.03926276708126749,0));
#3180=DIRECTION('',(-0.006657932602813207,-0.16944294303624804,0.9855175092248089));
#3181=FACE_BOUND('',#3182,.T.);
#3182=EDGE_LOOP('',(#3183,#3184,#3185));
#3183=ORIENTED_EDGE('',*,*,#3186,.T.);
#3184=ORIENTED_EDGE('',*,*,#3187,.T.);
#3185=ORIENTED_EDGE('',*,*,#3188,.T.);
#3186=EDGE_CURVE('',#279,#285,#3189,.F.);
#3187=EDGE_CURVE('',#285,#281,#3190,.T.);
#3188=EDGE_CURVE('',#281,#279,#3191,.T.);
#3189=LINE('',#278,#3192);
#3190=LINE('',#284,#3193);
#3191=LINE('',#280,#3194);
#3192=VECTOR('',#3195,1.0);
#3193=VECTOR('',#3196,1.0);
#3194=VECTOR('',#3197,1.0);
#3195=DIRECTION('',(-0.006657932602813207,-0.16944294303624804,0.9855175092248089));
#3196=DIRECTION('',(0.03926276708126749,0.9992289202785927,0));
#3197=DIRECTION('',(0,0,-1));
#3198=FACE_SURFACE('',(#3203),#3199,.T.);
#3199=PLANE('',#3200);
#3200=AXIS2_PLACEMENT_3D('',#284,#3201,#3202);
#3201=DIRECTION('',(-1,0,-0));
#3202=DIRECTION('',(0,0,-1));
#3203=FACE_BOUND('',#3204,.T.);
#3204=EDGE_LOOP('',(#3205,#3206,#3207));
#3205=ORIENTED_EDGE('',*,*,#3208,.T.);
#3206=ORIENTED_EDGE('',*,*,#3209,.T.);
#3207=ORIENTED_EDGE('',*,*,#3210,.T.);
#3208=EDGE_CURVE('',#285,#283,#3211,.F.);
#3209=EDGE_CURVE('',#283,#201,#3212,.T.);
#3210=EDGE_CURVE('',#201,#285,#3213,.T.);
#3211=LINE('',#284,#3214);
#3212=LINE('',#282,#3215);
#3213=LINE('',#200,#3216);
#3214=VECTOR('',#3217,1.0);
#3215=VECTOR('',#3218,1.0);
#3216=VECTOR('',#3219,1.0);
#3217=DIRECTION('',(0,0,-1));
#3218=DIRECTION('',(0,-1,0));
#3219=DIRECTION('',(0,0.9998584976710121,0.016822147159820475));
#3220=FACE_SURFACE('',(#3225),#3221,.T.);
#3221=PLANE('',#3222);
#3222=AXIS2_PLACEMENT_3D('',#284,#3223,#3224);
#3223=DIRECTION('',(-1,-0,0));
#3224=DIRECTION('',(0,-0.9998584976710121,-0.016822147159820475));
#3225=FACE_BOUND('',#3226,.T.);
#3226=EDGE_LOOP('',(#3227,#3228,#3229));
#3227=ORIENTED_EDGE('',*,*,#3230,.T.);
#3228=ORIENTED_EDGE('',*,*,#3231,.T.);
#3229=ORIENTED_EDGE('',*,*,#3232,.T.);
#3230=EDGE_CURVE('',#285,#201,#3233,.F.);
#3231=EDGE_CURVE('',#201,#199,#3234,.T.);
#3232=EDGE_CURVE('',#199,#285,#3235,.T.);
#3233=LINE('',#284,#3236);
#3234=LINE('',#200,#3237);
#3235=LINE('',#198,#3238);
#3236=VECTOR('',#3239,1.0);
#3237=VECTOR('',#3240,1.0);
#3238=VECTOR('',#3241,1.0);
#3239=DIRECTION('',(0,-0.9998584976710121,-0.016822147159820475));
#3240=DIRECTION('',(0,0,1));
#3241=DIRECTION('',(0,1,0));
#3242=FACE_SURFACE('',(#3247),#3243,.T.);
#3243=PLANE('',#3244);
#3244=AXIS2_PLACEMENT_3D('',#286,#3245,#3246);
#3245=DIRECTION('',(0.03925500008039898,0.999229225437631,0));
#3246=DIRECTION('',(0.9992292254376309,-0.03925500008039897,0));
#3247=FACE_BOUND('',#3248,.T.);
#3248=EDGE_LOOP('',(#3249,#3250,#3251));
#3249=ORIENTED_EDGE('',*,*,#3252,.T.);
#3250=ORIENTED_EDGE('',*,*,#3253,.T.);
#3251=ORIENTED_EDGE('',*,*,#3254,.T.);
#3252=EDGE_CURVE('',#287,#289,#3255,.F.);
#3253=EDGE_CURVE('',#289,#291,#3256,.T.);
#3254=EDGE_CURVE('',#291,#287,#3257,.T.);
#3255=LINE('',#286,#3258);
#3256=LINE('',#288,#3259);
#3257=LINE('',#290,#3260);
#3258=VECTOR('',#3261,1.0);
#3259=VECTOR('',#3262,1.0);
#3260=VECTOR('',#3263,1.0);
#3261=DIRECTION('',(0.9992292254376309,-0.03925500008039897,0));
#3262=DIRECTION('',(0,0,-1));
#3263=DIRECTION('',(-0.1694416109534884,0.006656561159616804,0.9855177475170172));
#3264=FACE_SURFACE('',(#3269),#3265,.T.);
#3265=PLANE('',#3266);
#3266=AXIS2_PLACEMENT_3D('',#286,#3267,#3268);
#3267=DIRECTION('',(0.03925500008039898,0.999229225437631,0));
#3268=DIRECTION('',(0.1694416109534884,-0.006656561159616804,-0.9855177475170172));
#3269=FACE_BOUND('',#3270,.T.);
#3270=EDGE_LOOP('',(#3271,#3272,#3273));
#3271=ORIENTED_EDGE('',*,*,#3274,.T.);
#3272=ORIENTED_EDGE('',*,*,#3275,.T.);
#3273=ORIENTED_EDGE('',*,*,#3276,.T.);
#3274=EDGE_CURVE('',#287,#291,#3277,.F.);
#3275=EDGE_CURVE('',#291,#293,#3278,.T.);
#3276=EDGE_CURVE('',#293,#287,#3279,.T.);
#3277=LINE('',#286,#3280);
#3278=LINE('',#290,#3281);
#3279=LINE('',#292,#3282);
#3280=VECTOR('',#3283,1.0);
#3281=VECTOR('',#3284,1.0);
#3282=VECTOR('',#3285,1.0);
#3283=DIRECTION('',(0.1694416109534884,-0.006656561159616804,-0.9855177475170172));
#3284=DIRECTION('',(-0.9992292254376309,0.03925500008039897,0));
#3285=DIRECTION('',(0,0,1));
#3286=FACE_SURFACE('',(#3291),#3287,.T.);
#3287=PLANE('',#3288);
#3288=AXIS2_PLACEMENT_3D('',#288,#3289,#3290);
#3289=DIRECTION('',(0.11753745864915802,0.9930684497124542,0));
#3290=DIRECTION('',(0.9930684497124543,-0.11753745864915803,0));
#3291=FACE_BOUND('',#3292,.T.);
#3292=EDGE_LOOP('',(#3293,#3294,#3295));
#3293=ORIENTED_EDGE('',*,*,#3296,.T.);
#3294=ORIENTED_EDGE('',*,*,#3297,.T.);
#3295=ORIENTED_EDGE('',*,*,#3298,.T.);
#3296=EDGE_CURVE('',#289,#295,#3299,.F.);
#3297=EDGE_CURVE('',#295,#297,#3300,.T.);
#3298=EDGE_CURVE('',#297,#289,#3301,.T.);
#3299=LINE('',#288,#3302);
#3300=LINE('',#294,#3303);
#3301=LINE('',#296,#3304);
#3302=VECTOR('',#3305,1.0);
#3303=VECTOR('',#3306,1.0);
#3304=VECTOR('',#3307,1.0);
#3305=DIRECTION('',(0.9930684497124543,-0.11753745864915803,0));
#3306=DIRECTION('',(0,0,-1));
#3307=DIRECTION('',(-0.16839805680430545,0.019931233988921666,0.9855175495018914));
#3308=FACE_SURFACE('',(#3313),#3309,.T.);
#3309=PLANE('',#3310);
#3310=AXIS2_PLACEMENT_3D('',#288,#3311,#3312);
#3311=DIRECTION('',(0.11753745864915802,0.9930684497124542,0));
#3312=DIRECTION('',(0.16839805680430545,-0.019931233988921666,-0.9855175495018914));
#3313=FACE_BOUND('',#3314,.T.);
#3314=EDGE_LOOP('',(#3315,#3316,#3317));
#3315=ORIENTED_EDGE('',*,*,#3318,.T.);
#3316=ORIENTED_EDGE('',*,*,#3319,.T.);
#3317=ORIENTED_EDGE('',*,*,#3320,.T.);
#3318=EDGE_CURVE('',#289,#297,#3321,.F.);
#3319=EDGE_CURVE('',#297,#291,#3322,.T.);
#3320=EDGE_CURVE('',#291,#289,#3323,.T.);
#3321=LINE('',#288,#3324);
#3322=LINE('',#296,#3325);
#3323=LINE('',#290,#3326);
#3324=VECTOR('',#3327,1.0);
#3325=VECTOR('',#3328,1.0);
#3326=VECTOR('',#3329,1.0);
#3327=DIRECTION('',(0.16839805680430545,-0.019931233988921666,-0.9855175495018914));
#3328=DIRECTION('',(-0.9930684497124543,0.11753745864915803,0));
#3329=DIRECTION('',(0,0,1));
#3330=FACE_SURFACE('',(#3335),#3331,.T.);
#3331=PLANE('',#3332);
#3332=AXIS2_PLACEMENT_3D('',#294,#3333,#3334);
#3333=DIRECTION('',(0.19509143399348614,0.9807850592165265,0));
#3334=DIRECTION('',(0.9807850592165264,-0.19509143399348614,0));
#3335=FACE_BOUND('',#3336,.T.);
#3336=EDGE_LOOP('',(#3337,#3338,#3339));
#3337=ORIENTED_EDGE('',*,*,#3340,.T.);
#3338=ORIENTED_EDGE('',*,*,#3341,.T.);
#3339=ORIENTED_EDGE('',*,*,#3342,.T.);
#3340=EDGE_CURVE('',#295,#299,#3343,.F.);
#3341=EDGE_CURVE('',#299,#301,#3344,.T.);
#3342=EDGE_CURVE('',#301,#295,#3345,.T.);
#3343=LINE('',#294,#3346);
#3344=LINE('',#298,#3347);
#3345=LINE('',#300,#3348);
#3346=VECTOR('',#3349,1.0);
#3347=VECTOR('',#3350,1.0);
#3348=VECTOR('',#3351,1.0);
#3349=DIRECTION('',(0.9807850592165264,-0.19509143399348614,0));
#3350=DIRECTION('',(0,0,-1));
#3351=DIRECTION('',(-0.16631513529358607,0.03308233331487074,0.9855175467716037));
#3352=FACE_SURFACE('',(#3357),#3353,.T.);
#3353=PLANE('',#3354);
#3354=AXIS2_PLACEMENT_3D('',#294,#3355,#3356);
#3355=DIRECTION('',(0.19509143399348614,0.9807850592165265,0));
#3356=DIRECTION('',(0.16631513529358607,-0.03308233331487074,-0.9855175467716037));
#3357=FACE_BOUND('',#3358,.T.);
#3358=EDGE_LOOP('',(#3359,#3360,#3361));
#3359=ORIENTED_EDGE('',*,*,#3362,.T.);
#3360=ORIENTED_EDGE('',*,*,#3363,.T.);
#3361=ORIENTED_EDGE('',*,*,#3364,.T.);
#3362=EDGE_CURVE('',#295,#301,#3365,.F.);
#3363=EDGE_CURVE('',#301,#297,#3366,.T.);
#3364=EDGE_CURVE('',#297,#295,#3367,.T.);
#3365=LINE('',#294,#3368);
#3366=LINE('',#300,#3369);
#3367=LINE('',#296,#3370);
#3368=VECTOR('',#3371,1.0);
#3369=VECTOR('',#3372,1.0);
#3370=VECTOR('',#3373,1.0);
#3371=DIRECTION('',(0.16631513529358607,-0.03308233331487074,-0.9855175467716037));
#3372=DIRECTION('',(-0.9807850592165264,0.19509143399348614,0));
#3373=DIRECTION('',(0,0,1));
#3374=FACE_SURFACE('',(#3379),#3375,.T.);
#3375=PLANE('',#3376);
#3376=AXIS2_PLACEMENT_3D('',#298,#3377,#3378);
#3377=DIRECTION('',(0.2714470873464182,0.9624533644655964,0));
#3378=DIRECTION('',(0.9624533644655963,-0.27144708734641815,0));
#3379=FACE_BOUND('',#3380,.T.);
#3380=EDGE_LOOP('',(#3381,#3382,#3383));
#3381=ORIENTED_EDGE('',*,*,#3384,.T.);
#3382=ORIENTED_EDGE('',*,*,#3385,.T.);
#3383=ORIENTED_EDGE('',*,*,#3386,.T.);
#3384=EDGE_CURVE('',#299,#303,#3387,.F.);
#3385=EDGE_CURVE('',#303,#305,#3388,.T.);
#3386=EDGE_CURVE('',#305,#299,#3389,.T.);
#3387=LINE('',#298,#3390);
#3388=LINE('',#302,#3391);
#3389=LINE('',#304,#3392);
#3390=VECTOR('',#3393,1.0);
#3391=VECTOR('',#3394,1.0);
#3392=VECTOR('',#3395,1.0);
#3393=DIRECTION('',(0.9624533644655963,-0.27144708734641815,0));
#3394=DIRECTION('',(0,0,-1));
#3395=DIRECTION('',(-0.16320654447224667,0.04603022106682929,0.9855175506250345));
#3396=FACE_SURFACE('',(#3401),#3397,.T.);
#3397=PLANE('',#3398);
#3398=AXIS2_PLACEMENT_3D('',#298,#3399,#3400);
#3399=DIRECTION('',(0.2714470873464182,0.9624533644655964,0));
#3400=DIRECTION('',(0.16320654447224667,-0.04603022106682929,-0.9855175506250345));
#3401=FACE_BOUND('',#3402,.T.);
#3402=EDGE_LOOP('',(#3403,#3404,#3405));
#3403=ORIENTED_EDGE('',*,*,#3406,.T.);
#3404=ORIENTED_EDGE('',*,*,#3407,.T.);
#3405=ORIENTED_EDGE('',*,*,#3408,.T.);
#3406=EDGE_CURVE('',#299,#305,#3409,.F.);
#3407=EDGE_CURVE('',#305,#301,#3410,.T.);
#3408=EDGE_CURVE('',#301,#299,#3411,.T.);
#3409=LINE('',#298,#3412);
#3410=LINE('',#304,#3413);
#3411=LINE('',#300,#3414);
#3412=VECTOR('',#3415,1.0);
#3413=VECTOR('',#3416,1.0);
#3414=VECTOR('',#3417,1.0);
#3415=DIRECTION('',(0.16320654447224667,-0.04603022106682929,-0.9855175506250345));
#3416=DIRECTION('',(-0.9624533644655963,0.27144708734641815,0));
#3417=DIRECTION('',(0,0,1));
#3418=FACE_SURFACE('',(#3423),#3419,.T.);
#3419=PLANE('',#3420);
#3420=AXIS2_PLACEMENT_3D('',#302,#3421,#3422);
#3421=DIRECTION('',(0.3461199574262875,0.9381902659222302,0));
#3422=DIRECTION('',(0.9381902659222301,-0.34611995742628743,0));
#3423=FACE_BOUND('',#3424,.T.);
#3424=EDGE_LOOP('',(#3425,#3426,#3427));
#3425=ORIENTED_EDGE('',*,*,#3428,.T.);
#3426=ORIENTED_EDGE('',*,*,#3429,.T.);
#3427=ORIENTED_EDGE('',*,*,#3430,.T.);
#3428=EDGE_CURVE('',#303,#307,#3431,.F.);
#3429=EDGE_CURVE('',#307,#309,#3432,.T.);
#3430=EDGE_CURVE('',#309,#303,#3433,.T.);
#3431=LINE('',#302,#3434);
#3432=LINE('',#306,#3435);
#3433=LINE('',#308,#3436);
#3434=VECTOR('',#3437,1.0);
#3435=VECTOR('',#3438,1.0);
#3436=VECTOR('',#3439,1.0);
#3437=DIRECTION('',(0.9381902659222301,-0.34611995742628743,0));
#3438=DIRECTION('',(0,0,-1));
#3439=DIRECTION('',(-0.15909152434575902,0.05869252073225176,0.985517668482629));
#3440=FACE_SURFACE('',(#3445),#3441,.T.);
#3441=PLANE('',#3442);
#3442=AXIS2_PLACEMENT_3D('',#302,#3443,#3444);
#3443=DIRECTION('',(0.3461199574262875,0.9381902659222302,0));
#3444=DIRECTION('',(0.15909152434575902,-0.05869252073225176,-0.985517668482629));
#3445=FACE_BOUND('',#3446,.T.);
#3446=EDGE_LOOP('',(#3447,#3448,#3449));
#3447=ORIENTED_EDGE('',*,*,#3450,.T.);
#3448=ORIENTED_EDGE('',*,*,#3451,.T.);
#3449=ORIENTED_EDGE('',*,*,#3452,.T.);
#3450=EDGE_CURVE('',#303,#309,#3453,.F.);
#3451=EDGE_CURVE('',#309,#305,#3454,.T.);
#3452=EDGE_CURVE('',#305,#303,#3455,.T.);
#3453=LINE('',#302,#3456);
#3454=LINE('',#308,#3457);
#3455=LINE('',#304,#3458);
#3456=VECTOR('',#3459,1.0);
#3457=VECTOR('',#3460,1.0);
#3458=VECTOR('',#3461,1.0);
#3459=DIRECTION('',(0.15909152434575902,-0.05869252073225176,-0.985517668482629));
#3460=DIRECTION('',(-0.9381902659222301,0.34611995742628743,0));
#3461=DIRECTION('',(0,0,1));
#3462=FACE_SURFACE('',(#3467),#3463,.T.);
#3463=PLANE('',#3464);
#3464=AXIS2_PLACEMENT_3D('',#306,#3465,#3466);
#3465=DIRECTION('',(0.41865556916770486,0.9081450954582451,0));
#3466=DIRECTION('',(0.9081450954582452,-0.41865556916770486,0));
#3467=FACE_BOUND('',#3468,.T.);
#3468=EDGE_LOOP('',(#3469,#3470,#3471));
#3469=ORIENTED_EDGE('',*,*,#3472,.T.);
#3470=ORIENTED_EDGE('',*,*,#3473,.T.);
#3471=ORIENTED_EDGE('',*,*,#3474,.T.);
#3472=EDGE_CURVE('',#307,#311,#3475,.F.);
#3473=EDGE_CURVE('',#311,#313,#3476,.T.);
#3474=EDGE_CURVE('',#313,#307,#3477,.T.);
#3475=LINE('',#306,#3478);
#3476=LINE('',#310,#3479);
#3477=LINE('',#312,#3480);
#3478=VECTOR('',#3481,1.0);
#3479=VECTOR('',#3482,1.0);
#3480=VECTOR('',#3483,1.0);
#3481=DIRECTION('',(0.9081450954582452,-0.41865556916770486,0));
#3482=DIRECTION('',(0,0,-1));
#3483=DIRECTION('',(-0.15399614091094105,0.0709923362964023,0.9855177709060938));
#3484=FACE_SURFACE('',(#3489),#3485,.T.);
#3485=PLANE('',#3486);
#3486=AXIS2_PLACEMENT_3D('',#306,#3487,#3488);
#3487=DIRECTION('',(0.41865556916770486,0.9081450954582451,0));
#3488=DIRECTION('',(0.15399614091094105,-0.0709923362964023,-0.9855177709060938));
#3489=FACE_BOUND('',#3490,.T.);
#3490=EDGE_LOOP('',(#3491,#3492,#3493));
#3491=ORIENTED_EDGE('',*,*,#3494,.T.);
#3492=ORIENTED_EDGE('',*,*,#3495,.T.);
#3493=ORIENTED_EDGE('',*,*,#3496,.T.);
#3494=EDGE_CURVE('',#307,#313,#3497,.F.);
#3495=EDGE_CURVE('',#313,#309,#3498,.T.);
#3496=EDGE_CURVE('',#309,#307,#3499,.T.);
#3497=LINE('',#306,#3500);
#3498=LINE('',#312,#3501);
#3499=LINE('',#308,#3502);
#3500=VECTOR('',#3503,1.0);
#3501=VECTOR('',#3504,1.0);
#3502=VECTOR('',#3505,1.0);
#3503=DIRECTION('',(0.15399614091094105,-0.0709923362964023,-0.9855177709060938));
#3504=DIRECTION('',(-0.9081450954582452,0.41865556916770486,0));
#3505=DIRECTION('',(0,0,1));
#3506=FACE_SURFACE('',(#3511),#3507,.T.);
#3507=PLANE('',#3508);
#3508=AXIS2_PLACEMENT_3D('',#310,#3509,#3510);
#3509=DIRECTION('',(0.488626545548826,0.8724930366398469,0));
#3510=DIRECTION('',(0.8724930366398468,-0.48862654554882595,0));
#3511=FACE_BOUND('',#3512,.T.);
#3512=EDGE_LOOP('',(#3513,#3514,#3515));
#3513=ORIENTED_EDGE('',*,*,#3516,.T.);
#3514=ORIENTED_EDGE('',*,*,#3517,.T.);
#3515=ORIENTED_EDGE('',*,*,#3518,.T.);
#3516=EDGE_CURVE('',#311,#315,#3519,.F.);
#3517=EDGE_CURVE('',#315,#317,#3520,.T.);
#3518=EDGE_CURVE('',#317,#311,#3521,.T.);
#3519=LINE('',#310,#3522);
#3520=LINE('',#314,#3523);
#3521=LINE('',#316,#3524);
#3522=VECTOR('',#3525,1.0);
#3523=VECTOR('',#3526,1.0);
#3524=VECTOR('',#3527,1.0);
#3525=DIRECTION('',(0.8724930366398468,-0.48862654554882595,0));
#3526=DIRECTION('',(0,0,-1));
#3527=DIRECTION('',(-0.14795192050288752,0.08285823815976438,0.9855174993822113));
#3528=FACE_SURFACE('',(#3533),#3529,.T.);
#3529=PLANE('',#3530);
#3530=AXIS2_PLACEMENT_3D('',#310,#3531,#3532);
#3531=DIRECTION('',(0.488626545548826,0.8724930366398469,0));
#3532=DIRECTION('',(0.14795192050288752,-0.08285823815976438,-0.9855174993822113));
#3533=FACE_BOUND('',#3534,.T.);
#3534=EDGE_LOOP('',(#3535,#3536,#3537));
#3535=ORIENTED_EDGE('',*,*,#3538,.T.);
#3536=ORIENTED_EDGE('',*,*,#3539,.T.);
#3537=ORIENTED_EDGE('',*,*,#3540,.T.);
#3538=EDGE_CURVE('',#311,#317,#3541,.F.);
#3539=EDGE_CURVE('',#317,#313,#3542,.T.);
#3540=EDGE_CURVE('',#313,#311,#3543,.T.);
#3541=LINE('',#310,#3544);
#3542=LINE('',#316,#3545);
#3543=LINE('',#312,#3546);
#3544=VECTOR('',#3547,1.0);
#3545=VECTOR('',#3548,1.0);
#3546=VECTOR('',#3549,1.0);
#3547=DIRECTION('',(0.14795192050288752,-0.08285823815976438,-0.9855174993822113));
#3548=DIRECTION('',(-0.8724930366398468,0.48862654554882595,0));
#3549=DIRECTION('',(0,0,1));
#3550=FACE_SURFACE('',(#3555),#3551,.T.);
#3551=PLANE('',#3552);
#3552=AXIS2_PLACEMENT_3D('',#314,#3553,#3554);
#3553=DIRECTION('',(0.5555631807935698,0.8314743244060704,0));
#3554=DIRECTION('',(0.8314743244060705,-0.5555631807935698,0));
#3555=FACE_BOUND('',#3556,.T.);
#3556=EDGE_LOOP('',(#3557,#3558,#3559));
#3557=ORIENTED_EDGE('',*,*,#3560,.T.);
#3558=ORIENTED_EDGE('',*,*,#3561,.T.);
#3559=ORIENTED_EDGE('',*,*,#3562,.T.);
#3560=EDGE_CURVE('',#315,#319,#3563,.F.);
#3561=EDGE_CURVE('',#319,#321,#3564,.T.);
#3562=EDGE_CURVE('',#321,#315,#3565,.T.);
#3563=LINE('',#314,#3566);
#3564=LINE('',#318,#3567);
#3565=LINE('',#320,#3568);
#3566=VECTOR('',#3569,1.0);
#3567=VECTOR('',#3570,1.0);
#3568=VECTOR('',#3571,1.0);
#3569=DIRECTION('',(0.8314743244060705,-0.5555631807935698,0));
#3570=DIRECTION('',(0,0,-1));
#3571=DIRECTION('',(-0.14099470736339895,0.09420792175852374,0.9855178131182862));
#3572=FACE_SURFACE('',(#3577),#3573,.T.);
#3573=PLANE('',#3574);
#3574=AXIS2_PLACEMENT_3D('',#314,#3575,#3576);
#3575=DIRECTION('',(0.5555631807935698,0.8314743244060704,0));
#3576=DIRECTION('',(0.14099470736339895,-0.09420792175852374,-0.9855178131182862));
#3577=FACE_BOUND('',#3578,.T.);
#3578=EDGE_LOOP('',(#3579,#3580,#3581));
#3579=ORIENTED_EDGE('',*,*,#3582,.T.);
#3580=ORIENTED_EDGE('',*,*,#3583,.T.);
#3581=ORIENTED_EDGE('',*,*,#3584,.T.);
#3582=EDGE_CURVE('',#315,#321,#3585,.F.);
#3583=EDGE_CURVE('',#321,#317,#3586,.T.);
#3584=EDGE_CURVE('',#317,#315,#3587,.T.);
#3585=LINE('',#314,#3588);
#3586=LINE('',#320,#3589);
#3587=LINE('',#316,#3590);
#3588=VECTOR('',#3591,1.0);
#3589=VECTOR('',#3592,1.0);
#3590=VECTOR('',#3593,1.0);
#3591=DIRECTION('',(0.14099470736339895,-0.09420792175852374,-0.9855178131182862));
#3592=DIRECTION('',(-0.8314743244060705,0.5555631807935698,0));
#3593=DIRECTION('',(0,0,1));
#3594=FACE_SURFACE('',(#3599),#3595,.T.);
#3595=PLANE('',#3596);
#3596=AXIS2_PLACEMENT_3D('',#318,#3597,#3598);
#3597=DIRECTION('',(0.61909202283399,0.7853184495880116,0));
#3598=DIRECTION('',(0.7853184495880116,-0.61909202283399,0));
#3599=FACE_BOUND('',#3600,.T.);
#3600=EDGE_LOOP('',(#3601,#3602,#3603));
#3601=ORIENTED_EDGE('',*,*,#3604,.T.);
#3602=ORIENTED_EDGE('',*,*,#3605,.T.);
#3603=ORIENTED_EDGE('',*,*,#3606,.T.);
#3604=EDGE_CURVE('',#319,#323,#3607,.F.);
#3605=EDGE_CURVE('',#323,#325,#3608,.T.);
#3606=EDGE_CURVE('',#325,#319,#3609,.T.);
#3607=LINE('',#318,#3610);
#3608=LINE('',#322,#3611);
#3609=LINE('',#324,#3612);
#3610=VECTOR('',#3613,1.0);
#3611=VECTOR('',#3614,1.0);
#3612=VECTOR('',#3615,1.0);
#3613=DIRECTION('',(0.7853184495880116,-0.61909202283399,0));
#3614=DIRECTION('',(0,0,-1));
#3615=DIRECTION('',(-0.13316829477043485,0.10498088900118477,0.9855177411961976));
#3616=FACE_SURFACE('',(#3621),#3617,.T.);
#3617=PLANE('',#3618);
#3618=AXIS2_PLACEMENT_3D('',#318,#3619,#3620);
#3619=DIRECTION('',(0.61909202283399,0.7853184495880116,0));
#3620=DIRECTION('',(0.13316829477043485,-0.10498088900118477,-0.9855177411961976));
#3621=FACE_BOUND('',#3622,.T.);
#3622=EDGE_LOOP('',(#3623,#3624,#3625));
#3623=ORIENTED_EDGE('',*,*,#3626,.T.);
#3624=ORIENTED_EDGE('',*,*,#3627,.T.);
#3625=ORIENTED_EDGE('',*,*,#3628,.T.);
#3626=EDGE_CURVE('',#319,#325,#3629,.F.);
#3627=EDGE_CURVE('',#325,#321,#3630,.T.);
#3628=EDGE_CURVE('',#321,#319,#3631,.T.);
#3629=LINE('',#318,#3632);
#3630=LINE('',#324,#3633);
#3631=LINE('',#320,#3634);
#3632=VECTOR('',#3635,1.0);
#3633=VECTOR('',#3636,1.0);
#3634=VECTOR('',#3637,1.0);
#3635=DIRECTION('',(0.13316829477043485,-0.10498088900118477,-0.9855177411961976));
#3636=DIRECTION('',(-0.7853184495880116,0.61909202283399,0));
#3637=DIRECTION('',(0,0,1));
#3638=FACE_SURFACE('',(#3643),#3639,.T.);
#3639=PLANE('',#3640);
#3640=AXIS2_PLACEMENT_3D('',#322,#3641,#3642);
#3641=DIRECTION('',(0.6788052265505337,0.7343183672002755,0));
#3642=DIRECTION('',(0.7343183672002755,-0.6788052265505337,0));
#3643=FACE_BOUND('',#3644,.T.);
#3644=EDGE_LOOP('',(#3645,#3646,#3647));
#3645=ORIENTED_EDGE('',*,*,#3648,.T.);
#3646=ORIENTED_EDGE('',*,*,#3649,.T.);
#3647=ORIENTED_EDGE('',*,*,#3650,.T.);
#3648=EDGE_CURVE('',#323,#327,#3651,.F.);
#3649=EDGE_CURVE('',#327,#329,#3652,.T.);
#3650=EDGE_CURVE('',#329,#323,#3653,.T.);
#3651=LINE('',#322,#3654);
#3652=LINE('',#326,#3655);
#3653=LINE('',#328,#3656);
#3654=VECTOR('',#3657,1.0);
#3655=VECTOR('',#3658,1.0);
#3656=VECTOR('',#3659,1.0);
#3657=DIRECTION('',(0.7343183672002755,-0.6788052265505337,0));
#3658=DIRECTION('',(0,0,-1));
#3659=DIRECTION('',(-0.12452211973920638,0.1151084726675116,0.9855172658131401));
#3660=FACE_SURFACE('',(#3665),#3661,.T.);
#3661=PLANE('',#3662);
#3662=AXIS2_PLACEMENT_3D('',#322,#3663,#3664);
#3663=DIRECTION('',(0.6788052265505337,0.7343183672002755,0));
#3664=DIRECTION('',(0.12452211973920638,-0.1151084726675116,-0.9855172658131401));
#3665=FACE_BOUND('',#3666,.T.);
#3666=EDGE_LOOP('',(#3667,#3668,#3669));
#3667=ORIENTED_EDGE('',*,*,#3670,.T.);
#3668=ORIENTED_EDGE('',*,*,#3671,.T.);
#3669=ORIENTED_EDGE('',*,*,#3672,.T.);
#3670=EDGE_CURVE('',#323,#329,#3673,.F.);
#3671=EDGE_CURVE('',#329,#325,#3674,.T.);
#3672=EDGE_CURVE('',#325,#323,#3675,.T.);
#3673=LINE('',#322,#3676);
#3674=LINE('',#328,#3677);
#3675=LINE('',#324,#3678);
#3676=VECTOR('',#3679,1.0);
#3677=VECTOR('',#3680,1.0);
#3678=VECTOR('',#3681,1.0);
#3679=DIRECTION('',(0.12452211973920638,-0.1151084726675116,-0.9855172658131401));
#3680=DIRECTION('',(-0.7343183672002755,0.6788052265505337,0));
#3681=DIRECTION('',(0,0,1));
#3682=FACE_SURFACE('',(#3687),#3683,.T.);
#3683=PLANE('',#3684);
#3684=AXIS2_PLACEMENT_3D('',#326,#3685,#3686);
#3685=DIRECTION('',(0.7343189774473248,0.6788045663964817,0));
#3686=DIRECTION('',(0.6788045663964817,-0.7343189774473248,0));
#3687=FACE_BOUND('',#3688,.T.);
#3688=EDGE_LOOP('',(#3689,#3690,#3691));
#3689=ORIENTED_EDGE('',*,*,#3692,.T.);
#3690=ORIENTED_EDGE('',*,*,#3693,.T.);
#3691=ORIENTED_EDGE('',*,*,#3694,.T.);
#3692=EDGE_CURVE('',#327,#331,#3695,.F.);
#3693=EDGE_CURVE('',#331,#333,#3696,.T.);
#3694=EDGE_CURVE('',#333,#327,#3697,.T.);
#3695=LINE('',#326,#3698);
#3696=LINE('',#330,#3699);
#3697=LINE('',#332,#3700);
#3698=VECTOR('',#3701,1.0);
#3699=VECTOR('',#3702,1.0);
#3700=VECTOR('',#3703,1.0);
#3701=DIRECTION('',(0.6788045663964817,-0.7343189774473248,0));
#3702=DIRECTION('',(0,0,-1));
#3703=DIRECTION('',(-0.11510580230737642,0.12451945557366344,0.9855179143266822));
#3704=FACE_SURFACE('',(#3709),#3705,.T.);
#3705=PLANE('',#3706);
#3706=AXIS2_PLACEMENT_3D('',#326,#3707,#3708);
#3707=DIRECTION('',(0.7343189774473248,0.6788045663964817,0));
#3708=DIRECTION('',(0.11510580230737642,-0.12451945557366344,-0.9855179143266822));
#3709=FACE_BOUND('',#3710,.T.);
#3710=EDGE_LOOP('',(#3711,#3712,#3713));
#3711=ORIENTED_EDGE('',*,*,#3714,.T.);
#3712=ORIENTED_EDGE('',*,*,#3715,.T.);
#3713=ORIENTED_EDGE('',*,*,#3716,.T.);
#3714=EDGE_CURVE('',#327,#333,#3717,.F.);
#3715=EDGE_CURVE('',#333,#329,#3718,.T.);
#3716=EDGE_CURVE('',#329,#327,#3719,.T.);
#3717=LINE('',#326,#3720);
#3718=LINE('',#332,#3721);
#3719=LINE('',#328,#3722);
#3720=VECTOR('',#3723,1.0);
#3721=VECTOR('',#3724,1.0);
#3722=VECTOR('',#3725,1.0);
#3723=DIRECTION('',(0.11510580230737642,-0.12451945557366344,-0.9855179143266822));
#3724=DIRECTION('',(-0.6788045663964817,0.7343189774473248,0));
#3725=DIRECTION('',(0,0,1));
#3726=FACE_SURFACE('',(#3731),#3727,.T.);
#3727=PLANE('',#3728);
#3728=AXIS2_PLACEMENT_3D('',#330,#3729,#3730);
#3729=DIRECTION('',(0.7853176163233117,0.6190930798290932,0));
#3730=DIRECTION('',(0.6190930798290931,-0.7853176163233117,0));
#3731=FACE_BOUND('',#3732,.T.);
#3732=EDGE_LOOP('',(#3733,#3734,#3735));
#3733=ORIENTED_EDGE('',*,*,#3736,.T.);
#3734=ORIENTED_EDGE('',*,*,#3737,.T.);
#3735=ORIENTED_EDGE('',*,*,#3738,.T.);
#3736=EDGE_CURVE('',#331,#335,#3739,.F.);
#3737=EDGE_CURVE('',#335,#337,#3740,.T.);
#3738=EDGE_CURVE('',#337,#331,#3741,.T.);
#3739=LINE('',#330,#3742);
#3740=LINE('',#334,#3743);
#3741=LINE('',#336,#3744);
#3742=VECTOR('',#3745,1.0);
#3743=VECTOR('',#3746,1.0);
#3744=VECTOR('',#3747,1.0);
#3745=DIRECTION('',(0.6190930798290931,-0.7853176163233117,0));
#3746=DIRECTION('',(0,0,-1));
#3747=DIRECTION('',(-0.10498222772573623,0.13316962427789672,0.9855174189386129));
#3748=FACE_SURFACE('',(#3753),#3749,.T.);
#3749=PLANE('',#3750);
#3750=AXIS2_PLACEMENT_3D('',#330,#3751,#3752);
#3751=DIRECTION('',(0.7853176163233117,0.6190930798290932,0));
#3752=DIRECTION('',(0.10498222772573623,-0.13316962427789672,-0.9855174189386129));
#3753=FACE_BOUND('',#3754,.T.);
#3754=EDGE_LOOP('',(#3755,#3756,#3757));
#3755=ORIENTED_EDGE('',*,*,#3758,.T.);
#3756=ORIENTED_EDGE('',*,*,#3759,.T.);
#3757=ORIENTED_EDGE('',*,*,#3760,.T.);
#3758=EDGE_CURVE('',#331,#337,#3761,.F.);
#3759=EDGE_CURVE('',#337,#333,#3762,.T.);
#3760=EDGE_CURVE('',#333,#331,#3763,.T.);
#3761=LINE('',#330,#3764);
#3762=LINE('',#336,#3765);
#3763=LINE('',#332,#3766);
#3764=VECTOR('',#3767,1.0);
#3765=VECTOR('',#3768,1.0);
#3766=VECTOR('',#3769,1.0);
#3767=DIRECTION('',(0.10498222772573623,-0.13316962427789672,-0.9855174189386129));
#3768=DIRECTION('',(-0.6190930798290931,0.7853176163233117,0));
#3769=DIRECTION('',(0,0,1));
#3770=FACE_SURFACE('',(#3775),#3771,.T.);
#3771=PLANE('',#3772);
#3772=AXIS2_PLACEMENT_3D('',#334,#3773,#3774);
#3773=DIRECTION('',(0.8314680847642933,0.5555725191353491,0));
#3774=DIRECTION('',(0.5555725191353491,-0.8314680847642933,0));
#3775=FACE_BOUND('',#3776,.T.);
#3776=EDGE_LOOP('',(#3777,#3778,#3779));
#3777=ORIENTED_EDGE('',*,*,#3780,.T.);
#3778=ORIENTED_EDGE('',*,*,#3781,.T.);
#3779=ORIENTED_EDGE('',*,*,#3782,.T.);
#3780=EDGE_CURVE('',#335,#339,#3783,.F.);
#3781=EDGE_CURVE('',#339,#341,#3784,.T.);
#3782=EDGE_CURVE('',#341,#335,#3785,.T.);
#3783=LINE('',#334,#3786);
#3784=LINE('',#338,#3787);
#3785=LINE('',#340,#3788);
#3786=VECTOR('',#3789,1.0);
#3787=VECTOR('',#3790,1.0);
#3788=VECTOR('',#3791,1.0);
#3789=DIRECTION('',(0.5555725191353491,-0.8314680847642933,0));
#3790=DIRECTION('',(0,0,-1));
#3791=DIRECTION('',(-0.09420930086355767,0.14099334336751465,0.9855178764268306));
#3792=FACE_SURFACE('',(#3797),#3793,.T.);
#3793=PLANE('',#3794);
#3794=AXIS2_PLACEMENT_3D('',#334,#3795,#3796);
#3795=DIRECTION('',(0.8314680847642933,0.5555725191353491,0));
#3796=DIRECTION('',(0.09420930086355767,-0.14099334336751465,-0.9855178764268306));
#3797=FACE_BOUND('',#3798,.T.);
#3798=EDGE_LOOP('',(#3799,#3800,#3801));
#3799=ORIENTED_EDGE('',*,*,#3802,.T.);
#3800=ORIENTED_EDGE('',*,*,#3803,.T.);
#3801=ORIENTED_EDGE('',*,*,#3804,.T.);
#3802=EDGE_CURVE('',#335,#341,#3805,.F.);
#3803=EDGE_CURVE('',#341,#337,#3806,.T.);
#3804=EDGE_CURVE('',#337,#335,#3807,.T.);
#3805=LINE('',#334,#3808);
#3806=LINE('',#340,#3809);
#3807=LINE('',#336,#3810);
#3808=VECTOR('',#3811,1.0);
#3809=VECTOR('',#3812,1.0);
#3810=VECTOR('',#3813,1.0);
#3811=DIRECTION('',(0.09420930086355767,-0.14099334336751465,-0.9855178764268306));
#3812=DIRECTION('',(-0.5555725191353491,0.8314680847642933,0));
#3813=DIRECTION('',(0,0,1));
#3814=FACE_SURFACE('',(#3819),#3815,.T.);
#3815=PLANE('',#3816);
#3816=AXIS2_PLACEMENT_3D('',#338,#3817,#3818);
#3817=DIRECTION('',(0.8724964886063626,0.4886203816559102,0));
#3818=DIRECTION('',(0.4886203816559102,-0.8724964886063625,0));
#3819=FACE_BOUND('',#3820,.T.);
#3820=EDGE_LOOP('',(#3821,#3822,#3823));
#3821=ORIENTED_EDGE('',*,*,#3824,.T.);
#3822=ORIENTED_EDGE('',*,*,#3825,.T.);
#3823=ORIENTED_EDGE('',*,*,#3826,.T.);
#3824=EDGE_CURVE('',#339,#343,#3827,.F.);
#3825=EDGE_CURVE('',#343,#345,#3828,.T.);
#3826=EDGE_CURVE('',#345,#339,#3829,.T.);
#3827=LINE('',#338,#3830);
#3828=LINE('',#342,#3831);
#3829=LINE('',#344,#3832);
#3830=VECTOR('',#3833,1.0);
#3831=VECTOR('',#3834,1.0);
#3832=VECTOR('',#3835,1.0);
#3833=DIRECTION('',(0.4886203816559102,-0.8724964886063625,0));
#3834=DIRECTION('',(0,0,-1));
#3835=DIRECTION('',(-0.08285687453350923,0.14795193733505269,0.9855176115023734));
#3836=FACE_SURFACE('',(#3841),#3837,.T.);
#3837=PLANE('',#3838);
#3838=AXIS2_PLACEMENT_3D('',#338,#3839,#3840);
#3839=DIRECTION('',(0.8724964886063626,0.4886203816559102,0));
#3840=DIRECTION('',(0.08285687453350923,-0.14795193733505269,-0.9855176115023734));
#3841=FACE_BOUND('',#3842,.T.);
#3842=EDGE_LOOP('',(#3843,#3844,#3845));
#3843=ORIENTED_EDGE('',*,*,#3846,.T.);
#3844=ORIENTED_EDGE('',*,*,#3847,.T.);
#3845=ORIENTED_EDGE('',*,*,#3848,.T.);
#3846=EDGE_CURVE('',#339,#345,#3849,.F.);
#3847=EDGE_CURVE('',#345,#341,#3850,.T.);
#3848=EDGE_CURVE('',#341,#339,#3851,.T.);
#3849=LINE('',#338,#3852);
#3850=LINE('',#344,#3853);
#3851=LINE('',#340,#3854);
#3852=VECTOR('',#3855,1.0);
#3853=VECTOR('',#3856,1.0);
#3854=VECTOR('',#3857,1.0);
#3855=DIRECTION('',(0.08285687453350923,-0.14795193733505269,-0.9855176115023734));
#3856=DIRECTION('',(-0.4886203816559102,0.8724964886063625,0));
#3857=DIRECTION('',(0,0,1));
#3858=FACE_SURFACE('',(#3863),#3859,.T.);
#3859=PLANE('',#3860);
#3860=AXIS2_PLACEMENT_3D('',#342,#3861,#3862);
#3861=DIRECTION('',(0.9081420169038189,0.41866224708452476,0));
#3862=DIRECTION('',(0.41866224708452476,-0.908142016903819,0));
#3863=FACE_BOUND('',#3864,.T.);
#3864=EDGE_LOOP('',(#3865,#3866,#3867));
#3865=ORIENTED_EDGE('',*,*,#3868,.T.);
#3866=ORIENTED_EDGE('',*,*,#3869,.T.);
#3867=ORIENTED_EDGE('',*,*,#3870,.T.);
#3868=EDGE_CURVE('',#343,#347,#3871,.F.);
#3869=EDGE_CURVE('',#347,#349,#3872,.T.);
#3870=EDGE_CURVE('',#349,#343,#3873,.T.);
#3871=LINE('',#342,#3874);
#3872=LINE('',#346,#3875);
#3873=LINE('',#348,#3876);
#3874=VECTOR('',#3877,1.0);
#3875=VECTOR('',#3878,1.0);
#3876=VECTOR('',#3879,1.0);
#3877=DIRECTION('',(0.41866224708452476,-0.908142016903819,0));
#3878=DIRECTION('',(0,0,-1));
#3879=DIRECTION('',(-0.07099370242921318,0.1539961258998324,0.9855176748406064));
#3880=FACE_SURFACE('',(#3885),#3881,.T.);
#3881=PLANE('',#3882);
#3882=AXIS2_PLACEMENT_3D('',#342,#3883,#3884);
#3883=DIRECTION('',(0.9081420169038189,0.41866224708452476,0));
#3884=DIRECTION('',(0.07099370242921318,-0.1539961258998324,-0.9855176748406064));
#3885=FACE_BOUND('',#3886,.T.);
#3886=EDGE_LOOP('',(#3887,#3888,#3889));
#3887=ORIENTED_EDGE('',*,*,#3890,.T.);
#3888=ORIENTED_EDGE('',*,*,#3891,.T.);
#3889=ORIENTED_EDGE('',*,*,#3892,.T.);
#3890=EDGE_CURVE('',#343,#349,#3893,.F.);
#3891=EDGE_CURVE('',#349,#345,#3894,.T.);
#3892=EDGE_CURVE('',#345,#343,#3895,.T.);
#3893=LINE('',#342,#3896);
#3894=LINE('',#348,#3897);
#3895=LINE('',#344,#3898);
#3896=VECTOR('',#3899,1.0);
#3897=VECTOR('',#3900,1.0);
#3898=VECTOR('',#3901,1.0);
#3899=DIRECTION('',(0.07099370242921318,-0.1539961258998324,-0.9855176748406064));
#3900=DIRECTION('',(-0.41866224708452476,0.908142016903819,0));
#3901=DIRECTION('',(0,0,1));
#3902=FACE_SURFACE('',(#3907),#3903,.T.);
#3903=PLANE('',#3904);
#3904=AXIS2_PLACEMENT_3D('',#346,#3905,#3906);
#3905=DIRECTION('',(0.9381912359395633,0.3461173280929383,0));
#3906=DIRECTION('',(0.34611732809293827,-0.9381912359395633,0));
#3907=FACE_BOUND('',#3908,.T.);
#3908=EDGE_LOOP('',(#3909,#3910,#3911));
#3909=ORIENTED_EDGE('',*,*,#3912,.T.);
#3910=ORIENTED_EDGE('',*,*,#3913,.T.);
#3911=ORIENTED_EDGE('',*,*,#3914,.T.);
#3912=EDGE_CURVE('',#347,#351,#3915,.F.);
#3913=EDGE_CURVE('',#351,#353,#3916,.T.);
#3914=EDGE_CURVE('',#353,#347,#3917,.T.);
#3915=LINE('',#346,#3918);
#3916=LINE('',#350,#3919);
#3917=LINE('',#352,#3920);
#3918=VECTOR('',#3921,1.0);
#3919=VECTOR('',#3922,1.0);
#3920=VECTOR('',#3923,1.0);
#3921=DIRECTION('',(0.34611732809293827,-0.9381912359395633,0));
#3922=DIRECTION('',(0,0,-1));
#3923=DIRECTION('',(-0.05869250791134276,0.15909286264612976,0.9855174532042225));
#3924=FACE_SURFACE('',(#3929),#3925,.T.);
#3925=PLANE('',#3926);
#3926=AXIS2_PLACEMENT_3D('',#346,#3927,#3928);
#3927=DIRECTION('',(0.9381912359395633,0.3461173280929383,0));
#3928=DIRECTION('',(0.05869250791134276,-0.15909286264612976,-0.9855174532042225));
#3929=FACE_BOUND('',#3930,.T.);
#3930=EDGE_LOOP('',(#3931,#3932,#3933));
#3931=ORIENTED_EDGE('',*,*,#3934,.T.);
#3932=ORIENTED_EDGE('',*,*,#3935,.T.);
#3933=ORIENTED_EDGE('',*,*,#3936,.T.);
#3934=EDGE_CURVE('',#347,#353,#3937,.F.);
#3935=EDGE_CURVE('',#353,#349,#3938,.T.);
#3936=EDGE_CURVE('',#349,#347,#3939,.T.);
#3937=LINE('',#346,#3940);
#3938=LINE('',#352,#3941);
#3939=LINE('',#348,#3942);
#3940=VECTOR('',#3943,1.0);
#3941=VECTOR('',#3944,1.0);
#3942=VECTOR('',#3945,1.0);
#3943=DIRECTION('',(0.05869250791134276,-0.15909286264612976,-0.9855174532042225));
#3944=DIRECTION('',(-0.34611732809293827,0.9381912359395633,0));
#3945=DIRECTION('',(0,0,1));
#3946=FACE_SURFACE('',(#3951),#3947,.T.);
#3947=PLANE('',#3948);
#3948=AXIS2_PLACEMENT_3D('',#350,#3949,#3950);
#3949=DIRECTION('',(0.9624554798494708,0.27143958684710096,0));
#3950=DIRECTION('',(0.271439586847101,-0.9624554798494709,0));
#3951=FACE_BOUND('',#3952,.T.);
#3952=EDGE_LOOP('',(#3953,#3954,#3955));
#3953=ORIENTED_EDGE('',*,*,#3956,.T.);
#3954=ORIENTED_EDGE('',*,*,#3957,.T.);
#3955=ORIENTED_EDGE('',*,*,#3958,.T.);
#3956=EDGE_CURVE('',#351,#355,#3959,.F.);
#3957=EDGE_CURVE('',#355,#357,#3960,.T.);
#3958=EDGE_CURVE('',#357,#351,#3961,.T.);
#3959=LINE('',#350,#3962);
#3960=LINE('',#354,#3963);
#3961=LINE('',#356,#3964);
#3962=VECTOR('',#3965,1.0);
#3963=VECTOR('',#3966,1.0);
#3964=VECTOR('',#3967,1.0);
#3965=DIRECTION('',(0.271439586847101,-0.9624554798494709,0));
#3966=DIRECTION('',(0,0,-1));
#3967=DIRECTION('',(-0.0460288509231277,0.16320655478706117,0.9855176129107153));
#3968=FACE_SURFACE('',(#3973),#3969,.T.);
#3969=PLANE('',#3970);
#3970=AXIS2_PLACEMENT_3D('',#350,#3971,#3972);
#3971=DIRECTION('',(0.9624554798494708,0.27143958684710096,0));
#3972=DIRECTION('',(0.0460288509231277,-0.16320655478706117,-0.9855176129107153));
#3973=FACE_BOUND('',#3974,.T.);
#3974=EDGE_LOOP('',(#3975,#3976,#3977));
#3975=ORIENTED_EDGE('',*,*,#3978,.T.);
#3976=ORIENTED_EDGE('',*,*,#3979,.T.);
#3977=ORIENTED_EDGE('',*,*,#3980,.T.);
#3978=EDGE_CURVE('',#351,#357,#3981,.F.);
#3979=EDGE_CURVE('',#357,#353,#3982,.T.);
#3980=EDGE_CURVE('',#353,#351,#3983,.T.);
#3981=LINE('',#350,#3984);
#3982=LINE('',#356,#3985);
#3983=LINE('',#352,#3986);
#3984=VECTOR('',#3987,1.0);
#3985=VECTOR('',#3988,1.0);
#3986=VECTOR('',#3989,1.0);
#3987=DIRECTION('',(0.0460288509231277,-0.16320655478706117,-0.9855176129107153));
#3988=DIRECTION('',(-0.271439586847101,0.9624554798494709,0));
#3989=DIRECTION('',(0,0,1));
#3990=FACE_SURFACE('',(#3995),#3991,.T.);
#3991=PLANE('',#3992);
#3992=AXIS2_PLACEMENT_3D('',#354,#3993,#3994);
#3993=DIRECTION('',(0.9807866085087955,0.1950836450597914,0));
#3994=DIRECTION('',(0.19508364505979137,-0.9807866085087955,0));
#3995=FACE_BOUND('',#3996,.T.);
#3996=EDGE_LOOP('',(#3997,#3998,#3999));
#3997=ORIENTED_EDGE('',*,*,#4000,.T.);
#3998=ORIENTED_EDGE('',*,*,#4001,.T.);
#3999=ORIENTED_EDGE('',*,*,#4002,.T.);
#4000=EDGE_CURVE('',#355,#359,#4003,.F.);
#4001=EDGE_CURVE('',#359,#361,#4004,.T.);
#4002=EDGE_CURVE('',#361,#355,#4005,.T.);
#4003=LINE('',#354,#4006);
#4004=LINE('',#358,#4007);
#4005=LINE('',#360,#4008);
#4006=VECTOR('',#4009,1.0);
#4007=VECTOR('',#4010,1.0);
#4008=VECTOR('',#4011,1.0);
#4009=DIRECTION('',(0.19508364505979137,-0.9807866085087955,0));
#4010=DIRECTION('',(0,0,-1));
#4011=DIRECTION('',(-0.03308096176473743,0.16631514284809346,0.985517591536619));
#4012=FACE_SURFACE('',(#4017),#4013,.T.);
#4013=PLANE('',#4014);
#4014=AXIS2_PLACEMENT_3D('',#354,#4015,#4016);
#4015=DIRECTION('',(0.9807866085087955,0.1950836450597914,0));
#4016=DIRECTION('',(0.03308096176473743,-0.16631514284809346,-0.985517591536619));
#4017=FACE_BOUND('',#4018,.T.);
#4018=EDGE_LOOP('',(#4019,#4020,#4021));
#4019=ORIENTED_EDGE('',*,*,#4022,.T.);
#4020=ORIENTED_EDGE('',*,*,#4023,.T.);
#4021=ORIENTED_EDGE('',*,*,#4024,.T.);
#4022=EDGE_CURVE('',#355,#361,#4025,.F.);
#4023=EDGE_CURVE('',#361,#357,#4026,.T.);
#4024=EDGE_CURVE('',#357,#355,#4027,.T.);
#4025=LINE('',#354,#4028);
#4026=LINE('',#360,#4029);
#4027=LINE('',#356,#4030);
#4028=VECTOR('',#4031,1.0);
#4029=VECTOR('',#4032,1.0);
#4030=VECTOR('',#4033,1.0);
#4031=DIRECTION('',(0.03308096176473743,-0.16631514284809346,-0.985517591536619));
#4032=DIRECTION('',(-0.19508364505979137,0.9807866085087955,0));
#4033=DIRECTION('',(0,0,1));
#4034=FACE_SURFACE('',(#4039),#4035,.T.);
#4035=PLANE('',#4036);
#4036=AXIS2_PLACEMENT_3D('',#358,#4037,#4038);
#4037=DIRECTION('',(0.9930683378492726,0.11753840377205604,0));
#4038=DIRECTION('',(0.11753840377205604,-0.9930683378492726,0));
#4039=FACE_BOUND('',#4040,.T.);
#4040=EDGE_LOOP('',(#4041,#4042,#4043));
#4041=ORIENTED_EDGE('',*,*,#4044,.T.);
#4042=ORIENTED_EDGE('',*,*,#4045,.T.);
#4043=ORIENTED_EDGE('',*,*,#4046,.T.);
#4044=EDGE_CURVE('',#359,#363,#4047,.F.);
#4045=EDGE_CURVE('',#363,#365,#4048,.T.);
#4046=EDGE_CURVE('',#365,#359,#4049,.T.);
#4047=LINE('',#358,#4050);
#4048=LINE('',#362,#4051);
#4049=LINE('',#364,#4052);
#4050=VECTOR('',#4053,1.0);
#4051=VECTOR('',#4054,1.0);
#4052=VECTOR('',#4055,1.0);
#4053=DIRECTION('',(0.11753840377205604,-0.9930683378492726,0));
#4054=DIRECTION('',(0,0,-1));
#4055=DIRECTION('',(-0.019931238597392802,0.16839672268797484,0.9855177773718357));
#4056=FACE_SURFACE('',(#4061),#4057,.T.);
#4057=PLANE('',#4058);
#4058=AXIS2_PLACEMENT_3D('',#358,#4059,#4060);
#4059=DIRECTION('',(0.9930683378492726,0.11753840377205604,0));
#4060=DIRECTION('',(0.019931238597392802,-0.16839672268797484,-0.9855177773718357));
#4061=FACE_BOUND('',#4062,.T.);
#4062=EDGE_LOOP('',(#4063,#4064,#4065));
#4063=ORIENTED_EDGE('',*,*,#4066,.T.);
#4064=ORIENTED_EDGE('',*,*,#4067,.T.);
#4065=ORIENTED_EDGE('',*,*,#4068,.T.);
#4066=EDGE_CURVE('',#359,#365,#4069,.F.);
#4067=EDGE_CURVE('',#365,#361,#4070,.T.);
#4068=EDGE_CURVE('',#361,#359,#4071,.T.);
#4069=LINE('',#358,#4072);
#4070=LINE('',#364,#4073);
#4071=LINE('',#360,#4074);
#4072=VECTOR('',#4075,1.0);
#4073=VECTOR('',#4076,1.0);
#4074=VECTOR('',#4077,1.0);
#4075=DIRECTION('',(0.019931238597392802,-0.16839672268797484,-0.9855177773718357));
#4076=DIRECTION('',(-0.11753840377205604,0.9930683378492726,0));
#4077=DIRECTION('',(0,0,1));
#4078=FACE_SURFACE('',(#4083),#4079,.T.);
#4079=PLANE('',#4080);
#4080=AXIS2_PLACEMENT_3D('',#362,#4081,#4082);
#4081=DIRECTION('',(0.9992289202785927,0.03926276708126749,0));
#4082=DIRECTION('',(0.03926276708126749,-0.9992289202785927,0));
#4083=FACE_BOUND('',#4084,.T.);
#4084=EDGE_LOOP('',(#4085,#4086,#4087));
#4085=ORIENTED_EDGE('',*,*,#4088,.T.);
#4086=ORIENTED_EDGE('',*,*,#4089,.T.);
#4087=ORIENTED_EDGE('',*,*,#4090,.T.);
#4088=EDGE_CURVE('',#363,#367,#4091,.F.);
#4089=EDGE_CURVE('',#367,#369,#4092,.T.);
#4090=EDGE_CURVE('',#369,#363,#4093,.T.);
#4091=LINE('',#362,#4094);
#4092=LINE('',#366,#4095);
#4093=LINE('',#368,#4096);
#4094=VECTOR('',#4097,1.0);
#4095=VECTOR('',#4098,1.0);
#4096=VECTOR('',#4099,1.0);
#4097=DIRECTION('',(0.03926276708126749,-0.9992289202785927,0));
#4098=DIRECTION('',(0,0,-1));
#4099=DIRECTION('',(-0.006657932602813207,0.16944294303624804,0.9855175092248089));
#4100=FACE_SURFACE('',(#4105),#4101,.T.);
#4101=PLANE('',#4102);
#4102=AXIS2_PLACEMENT_3D('',#362,#4103,#4104);
#4103=DIRECTION('',(0.9992289202785927,0.03926276708126749,0));
#4104=DIRECTION('',(0.006657932602813207,-0.16944294303624804,-0.9855175092248089));
#4105=FACE_BOUND('',#4106,.T.);
#4106=EDGE_LOOP('',(#4107,#4108,#4109));
#4107=ORIENTED_EDGE('',*,*,#4110,.T.);
#4108=ORIENTED_EDGE('',*,*,#4111,.T.);
#4109=ORIENTED_EDGE('',*,*,#4112,.T.);
#4110=EDGE_CURVE('',#363,#369,#4113,.F.);
#4111=EDGE_CURVE('',#369,#365,#4114,.T.);
#4112=EDGE_CURVE('',#365,#363,#4115,.T.);
#4113=LINE('',#362,#4116);
#4114=LINE('',#368,#4117);
#4115=LINE('',#364,#4118);
#4116=VECTOR('',#4119,1.0);
#4117=VECTOR('',#4120,1.0);
#4118=VECTOR('',#4121,1.0);
#4119=DIRECTION('',(0.006657932602813207,-0.16944294303624804,-0.9855175092248089));
#4120=DIRECTION('',(-0.03926276708126749,0.9992289202785927,0));
#4121=DIRECTION('',(0,0,1));
#4122=FACE_SURFACE('',(#4127),#4123,.T.);
#4123=PLANE('',#4124);
#4124=AXIS2_PLACEMENT_3D('',#286,#4125,#4126);
#4125=DIRECTION('',(0,1,0));
#4126=DIRECTION('',(0,0,-1));
#4127=FACE_BOUND('',#4128,.T.);
#4128=EDGE_LOOP('',(#4129,#4130,#4131));
#4129=ORIENTED_EDGE('',*,*,#4132,.T.);
#4130=ORIENTED_EDGE('',*,*,#4133,.T.);
#4131=ORIENTED_EDGE('',*,*,#4134,.T.);
#4132=EDGE_CURVE('',#287,#293,#4135,.F.);
#4133=EDGE_CURVE('',#293,#203,#4136,.T.);
#4134=EDGE_CURVE('',#203,#287,#4137,.T.);
#4135=LINE('',#286,#4138);
#4136=LINE('',#292,#4139);
#4137=LINE('',#202,#4140);
#4138=VECTOR('',#4141,1.0);
#4139=VECTOR('',#4142,1.0);
#4140=VECTOR('',#4143,1.0);
#4141=DIRECTION('',(0,0,-1));
#4142=DIRECTION('',(-1,0,0));
#4143=DIRECTION('',(0.9997052211501867,0,0.024279019853699013));
#4144=FACE_SURFACE('',(#4149),#4145,.T.);
#4145=PLANE('',#4146);
#4146=AXIS2_PLACEMENT_3D('',#286,#4147,#4148);
#4147=DIRECTION('',(0,1,0));
#4148=DIRECTION('',(-0.9997052211501867,0,-0.024279019853699013));
#4149=FACE_BOUND('',#4150,.T.);
#4150=EDGE_LOOP('',(#4151,#4152,#4153));
#4151=ORIENTED_EDGE('',*,*,#4154,.T.);
#4152=ORIENTED_EDGE('',*,*,#4155,.T.);
#4153=ORIENTED_EDGE('',*,*,#4156,.T.);
#4154=EDGE_CURVE('',#287,#203,#4157,.F.);
#4155=EDGE_CURVE('',#203,#209,#4158,.T.);
#4156=EDGE_CURVE('',#209,#287,#4159,.T.);
#4157=LINE('',#286,#4160);
#4158=LINE('',#202,#4161);
#4159=LINE('',#208,#4162);
#4160=VECTOR('',#4163,1.0);
#4161=VECTOR('',#4164,1.0);
#4162=VECTOR('',#4165,1.0);
#4163=DIRECTION('',(-0.9997052211501867,0,-0.024279019853699013));
#4164=DIRECTION('',(0,0,1));
#4165=DIRECTION('',(1,0,0));
#4166=FACE_SURFACE('',(#4171),#4167,.T.);
#4167=PLANE('',#4168);
#4168=AXIS2_PLACEMENT_3D('',#116,#4169,#4170);
#4169=DIRECTION('',(1,0,0));
#4170=DIRECTION('',(0,0,-1));
#4171=FACE_BOUND('',#4172,.T.);
#4172=EDGE_LOOP('',(#4173,#4174,#4175));
#4173=ORIENTED_EDGE('',*,*,#4176,.T.);
#4174=ORIENTED_EDGE('',*,*,#4177,.T.);
#4175=ORIENTED_EDGE('',*,*,#4178,.T.);
#4176=EDGE_CURVE('',#117,#115,#4179,.F.);
#4177=EDGE_CURVE('',#115,#369,#4180,.T.);
#4178=EDGE_CURVE('',#369,#117,#4181,.T.);
#4179=LINE('',#116,#4182);
#4180=LINE('',#114,#4183);
#4181=LINE('',#368,#4184);
#4182=VECTOR('',#4185,1.0);
#4183=VECTOR('',#4186,1.0);
#4184=VECTOR('',#4187,1.0);
#4185=DIRECTION('',(0,0,-1));
#4186=DIRECTION('',(0,1,0));
#4187=DIRECTION('',(0,-0.9998584976710121,0.016822147159820475));
#4188=FACE_SURFACE('',(#4193),#4189,.T.);
#4189=PLANE('',#4190);
#4190=AXIS2_PLACEMENT_3D('',#116,#4191,#4192);
#4191=DIRECTION('',(1,-0,0));
#4192=DIRECTION('',(0,0.9998584976710121,-0.016822147159820475));
#4193=FACE_BOUND('',#4194,.T.);
#4194=EDGE_LOOP('',(#4195,#4196,#4197));
#4195=ORIENTED_EDGE('',*,*,#4198,.T.);
#4196=ORIENTED_EDGE('',*,*,#4199,.T.);
#4197=ORIENTED_EDGE('',*,*,#4200,.T.);
#4198=EDGE_CURVE('',#117,#369,#4201,.F.);
#4199=EDGE_CURVE('',#369,#367,#4202,.T.);
#4200=EDGE_CURVE('',#367,#117,#4203,.T.);
#4201=LINE('',#116,#4204);
#4202=LINE('',#368,#4205);
#4203=LINE('',#366,#4206);
#4204=VECTOR('',#4207,1.0);
#4205=VECTOR('',#4208,1.0);
#4206=VECTOR('',#4209,1.0);
#4207=DIRECTION('',(0,0.9998584976710121,-0.016822147159820475));
#4208=DIRECTION('',(0,0,1));
#4209=DIRECTION('',(0,-1,0));
#4210=FACE_SURFACE('',(#4215),#4211,.T.);
#4211=PLANE('',#4212);
#4212=AXIS2_PLACEMENT_3D('',#288,#4213,#4214);
#4213=DIRECTION('',(0,0,1));
#4214=DIRECTION('',(-0.9992292254376309,0.03925500008039897,0));
#4215=FACE_BOUND('',#4216,.T.);
#4216=EDGE_LOOP('',(#4217,#4218,#4219));
#4217=ORIENTED_EDGE('',*,*,#4220,.T.);
#4218=ORIENTED_EDGE('',*,*,#4221,.T.);
#4219=ORIENTED_EDGE('',*,*,#4222,.T.);
#4220=EDGE_CURVE('',#289,#287,#4223,.F.);
#4221=EDGE_CURVE('',#287,#209,#4224,.T.);
#4222=EDGE_CURVE('',#209,#289,#4225,.T.);
#4223=LINE('',#288,#4226);
#4224=LINE('',#286,#4227);
#4225=LINE('',#208,#4228);
#4226=VECTOR('',#4229,1.0);
#4227=VECTOR('',#4230,1.0);
#4228=VECTOR('',#4231,1.0);
#4229=DIRECTION('',(-0.9992292254376309,0.03925500008039897,0));
#4230=DIRECTION('',(-1,0,0));
#4231=DIRECTION('',(0.9999999866574132,-0.0001633559710741029,0));
#4232=FACE_SURFACE('',(#4237),#4233,.T.);
#4233=PLANE('',#4234);
#4234=AXIS2_PLACEMENT_3D('',#208,#4235,#4236);
#4235=DIRECTION('',(0,0,1));
#4236=DIRECTION('',(-0.9992292254376309,-0.03925500008039897,0));
#4237=FACE_BOUND('',#4238,.T.);
#4238=EDGE_LOOP('',(#4239,#4240,#4241));
#4239=ORIENTED_EDGE('',*,*,#4242,.T.);
#4240=ORIENTED_EDGE('',*,*,#4243,.T.);
#4241=ORIENTED_EDGE('',*,*,#4244,.T.);
#4242=EDGE_CURVE('',#209,#207,#4245,.F.);
#4243=EDGE_CURVE('',#207,#213,#4246,.T.);
#4244=EDGE_CURVE('',#213,#209,#4247,.T.);
#4245=LINE('',#208,#4248);
#4246=LINE('',#206,#4249);
#4247=LINE('',#212,#4250);
#4248=VECTOR('',#4251,1.0);
#4249=VECTOR('',#4252,1.0);
#4250=VECTOR('',#4253,1.0);
#4251=DIRECTION('',(-0.9992292254376309,-0.03925500008039897,0));
#4252=DIRECTION('',(-0.9930684497124543,-0.11753745864915803,0));
#4253=DIRECTION('',(0.9969175096052816,0.07845686102823277,0));
#4254=FACE_SURFACE('',(#4259),#4255,.T.);
#4255=PLANE('',#4256);
#4256=AXIS2_PLACEMENT_3D('',#212,#4257,#4258);
#4257=DIRECTION('',(0,0,1));
#4258=DIRECTION('',(-0.9807850592165264,-0.19509143399348614,0));
#4259=FACE_BOUND('',#4260,.T.);
#4260=EDGE_LOOP('',(#4261,#4262,#4263));
#4261=ORIENTED_EDGE('',*,*,#4264,.T.);
#4262=ORIENTED_EDGE('',*,*,#4265,.T.);
#4263=ORIENTED_EDGE('',*,*,#4266,.T.);
#4264=EDGE_CURVE('',#213,#217,#4267,.F.);
#4265=EDGE_CURVE('',#217,#221,#4268,.T.);
#4266=EDGE_CURVE('',#221,#213,#4269,.T.);
#4267=LINE('',#212,#4270);
#4268=LINE('',#216,#4271);
#4269=LINE('',#220,#4272);
#4270=VECTOR('',#4273,1.0);
#4271=VECTOR('',#4274,1.0);
#4272=VECTOR('',#4275,1.0);
#4273=DIRECTION('',(-0.9807850592165264,-0.19509143399348614,0));
#4274=DIRECTION('',(-0.9624533644655963,-0.27144708734641815,0));
#4275=DIRECTION('',(0.9723689837100066,0.23344926540636002,0));
#4276=FACE_SURFACE('',(#4281),#4277,.T.);
#4277=PLANE('',#4278);
#4278=AXIS2_PLACEMENT_3D('',#220,#4279,#4280);
#4279=DIRECTION('',(0,0,1));
#4280=DIRECTION('',(-0.9381902659222301,-0.34611995742628743,0));
#4281=FACE_BOUND('',#4282,.T.);
#4282=EDGE_LOOP('',(#4283,#4284,#4285));
#4283=ORIENTED_EDGE('',*,*,#4286,.T.);
#4284=ORIENTED_EDGE('',*,*,#4287,.T.);
#4285=ORIENTED_EDGE('',*,*,#4288,.T.);
#4286=EDGE_CURVE('',#221,#225,#4289,.F.);
#4287=EDGE_CURVE('',#225,#229,#4290,.T.);
#4288=EDGE_CURVE('',#229,#221,#4291,.T.);
#4289=LINE('',#220,#4292);
#4290=LINE('',#224,#4293);
#4291=LINE('',#228,#4294);
#4292=VECTOR('',#4295,1.0);
#4293=VECTOR('',#4296,1.0);
#4294=VECTOR('',#4297,1.0);
#4295=DIRECTION('',(-0.9381902659222301,-0.34611995742628743,0));
#4296=DIRECTION('',(-0.9081450954582452,-0.41865556916770486,0));
#4297=DIRECTION('',(0.9238798464169852,0.38268267452881616,0));
#4298=FACE_SURFACE('',(#4303),#4299,.T.);
#4299=PLANE('',#4300);
#4300=AXIS2_PLACEMENT_3D('',#228,#4301,#4302);
#4301=DIRECTION('',(0,0,1));
#4302=DIRECTION('',(-0.8724930366398468,-0.48862654554882595,0));
#4303=FACE_BOUND('',#4304,.T.);
#4304=EDGE_LOOP('',(#4305,#4306,#4307));
#4305=ORIENTED_EDGE('',*,*,#4308,.T.);
#4306=ORIENTED_EDGE('',*,*,#4309,.T.);
#4307=ORIENTED_EDGE('',*,*,#4310,.T.);
#4308=EDGE_CURVE('',#229,#233,#4311,.F.);
#4309=EDGE_CURVE('',#233,#237,#4312,.T.);
#4310=EDGE_CURVE('',#237,#229,#4313,.T.);
#4311=LINE('',#228,#4314);
#4312=LINE('',#232,#4315);
#4313=LINE('',#236,#4316);
#4314=VECTOR('',#4317,1.0);
#4315=VECTOR('',#4318,1.0);
#4316=VECTOR('',#4319,1.0);
#4317=DIRECTION('',(-0.8724930366398468,-0.48862654554882595,0));
#4318=DIRECTION('',(-0.8314743244060705,-0.5555631807935698,0));
#4319=DIRECTION('',(0.8526409056052352,0.5224973551020947,0));
#4320=FACE_SURFACE('',(#4325),#4321,.T.);
#4321=PLANE('',#4322);
#4322=AXIS2_PLACEMENT_3D('',#236,#4323,#4324);
#4323=DIRECTION('',(0,0,1));
#4324=DIRECTION('',(-0.7853184495880116,-0.61909202283399,0));
#4325=FACE_BOUND('',#4326,.T.);
#4326=EDGE_LOOP('',(#4327,#4328,#4329));
#4327=ORIENTED_EDGE('',*,*,#4330,.T.);
#4328=ORIENTED_EDGE('',*,*,#4331,.T.);
#4329=ORIENTED_EDGE('',*,*,#4332,.T.);
#4330=EDGE_CURVE('',#237,#241,#4333,.F.);
#4331=EDGE_CURVE('',#241,#245,#4334,.T.);
#4332=EDGE_CURVE('',#245,#237,#4335,.T.);
#4333=LINE('',#236,#4336);
#4334=LINE('',#240,#4337);
#4335=LINE('',#244,#4338);
#4336=VECTOR('',#4339,1.0);
#4337=VECTOR('',#4340,1.0);
#4338=VECTOR('',#4341,1.0);
#4339=DIRECTION('',(-0.7853184495880116,-0.61909202283399,0));
#4340=DIRECTION('',(-0.7343183672002755,-0.6788052265505337,0));
#4341=DIRECTION('',(0.7604045665862094,0.6494496863613372,0));
#4342=FACE_SURFACE('',(#4347),#4343,.T.);
#4343=PLANE('',#4344);
#4344=AXIS2_PLACEMENT_3D('',#244,#4345,#4346);
#4345=DIRECTION('',(0,0,1));
#4346=DIRECTION('',(-0.6788045663964817,-0.7343189774473248,0));
#4347=FACE_BOUND('',#4348,.T.);
#4348=EDGE_LOOP('',(#4349,#4350,#4351));
#4349=ORIENTED_EDGE('',*,*,#4352,.T.);
#4350=ORIENTED_EDGE('',*,*,#4353,.T.);
#4351=ORIENTED_EDGE('',*,*,#4354,.T.);
#4352=EDGE_CURVE('',#245,#249,#4355,.F.);
#4353=EDGE_CURVE('',#249,#253,#4356,.T.);
#4354=EDGE_CURVE('',#253,#245,#4357,.T.);
#4355=LINE('',#244,#4358);
#4356=LINE('',#248,#4359);
#4357=LINE('',#252,#4360);
#4358=VECTOR('',#4361,1.0);
#4359=VECTOR('',#4362,1.0);
#4360=VECTOR('',#4363,1.0);
#4361=DIRECTION('',(-0.6788045663964817,-0.7343189774473248,0));
#4362=DIRECTION('',(-0.6190930798290931,-0.7853176163233117,0));
#4363=DIRECTION('',(0.6494493445178161,0.7604048585492987,0));
#4364=FACE_SURFACE('',(#4369),#4365,.T.);
#4365=PLANE('',#4366);
#4366=AXIS2_PLACEMENT_3D('',#252,#4367,#4368);
#4367=DIRECTION('',(0,0,1));
#4368=DIRECTION('',(-0.5555725191353491,-0.8314680847642933,0));
#4369=FACE_BOUND('',#4370,.T.);
#4370=EDGE_LOOP('',(#4371,#4372,#4373));
#4371=ORIENTED_EDGE('',*,*,#4374,.T.);
#4372=ORIENTED_EDGE('',*,*,#4375,.T.);
#4373=ORIENTED_EDGE('',*,*,#4376,.T.);
#4374=EDGE_CURVE('',#253,#257,#4377,.F.);
#4375=EDGE_CURVE('',#257,#261,#4378,.T.);
#4376=EDGE_CURVE('',#261,#253,#4379,.T.);
#4377=LINE('',#252,#4380);
#4378=LINE('',#256,#4381);
#4379=LINE('',#260,#4382);
#4380=VECTOR('',#4383,1.0);
#4381=VECTOR('',#4384,1.0);
#4382=VECTOR('',#4385,1.0);
#4383=DIRECTION('',(-0.5555725191353491,-0.8314680847642933,0));
#4384=DIRECTION('',(-0.4886203816559102,-0.8724964886063625,0));
#4385=DIRECTION('',(0.5224991601439903,0.8526397994750331,0));
#4386=FACE_SURFACE('',(#4391),#4387,.T.);
#4387=PLANE('',#4388);
#4388=AXIS2_PLACEMENT_3D('',#260,#4389,#4390);
#4389=DIRECTION('',(0,0,1));
#4390=DIRECTION('',(-0.41866224708452476,-0.908142016903819,0));
#4391=FACE_BOUND('',#4392,.T.);
#4392=EDGE_LOOP('',(#4393,#4394,#4395));
#4393=ORIENTED_EDGE('',*,*,#4396,.T.);
#4394=ORIENTED_EDGE('',*,*,#4397,.T.);
#4395=ORIENTED_EDGE('',*,*,#4398,.T.);
#4396=EDGE_CURVE('',#261,#265,#4399,.F.);
#4397=EDGE_CURVE('',#265,#269,#4400,.T.);
#4398=EDGE_CURVE('',#269,#261,#4401,.T.);
#4399=LINE('',#260,#4402);
#4400=LINE('',#264,#4403);
#4401=LINE('',#268,#4404);
#4402=VECTOR('',#4405,1.0);
#4403=VECTOR('',#4406,1.0);
#4404=VECTOR('',#4407,1.0);
#4405=DIRECTION('',(-0.41866224708452476,-0.908142016903819,0));
#4406=DIRECTION('',(-0.34611732809293827,-0.9381912359395633,0));
#4407=DIRECTION('',(0.38268470036980484,0.9238790072855172,0));
#4408=FACE_SURFACE('',(#4413),#4409,.T.);
#4409=PLANE('',#4410);
#4410=AXIS2_PLACEMENT_3D('',#268,#4411,#4412);
#4411=DIRECTION('',(0,0,1));
#4412=DIRECTION('',(-0.271439586847101,-0.9624554798494709,0));
#4413=FACE_BOUND('',#4414,.T.);
#4414=EDGE_LOOP('',(#4415,#4416,#4417));
#4415=ORIENTED_EDGE('',*,*,#4418,.T.);
#4416=ORIENTED_EDGE('',*,*,#4419,.T.);
#4417=ORIENTED_EDGE('',*,*,#4420,.T.);
#4418=EDGE_CURVE('',#269,#273,#4421,.F.);
#4419=EDGE_CURVE('',#273,#277,#4422,.T.);
#4420=EDGE_CURVE('',#277,#269,#4423,.T.);
#4421=LINE('',#268,#4424);
#4422=LINE('',#272,#4425);
#4423=LINE('',#276,#4426);
#4424=VECTOR('',#4427,1.0);
#4425=VECTOR('',#4428,1.0);
#4426=VECTOR('',#4429,1.0);
#4427=DIRECTION('',(-0.271439586847101,-0.9624554798494709,0));
#4428=DIRECTION('',(-0.19508364505979137,-0.9807866085087955,0));
#4429=DIRECTION('',(0.23344160366027217,0.9723708231330888,0));
#4430=FACE_SURFACE('',(#4435),#4431,.T.);
#4431=PLANE('',#4432);
#4432=AXIS2_PLACEMENT_3D('',#276,#4433,#4434);
#4433=DIRECTION('',(0,0,1));
#4434=DIRECTION('',(-0.11753840377205604,-0.9930683378492726,0));
#4435=FACE_BOUND('',#4436,.T.);
#4436=EDGE_LOOP('',(#4437,#4438,#4439));
#4437=ORIENTED_EDGE('',*,*,#4440,.T.);
#4438=ORIENTED_EDGE('',*,*,#4441,.T.);
#4439=ORIENTED_EDGE('',*,*,#4442,.T.);
#4440=EDGE_CURVE('',#277,#281,#4443,.F.);
#4441=EDGE_CURVE('',#281,#285,#4444,.T.);
#4442=EDGE_CURVE('',#285,#277,#4445,.T.);
#4443=LINE('',#276,#4446);
#4444=LINE('',#280,#4447);
#4445=LINE('',#284,#4448);
#4446=VECTOR('',#4449,1.0);
#4447=VECTOR('',#4450,1.0);
#4448=VECTOR('',#4451,1.0);
#4449=DIRECTION('',(-0.11753840377205604,-0.9930683378492726,0));
#4450=DIRECTION('',(-0.03926276708126749,-0.9992289202785927,0));
#4451=DIRECTION('',(0.07846088777292828,0.9969171926945006,0));
#4452=FACE_SURFACE('',(#4457),#4453,.T.);
#4453=PLANE('',#4454);
#4454=AXIS2_PLACEMENT_3D('',#284,#4455,#4456);
#4455=DIRECTION('',(0,0,1));
#4456=DIRECTION('',(0,-1,0));
#4457=FACE_BOUND('',#4458,.T.);
#4458=EDGE_LOOP('',(#4459,#4460,#4461));
#4459=ORIENTED_EDGE('',*,*,#4462,.T.);
#4460=ORIENTED_EDGE('',*,*,#4463,.T.);
#4461=ORIENTED_EDGE('',*,*,#4464,.T.);
#4462=EDGE_CURVE('',#285,#199,#4465,.F.);
#4463=EDGE_CURVE('',#199,#195,#4466,.T.);
#4464=EDGE_CURVE('',#195,#285,#4467,.T.);
#4465=LINE('',#284,#4468);
#4466=LINE('',#198,#4469);
#4467=LINE('',#194,#4470);
#4468=VECTOR('',#4471,1.0);
#4469=VECTOR('',#4472,1.0);
#4470=VECTOR('',#4473,1.0);
#4471=DIRECTION('',(0,-1,0));
#4472=DIRECTION('',(0.03926276708126749,-0.9992289202785927,0));
#4473=DIRECTION('',(-0.0001133348480996981,0.999999993577606,0));
#4474=FACE_SURFACE('',(#4479),#4475,.T.);
#4475=PLANE('',#4476);
#4476=AXIS2_PLACEMENT_3D('',#194,#4477,#4478);
#4477=DIRECTION('',(0,0,1));
#4478=DIRECTION('',(0.11753840377205604,-0.9930683378492726,0));
#4479=FACE_BOUND('',#4480,.T.);
#4480=EDGE_LOOP('',(#4481,#4482,#4483));
#4481=ORIENTED_EDGE('',*,*,#4484,.T.);
#4482=ORIENTED_EDGE('',*,*,#4485,.T.);
#4483=ORIENTED_EDGE('',*,*,#4486,.T.);
#4484=EDGE_CURVE('',#195,#191,#4487,.F.);
#4485=EDGE_CURVE('',#191,#187,#4488,.T.);
#4486=EDGE_CURVE('',#187,#195,#4489,.T.);
#4487=LINE('',#194,#4490);
#4488=LINE('',#190,#4491);
#4489=LINE('',#186,#4492);
#4490=VECTOR('',#4493,1.0);
#4491=VECTOR('',#4494,1.0);
#4492=VECTOR('',#4495,1.0);
#4493=DIRECTION('',(0.11753840377205604,-0.9930683378492726,0));
#4494=DIRECTION('',(0.19508364505979137,-0.9807866085087955,0));
#4495=DIRECTION('',(-0.1564317307254328,0.9876887736641768,0));
#4496=FACE_SURFACE('',(#4501),#4497,.T.);
#4497=PLANE('',#4498);
#4498=AXIS2_PLACEMENT_3D('',#186,#4499,#4500);
#4499=DIRECTION('',(0,0,1));
#4500=DIRECTION('',(0.271439586847101,-0.9624554798494709,0));
#4501=FACE_BOUND('',#4502,.T.);
#4502=EDGE_LOOP('',(#4503,#4504,#4505));
#4503=ORIENTED_EDGE('',*,*,#4506,.T.);
#4504=ORIENTED_EDGE('',*,*,#4507,.T.);
#4505=ORIENTED_EDGE('',*,*,#4508,.T.);
#4506=EDGE_CURVE('',#187,#183,#4509,.F.);
#4507=EDGE_CURVE('',#183,#179,#4510,.T.);
#4508=EDGE_CURVE('',#179,#187,#4511,.T.);
#4509=LINE('',#186,#4512);
#4510=LINE('',#182,#4513);
#4511=LINE('',#178,#4514);
#4512=VECTOR('',#4515,1.0);
#4513=VECTOR('',#4516,1.0);
#4514=VECTOR('',#4517,1.0);
#4515=DIRECTION('',(0.271439586847101,-0.9624554798494709,0));
#4516=DIRECTION('',(0.34611732809293827,-0.9381912359395633,0));
#4517=DIRECTION('',(-0.30901681063751846,0.9510565759950436,0));
#4518=FACE_SURFACE('',(#4523),#4519,.T.);
#4519=PLANE('',#4520);
#4520=AXIS2_PLACEMENT_3D('',#178,#4521,#4522);
#4521=DIRECTION('',(0,0,1));
#4522=DIRECTION('',(0.41866224708452476,-0.908142016903819,0));
#4523=FACE_BOUND('',#4524,.T.);
#4524=EDGE_LOOP('',(#4525,#4526,#4527));
#4525=ORIENTED_EDGE('',*,*,#4528,.T.);
#4526=ORIENTED_EDGE('',*,*,#4529,.T.);
#4527=ORIENTED_EDGE('',*,*,#4530,.T.);
#4528=EDGE_CURVE('',#179,#175,#4531,.F.);
#4529=EDGE_CURVE('',#175,#171,#4532,.T.);
#4530=EDGE_CURVE('',#171,#179,#4533,.T.);
#4531=LINE('',#178,#4534);
#4532=LINE('',#174,#4535);
#4533=LINE('',#170,#4536);
#4534=VECTOR('',#4537,1.0);
#4535=VECTOR('',#4538,1.0);
#4536=VECTOR('',#4539,1.0);
#4537=DIRECTION('',(0.41866224708452476,-0.908142016903819,0));
#4538=DIRECTION('',(0.4886203816559102,-0.8724964886063625,0));
#4539=DIRECTION('',(-0.4539913309149776,0.8910061006828445,0));
#4540=FACE_SURFACE('',(#4545),#4541,.T.);
#4541=PLANE('',#4542);
#4542=AXIS2_PLACEMENT_3D('',#170,#4543,#4544);
#4543=DIRECTION('',(0,0,1));
#4544=DIRECTION('',(0.5555725191353491,-0.8314680847642933,0));
#4545=FACE_BOUND('',#4546,.T.);
#4546=EDGE_LOOP('',(#4547,#4548,#4549));
#4547=ORIENTED_EDGE('',*,*,#4550,.T.);
#4548=ORIENTED_EDGE('',*,*,#4551,.T.);
#4549=ORIENTED_EDGE('',*,*,#4552,.T.);
#4550=EDGE_CURVE('',#171,#167,#4553,.F.);
#4551=EDGE_CURVE('',#167,#163,#4554,.T.);
#4552=EDGE_CURVE('',#163,#171,#4555,.T.);
#4553=LINE('',#170,#4556);
#4554=LINE('',#166,#4557);
#4555=LINE('',#162,#4558);
#4556=VECTOR('',#4559,1.0);
#4557=VECTOR('',#4560,1.0);
#4558=VECTOR('',#4561,1.0);
#4559=DIRECTION('',(0.5555725191353491,-0.8314680847642933,0));
#4560=DIRECTION('',(0.6190930798290931,-0.7853176163233117,0));
#4561=DIRECTION('',(-0.587786173186088,0.8090163253057717,0));
#4562=FACE_SURFACE('',(#4567),#4563,.T.);
#4563=PLANE('',#4564);
#4564=AXIS2_PLACEMENT_3D('',#162,#4565,#4566);
#4565=DIRECTION('',(0,0,1));
#4566=DIRECTION('',(0.6788045663964817,-0.7343189774473248,0));
#4567=FACE_BOUND('',#4568,.T.);
#4568=EDGE_LOOP('',(#4569,#4570,#4571));
#4569=ORIENTED_EDGE('',*,*,#4572,.T.);
#4570=ORIENTED_EDGE('',*,*,#4573,.T.);
#4571=ORIENTED_EDGE('',*,*,#4574,.T.);
#4572=EDGE_CURVE('',#163,#159,#4575,.F.);
#4573=EDGE_CURVE('',#159,#155,#4576,.T.);
#4574=EDGE_CURVE('',#155,#163,#4577,.T.);
#4575=LINE('',#162,#4578);
#4576=LINE('',#158,#4579);
#4577=LINE('',#154,#4580);
#4578=VECTOR('',#4581,1.0);
#4579=VECTOR('',#4582,1.0);
#4580=VECTOR('',#4583,1.0);
#4581=DIRECTION('',(0.6788045663964817,-0.7343189774473248,0));
#4582=DIRECTION('',(0.7343183672002755,-0.6788052265505337,0));
#4583=DIRECTION('',(-0.7071067811865476,0.7071067811865476,0));
#4584=FACE_SURFACE('',(#4589),#4585,.T.);
#4585=PLANE('',#4586);
#4586=AXIS2_PLACEMENT_3D('',#154,#4587,#4588);
#4587=DIRECTION('',(0,0,1));
#4588=DIRECTION('',(0.7853184495880116,-0.61909202283399,0));
#4589=FACE_BOUND('',#4590,.T.);
#4590=EDGE_LOOP('',(#4591,#4592,#4593));
#4591=ORIENTED_EDGE('',*,*,#4594,.T.);
#4592=ORIENTED_EDGE('',*,*,#4595,.T.);
#4593=ORIENTED_EDGE('',*,*,#4596,.T.);
#4594=EDGE_CURVE('',#155,#151,#4597,.F.);
#4595=EDGE_CURVE('',#151,#147,#4598,.T.);
#4596=EDGE_CURVE('',#147,#155,#4599,.T.);
#4597=LINE('',#154,#4600);
#4598=LINE('',#150,#4601);
#4599=LINE('',#146,#4602);
#4600=VECTOR('',#4603,1.0);
#4601=VECTOR('',#4604,1.0);
#4602=VECTOR('',#4605,1.0);
#4603=DIRECTION('',(0.7853184495880116,-0.61909202283399,0));
#4604=DIRECTION('',(0.8314743244060705,-0.5555631807935698,0));
#4605=DIRECTION('',(-0.8090201786918438,0.5877808694313019,0));
#4606=FACE_SURFACE('',(#4611),#4607,.T.);
#4607=PLANE('',#4608);
#4608=AXIS2_PLACEMENT_3D('',#146,#4609,#4610);
#4609=DIRECTION('',(0,0,1));
#4610=DIRECTION('',(0.8724930366398468,-0.48862654554882595,0));
#4611=FACE_BOUND('',#4612,.T.);
#4612=EDGE_LOOP('',(#4613,#4614,#4615));
#4613=ORIENTED_EDGE('',*,*,#4616,.T.);
#4614=ORIENTED_EDGE('',*,*,#4617,.T.);
#4615=ORIENTED_EDGE('',*,*,#4618,.T.);
#4616=EDGE_CURVE('',#147,#143,#4619,.F.);
#4617=EDGE_CURVE('',#143,#139,#4620,.T.);
#4618=EDGE_CURVE('',#139,#147,#4621,.T.);
#4619=LINE('',#146,#4622);
#4620=LINE('',#142,#4623);
#4621=LINE('',#138,#4624);
#4622=VECTOR('',#4625,1.0);
#4623=VECTOR('',#4626,1.0);
#4624=VECTOR('',#4627,1.0);
#4625=DIRECTION('',(0.8724930366398468,-0.48862654554882595,0));
#4626=DIRECTION('',(0.9081450954582452,-0.41865556916770486,0));
#4627=DIRECTION('',(-0.8910061006828445,0.4539913309149776,0));
#4628=FACE_SURFACE('',(#4633),#4629,.T.);
#4629=PLANE('',#4630);
#4630=AXIS2_PLACEMENT_3D('',#138,#4631,#4632);
#4631=DIRECTION('',(0,0,1));
#4632=DIRECTION('',(0.9381902659222301,-0.34611995742628743,0));
#4633=FACE_BOUND('',#4634,.T.);
#4634=EDGE_LOOP('',(#4635,#4636,#4637));
#4635=ORIENTED_EDGE('',*,*,#4638,.T.);
#4636=ORIENTED_EDGE('',*,*,#4639,.T.);
#4637=ORIENTED_EDGE('',*,*,#4640,.T.);
#4638=EDGE_CURVE('',#139,#135,#4641,.F.);
#4639=EDGE_CURVE('',#135,#131,#4642,.T.);
#4640=EDGE_CURVE('',#131,#139,#4643,.T.);
#4641=LINE('',#138,#4644);
#4642=LINE('',#134,#4645);
#4643=LINE('',#130,#4646);
#4644=VECTOR('',#4647,1.0);
#4645=VECTOR('',#4648,1.0);
#4646=VECTOR('',#4649,1.0);
#4647=DIRECTION('',(0.9381902659222301,-0.34611995742628743,0));
#4648=DIRECTION('',(0.9624533644655963,-0.27144708734641815,0));
#4649=DIRECTION('',(-0.9510549983236882,0.30902166617169313,0));
#4650=FACE_SURFACE('',(#4655),#4651,.T.);
#4651=PLANE('',#4652);
#4652=AXIS2_PLACEMENT_3D('',#130,#4653,#4654);
#4653=DIRECTION('',(0,0,1));
#4654=DIRECTION('',(0.9807850592165264,-0.19509143399348614,0));
#4655=FACE_BOUND('',#4656,.T.);
#4656=EDGE_LOOP('',(#4657,#4658,#4659));
#4657=ORIENTED_EDGE('',*,*,#4660,.T.);
#4658=ORIENTED_EDGE('',*,*,#4661,.T.);
#4659=ORIENTED_EDGE('',*,*,#4662,.T.);
#4660=EDGE_CURVE('',#131,#127,#4663,.F.);
#4661=EDGE_CURVE('',#127,#121,#4664,.T.);
#4662=EDGE_CURVE('',#121,#131,#4665,.T.);
#4663=LINE('',#130,#4666);
#4664=LINE('',#126,#4667);
#4665=LINE('',#120,#4668);
#4666=VECTOR('',#4669,1.0);
#4667=VECTOR('',#4670,1.0);
#4668=VECTOR('',#4671,1.0);
#4669=DIRECTION('',(0.9807850592165264,-0.19509143399348614,0));
#4670=DIRECTION('',(0.9930684497124543,-0.11753745864915803,0));
#4671=DIRECTION('',(-0.9876882467994916,0.15643505724148438,0));
#4672=FACE_SURFACE('',(#4677),#4673,.T.);
#4673=PLANE('',#4674);
#4674=AXIS2_PLACEMENT_3D('',#120,#4675,#4676);
#4675=DIRECTION('',(0,0,1));
#4676=DIRECTION('',(0.9992292254376309,-0.03925500008039897,0));
#4677=FACE_BOUND('',#4678,.T.);
#4678=EDGE_LOOP('',(#4679,#4680,#4681));
#4679=ORIENTED_EDGE('',*,*,#4682,.T.);
#4680=ORIENTED_EDGE('',*,*,#4683,.T.);
#4681=ORIENTED_EDGE('',*,*,#4684,.T.);
#4682=EDGE_CURVE('',#121,#119,#4685,.F.);
#4683=EDGE_CURVE('',#119,#41,#4686,.T.);
#4684=EDGE_CURVE('',#41,#121,#4687,.T.);
#4685=LINE('',#120,#4688);
#4686=LINE('',#118,#4689);
#4687=LINE('',#40,#4690);
#4688=VECTOR('',#4691,1.0);
#4689=VECTOR('',#4692,1.0);
#4690=VECTOR('',#4693,1.0);
#4691=DIRECTION('',(0.9992292254376309,-0.03925500008039897,0));
#4692=DIRECTION('',(1,0,0));
#4693=DIRECTION('',(-0.9999999866574132,0.0001633559710741029,0));
#4694=FACE_SURFACE('',(#4699),#4695,.T.);
#4695=PLANE('',#4696);
#4696=AXIS2_PLACEMENT_3D('',#40,#4697,#4698);
#4697=DIRECTION('',(0,0,1));
#4698=DIRECTION('',(0.9992292254376309,0.03925500008039897,0));
#4699=FACE_BOUND('',#4700,.T.);
#4700=EDGE_LOOP('',(#4701,#4702,#4703));
#4701=ORIENTED_EDGE('',*,*,#4704,.T.);
#4702=ORIENTED_EDGE('',*,*,#4705,.T.);
#4703=ORIENTED_EDGE('',*,*,#4706,.T.);
#4704=EDGE_CURVE('',#41,#39,#4707,.F.);
#4705=EDGE_CURVE('',#39,#45,#4708,.T.);
#4706=EDGE_CURVE('',#45,#41,#4709,.T.);
#4707=LINE('',#40,#4710);
#4708=LINE('',#38,#4711);
#4709=LINE('',#44,#4712);
#4710=VECTOR('',#4713,1.0);
#4711=VECTOR('',#4714,1.0);
#4712=VECTOR('',#4715,1.0);
#4713=DIRECTION('',(0.9992292254376309,0.03925500008039897,0));
#4714=DIRECTION('',(0.9930684497124543,0.11753745864915803,0));
#4715=DIRECTION('',(-0.9969175096052816,-0.07845686102823277,0));
#4716=FACE_SURFACE('',(#4721),#4717,.T.);
#4717=PLANE('',#4718);
#4718=AXIS2_PLACEMENT_3D('',#44,#4719,#4720);
#4719=DIRECTION('',(0,0,1));
#4720=DIRECTION('',(0.9807850592165264,0.19509143399348614,0));
#4721=FACE_BOUND('',#4722,.T.);
#4722=EDGE_LOOP('',(#4723,#4724,#4725));
#4723=ORIENTED_EDGE('',*,*,#4726,.T.);
#4724=ORIENTED_EDGE('',*,*,#4727,.T.);
#4725=ORIENTED_EDGE('',*,*,#4728,.T.);
#4726=EDGE_CURVE('',#45,#49,#4729,.F.);
#4727=EDGE_CURVE('',#49,#53,#4730,.T.);
#4728=EDGE_CURVE('',#53,#45,#4731,.T.);
#4729=LINE('',#44,#4732);
#4730=LINE('',#48,#4733);
#4731=LINE('',#52,#4734);
#4732=VECTOR('',#4735,1.0);
#4733=VECTOR('',#4736,1.0);
#4734=VECTOR('',#4737,1.0);
#4735=DIRECTION('',(0.9807850592165264,0.19509143399348614,0));
#4736=DIRECTION('',(0.9624533644655963,0.27144708734641815,0));
#4737=DIRECTION('',(-0.9723689837100066,-0.23344926540636002,0));
#4738=FACE_SURFACE('',(#4743),#4739,.T.);
#4739=PLANE('',#4740);
#4740=AXIS2_PLACEMENT_3D('',#52,#4741,#4742);
#4741=DIRECTION('',(0,0,1));
#4742=DIRECTION('',(0.9381902659222301,0.34611995742628743,0));
#4743=FACE_BOUND('',#4744,.T.);
#4744=EDGE_LOOP('',(#4745,#4746,#4747));
#4745=ORIENTED_EDGE('',*,*,#4748,.T.);
#4746=ORIENTED_EDGE('',*,*,#4749,.T.);
#4747=ORIENTED_EDGE('',*,*,#4750,.T.);
#4748=EDGE_CURVE('',#53,#57,#4751,.F.);
#4749=EDGE_CURVE('',#57,#61,#4752,.T.);
#4750=EDGE_CURVE('',#61,#53,#4753,.T.);
#4751=LINE('',#52,#4754);
#4752=LINE('',#56,#4755);
#4753=LINE('',#60,#4756);
#4754=VECTOR('',#4757,1.0);
#4755=VECTOR('',#4758,1.0);
#4756=VECTOR('',#4759,1.0);
#4757=DIRECTION('',(0.9381902659222301,0.34611995742628743,0));
#4758=DIRECTION('',(0.9081450954582452,0.41865556916770486,0));
#4759=DIRECTION('',(-0.9238798464169852,-0.38268267452881616,0));
#4760=FACE_SURFACE('',(#4765),#4761,.T.);
#4761=PLANE('',#4762);
#4762=AXIS2_PLACEMENT_3D('',#60,#4763,#4764);
#4763=DIRECTION('',(0,0,1));
#4764=DIRECTION('',(0.8724930366398468,0.48862654554882595,0));
#4765=FACE_BOUND('',#4766,.T.);
#4766=EDGE_LOOP('',(#4767,#4768,#4769));
#4767=ORIENTED_EDGE('',*,*,#4770,.T.);
#4768=ORIENTED_EDGE('',*,*,#4771,.T.);
#4769=ORIENTED_EDGE('',*,*,#4772,.T.);
#4770=EDGE_CURVE('',#61,#65,#4773,.F.);
#4771=EDGE_CURVE('',#65,#69,#4774,.T.);
#4772=EDGE_CURVE('',#69,#61,#4775,.T.);
#4773=LINE('',#60,#4776);
#4774=LINE('',#64,#4777);
#4775=LINE('',#68,#4778);
#4776=VECTOR('',#4779,1.0);
#4777=VECTOR('',#4780,1.0);
#4778=VECTOR('',#4781,1.0);
#4779=DIRECTION('',(0.8724930366398468,0.48862654554882595,0));
#4780=DIRECTION('',(0.8314743244060705,0.5555631807935698,0));
#4781=DIRECTION('',(-0.8526409056052352,-0.5224973551020947,0));
#4782=FACE_SURFACE('',(#4787),#4783,.T.);
#4783=PLANE('',#4784);
#4784=AXIS2_PLACEMENT_3D('',#68,#4785,#4786);
#4785=DIRECTION('',(0,0,1));
#4786=DIRECTION('',(0.7853184495880116,0.61909202283399,0));
#4787=FACE_BOUND('',#4788,.T.);
#4788=EDGE_LOOP('',(#4789,#4790,#4791));
#4789=ORIENTED_EDGE('',*,*,#4792,.T.);
#4790=ORIENTED_EDGE('',*,*,#4793,.T.);
#4791=ORIENTED_EDGE('',*,*,#4794,.T.);
#4792=EDGE_CURVE('',#69,#73,#4795,.F.);
#4793=EDGE_CURVE('',#73,#77,#4796,.T.);
#4794=EDGE_CURVE('',#77,#69,#4797,.T.);
#4795=LINE('',#68,#4798);
#4796=LINE('',#72,#4799);
#4797=LINE('',#76,#4800);
#4798=VECTOR('',#4801,1.0);
#4799=VECTOR('',#4802,1.0);
#4800=VECTOR('',#4803,1.0);
#4801=DIRECTION('',(0.7853184495880116,0.61909202283399,0));
#4802=DIRECTION('',(0.7343183672002755,0.6788052265505337,0));
#4803=DIRECTION('',(-0.7604045665862094,-0.6494496863613372,0));
#4804=FACE_SURFACE('',(#4809),#4805,.T.);
#4805=PLANE('',#4806);
#4806=AXIS2_PLACEMENT_3D('',#76,#4807,#4808);
#4807=DIRECTION('',(0,0,1));
#4808=DIRECTION('',(0.6788045663964817,0.7343189774473248,0));
#4809=FACE_BOUND('',#4810,.T.);
#4810=EDGE_LOOP('',(#4811,#4812,#4813));
#4811=ORIENTED_EDGE('',*,*,#4814,.T.);
#4812=ORIENTED_EDGE('',*,*,#4815,.T.);
#4813=ORIENTED_EDGE('',*,*,#4816,.T.);
#4814=EDGE_CURVE('',#77,#81,#4817,.F.);
#4815=EDGE_CURVE('',#81,#85,#4818,.T.);
#4816=EDGE_CURVE('',#85,#77,#4819,.T.);
#4817=LINE('',#76,#4820);
#4818=LINE('',#80,#4821);
#4819=LINE('',#84,#4822);
#4820=VECTOR('',#4823,1.0);
#4821=VECTOR('',#4824,1.0);
#4822=VECTOR('',#4825,1.0);
#4823=DIRECTION('',(0.6788045663964817,0.7343189774473248,0));
#4824=DIRECTION('',(0.6190930798290931,0.7853176163233117,0));
#4825=DIRECTION('',(-0.6494493445178161,-0.7604048585492987,0));
#4826=FACE_SURFACE('',(#4831),#4827,.T.);
#4827=PLANE('',#4828);
#4828=AXIS2_PLACEMENT_3D('',#84,#4829,#4830);
#4829=DIRECTION('',(0,0,1));
#4830=DIRECTION('',(0.5555725191353491,0.8314680847642933,0));
#4831=FACE_BOUND('',#4832,.T.);
#4832=EDGE_LOOP('',(#4833,#4834,#4835));
#4833=ORIENTED_EDGE('',*,*,#4836,.T.);
#4834=ORIENTED_EDGE('',*,*,#4837,.T.);
#4835=ORIENTED_EDGE('',*,*,#4838,.T.);
#4836=EDGE_CURVE('',#85,#89,#4839,.F.);
#4837=EDGE_CURVE('',#89,#93,#4840,.T.);
#4838=EDGE_CURVE('',#93,#85,#4841,.T.);
#4839=LINE('',#84,#4842);
#4840=LINE('',#88,#4843);
#4841=LINE('',#92,#4844);
#4842=VECTOR('',#4845,1.0);
#4843=VECTOR('',#4846,1.0);
#4844=VECTOR('',#4847,1.0);
#4845=DIRECTION('',(0.5555725191353491,0.8314680847642933,0));
#4846=DIRECTION('',(0.4886203816559102,0.8724964886063625,0));
#4847=DIRECTION('',(-0.5224991601439903,-0.8526397994750331,0));
#4848=FACE_SURFACE('',(#4853),#4849,.T.);
#4849=PLANE('',#4850);
#4850=AXIS2_PLACEMENT_3D('',#92,#4851,#4852);
#4851=DIRECTION('',(0,0,1));
#4852=DIRECTION('',(0.41866224708452476,0.908142016903819,0));
#4853=FACE_BOUND('',#4854,.T.);
#4854=EDGE_LOOP('',(#4855,#4856,#4857));
#4855=ORIENTED_EDGE('',*,*,#4858,.T.);
#4856=ORIENTED_EDGE('',*,*,#4859,.T.);
#4857=ORIENTED_EDGE('',*,*,#4860,.T.);
#4858=EDGE_CURVE('',#93,#97,#4861,.F.);
#4859=EDGE_CURVE('',#97,#101,#4862,.T.);
#4860=EDGE_CURVE('',#101,#93,#4863,.T.);
#4861=LINE('',#92,#4864);
#4862=LINE('',#96,#4865);
#4863=LINE('',#100,#4866);
#4864=VECTOR('',#4867,1.0);
#4865=VECTOR('',#4868,1.0);
#4866=VECTOR('',#4869,1.0);
#4867=DIRECTION('',(0.41866224708452476,0.908142016903819,0));
#4868=DIRECTION('',(0.34611732809293827,0.9381912359395633,0));
#4869=DIRECTION('',(-0.38268470036980484,-0.9238790072855172,0));
#4870=FACE_SURFACE('',(#4875),#4871,.T.);
#4871=PLANE('',#4872);
#4872=AXIS2_PLACEMENT_3D('',#100,#4873,#4874);
#4873=DIRECTION('',(0,0,1));
#4874=DIRECTION('',(0.271439586847101,0.9624554798494709,0));
#4875=FACE_BOUND('',#4876,.T.);
#4876=EDGE_LOOP('',(#4877,#4878,#4879));
#4877=ORIENTED_EDGE('',*,*,#4880,.T.);
#4878=ORIENTED_EDGE('',*,*,#4881,.T.);
#4879=ORIENTED_EDGE('',*,*,#4882,.T.);
#4880=EDGE_CURVE('',#101,#105,#4883,.F.);
#4881=EDGE_CURVE('',#105,#109,#4884,.T.);
#4882=EDGE_CURVE('',#109,#101,#4885,.T.);
#4883=LINE('',#100,#4886);
#4884=LINE('',#104,#4887);
#4885=LINE('',#108,#4888);
#4886=VECTOR('',#4889,1.0);
#4887=VECTOR('',#4890,1.0);
#4888=VECTOR('',#4891,1.0);
#4889=DIRECTION('',(0.271439586847101,0.9624554798494709,0));
#4890=DIRECTION('',(0.19508364505979137,0.9807866085087955,0));
#4891=DIRECTION('',(-0.23344160366027217,-0.9723708231330888,0));
#4892=FACE_SURFACE('',(#4897),#4893,.T.);
#4893=PLANE('',#4894);
#4894=AXIS2_PLACEMENT_3D('',#108,#4895,#4896);
#4895=DIRECTION('',(0,0,1));
#4896=DIRECTION('',(0.11753840377205604,0.9930683378492726,0));
#4897=FACE_BOUND('',#4898,.T.);
#4898=EDGE_LOOP('',(#4899,#4900,#4901));
#4899=ORIENTED_EDGE('',*,*,#4902,.T.);
#4900=ORIENTED_EDGE('',*,*,#4903,.T.);
#4901=ORIENTED_EDGE('',*,*,#4904,.T.);
#4902=EDGE_CURVE('',#109,#113,#4905,.F.);
#4903=EDGE_CURVE('',#113,#117,#4906,.T.);
#4904=EDGE_CURVE('',#117,#109,#4907,.T.);
#4905=LINE('',#108,#4908);
#4906=LINE('',#112,#4909);
#4907=LINE('',#116,#4910);
#4908=VECTOR('',#4911,1.0);
#4909=VECTOR('',#4912,1.0);
#4910=VECTOR('',#4913,1.0);
#4911=DIRECTION('',(0.11753840377205604,0.9930683378492726,0));
#4912=DIRECTION('',(0.03926276708126749,0.9992289202785927,0));
#4913=DIRECTION('',(-0.07846088777292828,-0.9969171926945006,0));
#4914=FACE_SURFACE('',(#4919),#4915,.T.);
#4915=PLANE('',#4916);
#4916=AXIS2_PLACEMENT_3D('',#116,#4917,#4918);
#4917=DIRECTION('',(0,-0,1));
#4918=DIRECTION('',(0,1,0));
#4919=FACE_BOUND('',#4920,.T.);
#4920=EDGE_LOOP('',(#4921,#4922,#4923));
#4921=ORIENTED_EDGE('',*,*,#4924,.T.);
#4922=ORIENTED_EDGE('',*,*,#4925,.T.);
#4923=ORIENTED_EDGE('',*,*,#4926,.T.);
#4924=EDGE_CURVE('',#117,#367,#4927,.F.);
#4925=EDGE_CURVE('',#367,#363,#4928,.T.);
#4926=EDGE_CURVE('',#363,#117,#4929,.T.);
#4927=LINE('',#116,#4930);
#4928=LINE('',#366,#4931);
#4929=LINE('',#362,#4932);
#4930=VECTOR('',#4933,1.0);
#4931=VECTOR('',#4934,1.0);
#4932=VECTOR('',#4935,1.0);
#4933=DIRECTION('',(0,1,0));
#4934=DIRECTION('',(-0.03926276708126749,0.9992289202785927,0));
#4935=DIRECTION('',(0.0001133348480996981,-0.999999993577606,0));
#4936=FACE_SURFACE('',(#4941),#4937,.T.);
#4937=PLANE('',#4938);
#4938=AXIS2_PLACEMENT_3D('',#362,#4939,#4940);
#4939=DIRECTION('',(0,0,1));
#4940=DIRECTION('',(-0.11753840377205604,0.9930683378492726,0));
#4941=FACE_BOUND('',#4942,.T.);
#4942=EDGE_LOOP('',(#4943,#4944,#4945));
#4943=ORIENTED_EDGE('',*,*,#4946,.T.);
#4944=ORIENTED_EDGE('',*,*,#4947,.T.);
#4945=ORIENTED_EDGE('',*,*,#4948,.T.);
#4946=EDGE_CURVE('',#363,#359,#4949,.F.);
#4947=EDGE_CURVE('',#359,#355,#4950,.T.);
#4948=EDGE_CURVE('',#355,#363,#4951,.T.);
#4949=LINE('',#362,#4952);
#4950=LINE('',#358,#4953);
#4951=LINE('',#354,#4954);
#4952=VECTOR('',#4955,1.0);
#4953=VECTOR('',#4956,1.0);
#4954=VECTOR('',#4957,1.0);
#4955=DIRECTION('',(-0.11753840377205604,0.9930683378492726,0));
#4956=DIRECTION('',(-0.19508364505979137,0.9807866085087955,0));
#4957=DIRECTION('',(0.1564317307254328,-0.9876887736641768,0));
#4958=FACE_SURFACE('',(#4963),#4959,.T.);
#4959=PLANE('',#4960);
#4960=AXIS2_PLACEMENT_3D('',#354,#4961,#4962);
#4961=DIRECTION('',(0,0,1));
#4962=DIRECTION('',(-0.271439586847101,0.9624554798494709,0));
#4963=FACE_BOUND('',#4964,.T.);
#4964=EDGE_LOOP('',(#4965,#4966,#4967));
#4965=ORIENTED_EDGE('',*,*,#4968,.T.);
#4966=ORIENTED_EDGE('',*,*,#4969,.T.);
#4967=ORIENTED_EDGE('',*,*,#4970,.T.);
#4968=EDGE_CURVE('',#355,#351,#4971,.F.);
#4969=EDGE_CURVE('',#351,#347,#4972,.T.);
#4970=EDGE_CURVE('',#347,#355,#4973,.T.);
#4971=LINE('',#354,#4974);
#4972=LINE('',#350,#4975);
#4973=LINE('',#346,#4976);
#4974=VECTOR('',#4977,1.0);
#4975=VECTOR('',#4978,1.0);
#4976=VECTOR('',#4979,1.0);
#4977=DIRECTION('',(-0.271439586847101,0.9624554798494709,0));
#4978=DIRECTION('',(-0.34611732809293827,0.9381912359395633,0));
#4979=DIRECTION('',(0.30901681063751846,-0.9510565759950436,0));
#4980=FACE_SURFACE('',(#4985),#4981,.T.);
#4981=PLANE('',#4982);
#4982=AXIS2_PLACEMENT_3D('',#346,#4983,#4984);
#4983=DIRECTION('',(0,0,1));
#4984=DIRECTION('',(-0.41866224708452476,0.908142016903819,0));
#4985=FACE_BOUND('',#4986,.T.);
#4986=EDGE_LOOP('',(#4987,#4988,#4989));
#4987=ORIENTED_EDGE('',*,*,#4990,.T.);
#4988=ORIENTED_EDGE('',*,*,#4991,.T.);
#4989=ORIENTED_EDGE('',*,*,#4992,.T.);
#4990=EDGE_CURVE('',#347,#343,#4993,.F.);
#4991=EDGE_CURVE('',#343,#339,#4994,.T.);
#4992=EDGE_CURVE('',#339,#347,#4995,.T.);
#4993=LINE('',#346,#4996);
#4994=LINE('',#342,#4997);
#4995=LINE('',#338,#4998);
#4996=VECTOR('',#4999,1.0);
#4997=VECTOR('',#5000,1.0);
#4998=VECTOR('',#5001,1.0);
#4999=DIRECTION('',(-0.41866224708452476,0.908142016903819,0));
#5000=DIRECTION('',(-0.4886203816559102,0.8724964886063625,0));
#5001=DIRECTION('',(0.4539913309149776,-0.8910061006828445,0));
#5002=FACE_SURFACE('',(#5007),#5003,.T.);
#5003=PLANE('',#5004);
#5004=AXIS2_PLACEMENT_3D('',#338,#5005,#5006);
#5005=DIRECTION('',(0,0,1));
#5006=DIRECTION('',(-0.5555725191353491,0.8314680847642933,0));
#5007=FACE_BOUND('',#5008,.T.);
#5008=EDGE_LOOP('',(#5009,#5010,#5011));
#5009=ORIENTED_EDGE('',*,*,#5012,.T.);
#5010=ORIENTED_EDGE('',*,*,#5013,.T.);
#5011=ORIENTED_EDGE('',*,*,#5014,.T.);
#5012=EDGE_CURVE('',#339,#335,#5015,.F.);
#5013=EDGE_CURVE('',#335,#331,#5016,.T.);
#5014=EDGE_CURVE('',#331,#339,#5017,.T.);
#5015=LINE('',#338,#5018);
#5016=LINE('',#334,#5019);
#5017=LINE('',#330,#5020);
#5018=VECTOR('',#5021,1.0);
#5019=VECTOR('',#5022,1.0);
#5020=VECTOR('',#5023,1.0);
#5021=DIRECTION('',(-0.5555725191353491,0.8314680847642933,0));
#5022=DIRECTION('',(-0.6190930798290931,0.7853176163233117,0));
#5023=DIRECTION('',(0.587786173186088,-0.8090163253057717,0));
#5024=FACE_SURFACE('',(#5029),#5025,.T.);
#5025=PLANE('',#5026);
#5026=AXIS2_PLACEMENT_3D('',#330,#5027,#5028);
#5027=DIRECTION('',(0,0,1));
#5028=DIRECTION('',(-0.6788045663964817,0.7343189774473248,0));
#5029=FACE_BOUND('',#5030,.T.);
#5030=EDGE_LOOP('',(#5031,#5032,#5033));
#5031=ORIENTED_EDGE('',*,*,#5034,.T.);
#5032=ORIENTED_EDGE('',*,*,#5035,.T.);
#5033=ORIENTED_EDGE('',*,*,#5036,.T.);
#5034=EDGE_CURVE('',#331,#327,#5037,.F.);
#5035=EDGE_CURVE('',#327,#323,#5038,.T.);
#5036=EDGE_CURVE('',#323,#331,#5039,.T.);
#5037=LINE('',#330,#5040);
#5038=LINE('',#326,#5041);
#5039=LINE('',#322,#5042);
#5040=VECTOR('',#5043,1.0);
#5041=VECTOR('',#5044,1.0);
#5042=VECTOR('',#5045,1.0);
#5043=DIRECTION('',(-0.6788045663964817,0.7343189774473248,0));
#5044=DIRECTION('',(-0.7343183672002755,0.6788052265505337,0));
#5045=DIRECTION('',(0.7071067811865476,-0.7071067811865476,0));
#5046=FACE_SURFACE('',(#5051),#5047,.T.);
#5047=PLANE('',#5048);
#5048=AXIS2_PLACEMENT_3D('',#322,#5049,#5050);
#5049=DIRECTION('',(0,0,1));
#5050=DIRECTION('',(-0.7853184495880116,0.61909202283399,0));
#5051=FACE_BOUND('',#5052,.T.);
#5052=EDGE_LOOP('',(#5053,#5054,#5055));
#5053=ORIENTED_EDGE('',*,*,#5056,.T.);
#5054=ORIENTED_EDGE('',*,*,#5057,.T.);
#5055=ORIENTED_EDGE('',*,*,#5058,.T.);
#5056=EDGE_CURVE('',#323,#319,#5059,.F.);
#5057=EDGE_CURVE('',#319,#315,#5060,.T.);
#5058=EDGE_CURVE('',#315,#323,#5061,.T.);
#5059=LINE('',#322,#5062);
#5060=LINE('',#318,#5063);
#5061=LINE('',#314,#5064);
#5062=VECTOR('',#5065,1.0);
#5063=VECTOR('',#5066,1.0);
#5064=VECTOR('',#5067,1.0);
#5065=DIRECTION('',(-0.7853184495880116,0.61909202283399,0));
#5066=DIRECTION('',(-0.8314743244060705,0.5555631807935698,0));
#5067=DIRECTION('',(0.8090201786918438,-0.5877808694313019,0));
#5068=FACE_SURFACE('',(#5073),#5069,.T.);
#5069=PLANE('',#5070);
#5070=AXIS2_PLACEMENT_3D('',#314,#5071,#5072);
#5071=DIRECTION('',(0,0,1));
#5072=DIRECTION('',(-0.8724930366398468,0.48862654554882595,0));
#5073=FACE_BOUND('',#5074,.T.);
#5074=EDGE_LOOP('',(#5075,#5076,#5077));
#5075=ORIENTED_EDGE('',*,*,#5078,.T.);
#5076=ORIENTED_EDGE('',*,*,#5079,.T.);
#5077=ORIENTED_EDGE('',*,*,#5080,.T.);
#5078=EDGE_CURVE('',#315,#311,#5081,.F.);
#5079=EDGE_CURVE('',#311,#307,#5082,.T.);
#5080=EDGE_CURVE('',#307,#315,#5083,.T.);
#5081=LINE('',#314,#5084);
#5082=LINE('',#310,#5085);
#5083=LINE('',#306,#5086);
#5084=VECTOR('',#5087,1.0);
#5085=VECTOR('',#5088,1.0);
#5086=VECTOR('',#5089,1.0);
#5087=DIRECTION('',(-0.8724930366398468,0.48862654554882595,0));
#5088=DIRECTION('',(-0.9081450954582452,0.41865556916770486,0));
#5089=DIRECTION('',(0.8910061006828445,-0.4539913309149776,0));
#5090=FACE_SURFACE('',(#5095),#5091,.T.);
#5091=PLANE('',#5092);
#5092=AXIS2_PLACEMENT_3D('',#306,#5093,#5094);
#5093=DIRECTION('',(0,0,1));
#5094=DIRECTION('',(-0.9381902659222301,0.34611995742628743,0));
#5095=FACE_BOUND('',#5096,.T.);
#5096=EDGE_LOOP('',(#5097,#5098,#5099));
#5097=ORIENTED_EDGE('',*,*,#5100,.T.);
#5098=ORIENTED_EDGE('',*,*,#5101,.T.);
#5099=ORIENTED_EDGE('',*,*,#5102,.T.);
#5100=EDGE_CURVE('',#307,#303,#5103,.F.);
#5101=EDGE_CURVE('',#303,#299,#5104,.T.);
#5102=EDGE_CURVE('',#299,#307,#5105,.T.);
#5103=LINE('',#306,#5106);
#5104=LINE('',#302,#5107);
#5105=LINE('',#298,#5108);
#5106=VECTOR('',#5109,1.0);
#5107=VECTOR('',#5110,1.0);
#5108=VECTOR('',#5111,1.0);
#5109=DIRECTION('',(-0.9381902659222301,0.34611995742628743,0));
#5110=DIRECTION('',(-0.9624533644655963,0.27144708734641815,0));
#5111=DIRECTION('',(0.9510549983236882,-0.30902166617169313,0));
#5112=FACE_SURFACE('',(#5117),#5113,.T.);
#5113=PLANE('',#5114);
#5114=AXIS2_PLACEMENT_3D('',#298,#5115,#5116);
#5115=DIRECTION('',(0,0,1));
#5116=DIRECTION('',(-0.9807850592165264,0.19509143399348614,0));
#5117=FACE_BOUND('',#5118,.T.);
#5118=EDGE_LOOP('',(#5119,#5120,#5121));
#5119=ORIENTED_EDGE('',*,*,#5122,.T.);
#5120=ORIENTED_EDGE('',*,*,#5123,.T.);
#5121=ORIENTED_EDGE('',*,*,#5124,.T.);
#5122=EDGE_CURVE('',#299,#295,#5125,.F.);
#5123=EDGE_CURVE('',#295,#289,#5126,.T.);
#5124=EDGE_CURVE('',#289,#299,#5127,.T.);
#5125=LINE('',#298,#5128);
#5126=LINE('',#294,#5129);
#5127=LINE('',#288,#5130);
#5128=VECTOR('',#5131,1.0);
#5129=VECTOR('',#5132,1.0);
#5130=VECTOR('',#5133,1.0);
#5131=DIRECTION('',(-0.9807850592165264,0.19509143399348614,0));
#5132=DIRECTION('',(-0.9930684497124543,0.11753745864915803,0));
#5133=DIRECTION('',(0.9876882467994916,-0.15643505724148438,0));
#5134=FACE_SURFACE('',(#5139),#5135,.T.);
#5135=PLANE('',#5136);
#5136=AXIS2_PLACEMENT_3D('',#288,#5137,#5138);
#5137=DIRECTION('',(0,0,1));
#5138=DIRECTION('',(-0.9999999866574132,0.0001633559710741029,0));
#5139=FACE_BOUND('',#5140,.T.);
#5140=EDGE_LOOP('',(#5141,#5142,#5143));
#5141=ORIENTED_EDGE('',*,*,#5144,.T.);
#5142=ORIENTED_EDGE('',*,*,#5145,.T.);
#5143=ORIENTED_EDGE('',*,*,#5146,.T.);
#5144=EDGE_CURVE('',#289,#209,#5147,.F.);
#5145=EDGE_CURVE('',#209,#213,#5148,.T.);
#5146=EDGE_CURVE('',#213,#289,#5149,.T.);
#5147=LINE('',#288,#5150);
#5148=LINE('',#208,#5151);
#5149=LINE('',#212,#5152);
#5150=VECTOR('',#5153,1.0);
#5151=VECTOR('',#5154,1.0);
#5152=VECTOR('',#5155,1.0);
#5153=DIRECTION('',(-0.9999999866574132,0.0001633559710741029,0));
#5154=DIRECTION('',(-0.9969175096052816,-0.07845686102823277,0));
#5155=DIRECTION('',(0.9999998823377727,0.0004851025053868109,0));
#5156=FACE_SURFACE('',(#5161),#5157,.T.);
#5157=PLANE('',#5158);
#5158=AXIS2_PLACEMENT_3D('',#212,#5159,#5160);
#5159=DIRECTION('',(0,0,1));
#5160=DIRECTION('',(-0.9723689837100066,-0.23344926540636002,0));
#5161=FACE_BOUND('',#5162,.T.);
#5162=EDGE_LOOP('',(#5163,#5164,#5165));
#5163=ORIENTED_EDGE('',*,*,#5166,.T.);
#5164=ORIENTED_EDGE('',*,*,#5167,.T.);
#5165=ORIENTED_EDGE('',*,*,#5168,.T.);
#5166=EDGE_CURVE('',#213,#221,#5169,.F.);
#5167=EDGE_CURVE('',#221,#229,#5170,.T.);
#5168=EDGE_CURVE('',#229,#213,#5171,.T.);
#5169=LINE('',#212,#5172);
#5170=LINE('',#220,#5173);
#5171=LINE('',#228,#5174);
#5172=VECTOR('',#5175,1.0);
#5173=VECTOR('',#5176,1.0);
#5174=VECTOR('',#5177,1.0);
#5175=DIRECTION('',(-0.9723689837100066,-0.23344926540636002,0));
#5176=DIRECTION('',(-0.9238798464169852,-0.38268267452881616,0));
#5177=DIRECTION('',(0.9510560932423023,0.30901829639471046,0));
#5178=FACE_SURFACE('',(#5183),#5179,.T.);
#5179=PLANE('',#5180);
#5180=AXIS2_PLACEMENT_3D('',#228,#5181,#5182);
#5181=DIRECTION('',(0,0,1));
#5182=DIRECTION('',(-0.8526409056052352,-0.5224973551020947,0));
#5183=FACE_BOUND('',#5184,.T.);
#5184=EDGE_LOOP('',(#5185,#5186,#5187));
#5185=ORIENTED_EDGE('',*,*,#5188,.T.);
#5186=ORIENTED_EDGE('',*,*,#5189,.T.);
#5187=ORIENTED_EDGE('',*,*,#5190,.T.);
#5188=EDGE_CURVE('',#229,#237,#5191,.F.);
#5189=EDGE_CURVE('',#237,#245,#5192,.T.);
#5190=EDGE_CURVE('',#245,#229,#5193,.T.);
#5191=LINE('',#228,#5194);
#5192=LINE('',#236,#5195);
#5193=LINE('',#244,#5196);
#5194=VECTOR('',#5197,1.0);
#5195=VECTOR('',#5198,1.0);
#5196=VECTOR('',#5199,1.0);
#5197=DIRECTION('',(-0.8526409056052352,-0.5224973551020947,0));
#5198=DIRECTION('',(-0.7604045665862094,-0.6494496863613372,0));
#5199=DIRECTION('',(0.8090166640515075,0.5877857069434151,0));
#5200=FACE_SURFACE('',(#5205),#5201,.T.);
#5201=PLANE('',#5202);
#5202=AXIS2_PLACEMENT_3D('',#244,#5203,#5204);
#5203=DIRECTION('',(0,0,1));
#5204=DIRECTION('',(-0.6494493445178161,-0.7604048585492987,0));
#5205=FACE_BOUND('',#5206,.T.);
#5206=EDGE_LOOP('',(#5207,#5208,#5209));
#5207=ORIENTED_EDGE('',*,*,#5210,.T.);
#5208=ORIENTED_EDGE('',*,*,#5211,.T.);
#5209=ORIENTED_EDGE('',*,*,#5212,.T.);
#5210=EDGE_CURVE('',#245,#253,#5213,.F.);
#5211=EDGE_CURVE('',#253,#261,#5214,.T.);
#5212=EDGE_CURVE('',#261,#245,#5215,.T.);
#5213=LINE('',#244,#5216);
#5214=LINE('',#252,#5217);
#5215=LINE('',#260,#5218);
#5216=VECTOR('',#5219,1.0);
#5217=VECTOR('',#5220,1.0);
#5218=VECTOR('',#5221,1.0);
#5219=DIRECTION('',(-0.6494493445178161,-0.7604048585492987,0));
#5220=DIRECTION('',(-0.5224991601439903,-0.8526397994750331,0));
#5221=DIRECTION('',(0.5877863095637764,0.8090162262213263,0));
#5222=FACE_SURFACE('',(#5227),#5223,.T.);
#5223=PLANE('',#5224);
#5224=AXIS2_PLACEMENT_3D('',#260,#5225,#5226);
#5225=DIRECTION('',(0,0,1));
#5226=DIRECTION('',(-0.38268470036980484,-0.9238790072855172,0));
#5227=FACE_BOUND('',#5228,.T.);
#5228=EDGE_LOOP('',(#5229,#5230,#5231));
#5229=ORIENTED_EDGE('',*,*,#5232,.T.);
#5230=ORIENTED_EDGE('',*,*,#5233,.T.);
#5231=ORIENTED_EDGE('',*,*,#5234,.T.);
#5232=EDGE_CURVE('',#261,#269,#5235,.F.);
#5233=EDGE_CURVE('',#269,#277,#5236,.T.);
#5234=EDGE_CURVE('',#277,#261,#5237,.T.);
#5235=LINE('',#260,#5238);
#5236=LINE('',#268,#5239);
#5237=LINE('',#276,#5240);
#5238=VECTOR('',#5241,1.0);
#5239=VECTOR('',#5242,1.0);
#5240=VECTOR('',#5243,1.0);
#5241=DIRECTION('',(-0.38268470036980484,-0.9238790072855172,0));
#5242=DIRECTION('',(-0.23344160366027217,-0.9723708231330888,0));
#5243=DIRECTION('',(0.3090158611181368,0.9510568845118659,0));
#5244=FACE_SURFACE('',(#5249),#5245,.T.);
#5245=PLANE('',#5246);
#5246=AXIS2_PLACEMENT_3D('',#276,#5247,#5248);
#5247=DIRECTION('',(0,0,1));
#5248=DIRECTION('',(-0.07846088777292828,-0.9969171926945006,0));
#5249=FACE_BOUND('',#5250,.T.);
#5250=EDGE_LOOP('',(#5251,#5252,#5253));
#5251=ORIENTED_EDGE('',*,*,#5254,.T.);
#5252=ORIENTED_EDGE('',*,*,#5255,.T.);
#5253=ORIENTED_EDGE('',*,*,#5256,.T.);
#5254=EDGE_CURVE('',#277,#285,#5257,.F.);
#5255=EDGE_CURVE('',#285,#195,#5258,.T.);
#5256=EDGE_CURVE('',#195,#277,#5259,.T.);
#5257=LINE('',#276,#5260);
#5258=LINE('',#284,#5261);
#5259=LINE('',#194,#5262);
#5260=VECTOR('',#5263,1.0);
#5261=VECTOR('',#5264,1.0);
#5262=VECTOR('',#5265,1.0);
#5263=DIRECTION('',(-0.07846088777292828,-0.9969171926945006,0));
#5264=DIRECTION('',(0.0001133348480996981,-0.999999993577606,0));
#5265=DIRECTION('',(0.0003373399662467654,0.999999943100872,0));
#5266=FACE_SURFACE('',(#5271),#5267,.T.);
#5267=PLANE('',#5268);
#5268=AXIS2_PLACEMENT_3D('',#194,#5269,#5270);
#5269=DIRECTION('',(0,0,1));
#5270=DIRECTION('',(0.1564317307254328,-0.9876887736641768,0));
#5271=FACE_BOUND('',#5272,.T.);
#5272=EDGE_LOOP('',(#5273,#5274,#5275));
#5273=ORIENTED_EDGE('',*,*,#5276,.T.);
#5274=ORIENTED_EDGE('',*,*,#5277,.T.);
#5275=ORIENTED_EDGE('',*,*,#5278,.T.);
#5276=EDGE_CURVE('',#195,#187,#5279,.F.);
#5277=EDGE_CURVE('',#187,#179,#5280,.T.);
#5278=EDGE_CURVE('',#179,#195,#5281,.T.);
#5279=LINE('',#194,#5282);
#5280=LINE('',#186,#5283);
#5281=LINE('',#178,#5284);
#5282=VECTOR('',#5285,1.0);
#5283=VECTOR('',#5286,1.0);
#5284=VECTOR('',#5287,1.0);
#5285=DIRECTION('',(0.1564317307254328,-0.9876887736641768,0));
#5286=DIRECTION('',(0.30901681063751846,-0.9510565759950436,0));
#5287=DIRECTION('',(-0.23344412162843556,0.9723702186292669,0));
#5288=FACE_SURFACE('',(#5293),#5289,.T.);
#5289=PLANE('',#5290);
#5290=AXIS2_PLACEMENT_3D('',#178,#5291,#5292);
#5291=DIRECTION('',(0,0,1));
#5292=DIRECTION('',(0.4539913309149776,-0.8910061006828445,0));
#5293=FACE_BOUND('',#5294,.T.);
#5294=EDGE_LOOP('',(#5295,#5296,#5297));
#5295=ORIENTED_EDGE('',*,*,#5298,.T.);
#5296=ORIENTED_EDGE('',*,*,#5299,.T.);
#5297=ORIENTED_EDGE('',*,*,#5300,.T.);
#5298=EDGE_CURVE('',#179,#171,#5301,.F.);
#5299=EDGE_CURVE('',#171,#163,#5302,.T.);
#5300=EDGE_CURVE('',#163,#179,#5303,.T.);
#5301=LINE('',#178,#5304);
#5302=LINE('',#170,#5305);
#5303=LINE('',#162,#5306);
#5304=VECTOR('',#5307,1.0);
#5305=VECTOR('',#5308,1.0);
#5306=VECTOR('',#5309,1.0);
#5307=DIRECTION('',(0.4539913309149776,-0.8910061006828445,0));
#5308=DIRECTION('',(0.587786173186088,-0.8090163253057717,0));
#5309=DIRECTION('',(-0.5224994424121745,0.852639626500532,0));
#5310=FACE_SURFACE('',(#5315),#5311,.T.);
#5311=PLANE('',#5312);
#5312=AXIS2_PLACEMENT_3D('',#162,#5313,#5314);
#5313=DIRECTION('',(0,0,1));
#5314=DIRECTION('',(0.7071067811865476,-0.7071067811865476,0));
#5315=FACE_BOUND('',#5316,.T.);
#5316=EDGE_LOOP('',(#5317,#5318,#5319));
#5317=ORIENTED_EDGE('',*,*,#5320,.T.);
#5318=ORIENTED_EDGE('',*,*,#5321,.T.);
#5319=ORIENTED_EDGE('',*,*,#5322,.T.);
#5320=EDGE_CURVE('',#163,#155,#5323,.F.);
#5321=EDGE_CURVE('',#155,#147,#5324,.T.);
#5322=EDGE_CURVE('',#147,#163,#5325,.T.);
#5323=LINE('',#162,#5326);
#5324=LINE('',#154,#5327);
#5325=LINE('',#146,#5328);
#5326=VECTOR('',#5329,1.0);
#5327=VECTOR('',#5330,1.0);
#5328=VECTOR('',#5331,1.0);
#5329=DIRECTION('',(0.7071067811865476,-0.7071067811865476,0));
#5330=DIRECTION('',(0.8090201786918438,-0.5877808694313019,0));
#5331=DIRECTION('',(-0.7604075473643166,0.6494461963175894,0));
#5332=FACE_SURFACE('',(#5337),#5333,.T.);
#5333=PLANE('',#5334);
#5334=AXIS2_PLACEMENT_3D('',#146,#5335,#5336);
#5335=DIRECTION('',(0,0,1));
#5336=DIRECTION('',(0.8910061006828445,-0.4539913309149776,0));
#5337=FACE_BOUND('',#5338,.T.);
#5338=EDGE_LOOP('',(#5339,#5340,#5341));
#5339=ORIENTED_EDGE('',*,*,#5342,.T.);
#5340=ORIENTED_EDGE('',*,*,#5343,.T.);
#5341=ORIENTED_EDGE('',*,*,#5344,.T.);
#5342=EDGE_CURVE('',#147,#139,#5345,.F.);
#5343=EDGE_CURVE('',#139,#131,#5346,.T.);
#5344=EDGE_CURVE('',#131,#147,#5347,.T.);
#5345=LINE('',#146,#5348);
#5346=LINE('',#138,#5349);
#5347=LINE('',#130,#5350);
#5348=VECTOR('',#5351,1.0);
#5349=VECTOR('',#5352,1.0);
#5350=VECTOR('',#5353,1.0);
#5351=DIRECTION('',(0.8910061006828445,-0.4539913309149776,0));
#5352=DIRECTION('',(0.9510549983236882,-0.30902166617169313,0));
#5353=DIRECTION('',(-0.9238784319816845,0.38268608926777575,0));
#5354=FACE_SURFACE('',(#5359),#5355,.T.);
#5355=PLANE('',#5356);
#5356=AXIS2_PLACEMENT_3D('',#130,#5357,#5358);
#5357=DIRECTION('',(0,0,1));
#5358=DIRECTION('',(0.9876882467994916,-0.15643505724148438,0));
#5359=FACE_BOUND('',#5360,.T.);
#5360=EDGE_LOOP('',(#5361,#5362,#5363));
#5361=ORIENTED_EDGE('',*,*,#5364,.T.);
#5362=ORIENTED_EDGE('',*,*,#5365,.T.);
#5363=ORIENTED_EDGE('',*,*,#5366,.T.);
#5364=EDGE_CURVE('',#131,#121,#5367,.F.);
#5365=EDGE_CURVE('',#121,#41,#5368,.T.);
#5366=EDGE_CURVE('',#41,#131,#5369,.T.);
#5367=LINE('',#130,#5370);
#5368=LINE('',#120,#5371);
#5369=LINE('',#40,#5372);
#5370=VECTOR('',#5373,1.0);
#5371=VECTOR('',#5374,1.0);
#5372=VECTOR('',#5375,1.0);
#5373=DIRECTION('',(0.9876882467994916,-0.15643505724148438,0));
#5374=DIRECTION('',(0.9999999866574132,-0.0001633559710741029,0));
#5375=DIRECTION('',(-0.9999989452534741,0.0014524090123790604,0));
#5376=FACE_SURFACE('',(#5381),#5377,.T.);
#5377=PLANE('',#5378);
#5378=AXIS2_PLACEMENT_3D('',#40,#5379,#5380);
#5379=DIRECTION('',(0,0,1));
#5380=DIRECTION('',(0.9969175096052816,0.07845686102823277,0));
#5381=FACE_BOUND('',#5382,.T.);
#5382=EDGE_LOOP('',(#5383,#5384,#5385));
#5383=ORIENTED_EDGE('',*,*,#5386,.T.);
#5384=ORIENTED_EDGE('',*,*,#5387,.T.);
#5385=ORIENTED_EDGE('',*,*,#5388,.T.);
#5386=EDGE_CURVE('',#41,#45,#5389,.F.);
#5387=EDGE_CURVE('',#45,#53,#5390,.T.);
#5388=EDGE_CURVE('',#53,#41,#5391,.T.);
#5389=LINE('',#40,#5392);
#5390=LINE('',#44,#5393);
#5391=LINE('',#52,#5394);
#5392=VECTOR('',#5395,1.0);
#5393=VECTOR('',#5396,1.0);
#5394=VECTOR('',#5397,1.0);
#5395=DIRECTION('',(0.9969175096052816,0.07845686102823277,0));
#5396=DIRECTION('',(0.9723689837100066,0.23344926540636002,0));
#5397=DIRECTION('',(-0.9876881805114143,-0.15643547576573566,0));
#5398=FACE_SURFACE('',(#5403),#5399,.T.);
#5399=PLANE('',#5400);
#5400=AXIS2_PLACEMENT_3D('',#52,#5401,#5402);
#5401=DIRECTION('',(0,0,1));
#5402=DIRECTION('',(0.9238798464169852,0.38268267452881616,0));
#5403=FACE_BOUND('',#5404,.T.);
#5404=EDGE_LOOP('',(#5405,#5406,#5407));
#5405=ORIENTED_EDGE('',*,*,#5408,.T.);
#5406=ORIENTED_EDGE('',*,*,#5409,.T.);
#5407=ORIENTED_EDGE('',*,*,#5410,.T.);
#5408=EDGE_CURVE('',#53,#61,#5411,.F.);
#5409=EDGE_CURVE('',#61,#69,#5412,.T.);
#5410=EDGE_CURVE('',#69,#53,#5413,.T.);
#5411=LINE('',#52,#5414);
#5412=LINE('',#60,#5415);
#5413=LINE('',#68,#5416);
#5414=VECTOR('',#5417,1.0);
#5415=VECTOR('',#5418,1.0);
#5416=VECTOR('',#5419,1.0);
#5417=DIRECTION('',(0.9238798464169852,0.38268267452881616,0));
#5418=DIRECTION('',(0.8526409056052352,0.5224973551020947,0));
#5419=DIRECTION('',(-0.8910069900079346,-0.45398958551601193,0));
#5420=FACE_SURFACE('',(#5425),#5421,.T.);
#5421=PLANE('',#5422);
#5422=AXIS2_PLACEMENT_3D('',#68,#5423,#5424);
#5423=DIRECTION('',(0,0,1));
#5424=DIRECTION('',(0.7604045665862094,0.6494496863613372,0));
#5425=FACE_BOUND('',#5426,.T.);
#5426=EDGE_LOOP('',(#5427,#5428,#5429));
#5427=ORIENTED_EDGE('',*,*,#5430,.T.);
#5428=ORIENTED_EDGE('',*,*,#5431,.T.);
#5429=ORIENTED_EDGE('',*,*,#5432,.T.);
#5430=EDGE_CURVE('',#69,#77,#5433,.F.);
#5431=EDGE_CURVE('',#77,#85,#5434,.T.);
#5432=EDGE_CURVE('',#85,#69,#5435,.T.);
#5433=LINE('',#68,#5436);
#5434=LINE('',#76,#5437);
#5435=LINE('',#84,#5438);
#5436=VECTOR('',#5439,1.0);
#5437=VECTOR('',#5440,1.0);
#5438=VECTOR('',#5441,1.0);
#5439=DIRECTION('',(0.7604045665862094,0.6494496863613372,0));
#5440=DIRECTION('',(0.6494493445178161,0.7604048585492987,0));
#5441=DIRECTION('',(-0.7071067811865476,-0.7071067811865476,0));
#5442=FACE_SURFACE('',(#5447),#5443,.T.);
#5443=PLANE('',#5444);
#5444=AXIS2_PLACEMENT_3D('',#84,#5445,#5446);
#5445=DIRECTION('',(0,0,1));
#5446=DIRECTION('',(0.5224991601439903,0.8526397994750331,0));
#5447=FACE_BOUND('',#5448,.T.);
#5448=EDGE_LOOP('',(#5449,#5450,#5451));
#5449=ORIENTED_EDGE('',*,*,#5452,.T.);
#5450=ORIENTED_EDGE('',*,*,#5453,.T.);
#5451=ORIENTED_EDGE('',*,*,#5454,.T.);
#5452=EDGE_CURVE('',#85,#93,#5455,.F.);
#5453=EDGE_CURVE('',#93,#101,#5456,.T.);
#5454=EDGE_CURVE('',#101,#85,#5457,.T.);
#5455=LINE('',#84,#5458);
#5456=LINE('',#92,#5459);
#5457=LINE('',#100,#5460);
#5458=VECTOR('',#5461,1.0);
#5459=VECTOR('',#5462,1.0);
#5460=VECTOR('',#5463,1.0);
#5461=DIRECTION('',(0.5224991601439903,0.8526397994750331,0));
#5462=DIRECTION('',(0.38268470036980484,0.9238790072855172,0));
#5463=DIRECTION('',(-0.4539911987924496,-0.8910061680027779,0));
#5464=FACE_SURFACE('',(#5469),#5465,.T.);
#5465=PLANE('',#5466);
#5466=AXIS2_PLACEMENT_3D('',#100,#5467,#5468);
#5467=DIRECTION('',(0,0,1));
#5468=DIRECTION('',(0.23344160366027217,0.9723708231330888,0));
#5469=FACE_BOUND('',#5470,.T.);
#5470=EDGE_LOOP('',(#5471,#5472,#5473));
#5471=ORIENTED_EDGE('',*,*,#5474,.T.);
#5472=ORIENTED_EDGE('',*,*,#5475,.T.);
#5473=ORIENTED_EDGE('',*,*,#5476,.T.);
#5474=EDGE_CURVE('',#101,#109,#5477,.F.);
#5475=EDGE_CURVE('',#109,#117,#5478,.T.);
#5476=EDGE_CURVE('',#117,#101,#5479,.T.);
#5477=LINE('',#100,#5480);
#5478=LINE('',#108,#5481);
#5479=LINE('',#116,#5482);
#5480=VECTOR('',#5483,1.0);
#5481=VECTOR('',#5484,1.0);
#5482=VECTOR('',#5485,1.0);
#5483=DIRECTION('',(0.23344160366027217,0.9723708231330888,0));
#5484=DIRECTION('',(0.07846088777292828,0.9969171926945006,0));
#5485=DIRECTION('',(-0.15643349338997917,-0.9876884944889291,0));
#5486=FACE_SURFACE('',(#5491),#5487,.T.);
#5487=PLANE('',#5488);
#5488=AXIS2_PLACEMENT_3D('',#116,#5489,#5490);
#5489=DIRECTION('',(0,0,1));
#5490=DIRECTION('',(-0.0001133348480996981,0.999999993577606,0));
#5491=FACE_BOUND('',#5492,.T.);
#5492=EDGE_LOOP('',(#5493,#5494,#5495));
#5493=ORIENTED_EDGE('',*,*,#5496,.T.);
#5494=ORIENTED_EDGE('',*,*,#5497,.T.);
#5495=ORIENTED_EDGE('',*,*,#5498,.T.);
#5496=EDGE_CURVE('',#117,#363,#5499,.F.);
#5497=EDGE_CURVE('',#363,#355,#5500,.T.);
#5498=EDGE_CURVE('',#355,#117,#5501,.T.);
#5499=LINE('',#116,#5502);
#5500=LINE('',#362,#5503);
#5501=LINE('',#354,#5504);
#5502=VECTOR('',#5505,1.0);
#5503=VECTOR('',#5506,1.0);
#5504=VECTOR('',#5507,1.0);
#5505=DIRECTION('',(-0.0001133348480996981,0.999999993577606,0));
#5506=DIRECTION('',(-0.1564317307254328,0.9876887736641768,0));
#5507=DIRECTION('',(0.0010099813819897726,-0.9999994899686739,0));
#5508=FACE_SURFACE('',(#5513),#5509,.T.);
#5509=PLANE('',#5510);
#5510=AXIS2_PLACEMENT_3D('',#354,#5511,#5512);
#5511=DIRECTION('',(0,0,1));
#5512=DIRECTION('',(-0.30901681063751846,0.9510565759950436,0));
#5513=FACE_BOUND('',#5514,.T.);
#5514=EDGE_LOOP('',(#5515,#5516,#5517));
#5515=ORIENTED_EDGE('',*,*,#5518,.T.);
#5516=ORIENTED_EDGE('',*,*,#5519,.T.);
#5517=ORIENTED_EDGE('',*,*,#5520,.T.);
#5518=EDGE_CURVE('',#355,#347,#5521,.F.);
#5519=EDGE_CURVE('',#347,#339,#5522,.T.);
#5520=EDGE_CURVE('',#339,#355,#5523,.T.);
#5521=LINE('',#354,#5524);
#5522=LINE('',#346,#5525);
#5523=LINE('',#338,#5526);
#5524=VECTOR('',#5527,1.0);
#5525=VECTOR('',#5528,1.0);
#5526=VECTOR('',#5529,1.0);
#5527=DIRECTION('',(-0.30901681063751846,0.9510565759950436,0));
#5528=DIRECTION('',(-0.4539913309149776,0.8910061006828445,0));
#5529=DIRECTION('',(0.38268363630091395,-0.9238794480382762,0));
#5530=FACE_SURFACE('',(#5535),#5531,.T.);
#5531=PLANE('',#5532);
#5532=AXIS2_PLACEMENT_3D('',#338,#5533,#5534);
#5533=DIRECTION('',(0,0,1));
#5534=DIRECTION('',(-0.587786173186088,0.8090163253057717,0));
#5535=FACE_BOUND('',#5536,.T.);
#5536=EDGE_LOOP('',(#5537,#5538,#5539));
#5537=ORIENTED_EDGE('',*,*,#5540,.T.);
#5538=ORIENTED_EDGE('',*,*,#5541,.T.);
#5539=ORIENTED_EDGE('',*,*,#5542,.T.);
#5540=EDGE_CURVE('',#339,#331,#5543,.F.);
#5541=EDGE_CURVE('',#331,#323,#5544,.T.);
#5542=EDGE_CURVE('',#323,#339,#5545,.T.);
#5543=LINE('',#338,#5546);
#5544=LINE('',#330,#5547);
#5545=LINE('',#322,#5548);
#5546=VECTOR('',#5549,1.0);
#5547=VECTOR('',#5550,1.0);
#5548=VECTOR('',#5551,1.0);
#5549=DIRECTION('',(-0.587786173186088,0.8090163253057717,0));
#5550=DIRECTION('',(-0.7071067811865476,0.7071067811865476,0));
#5551=DIRECTION('',(0.6494485463204542,-0.7604055402758773,0));
#5552=FACE_SURFACE('',(#5557),#5553,.T.);
#5553=PLANE('',#5554);
#5554=AXIS2_PLACEMENT_3D('',#322,#5555,#5556);
#5555=DIRECTION('',(0,0,1));
#5556=DIRECTION('',(-0.8090201786918438,0.5877808694313019,0));
#5557=FACE_BOUND('',#5558,.T.);
#5558=EDGE_LOOP('',(#5559,#5560,#5561));
#5559=ORIENTED_EDGE('',*,*,#5562,.T.);
#5560=ORIENTED_EDGE('',*,*,#5563,.T.);
#5561=ORIENTED_EDGE('',*,*,#5564,.T.);
#5562=EDGE_CURVE('',#323,#315,#5565,.F.);
#5563=EDGE_CURVE('',#315,#307,#5566,.T.);
#5564=EDGE_CURVE('',#307,#323,#5567,.T.);
#5565=LINE('',#322,#5568);
#5566=LINE('',#314,#5569);
#5567=LINE('',#306,#5570);
#5568=VECTOR('',#5571,1.0);
#5569=VECTOR('',#5572,1.0);
#5570=VECTOR('',#5573,1.0);
#5571=DIRECTION('',(-0.8090201786918438,0.5877808694313019,0));
#5572=DIRECTION('',(-0.8910061006828445,0.4539913309149776,0));
#5573=DIRECTION('',(0.8526414371218431,-0.522496487742069,0));
#5574=FACE_SURFACE('',(#5579),#5575,.T.);
#5575=PLANE('',#5576);
#5576=AXIS2_PLACEMENT_3D('',#306,#5577,#5578);
#5577=DIRECTION('',(0,0,1));
#5578=DIRECTION('',(-0.9510549983236882,0.30902166617169313,0));
#5579=FACE_BOUND('',#5580,.T.);
#5580=EDGE_LOOP('',(#5581,#5582,#5583));
#5581=ORIENTED_EDGE('',*,*,#5584,.T.);
#5582=ORIENTED_EDGE('',*,*,#5585,.T.);
#5583=ORIENTED_EDGE('',*,*,#5586,.T.);
#5584=EDGE_CURVE('',#307,#299,#5587,.F.);
#5585=EDGE_CURVE('',#299,#289,#5588,.T.);
#5586=EDGE_CURVE('',#289,#307,#5589,.T.);
#5587=LINE('',#306,#5590);
#5588=LINE('',#298,#5591);
#5589=LINE('',#288,#5592);
#5590=VECTOR('',#5593,1.0);
#5591=VECTOR('',#5594,1.0);
#5592=VECTOR('',#5595,1.0);
#5593=DIRECTION('',(-0.9510549983236882,0.30902166617169313,0));
#5594=DIRECTION('',(-0.9876882467994916,0.15643505724148438,0));
#5595=DIRECTION('',(0.9723692960709552,-0.2334479643485349,0));
#5596=FACE_SURFACE('',(#5601),#5597,.T.);
#5597=PLANE('',#5598);
#5598=AXIS2_PLACEMENT_3D('',#288,#5599,#5600);
#5599=DIRECTION('',(0,0,1));
#5600=DIRECTION('',(-0.9999998823377727,-0.0004851025053868109,0));
#5601=FACE_BOUND('',#5602,.T.);
#5602=EDGE_LOOP('',(#5603,#5604,#5605));
#5603=ORIENTED_EDGE('',*,*,#5606,.T.);
#5604=ORIENTED_EDGE('',*,*,#5607,.T.);
#5605=ORIENTED_EDGE('',*,*,#5608,.T.);
#5606=EDGE_CURVE('',#289,#213,#5609,.F.);
#5607=EDGE_CURVE('',#213,#229,#5610,.T.);
#5608=EDGE_CURVE('',#229,#289,#5611,.T.);
#5609=LINE('',#288,#5612);
#5610=LINE('',#212,#5613);
#5611=LINE('',#228,#5614);
#5612=VECTOR('',#5615,1.0);
#5613=VECTOR('',#5616,1.0);
#5614=VECTOR('',#5617,1.0);
#5615=DIRECTION('',(-0.9999998823377727,-0.0004851025053868109,0));
#5616=DIRECTION('',(-0.9510560932423023,-0.30901829639471046,0));
#5617=DIRECTION('',(0.9999849782642222,0.005481171946127164,0));
#5618=FACE_SURFACE('',(#5623),#5619,.T.);
#5619=PLANE('',#5620);
#5620=AXIS2_PLACEMENT_3D('',#228,#5621,#5622);
#5621=DIRECTION('',(0,0,1));
#5622=DIRECTION('',(-0.8090166640515075,-0.5877857069434151,0));
#5623=FACE_BOUND('',#5624,.T.);
#5624=EDGE_LOOP('',(#5625,#5626,#5627));
#5625=ORIENTED_EDGE('',*,*,#5628,.T.);
#5626=ORIENTED_EDGE('',*,*,#5629,.T.);
#5627=ORIENTED_EDGE('',*,*,#5630,.T.);
#5628=EDGE_CURVE('',#229,#245,#5631,.F.);
#5629=EDGE_CURVE('',#245,#261,#5632,.T.);
#5630=EDGE_CURVE('',#261,#229,#5633,.T.);
#5631=LINE('',#228,#5634);
#5632=LINE('',#244,#5635);
#5633=LINE('',#260,#5636);
#5634=VECTOR('',#5637,1.0);
#5635=VECTOR('',#5638,1.0);
#5636=VECTOR('',#5639,1.0);
#5637=DIRECTION('',(-0.8090166640515075,-0.5877857069434151,0));
#5638=DIRECTION('',(-0.5877863095637764,-0.8090162262213263,0));
#5639=DIRECTION('',(0.7071072955457168,0.707106266827004,0));
#5640=FACE_SURFACE('',(#5645),#5641,.T.);
#5641=PLANE('',#5642);
#5642=AXIS2_PLACEMENT_3D('',#260,#5643,#5644);
#5643=DIRECTION('',(0,0,1));
#5644=DIRECTION('',(-0.3090158611181368,-0.9510568845118659,0));
#5645=FACE_BOUND('',#5646,.T.);
#5646=EDGE_LOOP('',(#5647,#5648,#5649));
#5647=ORIENTED_EDGE('',*,*,#5650,.T.);
#5648=ORIENTED_EDGE('',*,*,#5651,.T.);
#5649=ORIENTED_EDGE('',*,*,#5652,.T.);
#5650=EDGE_CURVE('',#261,#277,#5653,.F.);
#5651=EDGE_CURVE('',#277,#195,#5654,.T.);
#5652=EDGE_CURVE('',#195,#261,#5655,.T.);
#5653=LINE('',#260,#5656);
#5654=LINE('',#276,#5657);
#5655=LINE('',#194,#5658);
#5656=VECTOR('',#5659,1.0);
#5657=VECTOR('',#5660,1.0);
#5658=VECTOR('',#5661,1.0);
#5659=DIRECTION('',(-0.3090158611181368,-0.9510568845118659,0));
#5660=DIRECTION('',(-0.0003373399662467654,-0.999999943100872,0));
#5661=DIRECTION('',(0.003829572871624268,0.9999926671589252,0));
#5662=FACE_SURFACE('',(#5667),#5663,.T.);
#5663=PLANE('',#5664);
#5664=AXIS2_PLACEMENT_3D('',#194,#5665,#5666);
#5665=DIRECTION('',(0,0,1));
#5666=DIRECTION('',(0.23344412162843556,-0.9723702186292669,0));
#5667=FACE_BOUND('',#5668,.T.);
#5668=EDGE_LOOP('',(#5669,#5670,#5671));
#5669=ORIENTED_EDGE('',*,*,#5672,.T.);
#5670=ORIENTED_EDGE('',*,*,#5673,.T.);
#5671=ORIENTED_EDGE('',*,*,#5674,.T.);
#5672=EDGE_CURVE('',#195,#179,#5675,.F.);
#5673=EDGE_CURVE('',#179,#163,#5676,.T.);
#5674=EDGE_CURVE('',#163,#195,#5677,.T.);
#5675=LINE('',#194,#5678);
#5676=LINE('',#178,#5679);
#5677=LINE('',#162,#5680);
#5678=VECTOR('',#5681,1.0);
#5679=VECTOR('',#5682,1.0);
#5680=VECTOR('',#5683,1.0);
#5681=DIRECTION('',(0.23344412162843556,-0.9723702186292669,0));
#5682=DIRECTION('',(0.5224994424121745,-0.852639626500532,0));
#5683=DIRECTION('',(-0.3826832305815273,0.9238796160927492,0));
#5684=FACE_SURFACE('',(#5689),#5685,.T.);
#5685=PLANE('',#5686);
#5686=AXIS2_PLACEMENT_3D('',#162,#5687,#5688);
#5687=DIRECTION('',(0,0,1));
#5688=DIRECTION('',(0.7604075473643166,-0.6494461963175894,0));
#5689=FACE_BOUND('',#5690,.T.);
#5690=EDGE_LOOP('',(#5691,#5692,#5693));
#5691=ORIENTED_EDGE('',*,*,#5694,.T.);
#5692=ORIENTED_EDGE('',*,*,#5695,.T.);
#5693=ORIENTED_EDGE('',*,*,#5696,.T.);
#5694=EDGE_CURVE('',#163,#147,#5697,.F.);
#5695=EDGE_CURVE('',#147,#131,#5698,.T.);
#5696=EDGE_CURVE('',#131,#163,#5699,.T.);
#5697=LINE('',#162,#5700);
#5698=LINE('',#146,#5701);
#5699=LINE('',#130,#5702);
#5700=VECTOR('',#5703,1.0);
#5701=VECTOR('',#5704,1.0);
#5702=VECTOR('',#5705,1.0);
#5703=DIRECTION('',(0.7604075473643166,-0.6494461963175894,0));
#5704=DIRECTION('',(0.9238784319816845,-0.38268608926777575,0));
#5705=DIRECTION('',(-0.8526401491567328,0.5224985895157848,0));
#5706=FACE_SURFACE('',(#5711),#5707,.T.);
#5707=PLANE('',#5708);
#5708=AXIS2_PLACEMENT_3D('',#130,#5709,#5710);
#5709=DIRECTION('',(-0,0,1));
#5710=DIRECTION('',(0.9999989452534741,-0.0014524090123790604,0));
#5711=FACE_BOUND('',#5712,.T.);
#5712=EDGE_LOOP('',(#5713,#5714,#5715));
#5713=ORIENTED_EDGE('',*,*,#5716,.T.);
#5714=ORIENTED_EDGE('',*,*,#5717,.T.);
#5715=ORIENTED_EDGE('',*,*,#5718,.T.);
#5716=EDGE_CURVE('',#131,#41,#5719,.F.);
#5717=EDGE_CURVE('',#41,#53,#5720,.T.);
#5718=EDGE_CURVE('',#53,#131,#5721,.T.);
#5719=LINE('',#130,#5722);
#5720=LINE('',#40,#5723);
#5721=LINE('',#52,#5724);
#5722=VECTOR('',#5725,1.0);
#5723=VECTOR('',#5726,1.0);
#5724=VECTOR('',#5727,1.0);
#5725=DIRECTION('',(0.9999989452534741,-0.0014524090123790604,0));
#5726=DIRECTION('',(0.9876881805114143,0.15643547576573566,0));
#5727=DIRECTION('',(-0.9999993922505376,-0.0011024965104078845,0));
#5728=FACE_SURFACE('',(#5733),#5729,.T.);
#5729=PLANE('',#5730);
#5730=AXIS2_PLACEMENT_3D('',#52,#5731,#5732);
#5731=DIRECTION('',(0,0,1));
#5732=DIRECTION('',(0.8910069900079346,0.45398958551601193,0));
#5733=FACE_BOUND('',#5734,.T.);
#5734=EDGE_LOOP('',(#5735,#5736,#5737));
#5735=ORIENTED_EDGE('',*,*,#5738,.T.);
#5736=ORIENTED_EDGE('',*,*,#5739,.T.);
#5737=ORIENTED_EDGE('',*,*,#5740,.T.);
#5738=EDGE_CURVE('',#53,#69,#5741,.F.);
#5739=EDGE_CURVE('',#69,#85,#5742,.T.);
#5740=EDGE_CURVE('',#85,#53,#5743,.T.);
#5741=LINE('',#52,#5744);
#5742=LINE('',#68,#5745);
#5743=LINE('',#84,#5746);
#5744=VECTOR('',#5747,1.0);
#5745=VECTOR('',#5748,1.0);
#5746=VECTOR('',#5749,1.0);
#5747=DIRECTION('',(0.8910069900079346,0.45398958551601193,0));
#5748=DIRECTION('',(0.7071067811865476,0.7071067811865476,0));
#5749=DIRECTION('',(-0.8090171378940431,-0.5877850547553339,0));
#5750=FACE_SURFACE('',(#5755),#5751,.T.);
#5751=PLANE('',#5752);
#5752=AXIS2_PLACEMENT_3D('',#84,#5753,#5754);
#5753=DIRECTION('',(0,0,1));
#5754=DIRECTION('',(0.4539911987924496,0.8910061680027779,0));
#5755=FACE_BOUND('',#5756,.T.);
#5756=EDGE_LOOP('',(#5757,#5758,#5759));
#5757=ORIENTED_EDGE('',*,*,#5760,.T.);
#5758=ORIENTED_EDGE('',*,*,#5761,.T.);
#5759=ORIENTED_EDGE('',*,*,#5762,.T.);
#5760=EDGE_CURVE('',#85,#101,#5763,.F.);
#5761=EDGE_CURVE('',#101,#117,#5764,.T.);
#5762=EDGE_CURVE('',#117,#85,#5765,.T.);
#5763=LINE('',#84,#5766);
#5764=LINE('',#100,#5767);
#5765=LINE('',#116,#5768);
#5766=VECTOR('',#5769,1.0);
#5767=VECTOR('',#5770,1.0);
#5768=VECTOR('',#5771,1.0);
#5769=DIRECTION('',(0.4539911987924496,0.8910061680027779,0));
#5770=DIRECTION('',(0.15643349338997917,0.9876884944889291,0));
#5771=DIRECTION('',(-0.30901680019626115,-0.9510565793876115,0));
#5772=FACE_SURFACE('',(#5777),#5773,.T.);
#5773=PLANE('',#5774);
#5774=AXIS2_PLACEMENT_3D('',#116,#5775,#5776);
#5775=DIRECTION('',(0,0,1));
#5776=DIRECTION('',(-0.0010099813819897726,0.9999994899686739,0));
#5777=FACE_BOUND('',#5778,.T.);
#5778=EDGE_LOOP('',(#5779,#5780,#5781));
#5779=ORIENTED_EDGE('',*,*,#5782,.T.);
#5780=ORIENTED_EDGE('',*,*,#5783,.T.);
#5781=ORIENTED_EDGE('',*,*,#5784,.T.);
#5782=EDGE_CURVE('',#117,#355,#5785,.F.);
#5783=EDGE_CURVE('',#355,#339,#5786,.T.);
#5784=EDGE_CURVE('',#339,#117,#5787,.T.);
#5785=LINE('',#116,#5788);
#5786=LINE('',#354,#5789);
#5787=LINE('',#338,#5790);
#5788=VECTOR('',#5791,1.0);
#5789=VECTOR('',#5792,1.0);
#5790=VECTOR('',#5793,1.0);
#5791=DIRECTION('',(-0.0010099813819897726,0.9999994899686739,0));
#5792=DIRECTION('',(-0.38268363630091395,0.9238794480382762,0));
#5793=DIRECTION('',(0.005330197607359394,-0.9999857943958337,0));
#5794=FACE_SURFACE('',(#5799),#5795,.T.);
#5795=PLANE('',#5796);
#5796=AXIS2_PLACEMENT_3D('',#338,#5797,#5798);
#5797=DIRECTION('',(0,0,1));
#5798=DIRECTION('',(-0.6494485463204542,0.7604055402758773,0));
#5799=FACE_BOUND('',#5800,.T.);
#5800=EDGE_LOOP('',(#5801,#5802,#5803));
#5801=ORIENTED_EDGE('',*,*,#5804,.T.);
#5802=ORIENTED_EDGE('',*,*,#5805,.T.);
#5803=ORIENTED_EDGE('',*,*,#5806,.T.);
#5804=EDGE_CURVE('',#339,#323,#5807,.F.);
#5805=EDGE_CURVE('',#323,#307,#5808,.T.);
#5806=EDGE_CURVE('',#307,#339,#5809,.T.);
#5807=LINE('',#338,#5810);
#5808=LINE('',#322,#5811);
#5809=LINE('',#306,#5812);
#5810=VECTOR('',#5813,1.0);
#5811=VECTOR('',#5814,1.0);
#5812=VECTOR('',#5815,1.0);
#5813=DIRECTION('',(-0.6494485463204542,0.7604055402758773,0));
#5814=DIRECTION('',(-0.8526414371218431,0.522496487742069,0));
#5815=DIRECTION('',(0.7604068053273298,-0.649447065134553,0));
#5816=FACE_SURFACE('',(#5821),#5817,.T.);
#5817=PLANE('',#5818);
#5818=AXIS2_PLACEMENT_3D('',#306,#5819,#5820);
#5819=DIRECTION('',(0,0,1));
#5820=DIRECTION('',(-0.9723692960709552,0.2334479643485349,0));
#5821=FACE_BOUND('',#5822,.T.);
#5822=EDGE_LOOP('',(#5823,#5824,#5825));
#5823=ORIENTED_EDGE('',*,*,#5826,.T.);
#5824=ORIENTED_EDGE('',*,*,#5827,.T.);
#5825=ORIENTED_EDGE('',*,*,#5828,.T.);
#5826=EDGE_CURVE('',#307,#289,#5829,.F.);
#5827=EDGE_CURVE('',#289,#229,#5830,.T.);
#5828=EDGE_CURVE('',#229,#307,#5831,.T.);
#5829=LINE('',#306,#5832);
#5830=LINE('',#288,#5833);
#5831=LINE('',#228,#5834);
#5832=VECTOR('',#5835,1.0);
#5833=VECTOR('',#5836,1.0);
#5834=VECTOR('',#5837,1.0);
#5835=DIRECTION('',(-0.9723692960709552,0.2334479643485349,0));
#5836=DIRECTION('',(-0.9999849782642222,-0.005481171946127164,0));
#5837=DIRECTION('',(0.9999985973747867,0.0016748875960012155,0));
#5838=FACE_SURFACE('',(#5843),#5839,.T.);
#5839=PLANE('',#5840);
#5840=AXIS2_PLACEMENT_3D('',#228,#5841,#5842);
#5841=DIRECTION('',(0,0,1));
#5842=DIRECTION('',(-0.7071072955457168,-0.707106266827004,0));
#5843=FACE_BOUND('',#5844,.T.);
#5844=EDGE_LOOP('',(#5845,#5846,#5847));
#5845=ORIENTED_EDGE('',*,*,#5848,.T.);
#5846=ORIENTED_EDGE('',*,*,#5849,.T.);
#5847=ORIENTED_EDGE('',*,*,#5850,.T.);
#5848=EDGE_CURVE('',#229,#261,#5851,.F.);
#5849=EDGE_CURVE('',#261,#195,#5852,.T.);
#5850=EDGE_CURVE('',#195,#229,#5853,.T.);
#5851=LINE('',#228,#5854);
#5852=LINE('',#260,#5855);
#5853=LINE('',#194,#5856);
#5854=VECTOR('',#5857,1.0);
#5855=VECTOR('',#5858,1.0);
#5856=VECTOR('',#5859,1.0);
#5857=DIRECTION('',(-0.7071072955457168,-0.707106266827004,0));
#5858=DIRECTION('',(-0.003829572871624268,-0.9999926671589252,0));
#5859=DIRECTION('',(0.019322581657777473,0.9998133014908726,0));
#5860=FACE_SURFACE('',(#5865),#5861,.T.);
#5861=PLANE('',#5862);
#5862=AXIS2_PLACEMENT_3D('',#194,#5863,#5864);
#5863=DIRECTION('',(0,0,1));
#5864=DIRECTION('',(0.3826832305815273,-0.9238796160927492,0));
#5865=FACE_BOUND('',#5866,.T.);
#5866=EDGE_LOOP('',(#5867,#5868,#5869));
#5867=ORIENTED_EDGE('',*,*,#5870,.T.);
#5868=ORIENTED_EDGE('',*,*,#5871,.T.);
#5869=ORIENTED_EDGE('',*,*,#5872,.T.);
#5870=EDGE_CURVE('',#195,#163,#5873,.F.);
#5871=EDGE_CURVE('',#163,#131,#5874,.T.);
#5872=EDGE_CURVE('',#131,#195,#5875,.T.);
#5873=LINE('',#194,#5876);
#5874=LINE('',#162,#5877);
#5875=LINE('',#130,#5878);
#5876=VECTOR('',#5879,1.0);
#5877=VECTOR('',#5880,1.0);
#5878=VECTOR('',#5881,1.0);
#5879=DIRECTION('',(0.3826832305815273,-0.9238796160927492,0));
#5880=DIRECTION('',(0.8526401491567328,-0.5224985895157848,0));
#5881=DIRECTION('',(-0.6494479095584292,0.7604060841222843,0));
#5882=FACE_SURFACE('',(#5887),#5883,.T.);
#5883=PLANE('',#5884);
#5884=AXIS2_PLACEMENT_3D('',#130,#5885,#5886);
#5885=DIRECTION('',(0,0,1));
#5886=DIRECTION('',(0.9999993922505376,0.0011024965104078845,0));
#5887=FACE_BOUND('',#5888,.T.);
#5888=EDGE_LOOP('',(#5889,#5890,#5891));
#5889=ORIENTED_EDGE('',*,*,#5892,.T.);
#5890=ORIENTED_EDGE('',*,*,#5893,.T.);
#5891=ORIENTED_EDGE('',*,*,#5894,.T.);
#5892=EDGE_CURVE('',#131,#53,#5895,.F.);
#5893=EDGE_CURVE('',#53,#85,#5896,.T.);
#5894=EDGE_CURVE('',#85,#131,#5897,.T.);
#5895=LINE('',#130,#5898);
#5896=LINE('',#52,#5899);
#5897=LINE('',#84,#5900);
#5898=VECTOR('',#5901,1.0);
#5899=VECTOR('',#5902,1.0);
#5900=VECTOR('',#5903,1.0);
#5901=DIRECTION('',(0.9999993922505376,0.0011024965104078845,0));
#5902=DIRECTION('',(0.8090171378940431,0.5877850547553339,0));
#5903=DIRECTION('',(-0.9998120340901948,-0.01938805014505651,0));
#5904=FACE_SURFACE('',(#5909),#5905,.T.);
#5905=PLANE('',#5906);
#5906=AXIS2_PLACEMENT_3D('',#84,#5907,#5908);
#5907=DIRECTION('',(0,0,1));
#5908=DIRECTION('',(0.30901680019626115,0.9510565793876115,0));
#5909=FACE_BOUND('',#5910,.T.);
#5910=EDGE_LOOP('',(#5911,#5912,#5913));
#5911=ORIENTED_EDGE('',*,*,#5914,.T.);
#5912=ORIENTED_EDGE('',*,*,#5915,.T.);
#5913=ORIENTED_EDGE('',*,*,#5916,.T.);
#5914=EDGE_CURVE('',#85,#117,#5917,.F.);
#5915=EDGE_CURVE('',#117,#339,#5918,.T.);
#5916=EDGE_CURVE('',#339,#85,#5919,.T.);
#5917=LINE('',#84,#5920);
#5918=LINE('',#116,#5921);
#5919=LINE('',#338,#5922);
#5920=VECTOR('',#5923,1.0);
#5921=VECTOR('',#5924,1.0);
#5922=VECTOR('',#5925,1.0);
#5923=DIRECTION('',(0.30901680019626115,0.9510565793876115,0));
#5924=DIRECTION('',(-0.005330197607359394,0.9999857943958337,0));
#5925=DIRECTION('',(-0.0015450700602849146,-0.999998806378542,0));
#5926=FACE_SURFACE('',(#5931),#5927,.T.);
#5927=PLANE('',#5928);
#5928=AXIS2_PLACEMENT_3D('',#338,#5929,#5930);
#5929=DIRECTION('',(0,0,1));
#5930=DIRECTION('',(-0.7604068053273298,0.649447065134553,0));
#5931=FACE_BOUND('',#5932,.T.);
#5932=EDGE_LOOP('',(#5933,#5934,#5935));
#5933=ORIENTED_EDGE('',*,*,#5936,.T.);
#5934=ORIENTED_EDGE('',*,*,#5937,.T.);
#5935=ORIENTED_EDGE('',*,*,#5938,.T.);
#5936=EDGE_CURVE('',#339,#307,#5939,.F.);
#5937=EDGE_CURVE('',#307,#229,#5940,.T.);
#5938=EDGE_CURVE('',#229,#339,#5941,.T.);
#5939=LINE('',#338,#5942);
#5940=LINE('',#306,#5943);
#5941=LINE('',#228,#5944);
#5942=VECTOR('',#5945,1.0);
#5943=VECTOR('',#5946,1.0);
#5944=VECTOR('',#5947,1.0);
#5945=DIRECTION('',(-0.7604068053273298,0.649447065134553,0));
#5946=DIRECTION('',(-0.9999985973747867,-0.0016748875960012155,0));
#5947=DIRECTION('',(0.9998319237244124,-0.018333693068790468,0));
#5948=FACE_SURFACE('',(#5953),#5949,.T.);
#5949=PLANE('',#5950);
#5950=AXIS2_PLACEMENT_3D('',#228,#5951,#5952);
#5951=DIRECTION('',(0,0,1));
#5952=DIRECTION('',(-0.019322581657777473,-0.9998133014908726,0));
#5953=FACE_BOUND('',#5954,.T.);
#5954=EDGE_LOOP('',(#5955,#5956,#5957));
#5955=ORIENTED_EDGE('',*,*,#5958,.T.);
#5956=ORIENTED_EDGE('',*,*,#5959,.T.);
#5957=ORIENTED_EDGE('',*,*,#5960,.T.);
#5958=EDGE_CURVE('',#229,#195,#5961,.F.);
#5959=EDGE_CURVE('',#195,#131,#5962,.T.);
#5960=EDGE_CURVE('',#131,#229,#5963,.T.);
#5961=LINE('',#228,#5964);
#5962=LINE('',#194,#5965);
#5963=LINE('',#130,#5966);
#5964=VECTOR('',#5967,1.0);
#5965=VECTOR('',#5968,1.0);
#5966=VECTOR('',#5969,1.0);
#5967=DIRECTION('',(-0.019322581657777473,-0.9998133014908726,0));
#5968=DIRECTION('',(0.6494479095584292,-0.7604060841222843,0));
#5969=DIRECTION('',(-0.007608259964427794,0.9999710567713016,0));
#5970=FACE_SURFACE('',(#5975),#5971,.T.);
#5971=PLANE('',#5972);
#5972=AXIS2_PLACEMENT_3D('',#130,#5973,#5974);
#5973=DIRECTION('',(0,0,1));
#5974=DIRECTION('',(0.9998120340901948,0.01938805014505651,0));
#5975=FACE_BOUND('',#5976,.T.);
#5976=EDGE_LOOP('',(#5977,#5978,#5979));
#5977=ORIENTED_EDGE('',*,*,#5980,.T.);
#5978=ORIENTED_EDGE('',*,*,#5981,.T.);
#5979=ORIENTED_EDGE('',*,*,#5982,.T.);
#5980=EDGE_CURVE('',#131,#85,#5983,.F.);
#5981=EDGE_CURVE('',#85,#339,#5984,.T.);
#5982=EDGE_CURVE('',#339,#131,#5985,.T.);
#5983=LINE('',#130,#5986);
#5984=LINE('',#84,#5987);
#5985=LINE('',#338,#5988);
#5986=VECTOR('',#5989,1.0);
#5987=VECTOR('',#5990,1.0);
#5988=VECTOR('',#5991,1.0);
#5989=DIRECTION('',(0.9998120340901948,0.01938805014505651,0));
#5990=DIRECTION('',(0.0015450700602849146,0.999998806378542,0));
#5991=DIRECTION('',(-0.57044097830303,-0.8213385966047634,0));
#5992=FACE_SURFACE('',(#5997),#5993,.T.);
#5993=PLANE('',#5994);
#5994=AXIS2_PLACEMENT_3D('',#228,#5995,#5996);
#5995=DIRECTION('',(0,0,1));
#5996=DIRECTION('',(0.007608259964427794,-0.9999710567713016,0));
#5997=FACE_BOUND('',#5998,.T.);
#5998=EDGE_LOOP('',(#5999,#6000,#6001));
#5999=ORIENTED_EDGE('',*,*,#6002,.T.);
#6000=ORIENTED_EDGE('',*,*,#6003,.T.);
#6001=ORIENTED_EDGE('',*,*,#6004,.T.);
#6002=EDGE_CURVE('',#229,#131,#6005,.F.);
#6003=EDGE_CURVE('',#131,#339,#6006,.T.);
#6004=EDGE_CURVE('',#339,#229,#6007,.T.);
#6005=LINE('',#228,#6008);
#6006=LINE('',#130,#6009);
#6007=LINE('',#338,#6010);
#6008=VECTOR('',#6011,1.0);
#6009=VECTOR('',#6012,1.0);
#6010=VECTOR('',#6013,1.0);
#6011=DIRECTION('',(0.007608259964427794,-0.9999710567713016,0));
#6012=DIRECTION('',(0.57044097830303,0.8213385966047634,0));
#6013=DIRECTION('',(-0.9998319237244124,0.018333693068790468,0));
#6014=FACE_SURFACE('',(#6019),#6015,.T.);
#6015=PLANE('',#6016);
#6016=AXIS2_PLACEMENT_3D('',#364,#6017,#6018);
#6017=DIRECTION('',(0,0,-1));
#6018=DIRECTION('',(0.03926276708126749,-0.9992289202785927,0));
#6019=FACE_BOUND('',#6020,.T.);
#6020=EDGE_LOOP('',(#6021,#6022,#6023));
#6021=ORIENTED_EDGE('',*,*,#6024,.T.);
#6022=ORIENTED_EDGE('',*,*,#6025,.T.);
#6023=ORIENTED_EDGE('',*,*,#6026,.T.);
#6024=EDGE_CURVE('',#365,#369,#6027,.F.);
#6025=EDGE_CURVE('',#369,#115,#6028,.T.);
#6026=EDGE_CURVE('',#115,#365,#6029,.T.);
#6027=LINE('',#364,#6030);
#6028=LINE('',#368,#6031);
#6029=LINE('',#114,#6032);
#6030=VECTOR('',#6033,1.0);
#6031=VECTOR('',#6034,1.0);
#6032=VECTOR('',#6035,1.0);
#6033=DIRECTION('',(0.03926276708126749,-0.9992289202785927,0));
#6034=DIRECTION('',(0,-1,0));
#6035=DIRECTION('',(-0.0001133348480996981,0.999999993577606,0));
#6036=FACE_SURFACE('',(#6041),#6037,.T.);
#6037=PLANE('',#6038);
#6038=AXIS2_PLACEMENT_3D('',#114,#6039,#6040);
#6039=DIRECTION('',(0,0,-1));
#6040=DIRECTION('',(-0.03926276708126749,-0.9992289202785927,0));
#6041=FACE_BOUND('',#6042,.T.);
#6042=EDGE_LOOP('',(#6043,#6044,#6045));
#6043=ORIENTED_EDGE('',*,*,#6046,.T.);
#6044=ORIENTED_EDGE('',*,*,#6047,.T.);
#6045=ORIENTED_EDGE('',*,*,#6048,.T.);
#6046=EDGE_CURVE('',#115,#111,#6049,.F.);
#6047=EDGE_CURVE('',#111,#107,#6050,.T.);
#6048=EDGE_CURVE('',#107,#115,#6051,.T.);
#6049=LINE('',#114,#6052);
#6050=LINE('',#110,#6053);
#6051=LINE('',#106,#6054);
#6052=VECTOR('',#6055,1.0);
#6053=VECTOR('',#6056,1.0);
#6054=VECTOR('',#6057,1.0);
#6055=DIRECTION('',(-0.03926276708126749,-0.9992289202785927,0));
#6056=DIRECTION('',(-0.11753840377205604,-0.9930683378492726,0));
#6057=DIRECTION('',(0.07846088777292828,0.9969171926945006,0));
#6058=FACE_SURFACE('',(#6063),#6059,.T.);
#6059=PLANE('',#6060);
#6060=AXIS2_PLACEMENT_3D('',#106,#6061,#6062);
#6061=DIRECTION('',(0,0,-1));
#6062=DIRECTION('',(-0.19508364505979137,-0.9807866085087955,0));
#6063=FACE_BOUND('',#6064,.T.);
#6064=EDGE_LOOP('',(#6065,#6066,#6067));
#6065=ORIENTED_EDGE('',*,*,#6068,.T.);
#6066=ORIENTED_EDGE('',*,*,#6069,.T.);
#6067=ORIENTED_EDGE('',*,*,#6070,.T.);
#6068=EDGE_CURVE('',#107,#103,#6071,.F.);
#6069=EDGE_CURVE('',#103,#99,#6072,.T.);
#6070=EDGE_CURVE('',#99,#107,#6073,.T.);
#6071=LINE('',#106,#6074);
#6072=LINE('',#102,#6075);
#6073=LINE('',#98,#6076);
#6074=VECTOR('',#6077,1.0);
#6075=VECTOR('',#6078,1.0);
#6076=VECTOR('',#6079,1.0);
#6077=DIRECTION('',(-0.19508364505979137,-0.9807866085087955,0));
#6078=DIRECTION('',(-0.271439586847101,-0.9624554798494709,0));
#6079=DIRECTION('',(0.23344160366027217,0.9723708231330888,0));
#6080=FACE_SURFACE('',(#6085),#6081,.T.);
#6081=PLANE('',#6082);
#6082=AXIS2_PLACEMENT_3D('',#98,#6083,#6084);
#6083=DIRECTION('',(0,0,-1));
#6084=DIRECTION('',(-0.34611732809293827,-0.9381912359395633,0));
#6085=FACE_BOUND('',#6086,.T.);
#6086=EDGE_LOOP('',(#6087,#6088,#6089));
#6087=ORIENTED_EDGE('',*,*,#6090,.T.);
#6088=ORIENTED_EDGE('',*,*,#6091,.T.);
#6089=ORIENTED_EDGE('',*,*,#6092,.T.);
#6090=EDGE_CURVE('',#99,#95,#6093,.F.);
#6091=EDGE_CURVE('',#95,#91,#6094,.T.);
#6092=EDGE_CURVE('',#91,#99,#6095,.T.);
#6093=LINE('',#98,#6096);
#6094=LINE('',#94,#6097);
#6095=LINE('',#90,#6098);
#6096=VECTOR('',#6099,1.0);
#6097=VECTOR('',#6100,1.0);
#6098=VECTOR('',#6101,1.0);
#6099=DIRECTION('',(-0.34611732809293827,-0.9381912359395633,0));
#6100=DIRECTION('',(-0.41866224708452476,-0.908142016903819,0));
#6101=DIRECTION('',(0.38268470036980484,0.9238790072855172,0));
#6102=FACE_SURFACE('',(#6107),#6103,.T.);
#6103=PLANE('',#6104);
#6104=AXIS2_PLACEMENT_3D('',#90,#6105,#6106);
#6105=DIRECTION('',(0,0,-1));
#6106=DIRECTION('',(-0.4886203816559102,-0.8724964886063625,0));
#6107=FACE_BOUND('',#6108,.T.);
#6108=EDGE_LOOP('',(#6109,#6110,#6111));
#6109=ORIENTED_EDGE('',*,*,#6112,.T.);
#6110=ORIENTED_EDGE('',*,*,#6113,.T.);
#6111=ORIENTED_EDGE('',*,*,#6114,.T.);
#6112=EDGE_CURVE('',#91,#87,#6115,.F.);
#6113=EDGE_CURVE('',#87,#83,#6116,.T.);
#6114=EDGE_CURVE('',#83,#91,#6117,.T.);
#6115=LINE('',#90,#6118);
#6116=LINE('',#86,#6119);
#6117=LINE('',#82,#6120);
#6118=VECTOR('',#6121,1.0);
#6119=VECTOR('',#6122,1.0);
#6120=VECTOR('',#6123,1.0);
#6121=DIRECTION('',(-0.4886203816559102,-0.8724964886063625,0));
#6122=DIRECTION('',(-0.5555725191353491,-0.8314680847642933,0));
#6123=DIRECTION('',(0.5224991601439903,0.8526397994750331,0));
#6124=FACE_SURFACE('',(#6129),#6125,.T.);
#6125=PLANE('',#6126);
#6126=AXIS2_PLACEMENT_3D('',#82,#6127,#6128);
#6127=DIRECTION('',(0,0,-1));
#6128=DIRECTION('',(-0.6190930798290931,-0.7853176163233117,0));
#6129=FACE_BOUND('',#6130,.T.);
#6130=EDGE_LOOP('',(#6131,#6132,#6133));
#6131=ORIENTED_EDGE('',*,*,#6134,.T.);
#6132=ORIENTED_EDGE('',*,*,#6135,.T.);
#6133=ORIENTED_EDGE('',*,*,#6136,.T.);
#6134=EDGE_CURVE('',#83,#79,#6137,.F.);
#6135=EDGE_CURVE('',#79,#75,#6138,.T.);
#6136=EDGE_CURVE('',#75,#83,#6139,.T.);
#6137=LINE('',#82,#6140);
#6138=LINE('',#78,#6141);
#6139=LINE('',#74,#6142);
#6140=VECTOR('',#6143,1.0);
#6141=VECTOR('',#6144,1.0);
#6142=VECTOR('',#6145,1.0);
#6143=DIRECTION('',(-0.6190930798290931,-0.7853176163233117,0));
#6144=DIRECTION('',(-0.6788045663964817,-0.7343189774473248,0));
#6145=DIRECTION('',(0.6494493445178161,0.7604048585492987,0));
#6146=FACE_SURFACE('',(#6151),#6147,.T.);
#6147=PLANE('',#6148);
#6148=AXIS2_PLACEMENT_3D('',#74,#6149,#6150);
#6149=DIRECTION('',(0,0,-1));
#6150=DIRECTION('',(-0.7343183672002755,-0.6788052265505337,0));
#6151=FACE_BOUND('',#6152,.T.);
#6152=EDGE_LOOP('',(#6153,#6154,#6155));
#6153=ORIENTED_EDGE('',*,*,#6156,.T.);
#6154=ORIENTED_EDGE('',*,*,#6157,.T.);
#6155=ORIENTED_EDGE('',*,*,#6158,.T.);
#6156=EDGE_CURVE('',#75,#71,#6159,.F.);
#6157=EDGE_CURVE('',#71,#67,#6160,.T.);
#6158=EDGE_CURVE('',#67,#75,#6161,.T.);
#6159=LINE('',#74,#6162);
#6160=LINE('',#70,#6163);
#6161=LINE('',#66,#6164);
#6162=VECTOR('',#6165,1.0);
#6163=VECTOR('',#6166,1.0);
#6164=VECTOR('',#6167,1.0);
#6165=DIRECTION('',(-0.7343183672002755,-0.6788052265505337,0));
#6166=DIRECTION('',(-0.7853184495880116,-0.61909202283399,0));
#6167=DIRECTION('',(0.7604045665862094,0.6494496863613372,0));
#6168=FACE_SURFACE('',(#6173),#6169,.T.);
#6169=PLANE('',#6170);
#6170=AXIS2_PLACEMENT_3D('',#66,#6171,#6172);
#6171=DIRECTION('',(0,0,-1));
#6172=DIRECTION('',(-0.8314743244060705,-0.5555631807935698,0));
#6173=FACE_BOUND('',#6174,.T.);
#6174=EDGE_LOOP('',(#6175,#6176,#6177));
#6175=ORIENTED_EDGE('',*,*,#6178,.T.);
#6176=ORIENTED_EDGE('',*,*,#6179,.T.);
#6177=ORIENTED_EDGE('',*,*,#6180,.T.);
#6178=EDGE_CURVE('',#67,#63,#6181,.F.);
#6179=EDGE_CURVE('',#63,#59,#6182,.T.);
#6180=EDGE_CURVE('',#59,#67,#6183,.T.);
#6181=LINE('',#66,#6184);
#6182=LINE('',#62,#6185);
#6183=LINE('',#58,#6186);
#6184=VECTOR('',#6187,1.0);
#6185=VECTOR('',#6188,1.0);
#6186=VECTOR('',#6189,1.0);
#6187=DIRECTION('',(-0.8314743244060705,-0.5555631807935698,0));
#6188=DIRECTION('',(-0.8724930366398468,-0.48862654554882595,0));
#6189=DIRECTION('',(0.8526409056052352,0.5224973551020947,0));
#6190=FACE_SURFACE('',(#6195),#6191,.T.);
#6191=PLANE('',#6192);
#6192=AXIS2_PLACEMENT_3D('',#58,#6193,#6194);
#6193=DIRECTION('',(0,0,-1));
#6194=DIRECTION('',(-0.9081450954582452,-0.41865556916770486,0));
#6195=FACE_BOUND('',#6196,.T.);
#6196=EDGE_LOOP('',(#6197,#6198,#6199));
#6197=ORIENTED_EDGE('',*,*,#6200,.T.);
#6198=ORIENTED_EDGE('',*,*,#6201,.T.);
#6199=ORIENTED_EDGE('',*,*,#6202,.T.);
#6200=EDGE_CURVE('',#59,#55,#6203,.F.);
#6201=EDGE_CURVE('',#55,#51,#6204,.T.);
#6202=EDGE_CURVE('',#51,#59,#6205,.T.);
#6203=LINE('',#58,#6206);
#6204=LINE('',#54,#6207);
#6205=LINE('',#50,#6208);
#6206=VECTOR('',#6209,1.0);
#6207=VECTOR('',#6210,1.0);
#6208=VECTOR('',#6211,1.0);
#6209=DIRECTION('',(-0.9081450954582452,-0.41865556916770486,0));
#6210=DIRECTION('',(-0.9381902659222301,-0.34611995742628743,0));
#6211=DIRECTION('',(0.9238798464169852,0.38268267452881616,0));
#6212=FACE_SURFACE('',(#6217),#6213,.T.);
#6213=PLANE('',#6214);
#6214=AXIS2_PLACEMENT_3D('',#50,#6215,#6216);
#6215=DIRECTION('',(0,0,-1));
#6216=DIRECTION('',(-0.9624533644655963,-0.27144708734641815,0));
#6217=FACE_BOUND('',#6218,.T.);
#6218=EDGE_LOOP('',(#6219,#6220,#6221));
#6219=ORIENTED_EDGE('',*,*,#6222,.T.);
#6220=ORIENTED_EDGE('',*,*,#6223,.T.);
#6221=ORIENTED_EDGE('',*,*,#6224,.T.);
#6222=EDGE_CURVE('',#51,#47,#6225,.F.);
#6223=EDGE_CURVE('',#47,#43,#6226,.T.);
#6224=EDGE_CURVE('',#43,#51,#6227,.T.);
#6225=LINE('',#50,#6228);
#6226=LINE('',#46,#6229);
#6227=LINE('',#42,#6230);
#6228=VECTOR('',#6231,1.0);
#6229=VECTOR('',#6232,1.0);
#6230=VECTOR('',#6233,1.0);
#6231=DIRECTION('',(-0.9624533644655963,-0.27144708734641815,0));
#6232=DIRECTION('',(-0.9807850592165264,-0.19509143399348614,0));
#6233=DIRECTION('',(0.9723689837100066,0.23344926540636002,0));
#6234=FACE_SURFACE('',(#6239),#6235,.T.);
#6235=PLANE('',#6236);
#6236=AXIS2_PLACEMENT_3D('',#42,#6237,#6238);
#6237=DIRECTION('',(0,0,-1));
#6238=DIRECTION('',(-0.9930684497124543,-0.11753745864915803,0));
#6239=FACE_BOUND('',#6240,.T.);
#6240=EDGE_LOOP('',(#6241,#6242,#6243));
#6241=ORIENTED_EDGE('',*,*,#6244,.T.);
#6242=ORIENTED_EDGE('',*,*,#6245,.T.);
#6243=ORIENTED_EDGE('',*,*,#6246,.T.);
#6244=EDGE_CURVE('',#43,#37,#6247,.F.);
#6245=EDGE_CURVE('',#37,#35,#6248,.T.);
#6246=EDGE_CURVE('',#35,#43,#6249,.T.);
#6247=LINE('',#42,#6250);
#6248=LINE('',#36,#6251);
#6249=LINE('',#34,#6252);
#6250=VECTOR('',#6253,1.0);
#6251=VECTOR('',#6254,1.0);
#6252=VECTOR('',#6255,1.0);
#6253=DIRECTION('',(-0.9930684497124543,-0.11753745864915803,0));
#6254=DIRECTION('',(-0.9992292254376309,-0.03925500008039897,0));
#6255=DIRECTION('',(0.9969175096052816,0.07845686102823277,0));
#6256=FACE_SURFACE('',(#6261),#6257,.T.);
#6257=PLANE('',#6258);
#6258=AXIS2_PLACEMENT_3D('',#34,#6259,#6260);
#6259=DIRECTION('',(0,0,-1));
#6260=DIRECTION('',(-1,0,0));
#6261=FACE_BOUND('',#6262,.T.);
#6262=EDGE_LOOP('',(#6263,#6264,#6265));
#6263=ORIENTED_EDGE('',*,*,#6266,.T.);
#6264=ORIENTED_EDGE('',*,*,#6267,.T.);
#6265=ORIENTED_EDGE('',*,*,#6268,.T.);
#6266=EDGE_CURVE('',#35,#125,#6269,.F.);
#6267=EDGE_CURVE('',#125,#123,#6270,.T.);
#6268=EDGE_CURVE('',#123,#35,#6271,.T.);
#6269=LINE('',#34,#6272);
#6270=LINE('',#124,#6273);
#6271=LINE('',#122,#6274);
#6272=VECTOR('',#6275,1.0);
#6273=VECTOR('',#6276,1.0);
#6274=VECTOR('',#6277,1.0);
#6275=DIRECTION('',(-1,0,0));
#6276=DIRECTION('',(-0.9992292254376309,0.03925500008039897,0));
#6277=DIRECTION('',(0.9999999866574132,-0.0001633559710741029,0));
#6278=FACE_SURFACE('',(#6283),#6279,.T.);
#6279=PLANE('',#6280);
#6280=AXIS2_PLACEMENT_3D('',#122,#6281,#6282);
#6281=DIRECTION('',(0,0,-1));
#6282=DIRECTION('',(-0.9930684497124543,0.11753745864915803,0));
#6283=FACE_BOUND('',#6284,.T.);
#6284=EDGE_LOOP('',(#6285,#6286,#6287));
#6285=ORIENTED_EDGE('',*,*,#6288,.T.);
#6286=ORIENTED_EDGE('',*,*,#6289,.T.);
#6287=ORIENTED_EDGE('',*,*,#6290,.T.);
#6288=EDGE_CURVE('',#123,#129,#6291,.F.);
#6289=EDGE_CURVE('',#129,#133,#6292,.T.);
#6290=EDGE_CURVE('',#133,#123,#6293,.T.);
#6291=LINE('',#122,#6294);
#6292=LINE('',#128,#6295);
#6293=LINE('',#132,#6296);
#6294=VECTOR('',#6297,1.0);
#6295=VECTOR('',#6298,1.0);
#6296=VECTOR('',#6299,1.0);
#6297=DIRECTION('',(-0.9930684497124543,0.11753745864915803,0));
#6298=DIRECTION('',(-0.9807850592165264,0.19509143399348614,0));
#6299=DIRECTION('',(0.9876882467994916,-0.15643505724148438,0));
#6300=FACE_SURFACE('',(#6305),#6301,.T.);
#6301=PLANE('',#6302);
#6302=AXIS2_PLACEMENT_3D('',#132,#6303,#6304);
#6303=DIRECTION('',(0,0,-1));
#6304=DIRECTION('',(-0.9624533644655963,0.27144708734641815,0));
#6305=FACE_BOUND('',#6306,.T.);
#6306=EDGE_LOOP('',(#6307,#6308,#6309));
#6307=ORIENTED_EDGE('',*,*,#6310,.T.);
#6308=ORIENTED_EDGE('',*,*,#6311,.T.);
#6309=ORIENTED_EDGE('',*,*,#6312,.T.);
#6310=EDGE_CURVE('',#133,#137,#6313,.F.);
#6311=EDGE_CURVE('',#137,#141,#6314,.T.);
#6312=EDGE_CURVE('',#141,#133,#6315,.T.);
#6313=LINE('',#132,#6316);
#6314=LINE('',#136,#6317);
#6315=LINE('',#140,#6318);
#6316=VECTOR('',#6319,1.0);
#6317=VECTOR('',#6320,1.0);
#6318=VECTOR('',#6321,1.0);
#6319=DIRECTION('',(-0.9624533644655963,0.27144708734641815,0));
#6320=DIRECTION('',(-0.9381902659222301,0.34611995742628743,0));
#6321=DIRECTION('',(0.9510549983236882,-0.30902166617169313,0));
#6322=FACE_SURFACE('',(#6327),#6323,.T.);
#6323=PLANE('',#6324);
#6324=AXIS2_PLACEMENT_3D('',#140,#6325,#6326);
#6325=DIRECTION('',(0,0,-1));
#6326=DIRECTION('',(-0.9081450954582452,0.41865556916770486,0));
#6327=FACE_BOUND('',#6328,.T.);
#6328=EDGE_LOOP('',(#6329,#6330,#6331));
#6329=ORIENTED_EDGE('',*,*,#6332,.T.);
#6330=ORIENTED_EDGE('',*,*,#6333,.T.);
#6331=ORIENTED_EDGE('',*,*,#6334,.T.);
#6332=EDGE_CURVE('',#141,#145,#6335,.F.);
#6333=EDGE_CURVE('',#145,#149,#6336,.T.);
#6334=EDGE_CURVE('',#149,#141,#6337,.T.);
#6335=LINE('',#140,#6338);
#6336=LINE('',#144,#6339);
#6337=LINE('',#148,#6340);
#6338=VECTOR('',#6341,1.0);
#6339=VECTOR('',#6342,1.0);
#6340=VECTOR('',#6343,1.0);
#6341=DIRECTION('',(-0.9081450954582452,0.41865556916770486,0));
#6342=DIRECTION('',(-0.8724930366398468,0.48862654554882595,0));
#6343=DIRECTION('',(0.8910061006828445,-0.4539913309149776,0));
#6344=FACE_SURFACE('',(#6349),#6345,.T.);
#6345=PLANE('',#6346);
#6346=AXIS2_PLACEMENT_3D('',#148,#6347,#6348);
#6347=DIRECTION('',(0,0,-1));
#6348=DIRECTION('',(-0.8314743244060705,0.5555631807935698,0));
#6349=FACE_BOUND('',#6350,.T.);
#6350=EDGE_LOOP('',(#6351,#6352,#6353));
#6351=ORIENTED_EDGE('',*,*,#6354,.T.);
#6352=ORIENTED_EDGE('',*,*,#6355,.T.);
#6353=ORIENTED_EDGE('',*,*,#6356,.T.);
#6354=EDGE_CURVE('',#149,#153,#6357,.F.);
#6355=EDGE_CURVE('',#153,#157,#6358,.T.);
#6356=EDGE_CURVE('',#157,#149,#6359,.T.);
#6357=LINE('',#148,#6360);
#6358=LINE('',#152,#6361);
#6359=LINE('',#156,#6362);
#6360=VECTOR('',#6363,1.0);
#6361=VECTOR('',#6364,1.0);
#6362=VECTOR('',#6365,1.0);
#6363=DIRECTION('',(-0.8314743244060705,0.5555631807935698,0));
#6364=DIRECTION('',(-0.7853184495880116,0.61909202283399,0));
#6365=DIRECTION('',(0.8090201786918438,-0.5877808694313019,0));
#6366=FACE_SURFACE('',(#6371),#6367,.T.);
#6367=PLANE('',#6368);
#6368=AXIS2_PLACEMENT_3D('',#156,#6369,#6370);
#6369=DIRECTION('',(0,0,-1));
#6370=DIRECTION('',(-0.7343183672002755,0.6788052265505337,0));
#6371=FACE_BOUND('',#6372,.T.);
#6372=EDGE_LOOP('',(#6373,#6374,#6375));
#6373=ORIENTED_EDGE('',*,*,#6376,.T.);
#6374=ORIENTED_EDGE('',*,*,#6377,.T.);
#6375=ORIENTED_EDGE('',*,*,#6378,.T.);
#6376=EDGE_CURVE('',#157,#161,#6379,.F.);
#6377=EDGE_CURVE('',#161,#165,#6380,.T.);
#6378=EDGE_CURVE('',#165,#157,#6381,.T.);
#6379=LINE('',#156,#6382);
#6380=LINE('',#160,#6383);
#6381=LINE('',#164,#6384);
#6382=VECTOR('',#6385,1.0);
#6383=VECTOR('',#6386,1.0);
#6384=VECTOR('',#6387,1.0);
#6385=DIRECTION('',(-0.7343183672002755,0.6788052265505337,0));
#6386=DIRECTION('',(-0.6788045663964817,0.7343189774473248,0));
#6387=DIRECTION('',(0.7071067811865476,-0.7071067811865476,0));
#6388=FACE_SURFACE('',(#6393),#6389,.T.);
#6389=PLANE('',#6390);
#6390=AXIS2_PLACEMENT_3D('',#164,#6391,#6392);
#6391=DIRECTION('',(0,0,-1));
#6392=DIRECTION('',(-0.6190930798290931,0.7853176163233117,0));
#6393=FACE_BOUND('',#6394,.T.);
#6394=EDGE_LOOP('',(#6395,#6396,#6397));
#6395=ORIENTED_EDGE('',*,*,#6398,.T.);
#6396=ORIENTED_EDGE('',*,*,#6399,.T.);
#6397=ORIENTED_EDGE('',*,*,#6400,.T.);
#6398=EDGE_CURVE('',#165,#169,#6401,.F.);
#6399=EDGE_CURVE('',#169,#173,#6402,.T.);
#6400=EDGE_CURVE('',#173,#165,#6403,.T.);
#6401=LINE('',#164,#6404);
#6402=LINE('',#168,#6405);
#6403=LINE('',#172,#6406);
#6404=VECTOR('',#6407,1.0);
#6405=VECTOR('',#6408,1.0);
#6406=VECTOR('',#6409,1.0);
#6407=DIRECTION('',(-0.6190930798290931,0.7853176163233117,0));
#6408=DIRECTION('',(-0.5555725191353491,0.8314680847642933,0));
#6409=DIRECTION('',(0.587786173186088,-0.8090163253057717,0));
#6410=FACE_SURFACE('',(#6415),#6411,.T.);
#6411=PLANE('',#6412);
#6412=AXIS2_PLACEMENT_3D('',#172,#6413,#6414);
#6413=DIRECTION('',(0,0,-1));
#6414=DIRECTION('',(-0.4886203816559102,0.8724964886063625,0));
#6415=FACE_BOUND('',#6416,.T.);
#6416=EDGE_LOOP('',(#6417,#6418,#6419));
#6417=ORIENTED_EDGE('',*,*,#6420,.T.);
#6418=ORIENTED_EDGE('',*,*,#6421,.T.);
#6419=ORIENTED_EDGE('',*,*,#6422,.T.);
#6420=EDGE_CURVE('',#173,#177,#6423,.F.);
#6421=EDGE_CURVE('',#177,#181,#6424,.T.);
#6422=EDGE_CURVE('',#181,#173,#6425,.T.);
#6423=LINE('',#172,#6426);
#6424=LINE('',#176,#6427);
#6425=LINE('',#180,#6428);
#6426=VECTOR('',#6429,1.0);
#6427=VECTOR('',#6430,1.0);
#6428=VECTOR('',#6431,1.0);
#6429=DIRECTION('',(-0.4886203816559102,0.8724964886063625,0));
#6430=DIRECTION('',(-0.41866224708452476,0.908142016903819,0));
#6431=DIRECTION('',(0.4539913309149776,-0.8910061006828445,0));
#6432=FACE_SURFACE('',(#6437),#6433,.T.);
#6433=PLANE('',#6434);
#6434=AXIS2_PLACEMENT_3D('',#180,#6435,#6436);
#6435=DIRECTION('',(0,0,-1));
#6436=DIRECTION('',(-0.34611732809293827,0.9381912359395633,0));
#6437=FACE_BOUND('',#6438,.T.);
#6438=EDGE_LOOP('',(#6439,#6440,#6441));
#6439=ORIENTED_EDGE('',*,*,#6442,.T.);
#6440=ORIENTED_EDGE('',*,*,#6443,.T.);
#6441=ORIENTED_EDGE('',*,*,#6444,.T.);
#6442=EDGE_CURVE('',#181,#185,#6445,.F.);
#6443=EDGE_CURVE('',#185,#189,#6446,.T.);
#6444=EDGE_CURVE('',#189,#181,#6447,.T.);
#6445=LINE('',#180,#6448);
#6446=LINE('',#184,#6449);
#6447=LINE('',#188,#6450);
#6448=VECTOR('',#6451,1.0);
#6449=VECTOR('',#6452,1.0);
#6450=VECTOR('',#6453,1.0);
#6451=DIRECTION('',(-0.34611732809293827,0.9381912359395633,0));
#6452=DIRECTION('',(-0.271439586847101,0.9624554798494709,0));
#6453=DIRECTION('',(0.30901681063751846,-0.9510565759950436,0));
#6454=FACE_SURFACE('',(#6459),#6455,.T.);
#6455=PLANE('',#6456);
#6456=AXIS2_PLACEMENT_3D('',#188,#6457,#6458);
#6457=DIRECTION('',(0,0,-1));
#6458=DIRECTION('',(-0.19508364505979137,0.9807866085087955,0));
#6459=FACE_BOUND('',#6460,.T.);
#6460=EDGE_LOOP('',(#6461,#6462,#6463));
#6461=ORIENTED_EDGE('',*,*,#6464,.T.);
#6462=ORIENTED_EDGE('',*,*,#6465,.T.);
#6463=ORIENTED_EDGE('',*,*,#6466,.T.);
#6464=EDGE_CURVE('',#189,#193,#6467,.F.);
#6465=EDGE_CURVE('',#193,#197,#6468,.T.);
#6466=EDGE_CURVE('',#197,#189,#6469,.T.);
#6467=LINE('',#188,#6470);
#6468=LINE('',#192,#6471);
#6469=LINE('',#196,#6472);
#6470=VECTOR('',#6473,1.0);
#6471=VECTOR('',#6474,1.0);
#6472=VECTOR('',#6475,1.0);
#6473=DIRECTION('',(-0.19508364505979137,0.9807866085087955,0));
#6474=DIRECTION('',(-0.11753840377205604,0.9930683378492726,0));
#6475=DIRECTION('',(0.1564317307254328,-0.9876887736641768,0));
#6476=FACE_SURFACE('',(#6481),#6477,.T.);
#6477=PLANE('',#6478);
#6478=AXIS2_PLACEMENT_3D('',#196,#6479,#6480);
#6479=DIRECTION('',(0,0,-1));
#6480=DIRECTION('',(-0.03926276708126749,0.9992289202785927,0));
#6481=FACE_BOUND('',#6482,.T.);
#6482=EDGE_LOOP('',(#6483,#6484,#6485));
#6483=ORIENTED_EDGE('',*,*,#6486,.T.);
#6484=ORIENTED_EDGE('',*,*,#6487,.T.);
#6485=ORIENTED_EDGE('',*,*,#6488,.T.);
#6486=EDGE_CURVE('',#197,#201,#6489,.F.);
#6487=EDGE_CURVE('',#201,#283,#6490,.T.);
#6488=EDGE_CURVE('',#283,#197,#6491,.T.);
#6489=LINE('',#196,#6492);
#6490=LINE('',#200,#6493);
#6491=LINE('',#282,#6494);
#6492=VECTOR('',#6495,1.0);
#6493=VECTOR('',#6496,1.0);
#6494=VECTOR('',#6497,1.0);
#6495=DIRECTION('',(-0.03926276708126749,0.9992289202785927,0));
#6496=DIRECTION('',(0,1,0));
#6497=DIRECTION('',(0.0001133348480996981,-0.999999993577606,0));
#6498=FACE_SURFACE('',(#6503),#6499,.T.);
#6499=PLANE('',#6500);
#6500=AXIS2_PLACEMENT_3D('',#282,#6501,#6502);
#6501=DIRECTION('',(0,0,-1));
#6502=DIRECTION('',(0.03926276708126749,0.9992289202785927,0));
#6503=FACE_BOUND('',#6504,.T.);
#6504=EDGE_LOOP('',(#6505,#6506,#6507));
#6505=ORIENTED_EDGE('',*,*,#6508,.T.);
#6506=ORIENTED_EDGE('',*,*,#6509,.T.);
#6507=ORIENTED_EDGE('',*,*,#6510,.T.);
#6508=EDGE_CURVE('',#283,#279,#6511,.F.);
#6509=EDGE_CURVE('',#279,#275,#6512,.T.);
#6510=EDGE_CURVE('',#275,#283,#6513,.T.);
#6511=LINE('',#282,#6514);
#6512=LINE('',#278,#6515);
#6513=LINE('',#274,#6516);
#6514=VECTOR('',#6517,1.0);
#6515=VECTOR('',#6518,1.0);
#6516=VECTOR('',#6519,1.0);
#6517=DIRECTION('',(0.03926276708126749,0.9992289202785927,0));
#6518=DIRECTION('',(0.11753840377205604,0.9930683378492726,0));
#6519=DIRECTION('',(-0.07846088777292828,-0.9969171926945006,0));
#6520=FACE_SURFACE('',(#6525),#6521,.T.);
#6521=PLANE('',#6522);
#6522=AXIS2_PLACEMENT_3D('',#274,#6523,#6524);
#6523=DIRECTION('',(0,0,-1));
#6524=DIRECTION('',(0.19508364505979137,0.9807866085087955,0));
#6525=FACE_BOUND('',#6526,.T.);
#6526=EDGE_LOOP('',(#6527,#6528,#6529));
#6527=ORIENTED_EDGE('',*,*,#6530,.T.);
#6528=ORIENTED_EDGE('',*,*,#6531,.T.);
#6529=ORIENTED_EDGE('',*,*,#6532,.T.);
#6530=EDGE_CURVE('',#275,#271,#6533,.F.);
#6531=EDGE_CURVE('',#271,#267,#6534,.T.);
#6532=EDGE_CURVE('',#267,#275,#6535,.T.);
#6533=LINE('',#274,#6536);
#6534=LINE('',#270,#6537);
#6535=LINE('',#266,#6538);
#6536=VECTOR('',#6539,1.0);
#6537=VECTOR('',#6540,1.0);
#6538=VECTOR('',#6541,1.0);
#6539=DIRECTION('',(0.19508364505979137,0.9807866085087955,0));
#6540=DIRECTION('',(0.271439586847101,0.9624554798494709,0));
#6541=DIRECTION('',(-0.23344160366027217,-0.9723708231330888,0));
#6542=FACE_SURFACE('',(#6547),#6543,.T.);
#6543=PLANE('',#6544);
#6544=AXIS2_PLACEMENT_3D('',#266,#6545,#6546);
#6545=DIRECTION('',(0,0,-1));
#6546=DIRECTION('',(0.34611732809293827,0.9381912359395633,0));
#6547=FACE_BOUND('',#6548,.T.);
#6548=EDGE_LOOP('',(#6549,#6550,#6551));
#6549=ORIENTED_EDGE('',*,*,#6552,.T.);
#6550=ORIENTED_EDGE('',*,*,#6553,.T.);
#6551=ORIENTED_EDGE('',*,*,#6554,.T.);
#6552=EDGE_CURVE('',#267,#263,#6555,.F.);
#6553=EDGE_CURVE('',#263,#259,#6556,.T.);
#6554=EDGE_CURVE('',#259,#267,#6557,.T.);
#6555=LINE('',#266,#6558);
#6556=LINE('',#262,#6559);
#6557=LINE('',#258,#6560);
#6558=VECTOR('',#6561,1.0);
#6559=VECTOR('',#6562,1.0);
#6560=VECTOR('',#6563,1.0);
#6561=DIRECTION('',(0.34611732809293827,0.9381912359395633,0));
#6562=DIRECTION('',(0.41866224708452476,0.908142016903819,0));
#6563=DIRECTION('',(-0.38268470036980484,-0.9238790072855172,0));
#6564=FACE_SURFACE('',(#6569),#6565,.T.);
#6565=PLANE('',#6566);
#6566=AXIS2_PLACEMENT_3D('',#258,#6567,#6568);
#6567=DIRECTION('',(0,0,-1));
#6568=DIRECTION('',(0.4886203816559102,0.8724964886063625,0));
#6569=FACE_BOUND('',#6570,.T.);
#6570=EDGE_LOOP('',(#6571,#6572,#6573));
#6571=ORIENTED_EDGE('',*,*,#6574,.T.);
#6572=ORIENTED_EDGE('',*,*,#6575,.T.);
#6573=ORIENTED_EDGE('',*,*,#6576,.T.);
#6574=EDGE_CURVE('',#259,#255,#6577,.F.);
#6575=EDGE_CURVE('',#255,#251,#6578,.T.);
#6576=EDGE_CURVE('',#251,#259,#6579,.T.);
#6577=LINE('',#258,#6580);
#6578=LINE('',#254,#6581);
#6579=LINE('',#250,#6582);
#6580=VECTOR('',#6583,1.0);
#6581=VECTOR('',#6584,1.0);
#6582=VECTOR('',#6585,1.0);
#6583=DIRECTION('',(0.4886203816559102,0.8724964886063625,0));
#6584=DIRECTION('',(0.5555725191353491,0.8314680847642933,0));
#6585=DIRECTION('',(-0.5224991601439903,-0.8526397994750331,0));
#6586=FACE_SURFACE('',(#6591),#6587,.T.);
#6587=PLANE('',#6588);
#6588=AXIS2_PLACEMENT_3D('',#250,#6589,#6590);
#6589=DIRECTION('',(0,0,-1));
#6590=DIRECTION('',(0.6190930798290931,0.7853176163233117,0));
#6591=FACE_BOUND('',#6592,.T.);
#6592=EDGE_LOOP('',(#6593,#6594,#6595));
#6593=ORIENTED_EDGE('',*,*,#6596,.T.);
#6594=ORIENTED_EDGE('',*,*,#6597,.T.);
#6595=ORIENTED_EDGE('',*,*,#6598,.T.);
#6596=EDGE_CURVE('',#251,#247,#6599,.F.);
#6597=EDGE_CURVE('',#247,#243,#6600,.T.);
#6598=EDGE_CURVE('',#243,#251,#6601,.T.);
#6599=LINE('',#250,#6602);
#6600=LINE('',#246,#6603);
#6601=LINE('',#242,#6604);
#6602=VECTOR('',#6605,1.0);
#6603=VECTOR('',#6606,1.0);
#6604=VECTOR('',#6607,1.0);
#6605=DIRECTION('',(0.6190930798290931,0.7853176163233117,0));
#6606=DIRECTION('',(0.6788045663964817,0.7343189774473248,0));
#6607=DIRECTION('',(-0.6494493445178161,-0.7604048585492987,0));
#6608=FACE_SURFACE('',(#6613),#6609,.T.);
#6609=PLANE('',#6610);
#6610=AXIS2_PLACEMENT_3D('',#242,#6611,#6612);
#6611=DIRECTION('',(0,0,-1));
#6612=DIRECTION('',(0.7343183672002755,0.6788052265505337,0));
#6613=FACE_BOUND('',#6614,.T.);
#6614=EDGE_LOOP('',(#6615,#6616,#6617));
#6615=ORIENTED_EDGE('',*,*,#6618,.T.);
#6616=ORIENTED_EDGE('',*,*,#6619,.T.);
#6617=ORIENTED_EDGE('',*,*,#6620,.T.);
#6618=EDGE_CURVE('',#243,#239,#6621,.F.);
#6619=EDGE_CURVE('',#239,#235,#6622,.T.);
#6620=EDGE_CURVE('',#235,#243,#6623,.T.);
#6621=LINE('',#242,#6624);
#6622=LINE('',#238,#6625);
#6623=LINE('',#234,#6626);
#6624=VECTOR('',#6627,1.0);
#6625=VECTOR('',#6628,1.0);
#6626=VECTOR('',#6629,1.0);
#6627=DIRECTION('',(0.7343183672002755,0.6788052265505337,0));
#6628=DIRECTION('',(0.7853184495880116,0.61909202283399,0));
#6629=DIRECTION('',(-0.7604045665862094,-0.6494496863613372,0));
#6630=FACE_SURFACE('',(#6635),#6631,.T.);
#6631=PLANE('',#6632);
#6632=AXIS2_PLACEMENT_3D('',#234,#6633,#6634);
#6633=DIRECTION('',(0,0,-1));
#6634=DIRECTION('',(0.8314743244060705,0.5555631807935698,0));
#6635=FACE_BOUND('',#6636,.T.);
#6636=EDGE_LOOP('',(#6637,#6638,#6639));
#6637=ORIENTED_EDGE('',*,*,#6640,.T.);
#6638=ORIENTED_EDGE('',*,*,#6641,.T.);
#6639=ORIENTED_EDGE('',*,*,#6642,.T.);
#6640=EDGE_CURVE('',#235,#231,#6643,.F.);
#6641=EDGE_CURVE('',#231,#227,#6644,.T.);
#6642=EDGE_CURVE('',#227,#235,#6645,.T.);
#6643=LINE('',#234,#6646);
#6644=LINE('',#230,#6647);
#6645=LINE('',#226,#6648);
#6646=VECTOR('',#6649,1.0);
#6647=VECTOR('',#6650,1.0);
#6648=VECTOR('',#6651,1.0);
#6649=DIRECTION('',(0.8314743244060705,0.5555631807935698,0));
#6650=DIRECTION('',(0.8724930366398468,0.48862654554882595,0));
#6651=DIRECTION('',(-0.8526409056052352,-0.5224973551020947,0));
#6652=FACE_SURFACE('',(#6657),#6653,.T.);
#6653=PLANE('',#6654);
#6654=AXIS2_PLACEMENT_3D('',#226,#6655,#6656);
#6655=DIRECTION('',(0,0,-1));
#6656=DIRECTION('',(0.9081450954582452,0.41865556916770486,0));
#6657=FACE_BOUND('',#6658,.T.);
#6658=EDGE_LOOP('',(#6659,#6660,#6661));
#6659=ORIENTED_EDGE('',*,*,#6662,.T.);
#6660=ORIENTED_EDGE('',*,*,#6663,.T.);
#6661=ORIENTED_EDGE('',*,*,#6664,.T.);
#6662=EDGE_CURVE('',#227,#223,#6665,.F.);
#6663=EDGE_CURVE('',#223,#219,#6666,.T.);
#6664=EDGE_CURVE('',#219,#227,#6667,.T.);
#6665=LINE('',#226,#6668);
#6666=LINE('',#222,#6669);
#6667=LINE('',#218,#6670);
#6668=VECTOR('',#6671,1.0);
#6669=VECTOR('',#6672,1.0);
#6670=VECTOR('',#6673,1.0);
#6671=DIRECTION('',(0.9081450954582452,0.41865556916770486,0));
#6672=DIRECTION('',(0.9381902659222301,0.34611995742628743,0));
#6673=DIRECTION('',(-0.9238798464169852,-0.38268267452881616,0));
#6674=FACE_SURFACE('',(#6679),#6675,.T.);
#6675=PLANE('',#6676);
#6676=AXIS2_PLACEMENT_3D('',#218,#6677,#6678);
#6677=DIRECTION('',(0,0,-1));
#6678=DIRECTION('',(0.9624533644655963,0.27144708734641815,0));
#6679=FACE_BOUND('',#6680,.T.);
#6680=EDGE_LOOP('',(#6681,#6682,#6683));
#6681=ORIENTED_EDGE('',*,*,#6684,.T.);
#6682=ORIENTED_EDGE('',*,*,#6685,.T.);
#6683=ORIENTED_EDGE('',*,*,#6686,.T.);
#6684=EDGE_CURVE('',#219,#215,#6687,.F.);
#6685=EDGE_CURVE('',#215,#211,#6688,.T.);
#6686=EDGE_CURVE('',#211,#219,#6689,.T.);
#6687=LINE('',#218,#6690);
#6688=LINE('',#214,#6691);
#6689=LINE('',#210,#6692);
#6690=VECTOR('',#6693,1.0);
#6691=VECTOR('',#6694,1.0);
#6692=VECTOR('',#6695,1.0);
#6693=DIRECTION('',(0.9624533644655963,0.27144708734641815,0));
#6694=DIRECTION('',(0.9807850592165264,0.19509143399348614,0));
#6695=DIRECTION('',(-0.9723689837100066,-0.23344926540636002,0));
#6696=FACE_SURFACE('',(#6701),#6697,.T.);
#6697=PLANE('',#6698);
#6698=AXIS2_PLACEMENT_3D('',#210,#6699,#6700);
#6699=DIRECTION('',(0,0,-1));
#6700=DIRECTION('',(0.9930684497124543,0.11753745864915803,0));
#6701=FACE_BOUND('',#6702,.T.);
#6702=EDGE_LOOP('',(#6703,#6704,#6705));
#6703=ORIENTED_EDGE('',*,*,#6706,.T.);
#6704=ORIENTED_EDGE('',*,*,#6707,.T.);
#6705=ORIENTED_EDGE('',*,*,#6708,.T.);
#6706=EDGE_CURVE('',#211,#205,#6709,.F.);
#6707=EDGE_CURVE('',#205,#203,#6710,.T.);
#6708=EDGE_CURVE('',#203,#211,#6711,.T.);
#6709=LINE('',#210,#6712);
#6710=LINE('',#204,#6713);
#6711=LINE('',#202,#6714);
#6712=VECTOR('',#6715,1.0);
#6713=VECTOR('',#6716,1.0);
#6714=VECTOR('',#6717,1.0);
#6715=DIRECTION('',(0.9930684497124543,0.11753745864915803,0));
#6716=DIRECTION('',(0.9992292254376309,0.03925500008039897,0));
#6717=DIRECTION('',(-0.9969175096052816,-0.07845686102823277,0));
#6718=FACE_SURFACE('',(#6723),#6719,.T.);
#6719=PLANE('',#6720);
#6720=AXIS2_PLACEMENT_3D('',#202,#6721,#6722);
#6721=DIRECTION('',(0,0,-1));
#6722=DIRECTION('',(1,0,0));
#6723=FACE_BOUND('',#6724,.T.);
#6724=EDGE_LOOP('',(#6725,#6726,#6727));
#6725=ORIENTED_EDGE('',*,*,#6728,.T.);
#6726=ORIENTED_EDGE('',*,*,#6729,.T.);
#6727=ORIENTED_EDGE('',*,*,#6730,.T.);
#6728=EDGE_CURVE('',#203,#293,#6731,.F.);
#6729=EDGE_CURVE('',#293,#291,#6732,.T.);
#6730=EDGE_CURVE('',#291,#203,#6733,.T.);
#6731=LINE('',#202,#6734);
#6732=LINE('',#292,#6735);
#6733=LINE('',#290,#6736);
#6734=VECTOR('',#6737,1.0);
#6735=VECTOR('',#6738,1.0);
#6736=VECTOR('',#6739,1.0);
#6737=DIRECTION('',(1,0,0));
#6738=DIRECTION('',(0.9992292254376309,-0.03925500008039897,0));
#6739=DIRECTION('',(-0.9999999866574132,0.0001633559710741029,0));
#6740=FACE_SURFACE('',(#6745),#6741,.T.);
#6741=PLANE('',#6742);
#6742=AXIS2_PLACEMENT_3D('',#290,#6743,#6744);
#6743=DIRECTION('',(0,0,-1));
#6744=DIRECTION('',(0.9930684497124543,-0.11753745864915803,0));
#6745=FACE_BOUND('',#6746,.T.);
#6746=EDGE_LOOP('',(#6747,#6748,#6749));
#6747=ORIENTED_EDGE('',*,*,#6750,.T.);
#6748=ORIENTED_EDGE('',*,*,#6751,.T.);
#6749=ORIENTED_EDGE('',*,*,#6752,.T.);
#6750=EDGE_CURVE('',#291,#297,#6753,.F.);
#6751=EDGE_CURVE('',#297,#301,#6754,.T.);
#6752=EDGE_CURVE('',#301,#291,#6755,.T.);
#6753=LINE('',#290,#6756);
#6754=LINE('',#296,#6757);
#6755=LINE('',#300,#6758);
#6756=VECTOR('',#6759,1.0);
#6757=VECTOR('',#6760,1.0);
#6758=VECTOR('',#6761,1.0);
#6759=DIRECTION('',(0.9930684497124543,-0.11753745864915803,0));
#6760=DIRECTION('',(0.9807850592165264,-0.19509143399348614,0));
#6761=DIRECTION('',(-0.9876882467994916,0.15643505724148438,0));
#6762=FACE_SURFACE('',(#6767),#6763,.T.);
#6763=PLANE('',#6764);
#6764=AXIS2_PLACEMENT_3D('',#300,#6765,#6766);
#6765=DIRECTION('',(0,0,-1));
#6766=DIRECTION('',(0.9624533644655963,-0.27144708734641815,0));
#6767=FACE_BOUND('',#6768,.T.);
#6768=EDGE_LOOP('',(#6769,#6770,#6771));
#6769=ORIENTED_EDGE('',*,*,#6772,.T.);
#6770=ORIENTED_EDGE('',*,*,#6773,.T.);
#6771=ORIENTED_EDGE('',*,*,#6774,.T.);
#6772=EDGE_CURVE('',#301,#305,#6775,.F.);
#6773=EDGE_CURVE('',#305,#309,#6776,.T.);
#6774=EDGE_CURVE('',#309,#301,#6777,.T.);
#6775=LINE('',#300,#6778);
#6776=LINE('',#304,#6779);
#6777=LINE('',#308,#6780);
#6778=VECTOR('',#6781,1.0);
#6779=VECTOR('',#6782,1.0);
#6780=VECTOR('',#6783,1.0);
#6781=DIRECTION('',(0.9624533644655963,-0.27144708734641815,0));
#6782=DIRECTION('',(0.9381902659222301,-0.34611995742628743,0));
#6783=DIRECTION('',(-0.9510549983236882,0.30902166617169313,0));
#6784=FACE_SURFACE('',(#6789),#6785,.T.);
#6785=PLANE('',#6786);
#6786=AXIS2_PLACEMENT_3D('',#308,#6787,#6788);
#6787=DIRECTION('',(0,0,-1));
#6788=DIRECTION('',(0.9081450954582452,-0.41865556916770486,0));
#6789=FACE_BOUND('',#6790,.T.);
#6790=EDGE_LOOP('',(#6791,#6792,#6793));
#6791=ORIENTED_EDGE('',*,*,#6794,.T.);
#6792=ORIENTED_EDGE('',*,*,#6795,.T.);
#6793=ORIENTED_EDGE('',*,*,#6796,.T.);
#6794=EDGE_CURVE('',#309,#313,#6797,.F.);
#6795=EDGE_CURVE('',#313,#317,#6798,.T.);
#6796=EDGE_CURVE('',#317,#309,#6799,.T.);
#6797=LINE('',#308,#6800);
#6798=LINE('',#312,#6801);
#6799=LINE('',#316,#6802);
#6800=VECTOR('',#6803,1.0);
#6801=VECTOR('',#6804,1.0);
#6802=VECTOR('',#6805,1.0);
#6803=DIRECTION('',(0.9081450954582452,-0.41865556916770486,0));
#6804=DIRECTION('',(0.8724930366398468,-0.48862654554882595,0));
#6805=DIRECTION('',(-0.8910061006828445,0.4539913309149776,0));
#6806=FACE_SURFACE('',(#6811),#6807,.T.);
#6807=PLANE('',#6808);
#6808=AXIS2_PLACEMENT_3D('',#316,#6809,#6810);
#6809=DIRECTION('',(0,0,-1));
#6810=DIRECTION('',(0.8314743244060705,-0.5555631807935698,0));
#6811=FACE_BOUND('',#6812,.T.);
#6812=EDGE_LOOP('',(#6813,#6814,#6815));
#6813=ORIENTED_EDGE('',*,*,#6816,.T.);
#6814=ORIENTED_EDGE('',*,*,#6817,.T.);
#6815=ORIENTED_EDGE('',*,*,#6818,.T.);
#6816=EDGE_CURVE('',#317,#321,#6819,.F.);
#6817=EDGE_CURVE('',#321,#325,#6820,.T.);
#6818=EDGE_CURVE('',#325,#317,#6821,.T.);
#6819=LINE('',#316,#6822);
#6820=LINE('',#320,#6823);
#6821=LINE('',#324,#6824);
#6822=VECTOR('',#6825,1.0);
#6823=VECTOR('',#6826,1.0);
#6824=VECTOR('',#6827,1.0);
#6825=DIRECTION('',(0.8314743244060705,-0.5555631807935698,0));
#6826=DIRECTION('',(0.7853184495880116,-0.61909202283399,0));
#6827=DIRECTION('',(-0.8090201786918438,0.5877808694313019,0));
#6828=FACE_SURFACE('',(#6833),#6829,.T.);
#6829=PLANE('',#6830);
#6830=AXIS2_PLACEMENT_3D('',#324,#6831,#6832);
#6831=DIRECTION('',(0,0,-1));
#6832=DIRECTION('',(0.7343183672002755,-0.6788052265505337,0));
#6833=FACE_BOUND('',#6834,.T.);
#6834=EDGE_LOOP('',(#6835,#6836,#6837));
#6835=ORIENTED_EDGE('',*,*,#6838,.T.);
#6836=ORIENTED_EDGE('',*,*,#6839,.T.);
#6837=ORIENTED_EDGE('',*,*,#6840,.T.);
#6838=EDGE_CURVE('',#325,#329,#6841,.F.);
#6839=EDGE_CURVE('',#329,#333,#6842,.T.);
#6840=EDGE_CURVE('',#333,#325,#6843,.T.);
#6841=LINE('',#324,#6844);
#6842=LINE('',#328,#6845);
#6843=LINE('',#332,#6846);
#6844=VECTOR('',#6847,1.0);
#6845=VECTOR('',#6848,1.0);
#6846=VECTOR('',#6849,1.0);
#6847=DIRECTION('',(0.7343183672002755,-0.6788052265505337,0));
#6848=DIRECTION('',(0.6788045663964817,-0.7343189774473248,0));
#6849=DIRECTION('',(-0.7071067811865476,0.7071067811865476,0));
#6850=FACE_SURFACE('',(#6855),#6851,.T.);
#6851=PLANE('',#6852);
#6852=AXIS2_PLACEMENT_3D('',#332,#6853,#6854);
#6853=DIRECTION('',(0,0,-1));
#6854=DIRECTION('',(0.6190930798290931,-0.7853176163233117,0));
#6855=FACE_BOUND('',#6856,.T.);
#6856=EDGE_LOOP('',(#6857,#6858,#6859));
#6857=ORIENTED_EDGE('',*,*,#6860,.T.);
#6858=ORIENTED_EDGE('',*,*,#6861,.T.);
#6859=ORIENTED_EDGE('',*,*,#6862,.T.);
#6860=EDGE_CURVE('',#333,#337,#6863,.F.);
#6861=EDGE_CURVE('',#337,#341,#6864,.T.);
#6862=EDGE_CURVE('',#341,#333,#6865,.T.);
#6863=LINE('',#332,#6866);
#6864=LINE('',#336,#6867);
#6865=LINE('',#340,#6868);
#6866=VECTOR('',#6869,1.0);
#6867=VECTOR('',#6870,1.0);
#6868=VECTOR('',#6871,1.0);
#6869=DIRECTION('',(0.6190930798290931,-0.7853176163233117,0));
#6870=DIRECTION('',(0.5555725191353491,-0.8314680847642933,0));
#6871=DIRECTION('',(-0.587786173186088,0.8090163253057717,0));
#6872=FACE_SURFACE('',(#6877),#6873,.T.);
#6873=PLANE('',#6874);
#6874=AXIS2_PLACEMENT_3D('',#340,#6875,#6876);
#6875=DIRECTION('',(0,0,-1));
#6876=DIRECTION('',(0.4886203816559102,-0.8724964886063625,0));
#6877=FACE_BOUND('',#6878,.T.);
#6878=EDGE_LOOP('',(#6879,#6880,#6881));
#6879=ORIENTED_EDGE('',*,*,#6882,.T.);
#6880=ORIENTED_EDGE('',*,*,#6883,.T.);
#6881=ORIENTED_EDGE('',*,*,#6884,.T.);
#6882=EDGE_CURVE('',#341,#345,#6885,.F.);
#6883=EDGE_CURVE('',#345,#349,#6886,.T.);
#6884=EDGE_CURVE('',#349,#341,#6887,.T.);
#6885=LINE('',#340,#6888);
#6886=LINE('',#344,#6889);
#6887=LINE('',#348,#6890);
#6888=VECTOR('',#6891,1.0);
#6889=VECTOR('',#6892,1.0);
#6890=VECTOR('',#6893,1.0);
#6891=DIRECTION('',(0.4886203816559102,-0.8724964886063625,0));
#6892=DIRECTION('',(0.41866224708452476,-0.908142016903819,0));
#6893=DIRECTION('',(-0.4539913309149776,0.8910061006828445,0));
#6894=FACE_SURFACE('',(#6899),#6895,.T.);
#6895=PLANE('',#6896);
#6896=AXIS2_PLACEMENT_3D('',#348,#6897,#6898);
#6897=DIRECTION('',(0,0,-1));
#6898=DIRECTION('',(0.34611732809293827,-0.9381912359395633,0));
#6899=FACE_BOUND('',#6900,.T.);
#6900=EDGE_LOOP('',(#6901,#6902,#6903));
#6901=ORIENTED_EDGE('',*,*,#6904,.T.);
#6902=ORIENTED_EDGE('',*,*,#6905,.T.);
#6903=ORIENTED_EDGE('',*,*,#6906,.T.);
#6904=EDGE_CURVE('',#349,#353,#6907,.F.);
#6905=EDGE_CURVE('',#353,#357,#6908,.T.);
#6906=EDGE_CURVE('',#357,#349,#6909,.T.);
#6907=LINE('',#348,#6910);
#6908=LINE('',#352,#6911);
#6909=LINE('',#356,#6912);
#6910=VECTOR('',#6913,1.0);
#6911=VECTOR('',#6914,1.0);
#6912=VECTOR('',#6915,1.0);
#6913=DIRECTION('',(0.34611732809293827,-0.9381912359395633,0));
#6914=DIRECTION('',(0.271439586847101,-0.9624554798494709,0));
#6915=DIRECTION('',(-0.30901681063751846,0.9510565759950436,0));
#6916=FACE_SURFACE('',(#6921),#6917,.T.);
#6917=PLANE('',#6918);
#6918=AXIS2_PLACEMENT_3D('',#356,#6919,#6920);
#6919=DIRECTION('',(0,0,-1));
#6920=DIRECTION('',(0.19508364505979137,-0.9807866085087955,0));
#6921=FACE_BOUND('',#6922,.T.);
#6922=EDGE_LOOP('',(#6923,#6924,#6925));
#6923=ORIENTED_EDGE('',*,*,#6926,.T.);
#6924=ORIENTED_EDGE('',*,*,#6927,.T.);
#6925=ORIENTED_EDGE('',*,*,#6928,.T.);
#6926=EDGE_CURVE('',#357,#361,#6929,.F.);
#6927=EDGE_CURVE('',#361,#365,#6930,.T.);
#6928=EDGE_CURVE('',#365,#357,#6931,.T.);
#6929=LINE('',#356,#6932);
#6930=LINE('',#360,#6933);
#6931=LINE('',#364,#6934);
#6932=VECTOR('',#6935,1.0);
#6933=VECTOR('',#6936,1.0);
#6934=VECTOR('',#6937,1.0);
#6935=DIRECTION('',(0.19508364505979137,-0.9807866085087955,0));
#6936=DIRECTION('',(0.11753840377205604,-0.9930683378492726,0));
#6937=DIRECTION('',(-0.1564317307254328,0.9876887736641768,0));
#6938=FACE_SURFACE('',(#6943),#6939,.T.);
#6939=PLANE('',#6940);
#6940=AXIS2_PLACEMENT_3D('',#364,#6941,#6942);
#6941=DIRECTION('',(0,-0,-1));
#6942=DIRECTION('',(0.0001133348480996981,-0.999999993577606,0));
#6943=FACE_BOUND('',#6944,.T.);
#6944=EDGE_LOOP('',(#6945,#6946,#6947));
#6945=ORIENTED_EDGE('',*,*,#6948,.T.);
#6946=ORIENTED_EDGE('',*,*,#6949,.T.);
#6947=ORIENTED_EDGE('',*,*,#6950,.T.);
#6948=EDGE_CURVE('',#365,#115,#6951,.F.);
#6949=EDGE_CURVE('',#115,#107,#6952,.T.);
#6950=EDGE_CURVE('',#107,#365,#6953,.T.);
#6951=LINE('',#364,#6954);
#6952=LINE('',#114,#6955);
#6953=LINE('',#106,#6956);
#6954=VECTOR('',#6957,1.0);
#6955=VECTOR('',#6958,1.0);
#6956=VECTOR('',#6959,1.0);
#6957=DIRECTION('',(0.0001133348480996981,-0.999999993577606,0));
#6958=DIRECTION('',(-0.07846088777292828,-0.9969171926945006,0));
#6959=DIRECTION('',(0.0003373399662467654,0.999999943100872,0));
#6960=FACE_SURFACE('',(#6965),#6961,.T.);
#6961=PLANE('',#6962);
#6962=AXIS2_PLACEMENT_3D('',#106,#6963,#6964);
#6963=DIRECTION('',(0,0,-1));
#6964=DIRECTION('',(-0.23344160366027217,-0.9723708231330888,0));
#6965=FACE_BOUND('',#6966,.T.);
#6966=EDGE_LOOP('',(#6967,#6968,#6969));
#6967=ORIENTED_EDGE('',*,*,#6970,.T.);
#6968=ORIENTED_EDGE('',*,*,#6971,.T.);
#6969=ORIENTED_EDGE('',*,*,#6972,.T.);
#6970=EDGE_CURVE('',#107,#99,#6973,.F.);
#6971=EDGE_CURVE('',#99,#91,#6974,.T.);
#6972=EDGE_CURVE('',#91,#107,#6975,.T.);
#6973=LINE('',#106,#6976);
#6974=LINE('',#98,#6977);
#6975=LINE('',#90,#6978);
#6976=VECTOR('',#6979,1.0);
#6977=VECTOR('',#6980,1.0);
#6978=VECTOR('',#6981,1.0);
#6979=DIRECTION('',(-0.23344160366027217,-0.9723708231330888,0));
#6980=DIRECTION('',(-0.38268470036980484,-0.9238790072855172,0));
#6981=DIRECTION('',(0.3090158611181368,0.9510568845118659,0));
#6982=FACE_SURFACE('',(#6987),#6983,.T.);
#6983=PLANE('',#6984);
#6984=AXIS2_PLACEMENT_3D('',#90,#6985,#6986);
#6985=DIRECTION('',(0,0,-1));
#6986=DIRECTION('',(-0.5224991601439903,-0.8526397994750331,0));
#6987=FACE_BOUND('',#6988,.T.);
#6988=EDGE_LOOP('',(#6989,#6990,#6991));
#6989=ORIENTED_EDGE('',*,*,#6992,.T.);
#6990=ORIENTED_EDGE('',*,*,#6993,.T.);
#6991=ORIENTED_EDGE('',*,*,#6994,.T.);
#6992=EDGE_CURVE('',#91,#83,#6995,.F.);
#6993=EDGE_CURVE('',#83,#75,#6996,.T.);
#6994=EDGE_CURVE('',#75,#91,#6997,.T.);
#6995=LINE('',#90,#6998);
#6996=LINE('',#82,#6999);
#6997=LINE('',#74,#7000);
#6998=VECTOR('',#7001,1.0);
#6999=VECTOR('',#7002,1.0);
#7000=VECTOR('',#7003,1.0);
#7001=DIRECTION('',(-0.5224991601439903,-0.8526397994750331,0));
#7002=DIRECTION('',(-0.6494493445178161,-0.7604048585492987,0));
#7003=DIRECTION('',(0.5877863095637764,0.8090162262213263,0));
#7004=FACE_SURFACE('',(#7009),#7005,.T.);
#7005=PLANE('',#7006);
#7006=AXIS2_PLACEMENT_3D('',#74,#7007,#7008);
#7007=DIRECTION('',(0,0,-1));
#7008=DIRECTION('',(-0.7604045665862094,-0.6494496863613372,0));
#7009=FACE_BOUND('',#7010,.T.);
#7010=EDGE_LOOP('',(#7011,#7012,#7013));
#7011=ORIENTED_EDGE('',*,*,#7014,.T.);
#7012=ORIENTED_EDGE('',*,*,#7015,.T.);
#7013=ORIENTED_EDGE('',*,*,#7016,.T.);
#7014=EDGE_CURVE('',#75,#67,#7017,.F.);
#7015=EDGE_CURVE('',#67,#59,#7018,.T.);
#7016=EDGE_CURVE('',#59,#75,#7019,.T.);
#7017=LINE('',#74,#7020);
#7018=LINE('',#66,#7021);
#7019=LINE('',#58,#7022);
#7020=VECTOR('',#7023,1.0);
#7021=VECTOR('',#7024,1.0);
#7022=VECTOR('',#7025,1.0);
#7023=DIRECTION('',(-0.7604045665862094,-0.6494496863613372,0));
#7024=DIRECTION('',(-0.8526409056052352,-0.5224973551020947,0));
#7025=DIRECTION('',(0.8090166640515075,0.5877857069434151,0));
#7026=FACE_SURFACE('',(#7031),#7027,.T.);
#7027=PLANE('',#7028);
#7028=AXIS2_PLACEMENT_3D('',#58,#7029,#7030);
#7029=DIRECTION('',(0,0,-1));
#7030=DIRECTION('',(-0.9238798464169852,-0.38268267452881616,0));
#7031=FACE_BOUND('',#7032,.T.);
#7032=EDGE_LOOP('',(#7033,#7034,#7035));
#7033=ORIENTED_EDGE('',*,*,#7036,.T.);
#7034=ORIENTED_EDGE('',*,*,#7037,.T.);
#7035=ORIENTED_EDGE('',*,*,#7038,.T.);
#7036=EDGE_CURVE('',#59,#51,#7039,.F.);
#7037=EDGE_CURVE('',#51,#43,#7040,.T.);
#7038=EDGE_CURVE('',#43,#59,#7041,.T.);
#7039=LINE('',#58,#7042);
#7040=LINE('',#50,#7043);
#7041=LINE('',#42,#7044);
#7042=VECTOR('',#7045,1.0);
#7043=VECTOR('',#7046,1.0);
#7044=VECTOR('',#7047,1.0);
#7045=DIRECTION('',(-0.9238798464169852,-0.38268267452881616,0));
#7046=DIRECTION('',(-0.9723689837100066,-0.23344926540636002,0));
#7047=DIRECTION('',(0.9510560932423023,0.30901829639471046,0));
#7048=FACE_SURFACE('',(#7053),#7049,.T.);
#7049=PLANE('',#7050);
#7050=AXIS2_PLACEMENT_3D('',#42,#7051,#7052);
#7051=DIRECTION('',(0,0,-1));
#7052=DIRECTION('',(-0.9969175096052816,-0.07845686102823277,0));
#7053=FACE_BOUND('',#7054,.T.);
#7054=EDGE_LOOP('',(#7055,#7056,#7057));
#7055=ORIENTED_EDGE('',*,*,#7058,.T.);
#7056=ORIENTED_EDGE('',*,*,#7059,.T.);
#7057=ORIENTED_EDGE('',*,*,#7060,.T.);
#7058=EDGE_CURVE('',#43,#35,#7061,.F.);
#7059=EDGE_CURVE('',#35,#123,#7062,.T.);
#7060=EDGE_CURVE('',#123,#43,#7063,.T.);
#7061=LINE('',#42,#7064);
#7062=LINE('',#34,#7065);
#7063=LINE('',#122,#7066);
#7064=VECTOR('',#7067,1.0);
#7065=VECTOR('',#7068,1.0);
#7066=VECTOR('',#7069,1.0);
#7067=DIRECTION('',(-0.9969175096052816,-0.07845686102823277,0));
#7068=DIRECTION('',(-0.9999999866574132,0.0001633559710741029,0));
#7069=DIRECTION('',(0.9999998823377727,0.0004851025053868109,0));
#7070=FACE_SURFACE('',(#7075),#7071,.T.);
#7071=PLANE('',#7072);
#7072=AXIS2_PLACEMENT_3D('',#122,#7073,#7074);
#7073=DIRECTION('',(0,0,-1));
#7074=DIRECTION('',(-0.9876882467994916,0.15643505724148438,0));
#7075=FACE_BOUND('',#7076,.T.);
#7076=EDGE_LOOP('',(#7077,#7078,#7079));
#7077=ORIENTED_EDGE('',*,*,#7080,.T.);
#7078=ORIENTED_EDGE('',*,*,#7081,.T.);
#7079=ORIENTED_EDGE('',*,*,#7082,.T.);
#7080=EDGE_CURVE('',#123,#133,#7083,.F.);
#7081=EDGE_CURVE('',#133,#141,#7084,.T.);
#7082=EDGE_CURVE('',#141,#123,#7085,.T.);
#7083=LINE('',#122,#7086);
#7084=LINE('',#132,#7087);
#7085=LINE('',#140,#7088);
#7086=VECTOR('',#7089,1.0);
#7087=VECTOR('',#7090,1.0);
#7088=VECTOR('',#7091,1.0);
#7089=DIRECTION('',(-0.9876882467994916,0.15643505724148438,0));
#7090=DIRECTION('',(-0.9510549983236882,0.30902166617169313,0));
#7091=DIRECTION('',(0.9723692960709552,-0.2334479643485349,0));
#7092=FACE_SURFACE('',(#7097),#7093,.T.);
#7093=PLANE('',#7094);
#7094=AXIS2_PLACEMENT_3D('',#140,#7095,#7096);
#7095=DIRECTION('',(0,0,-1));
#7096=DIRECTION('',(-0.8910061006828445,0.4539913309149776,0));
#7097=FACE_BOUND('',#7098,.T.);
#7098=EDGE_LOOP('',(#7099,#7100,#7101));
#7099=ORIENTED_EDGE('',*,*,#7102,.T.);
#7100=ORIENTED_EDGE('',*,*,#7103,.T.);
#7101=ORIENTED_EDGE('',*,*,#7104,.T.);
#7102=EDGE_CURVE('',#141,#149,#7105,.F.);
#7103=EDGE_CURVE('',#149,#157,#7106,.T.);
#7104=EDGE_CURVE('',#157,#141,#7107,.T.);
#7105=LINE('',#140,#7108);
#7106=LINE('',#148,#7109);
#7107=LINE('',#156,#7110);
#7108=VECTOR('',#7111,1.0);
#7109=VECTOR('',#7112,1.0);
#7110=VECTOR('',#7113,1.0);
#7111=DIRECTION('',(-0.8910061006828445,0.4539913309149776,0));
#7112=DIRECTION('',(-0.8090201786918438,0.5877808694313019,0));
#7113=DIRECTION('',(0.8526414371218431,-0.522496487742069,0));
#7114=FACE_SURFACE('',(#7119),#7115,.T.);
#7115=PLANE('',#7116);
#7116=AXIS2_PLACEMENT_3D('',#156,#7117,#7118);
#7117=DIRECTION('',(0,0,-1));
#7118=DIRECTION('',(-0.7071067811865476,0.7071067811865476,0));
#7119=FACE_BOUND('',#7120,.T.);
#7120=EDGE_LOOP('',(#7121,#7122,#7123));
#7121=ORIENTED_EDGE('',*,*,#7124,.T.);
#7122=ORIENTED_EDGE('',*,*,#7125,.T.);
#7123=ORIENTED_EDGE('',*,*,#7126,.T.);
#7124=EDGE_CURVE('',#157,#165,#7127,.F.);
#7125=EDGE_CURVE('',#165,#173,#7128,.T.);
#7126=EDGE_CURVE('',#173,#157,#7129,.T.);
#7127=LINE('',#156,#7130);
#7128=LINE('',#164,#7131);
#7129=LINE('',#172,#7132);
#7130=VECTOR('',#7133,1.0);
#7131=VECTOR('',#7134,1.0);
#7132=VECTOR('',#7135,1.0);
#7133=DIRECTION('',(-0.7071067811865476,0.7071067811865476,0));
#7134=DIRECTION('',(-0.587786173186088,0.8090163253057717,0));
#7135=DIRECTION('',(0.6494485463204542,-0.7604055402758773,0));
#7136=FACE_SURFACE('',(#7141),#7137,.T.);
#7137=PLANE('',#7138);
#7138=AXIS2_PLACEMENT_3D('',#172,#7139,#7140);
#7139=DIRECTION('',(0,0,-1));
#7140=DIRECTION('',(-0.4539913309149776,0.8910061006828445,0));
#7141=FACE_BOUND('',#7142,.T.);
#7142=EDGE_LOOP('',(#7143,#7144,#7145));
#7143=ORIENTED_EDGE('',*,*,#7146,.T.);
#7144=ORIENTED_EDGE('',*,*,#7147,.T.);
#7145=ORIENTED_EDGE('',*,*,#7148,.T.);
#7146=EDGE_CURVE('',#173,#181,#7149,.F.);
#7147=EDGE_CURVE('',#181,#189,#7150,.T.);
#7148=EDGE_CURVE('',#189,#173,#7151,.T.);
#7149=LINE('',#172,#7152);
#7150=LINE('',#180,#7153);
#7151=LINE('',#188,#7154);
#7152=VECTOR('',#7155,1.0);
#7153=VECTOR('',#7156,1.0);
#7154=VECTOR('',#7157,1.0);
#7155=DIRECTION('',(-0.4539913309149776,0.8910061006828445,0));
#7156=DIRECTION('',(-0.30901681063751846,0.9510565759950436,0));
#7157=DIRECTION('',(0.38268363630091395,-0.9238794480382762,0));
#7158=FACE_SURFACE('',(#7163),#7159,.T.);
#7159=PLANE('',#7160);
#7160=AXIS2_PLACEMENT_3D('',#188,#7161,#7162);
#7161=DIRECTION('',(0,0,-1));
#7162=DIRECTION('',(-0.1564317307254328,0.9876887736641768,0));
#7163=FACE_BOUND('',#7164,.T.);
#7164=EDGE_LOOP('',(#7165,#7166,#7167));
#7165=ORIENTED_EDGE('',*,*,#7168,.T.);
#7166=ORIENTED_EDGE('',*,*,#7169,.T.);
#7167=ORIENTED_EDGE('',*,*,#7170,.T.);
#7168=EDGE_CURVE('',#189,#197,#7171,.F.);
#7169=EDGE_CURVE('',#197,#283,#7172,.T.);
#7170=EDGE_CURVE('',#283,#189,#7173,.T.);
#7171=LINE('',#188,#7174);
#7172=LINE('',#196,#7175);
#7173=LINE('',#282,#7176);
#7174=VECTOR('',#7177,1.0);
#7175=VECTOR('',#7178,1.0);
#7176=VECTOR('',#7179,1.0);
#7177=DIRECTION('',(-0.1564317307254328,0.9876887736641768,0));
#7178=DIRECTION('',(-0.0001133348480996981,0.999999993577606,0));
#7179=DIRECTION('',(0.0010099813819897726,-0.9999994899686739,0));
#7180=FACE_SURFACE('',(#7185),#7181,.T.);
#7181=PLANE('',#7182);
#7182=AXIS2_PLACEMENT_3D('',#282,#7183,#7184);
#7183=DIRECTION('',(0,0,-1));
#7184=DIRECTION('',(0.07846088777292828,0.9969171926945006,0));
#7185=FACE_BOUND('',#7186,.T.);
#7186=EDGE_LOOP('',(#7187,#7188,#7189));
#7187=ORIENTED_EDGE('',*,*,#7190,.T.);
#7188=ORIENTED_EDGE('',*,*,#7191,.T.);
#7189=ORIENTED_EDGE('',*,*,#7192,.T.);
#7190=EDGE_CURVE('',#283,#275,#7193,.F.);
#7191=EDGE_CURVE('',#275,#267,#7194,.T.);
#7192=EDGE_CURVE('',#267,#283,#7195,.T.);
#7193=LINE('',#282,#7196);
#7194=LINE('',#274,#7197);
#7195=LINE('',#266,#7198);
#7196=VECTOR('',#7199,1.0);
#7197=VECTOR('',#7200,1.0);
#7198=VECTOR('',#7201,1.0);
#7199=DIRECTION('',(0.07846088777292828,0.9969171926945006,0));
#7200=DIRECTION('',(0.23344160366027217,0.9723708231330888,0));
#7201=DIRECTION('',(-0.15643349338997917,-0.9876884944889291,0));
#7202=FACE_SURFACE('',(#7207),#7203,.T.);
#7203=PLANE('',#7204);
#7204=AXIS2_PLACEMENT_3D('',#266,#7205,#7206);
#7205=DIRECTION('',(0,0,-1));
#7206=DIRECTION('',(0.38268470036980484,0.9238790072855172,0));
#7207=FACE_BOUND('',#7208,.T.);
#7208=EDGE_LOOP('',(#7209,#7210,#7211));
#7209=ORIENTED_EDGE('',*,*,#7212,.T.);
#7210=ORIENTED_EDGE('',*,*,#7213,.T.);
#7211=ORIENTED_EDGE('',*,*,#7214,.T.);
#7212=EDGE_CURVE('',#267,#259,#7215,.F.);
#7213=EDGE_CURVE('',#259,#251,#7216,.T.);
#7214=EDGE_CURVE('',#251,#267,#7217,.T.);
#7215=LINE('',#266,#7218);
#7216=LINE('',#258,#7219);
#7217=LINE('',#250,#7220);
#7218=VECTOR('',#7221,1.0);
#7219=VECTOR('',#7222,1.0);
#7220=VECTOR('',#7223,1.0);
#7221=DIRECTION('',(0.38268470036980484,0.9238790072855172,0));
#7222=DIRECTION('',(0.5224991601439903,0.8526397994750331,0));
#7223=DIRECTION('',(-0.4539911987924496,-0.8910061680027779,0));
#7224=FACE_SURFACE('',(#7229),#7225,.T.);
#7225=PLANE('',#7226);
#7226=AXIS2_PLACEMENT_3D('',#250,#7227,#7228);
#7227=DIRECTION('',(0,0,-1));
#7228=DIRECTION('',(0.6494493445178161,0.7604048585492987,0));
#7229=FACE_BOUND('',#7230,.T.);
#7230=EDGE_LOOP('',(#7231,#7232,#7233));
#7231=ORIENTED_EDGE('',*,*,#7234,.T.);
#7232=ORIENTED_EDGE('',*,*,#7235,.T.);
#7233=ORIENTED_EDGE('',*,*,#7236,.T.);
#7234=EDGE_CURVE('',#251,#243,#7237,.F.);
#7235=EDGE_CURVE('',#243,#235,#7238,.T.);
#7236=EDGE_CURVE('',#235,#251,#7239,.T.);
#7237=LINE('',#250,#7240);
#7238=LINE('',#242,#7241);
#7239=LINE('',#234,#7242);
#7240=VECTOR('',#7243,1.0);
#7241=VECTOR('',#7244,1.0);
#7242=VECTOR('',#7245,1.0);
#7243=DIRECTION('',(0.6494493445178161,0.7604048585492987,0));
#7244=DIRECTION('',(0.7604045665862094,0.6494496863613372,0));
#7245=DIRECTION('',(-0.7071067811865476,-0.7071067811865476,0));
#7246=FACE_SURFACE('',(#7251),#7247,.T.);
#7247=PLANE('',#7248);
#7248=AXIS2_PLACEMENT_3D('',#234,#7249,#7250);
#7249=DIRECTION('',(0,0,-1));
#7250=DIRECTION('',(0.8526409056052352,0.5224973551020947,0));
#7251=FACE_BOUND('',#7252,.T.);
#7252=EDGE_LOOP('',(#7253,#7254,#7255));
#7253=ORIENTED_EDGE('',*,*,#7256,.T.);
#7254=ORIENTED_EDGE('',*,*,#7257,.T.);
#7255=ORIENTED_EDGE('',*,*,#7258,.T.);
#7256=EDGE_CURVE('',#235,#227,#7259,.F.);
#7257=EDGE_CURVE('',#227,#219,#7260,.T.);
#7258=EDGE_CURVE('',#219,#235,#7261,.T.);
#7259=LINE('',#234,#7262);
#7260=LINE('',#226,#7263);
#7261=LINE('',#218,#7264);
#7262=VECTOR('',#7265,1.0);
#7263=VECTOR('',#7266,1.0);
#7264=VECTOR('',#7267,1.0);
#7265=DIRECTION('',(0.8526409056052352,0.5224973551020947,0));
#7266=DIRECTION('',(0.9238798464169852,0.38268267452881616,0));
#7267=DIRECTION('',(-0.8910069900079346,-0.45398958551601193,0));
#7268=FACE_SURFACE('',(#7273),#7269,.T.);
#7269=PLANE('',#7270);
#7270=AXIS2_PLACEMENT_3D('',#218,#7271,#7272);
#7271=DIRECTION('',(0,0,-1));
#7272=DIRECTION('',(0.9723689837100066,0.23344926540636002,0));
#7273=FACE_BOUND('',#7274,.T.);
#7274=EDGE_LOOP('',(#7275,#7276,#7277));
#7275=ORIENTED_EDGE('',*,*,#7278,.T.);
#7276=ORIENTED_EDGE('',*,*,#7279,.T.);
#7277=ORIENTED_EDGE('',*,*,#7280,.T.);
#7278=EDGE_CURVE('',#219,#211,#7281,.F.);
#7279=EDGE_CURVE('',#211,#203,#7282,.T.);
#7280=EDGE_CURVE('',#203,#219,#7283,.T.);
#7281=LINE('',#218,#7284);
#7282=LINE('',#210,#7285);
#7283=LINE('',#202,#7286);
#7284=VECTOR('',#7287,1.0);
#7285=VECTOR('',#7288,1.0);
#7286=VECTOR('',#7289,1.0);
#7287=DIRECTION('',(0.9723689837100066,0.23344926540636002,0));
#7288=DIRECTION('',(0.9969175096052816,0.07845686102823277,0));
#7289=DIRECTION('',(-0.9876881805114143,-0.15643547576573566,0));
#7290=FACE_SURFACE('',(#7295),#7291,.T.);
#7291=PLANE('',#7292);
#7292=AXIS2_PLACEMENT_3D('',#202,#7293,#7294);
#7293=DIRECTION('',(0,0,-1));
#7294=DIRECTION('',(0.9999999866574132,-0.0001633559710741029,0));
#7295=FACE_BOUND('',#7296,.T.);
#7296=EDGE_LOOP('',(#7297,#7298,#7299));
#7297=ORIENTED_EDGE('',*,*,#7300,.T.);
#7298=ORIENTED_EDGE('',*,*,#7301,.T.);
#7299=ORIENTED_EDGE('',*,*,#7302,.T.);
#7300=EDGE_CURVE('',#203,#291,#7303,.F.);
#7301=EDGE_CURVE('',#291,#301,#7304,.T.);
#7302=EDGE_CURVE('',#301,#203,#7305,.T.);
#7303=LINE('',#202,#7306);
#7304=LINE('',#290,#7307);
#7305=LINE('',#300,#7308);
#7306=VECTOR('',#7309,1.0);
#7307=VECTOR('',#7310,1.0);
#7308=VECTOR('',#7311,1.0);
#7309=DIRECTION('',(0.9999999866574132,-0.0001633559710741029,0));
#7310=DIRECTION('',(0.9876882467994916,-0.15643505724148438,0));
#7311=DIRECTION('',(-0.9999989452534741,0.0014524090123790604,0));
#7312=FACE_SURFACE('',(#7317),#7313,.T.);
#7313=PLANE('',#7314);
#7314=AXIS2_PLACEMENT_3D('',#300,#7315,#7316);
#7315=DIRECTION('',(0,0,-1));
#7316=DIRECTION('',(0.9510549983236882,-0.30902166617169313,0));
#7317=FACE_BOUND('',#7318,.T.);
#7318=EDGE_LOOP('',(#7319,#7320,#7321));
#7319=ORIENTED_EDGE('',*,*,#7322,.T.);
#7320=ORIENTED_EDGE('',*,*,#7323,.T.);
#7321=ORIENTED_EDGE('',*,*,#7324,.T.);
#7322=EDGE_CURVE('',#301,#309,#7325,.F.);
#7323=EDGE_CURVE('',#309,#317,#7326,.T.);
#7324=EDGE_CURVE('',#317,#301,#7327,.T.);
#7325=LINE('',#300,#7328);
#7326=LINE('',#308,#7329);
#7327=LINE('',#316,#7330);
#7328=VECTOR('',#7331,1.0);
#7329=VECTOR('',#7332,1.0);
#7330=VECTOR('',#7333,1.0);
#7331=DIRECTION('',(0.9510549983236882,-0.30902166617169313,0));
#7332=DIRECTION('',(0.8910061006828445,-0.4539913309149776,0));
#7333=DIRECTION('',(-0.9238784319816845,0.38268608926777575,0));
#7334=FACE_SURFACE('',(#7339),#7335,.T.);
#7335=PLANE('',#7336);
#7336=AXIS2_PLACEMENT_3D('',#316,#7337,#7338);
#7337=DIRECTION('',(0,0,-1));
#7338=DIRECTION('',(0.8090201786918438,-0.5877808694313019,0));
#7339=FACE_BOUND('',#7340,.T.);
#7340=EDGE_LOOP('',(#7341,#7342,#7343));
#7341=ORIENTED_EDGE('',*,*,#7344,.T.);
#7342=ORIENTED_EDGE('',*,*,#7345,.T.);
#7343=ORIENTED_EDGE('',*,*,#7346,.T.);
#7344=EDGE_CURVE('',#317,#325,#7347,.F.);
#7345=EDGE_CURVE('',#325,#333,#7348,.T.);
#7346=EDGE_CURVE('',#333,#317,#7349,.T.);
#7347=LINE('',#316,#7350);
#7348=LINE('',#324,#7351);
#7349=LINE('',#332,#7352);
#7350=VECTOR('',#7353,1.0);
#7351=VECTOR('',#7354,1.0);
#7352=VECTOR('',#7355,1.0);
#7353=DIRECTION('',(0.8090201786918438,-0.5877808694313019,0));
#7354=DIRECTION('',(0.7071067811865476,-0.7071067811865476,0));
#7355=DIRECTION('',(-0.7604075473643166,0.6494461963175894,0));
#7356=FACE_SURFACE('',(#7361),#7357,.T.);
#7357=PLANE('',#7358);
#7358=AXIS2_PLACEMENT_3D('',#332,#7359,#7360);
#7359=DIRECTION('',(0,0,-1));
#7360=DIRECTION('',(0.587786173186088,-0.8090163253057717,0));
#7361=FACE_BOUND('',#7362,.T.);
#7362=EDGE_LOOP('',(#7363,#7364,#7365));
#7363=ORIENTED_EDGE('',*,*,#7366,.T.);
#7364=ORIENTED_EDGE('',*,*,#7367,.T.);
#7365=ORIENTED_EDGE('',*,*,#7368,.T.);
#7366=EDGE_CURVE('',#333,#341,#7369,.F.);
#7367=EDGE_CURVE('',#341,#349,#7370,.T.);
#7368=EDGE_CURVE('',#349,#333,#7371,.T.);
#7369=LINE('',#332,#7372);
#7370=LINE('',#340,#7373);
#7371=LINE('',#348,#7374);
#7372=VECTOR('',#7375,1.0);
#7373=VECTOR('',#7376,1.0);
#7374=VECTOR('',#7377,1.0);
#7375=DIRECTION('',(0.587786173186088,-0.8090163253057717,0));
#7376=DIRECTION('',(0.4539913309149776,-0.8910061006828445,0));
#7377=DIRECTION('',(-0.5224994424121745,0.852639626500532,0));
#7378=FACE_SURFACE('',(#7383),#7379,.T.);
#7379=PLANE('',#7380);
#7380=AXIS2_PLACEMENT_3D('',#348,#7381,#7382);
#7381=DIRECTION('',(0,0,-1));
#7382=DIRECTION('',(0.30901681063751846,-0.9510565759950436,0));
#7383=FACE_BOUND('',#7384,.T.);
#7384=EDGE_LOOP('',(#7385,#7386,#7387));
#7385=ORIENTED_EDGE('',*,*,#7388,.T.);
#7386=ORIENTED_EDGE('',*,*,#7389,.T.);
#7387=ORIENTED_EDGE('',*,*,#7390,.T.);
#7388=EDGE_CURVE('',#349,#357,#7391,.F.);
#7389=EDGE_CURVE('',#357,#365,#7392,.T.);
#7390=EDGE_CURVE('',#365,#349,#7393,.T.);
#7391=LINE('',#348,#7394);
#7392=LINE('',#356,#7395);
#7393=LINE('',#364,#7396);
#7394=VECTOR('',#7397,1.0);
#7395=VECTOR('',#7398,1.0);
#7396=VECTOR('',#7399,1.0);
#7397=DIRECTION('',(0.30901681063751846,-0.9510565759950436,0));
#7398=DIRECTION('',(0.1564317307254328,-0.9876887736641768,0));
#7399=DIRECTION('',(-0.23344412162843556,0.9723702186292669,0));
#7400=FACE_SURFACE('',(#7405),#7401,.T.);
#7401=PLANE('',#7402);
#7402=AXIS2_PLACEMENT_3D('',#364,#7403,#7404);
#7403=DIRECTION('',(0,0,-1));
#7404=DIRECTION('',(-0.0003373399662467654,-0.999999943100872,0));
#7405=FACE_BOUND('',#7406,.T.);
#7406=EDGE_LOOP('',(#7407,#7408,#7409));
#7407=ORIENTED_EDGE('',*,*,#7410,.T.);
#7408=ORIENTED_EDGE('',*,*,#7411,.T.);
#7409=ORIENTED_EDGE('',*,*,#7412,.T.);
#7410=EDGE_CURVE('',#365,#107,#7413,.F.);
#7411=EDGE_CURVE('',#107,#91,#7414,.T.);
#7412=EDGE_CURVE('',#91,#365,#7415,.T.);
#7413=LINE('',#364,#7416);
#7414=LINE('',#106,#7417);
#7415=LINE('',#90,#7418);
#7416=VECTOR('',#7419,1.0);
#7417=VECTOR('',#7420,1.0);
#7418=VECTOR('',#7421,1.0);
#7419=DIRECTION('',(-0.0003373399662467654,-0.999999943100872,0));
#7420=DIRECTION('',(-0.3090158611181368,-0.9510568845118659,0));
#7421=DIRECTION('',(0.003829572871624268,0.9999926671589252,0));
#7422=FACE_SURFACE('',(#7427),#7423,.T.);
#7423=PLANE('',#7424);
#7424=AXIS2_PLACEMENT_3D('',#90,#7425,#7426);
#7425=DIRECTION('',(0,0,-1));
#7426=DIRECTION('',(-0.5877863095637764,-0.8090162262213263,0));
#7427=FACE_BOUND('',#7428,.T.);
#7428=EDGE_LOOP('',(#7429,#7430,#7431));
#7429=ORIENTED_EDGE('',*,*,#7432,.T.);
#7430=ORIENTED_EDGE('',*,*,#7433,.T.);
#7431=ORIENTED_EDGE('',*,*,#7434,.T.);
#7432=EDGE_CURVE('',#91,#75,#7435,.F.);
#7433=EDGE_CURVE('',#75,#59,#7436,.T.);
#7434=EDGE_CURVE('',#59,#91,#7437,.T.);
#7435=LINE('',#90,#7438);
#7436=LINE('',#74,#7439);
#7437=LINE('',#58,#7440);
#7438=VECTOR('',#7441,1.0);
#7439=VECTOR('',#7442,1.0);
#7440=VECTOR('',#7443,1.0);
#7441=DIRECTION('',(-0.5877863095637764,-0.8090162262213263,0));
#7442=DIRECTION('',(-0.8090166640515075,-0.5877857069434151,0));
#7443=DIRECTION('',(0.7071072955457168,0.707106266827004,0));
#7444=FACE_SURFACE('',(#7449),#7445,.T.);
#7445=PLANE('',#7446);
#7446=AXIS2_PLACEMENT_3D('',#58,#7447,#7448);
#7447=DIRECTION('',(0,0,-1));
#7448=DIRECTION('',(-0.9510560932423023,-0.30901829639471046,0));
#7449=FACE_BOUND('',#7450,.T.);
#7450=EDGE_LOOP('',(#7451,#7452,#7453));
#7451=ORIENTED_EDGE('',*,*,#7454,.T.);
#7452=ORIENTED_EDGE('',*,*,#7455,.T.);
#7453=ORIENTED_EDGE('',*,*,#7456,.T.);
#7454=EDGE_CURVE('',#59,#43,#7457,.F.);
#7455=EDGE_CURVE('',#43,#123,#7458,.T.);
#7456=EDGE_CURVE('',#123,#59,#7459,.T.);
#7457=LINE('',#58,#7460);
#7458=LINE('',#42,#7461);
#7459=LINE('',#122,#7462);
#7460=VECTOR('',#7463,1.0);
#7461=VECTOR('',#7464,1.0);
#7462=VECTOR('',#7465,1.0);
#7463=DIRECTION('',(-0.9510560932423023,-0.30901829639471046,0));
#7464=DIRECTION('',(-0.9999998823377727,-0.0004851025053868109,0));
#7465=DIRECTION('',(0.9999849782642222,0.005481171946127164,0));
#7466=FACE_SURFACE('',(#7471),#7467,.T.);
#7467=PLANE('',#7468);
#7468=AXIS2_PLACEMENT_3D('',#122,#7469,#7470);
#7469=DIRECTION('',(0,0,-1));
#7470=DIRECTION('',(-0.9723692960709552,0.2334479643485349,0));
#7471=FACE_BOUND('',#7472,.T.);
#7472=EDGE_LOOP('',(#7473,#7474,#7475));
#7473=ORIENTED_EDGE('',*,*,#7476,.T.);
#7474=ORIENTED_EDGE('',*,*,#7477,.T.);
#7475=ORIENTED_EDGE('',*,*,#7478,.T.);
#7476=EDGE_CURVE('',#123,#141,#7479,.F.);
#7477=EDGE_CURVE('',#141,#157,#7480,.T.);
#7478=EDGE_CURVE('',#157,#123,#7481,.T.);
#7479=LINE('',#122,#7482);
#7480=LINE('',#140,#7483);
#7481=LINE('',#156,#7484);
#7482=VECTOR('',#7485,1.0);
#7483=VECTOR('',#7486,1.0);
#7484=VECTOR('',#7487,1.0);
#7485=DIRECTION('',(-0.9723692960709552,0.2334479643485349,0));
#7486=DIRECTION('',(-0.8526414371218431,0.522496487742069,0));
#7487=DIRECTION('',(0.9238796160927492,-0.3826832305815273,0));
#7488=FACE_SURFACE('',(#7493),#7489,.T.);
#7489=PLANE('',#7490);
#7490=AXIS2_PLACEMENT_3D('',#156,#7491,#7492);
#7491=DIRECTION('',(0,0,-1));
#7492=DIRECTION('',(-0.6494485463204542,0.7604055402758773,0));
#7493=FACE_BOUND('',#7494,.T.);
#7494=EDGE_LOOP('',(#7495,#7496,#7497));
#7495=ORIENTED_EDGE('',*,*,#7498,.T.);
#7496=ORIENTED_EDGE('',*,*,#7499,.T.);
#7497=ORIENTED_EDGE('',*,*,#7500,.T.);
#7498=EDGE_CURVE('',#157,#173,#7501,.F.);
#7499=EDGE_CURVE('',#173,#189,#7502,.T.);
#7500=EDGE_CURVE('',#189,#157,#7503,.T.);
#7501=LINE('',#156,#7504);
#7502=LINE('',#172,#7505);
#7503=LINE('',#188,#7506);
#7504=VECTOR('',#7507,1.0);
#7505=VECTOR('',#7508,1.0);
#7506=VECTOR('',#7509,1.0);
#7507=DIRECTION('',(-0.6494485463204542,0.7604055402758773,0));
#7508=DIRECTION('',(-0.38268363630091395,0.9238794480382762,0));
#7509=DIRECTION('',(0.5224988790913859,-0.8526399717044969,0));
#7510=FACE_SURFACE('',(#7515),#7511,.T.);
#7511=PLANE('',#7512);
#7512=AXIS2_PLACEMENT_3D('',#188,#7513,#7514);
#7513=DIRECTION('',(0,0,-1));
#7514=DIRECTION('',(-0.0010099813819897726,0.9999994899686739,0));
#7515=FACE_BOUND('',#7516,.T.);
#7516=EDGE_LOOP('',(#7517,#7518,#7519));
#7517=ORIENTED_EDGE('',*,*,#7520,.T.);
#7518=ORIENTED_EDGE('',*,*,#7521,.T.);
#7519=ORIENTED_EDGE('',*,*,#7522,.T.);
#7520=EDGE_CURVE('',#189,#283,#7523,.F.);
#7521=EDGE_CURVE('',#283,#267,#7524,.T.);
#7522=EDGE_CURVE('',#267,#189,#7525,.T.);
#7523=LINE('',#188,#7526);
#7524=LINE('',#282,#7527);
#7525=LINE('',#266,#7528);
#7526=VECTOR('',#7529,1.0);
#7527=VECTOR('',#7530,1.0);
#7528=VECTOR('',#7531,1.0);
#7529=DIRECTION('',(-0.0010099813819897726,0.9999994899686739,0));
#7530=DIRECTION('',(0.15643349338997917,0.9876884944889291,0));
#7531=DIRECTION('',(-0.0007703860165747497,-0.9999997032526486,0));
#7532=FACE_SURFACE('',(#7537),#7533,.T.);
#7533=PLANE('',#7534);
#7534=AXIS2_PLACEMENT_3D('',#266,#7535,#7536);
#7535=DIRECTION('',(0,0,-1));
#7536=DIRECTION('',(0.4539911987924496,0.8910061680027779,0));
#7537=FACE_BOUND('',#7538,.T.);
#7538=EDGE_LOOP('',(#7539,#7540,#7541));
#7539=ORIENTED_EDGE('',*,*,#7542,.T.);
#7540=ORIENTED_EDGE('',*,*,#7543,.T.);
#7541=ORIENTED_EDGE('',*,*,#7544,.T.);
#7542=EDGE_CURVE('',#267,#251,#7545,.F.);
#7543=EDGE_CURVE('',#251,#235,#7546,.T.);
#7544=EDGE_CURVE('',#235,#267,#7547,.T.);
#7545=LINE('',#266,#7548);
#7546=LINE('',#250,#7549);
#7547=LINE('',#234,#7550);
#7548=VECTOR('',#7551,1.0);
#7549=VECTOR('',#7552,1.0);
#7550=VECTOR('',#7553,1.0);
#7551=DIRECTION('',(0.4539911987924496,0.8910061680027779,0));
#7552=DIRECTION('',(0.7071067811865476,0.7071067811865476,0));
#7553=DIRECTION('',(-0.5877857280599537,-0.8090166487094256,0));
#7554=FACE_SURFACE('',(#7559),#7555,.T.);
#7555=PLANE('',#7556);
#7556=AXIS2_PLACEMENT_3D('',#234,#7557,#7558);
#7557=DIRECTION('',(0,0,-1));
#7558=DIRECTION('',(0.8910069900079346,0.45398958551601193,0));
#7559=FACE_BOUND('',#7560,.T.);
#7560=EDGE_LOOP('',(#7561,#7562,#7563));
#7561=ORIENTED_EDGE('',*,*,#7564,.T.);
#7562=ORIENTED_EDGE('',*,*,#7565,.T.);
#7563=ORIENTED_EDGE('',*,*,#7566,.T.);
#7564=EDGE_CURVE('',#235,#219,#7567,.F.);
#7565=EDGE_CURVE('',#219,#203,#7568,.T.);
#7566=EDGE_CURVE('',#203,#235,#7569,.T.);
#7567=LINE('',#234,#7570);
#7568=LINE('',#218,#7571);
#7569=LINE('',#202,#7572);
#7570=VECTOR('',#7573,1.0);
#7571=VECTOR('',#7574,1.0);
#7572=VECTOR('',#7575,1.0);
#7573=DIRECTION('',(0.8910069900079346,0.45398958551601193,0));
#7574=DIRECTION('',(0.9876881805114143,0.15643547576573566,0));
#7575=DIRECTION('',(-0.9510565793876115,-0.30901680019626115,0));
#7576=FACE_SURFACE('',(#7581),#7577,.T.);
#7577=PLANE('',#7578);
#7578=AXIS2_PLACEMENT_3D('',#202,#7579,#7580);
#7579=DIRECTION('',(0,0,-1));
#7580=DIRECTION('',(0.9999989452534741,-0.0014524090123790604,0));
#7581=FACE_BOUND('',#7582,.T.);
#7582=EDGE_LOOP('',(#7583,#7584,#7585));
#7583=ORIENTED_EDGE('',*,*,#7586,.T.);
#7584=ORIENTED_EDGE('',*,*,#7587,.T.);
#7585=ORIENTED_EDGE('',*,*,#7588,.T.);
#7586=EDGE_CURVE('',#203,#301,#7589,.F.);
#7587=EDGE_CURVE('',#301,#317,#7590,.T.);
#7588=EDGE_CURVE('',#317,#203,#7591,.T.);
#7589=LINE('',#202,#7592);
#7590=LINE('',#300,#7593);
#7591=LINE('',#316,#7594);
#7592=VECTOR('',#7595,1.0);
#7593=VECTOR('',#7596,1.0);
#7594=VECTOR('',#7597,1.0);
#7595=DIRECTION('',(0.9999989452534741,-0.0014524090123790604,0));
#7596=DIRECTION('',(0.9238784319816845,-0.38268608926777575,0));
#7597=DIRECTION('',(-0.9999708904018298,0.007630094951669643,0));
#7598=FACE_SURFACE('',(#7603),#7599,.T.);
#7599=PLANE('',#7600);
#7600=AXIS2_PLACEMENT_3D('',#316,#7601,#7602);
#7601=DIRECTION('',(0,0,-1));
#7602=DIRECTION('',(0.7604075473643166,-0.6494461963175894,0));
#7603=FACE_BOUND('',#7604,.T.);
#7604=EDGE_LOOP('',(#7605,#7606,#7607));
#7605=ORIENTED_EDGE('',*,*,#7608,.T.);
#7606=ORIENTED_EDGE('',*,*,#7609,.T.);
#7607=ORIENTED_EDGE('',*,*,#7610,.T.);
#7608=EDGE_CURVE('',#317,#333,#7611,.F.);
#7609=EDGE_CURVE('',#333,#349,#7612,.T.);
#7610=EDGE_CURVE('',#349,#317,#7613,.T.);
#7611=LINE('',#316,#7614);
#7612=LINE('',#332,#7615);
#7613=LINE('',#348,#7616);
#7614=VECTOR('',#7617,1.0);
#7615=VECTOR('',#7618,1.0);
#7616=VECTOR('',#7619,1.0);
#7617=DIRECTION('',(0.7604075473643166,-0.6494461963175894,0));
#7618=DIRECTION('',(0.5224994424121745,-0.852639626500532,0));
#7619=DIRECTION('',(-0.6494492708354261,0.7604049214802159,0));
#7620=FACE_SURFACE('',(#7625),#7621,.T.);
#7621=PLANE('',#7622);
#7622=AXIS2_PLACEMENT_3D('',#348,#7623,#7624);
#7623=DIRECTION('',(0,-0,-1));
#7624=DIRECTION('',(0.23344412162843556,-0.9723702186292669,0));
#7625=FACE_BOUND('',#7626,.T.);
#7626=EDGE_LOOP('',(#7627,#7628,#7629));
#7627=ORIENTED_EDGE('',*,*,#7630,.T.);
#7628=ORIENTED_EDGE('',*,*,#7631,.T.);
#7629=ORIENTED_EDGE('',*,*,#7632,.T.);
#7630=EDGE_CURVE('',#349,#365,#7633,.F.);
#7631=EDGE_CURVE('',#365,#91,#7634,.T.);
#7632=EDGE_CURVE('',#91,#349,#7635,.T.);
#7633=LINE('',#348,#7636);
#7634=LINE('',#364,#7637);
#7635=LINE('',#90,#7638);
#7636=VECTOR('',#7639,1.0);
#7637=VECTOR('',#7640,1.0);
#7638=VECTOR('',#7641,1.0);
#7639=DIRECTION('',(0.23344412162843556,-0.9723702186292669,0));
#7640=DIRECTION('',(-0.003829572871624268,-0.9999926671589252,0));
#7641=DIRECTION('',(0.0011757196023722467,0.9999993088414695,0));
#7642=FACE_SURFACE('',(#7647),#7643,.T.);
#7643=PLANE('',#7644);
#7644=AXIS2_PLACEMENT_3D('',#90,#7645,#7646);
#7645=DIRECTION('',(0,0,-1));
#7646=DIRECTION('',(-0.7071072955457168,-0.707106266827004,0));
#7647=FACE_BOUND('',#7648,.T.);
#7648=EDGE_LOOP('',(#7649,#7650,#7651));
#7649=ORIENTED_EDGE('',*,*,#7652,.T.);
#7650=ORIENTED_EDGE('',*,*,#7653,.T.);
#7651=ORIENTED_EDGE('',*,*,#7654,.T.);
#7652=EDGE_CURVE('',#91,#59,#7655,.F.);
#7653=EDGE_CURVE('',#59,#123,#7656,.T.);
#7654=EDGE_CURVE('',#123,#91,#7657,.T.);
#7655=LINE('',#90,#7658);
#7656=LINE('',#58,#7659);
#7657=LINE('',#122,#7660);
#7658=VECTOR('',#7661,1.0);
#7659=VECTOR('',#7662,1.0);
#7660=VECTOR('',#7663,1.0);
#7661=DIRECTION('',(-0.7071072955457168,-0.707106266827004,0));
#7662=DIRECTION('',(-0.9999849782642222,-0.005481171946127164,0));
#7663=DIRECTION('',(0.9996227264481601,0.027466429843478513,0));
#7664=FACE_SURFACE('',(#7669),#7665,.T.);
#7665=PLANE('',#7666);
#7666=AXIS2_PLACEMENT_3D('',#122,#7667,#7668);
#7667=DIRECTION('',(0,0,-1));
#7668=DIRECTION('',(-0.9238796160927492,0.3826832305815273,0));
#7669=FACE_BOUND('',#7670,.T.);
#7670=EDGE_LOOP('',(#7671,#7672,#7673));
#7671=ORIENTED_EDGE('',*,*,#7674,.T.);
#7672=ORIENTED_EDGE('',*,*,#7675,.T.);
#7673=ORIENTED_EDGE('',*,*,#7676,.T.);
#7674=EDGE_CURVE('',#123,#157,#7677,.F.);
#7675=EDGE_CURVE('',#157,#189,#7678,.T.);
#7676=EDGE_CURVE('',#189,#123,#7679,.T.);
#7677=LINE('',#122,#7680);
#7678=LINE('',#156,#7681);
#7679=LINE('',#188,#7682);
#7680=VECTOR('',#7683,1.0);
#7681=VECTOR('',#7684,1.0);
#7682=VECTOR('',#7685,1.0);
#7683=DIRECTION('',(-0.9238796160927492,0.3826832305815273,0));
#7684=DIRECTION('',(-0.5224988790913859,0.8526399717044969,0));
#7685=DIRECTION('',(0.760406045149308,-0.6494479551899357,0));
#7686=FACE_SURFACE('',(#7691),#7687,.T.);
#7687=PLANE('',#7688);
#7688=AXIS2_PLACEMENT_3D('',#188,#7689,#7690);
#7689=DIRECTION('',(0,0,-1));
#7690=DIRECTION('',(0.0007703860165747497,0.9999997032526486,0));
#7691=FACE_BOUND('',#7692,.T.);
#7692=EDGE_LOOP('',(#7693,#7694,#7695));
#7693=ORIENTED_EDGE('',*,*,#7696,.T.);
#7694=ORIENTED_EDGE('',*,*,#7697,.T.);
#7695=ORIENTED_EDGE('',*,*,#7698,.T.);
#7696=EDGE_CURVE('',#189,#267,#7699,.F.);
#7697=EDGE_CURVE('',#267,#235,#7700,.T.);
#7698=EDGE_CURVE('',#235,#189,#7701,.T.);
#7699=LINE('',#188,#7702);
#7700=LINE('',#266,#7703);
#7701=LINE('',#234,#7704);
#7702=VECTOR('',#7705,1.0);
#7703=VECTOR('',#7706,1.0);
#7704=VECTOR('',#7707,1.0);
#7705=DIRECTION('',(0.0007703860165747497,0.9999997032526486,0));
#7706=DIRECTION('',(0.5877857280599537,0.8090166487094256,0));
#7707=DIRECTION('',(-0.013653056495116648,-0.9999067926803683,0));
#7708=FACE_SURFACE('',(#7713),#7709,.T.);
#7709=PLANE('',#7710);
#7710=AXIS2_PLACEMENT_3D('',#234,#7711,#7712);
#7711=DIRECTION('',(0,0,-1));
#7712=DIRECTION('',(0.9510565793876115,0.30901680019626115,0));
#7713=FACE_BOUND('',#7714,.T.);
#7714=EDGE_LOOP('',(#7715,#7716,#7717));
#7715=ORIENTED_EDGE('',*,*,#7718,.T.);
#7716=ORIENTED_EDGE('',*,*,#7719,.T.);
#7717=ORIENTED_EDGE('',*,*,#7720,.T.);
#7718=EDGE_CURVE('',#235,#203,#7721,.F.);
#7719=EDGE_CURVE('',#203,#317,#7722,.T.);
#7720=EDGE_CURVE('',#317,#235,#7723,.T.);
#7721=LINE('',#234,#7724);
#7722=LINE('',#202,#7725);
#7723=LINE('',#316,#7726);
#7724=VECTOR('',#7727,1.0);
#7725=VECTOR('',#7728,1.0);
#7726=VECTOR('',#7729,1.0);
#7727=DIRECTION('',(0.9510565793876115,0.30901680019626115,0));
#7728=DIRECTION('',(0.9999708904018298,-0.007630094951669643,0));
#7729=DIRECTION('',(-0.9999975974759727,-0.002192040666203482,0));
#7730=FACE_SURFACE('',(#7735),#7731,.T.);
#7731=PLANE('',#7732);
#7732=AXIS2_PLACEMENT_3D('',#316,#7733,#7734);
#7733=DIRECTION('',(0,0,-1));
#7734=DIRECTION('',(0.6494492708354261,-0.7604049214802159,0));
#7735=FACE_BOUND('',#7736,.T.);
#7736=EDGE_LOOP('',(#7737,#7738,#7739));
#7737=ORIENTED_EDGE('',*,*,#7740,.T.);
#7738=ORIENTED_EDGE('',*,*,#7741,.T.);
#7739=ORIENTED_EDGE('',*,*,#7742,.T.);
#7740=EDGE_CURVE('',#317,#349,#7743,.F.);
#7741=EDGE_CURVE('',#349,#91,#7744,.T.);
#7742=EDGE_CURVE('',#91,#317,#7745,.T.);
#7743=LINE('',#316,#7746);
#7744=LINE('',#348,#7747);
#7745=LINE('',#90,#7748);
#7746=VECTOR('',#7749,1.0);
#7747=VECTOR('',#7750,1.0);
#7748=VECTOR('',#7751,1.0);
#7749=DIRECTION('',(0.6494492708354261,-0.7604049214802159,0));
#7750=DIRECTION('',(-0.0011757196023722467,-0.9999993088414695,0));
#7751=DIRECTION('',(-0.012960869697014384,0.999916004400718,0));
#7752=FACE_SURFACE('',(#7757),#7753,.T.);
#7753=PLANE('',#7754);
#7754=AXIS2_PLACEMENT_3D('',#90,#7755,#7756);
#7755=DIRECTION('',(-0,0,-1));
#7756=DIRECTION('',(-0.9996227264481601,-0.027466429843478513,0));
#7757=FACE_BOUND('',#7758,.T.);
#7758=EDGE_LOOP('',(#7759,#7760,#7761));
#7759=ORIENTED_EDGE('',*,*,#7762,.T.);
#7760=ORIENTED_EDGE('',*,*,#7763,.T.);
#7761=ORIENTED_EDGE('',*,*,#7764,.T.);
#7762=EDGE_CURVE('',#91,#123,#7765,.F.);
#7763=EDGE_CURVE('',#123,#189,#7766,.T.);
#7764=EDGE_CURVE('',#189,#91,#7767,.T.);
#7765=LINE('',#90,#7768);
#7766=LINE('',#122,#7769);
#7767=LINE('',#188,#7770);
#7768=VECTOR('',#7771,1.0);
#7769=VECTOR('',#7772,1.0);
#7770=VECTOR('',#7773,1.0);
#7771=DIRECTION('',(-0.9996227264481601,-0.027466429843478513,0));
#7772=DIRECTION('',(-0.760406045149308,0.6494479551899357,0));
#7773=DIRECTION('',(0.9999429905358654,-0.010677812425304039,0));
#7774=FACE_SURFACE('',(#7779),#7775,.T.);
#7775=PLANE('',#7776);
#7776=AXIS2_PLACEMENT_3D('',#188,#7777,#7778);
#7777=DIRECTION('',(0,0,-1));
#7778=DIRECTION('',(0.013653056495116648,0.9999067926803683,0));
#7779=FACE_BOUND('',#7780,.T.);
#7780=EDGE_LOOP('',(#7781,#7782,#7783));
#7781=ORIENTED_EDGE('',*,*,#7784,.T.);
#7782=ORIENTED_EDGE('',*,*,#7785,.T.);
#7783=ORIENTED_EDGE('',*,*,#7786,.T.);
#7784=EDGE_CURVE('',#189,#235,#7787,.F.);
#7785=EDGE_CURVE('',#235,#317,#7788,.T.);
#7786=EDGE_CURVE('',#317,#189,#7789,.T.);
#7787=LINE('',#188,#7790);
#7788=LINE('',#234,#7791);
#7789=LINE('',#316,#7792);
#7790=VECTOR('',#7793,1.0);
#7791=VECTOR('',#7794,1.0);
#7792=VECTOR('',#7795,1.0);
#7793=DIRECTION('',(0.013653056495116648,0.9999067926803683,0));
#7794=DIRECTION('',(0.9999975974759727,0.002192040666203482,0));
#7795=DIRECTION('',(-0.5838134353031079,-0.8118878449389324,0));
#7796=FACE_SURFACE('',(#7801),#7797,.T.);
#7797=PLANE('',#7798);
#7798=AXIS2_PLACEMENT_3D('',#90,#7799,#7800);
#7799=DIRECTION('',(0,0,-1));
#7800=DIRECTION('',(-0.9999429905358654,0.010677812425304039,0));
#7801=FACE_BOUND('',#7802,.T.);
#7802=EDGE_LOOP('',(#7803,#7804,#7805));
#7803=ORIENTED_EDGE('',*,*,#7806,.T.);
#7804=ORIENTED_EDGE('',*,*,#7807,.T.);
#7805=ORIENTED_EDGE('',*,*,#7808,.T.);
#7806=EDGE_CURVE('',#91,#189,#7809,.F.);
#7807=EDGE_CURVE('',#189,#317,#7810,.T.);
#7808=EDGE_CURVE('',#317,#91,#7811,.T.);
#7809=LINE('',#90,#7812);
#7810=LINE('',#188,#7813);
#7811=LINE('',#316,#7814);
#7812=VECTOR('',#7815,1.0);
#7813=VECTOR('',#7816,1.0);
#7814=VECTOR('',#7817,1.0);
#7815=DIRECTION('',(-0.9999429905358654,0.010677812425304039,0));
#7816=DIRECTION('',(0.5838134353031079,0.8118878449389324,0));
#7817=DIRECTION('',(0.012960869697014384,-0.999916004400718,0));
#7818=FACE_SURFACE('',(#7823),#7819,.T.);
#7819=PLANE('',#7820);
#7820=AXIS2_PLACEMENT_3D('',#370,#7821,#7822);
#7821=DIRECTION('',(-1,0,0));
#7822=DIRECTION('',(0,0,1));
#7823=FACE_BOUND('',#7824,.T.);
#7824=EDGE_LOOP('',(#7825,#7826,#7827));
#7825=ORIENTED_EDGE('',*,*,#7828,.T.);
#7826=ORIENTED_EDGE('',*,*,#7829,.T.);
#7827=ORIENTED_EDGE('',*,*,#7830,.T.);
#7828=EDGE_CURVE('',#371,#373,#7831,.F.);
#7829=EDGE_CURVE('',#373,#375,#7832,.T.);
#7830=EDGE_CURVE('',#375,#371,#7833,.T.);
#7831=LINE('',#370,#7834);
#7832=LINE('',#372,#7835);
#7833=LINE('',#374,#7836);
#7834=VECTOR('',#7837,1.0);
#7835=VECTOR('',#7838,1.0);
#7836=VECTOR('',#7839,1.0);
#7837=DIRECTION('',(0,0,1));
#7838=DIRECTION('',(0,1,0));
#7839=DIRECTION('',(0,-0.9980621696301667,-0.06222463783039838));
#7840=FACE_SURFACE('',(#7845),#7841,.T.);
#7841=PLANE('',#7842);
#7842=AXIS2_PLACEMENT_3D('',#370,#7843,#7844);
#7843=DIRECTION('',(-1,0,0));
#7844=DIRECTION('',(0,0.9980621696301667,0.06222463783039838));
#7845=FACE_BOUND('',#7846,.T.);
#7846=EDGE_LOOP('',(#7847,#7848,#7849));
#7847=ORIENTED_EDGE('',*,*,#7850,.T.);
#7848=ORIENTED_EDGE('',*,*,#7851,.T.);
#7849=ORIENTED_EDGE('',*,*,#7852,.T.);
#7850=EDGE_CURVE('',#371,#375,#7853,.F.);
#7851=EDGE_CURVE('',#375,#377,#7854,.T.);
#7852=EDGE_CURVE('',#377,#371,#7855,.T.);
#7853=LINE('',#370,#7856);
#7854=LINE('',#374,#7857);
#7855=LINE('',#376,#7858);
#7856=VECTOR('',#7859,1.0);
#7857=VECTOR('',#7860,1.0);
#7858=VECTOR('',#7861,1.0);
#7859=DIRECTION('',(0,0.9980621696301667,0.06222463783039838));
#7860=DIRECTION('',(0,0,-1));
#7861=DIRECTION('',(0,-1,0));
#7862=FACE_SURFACE('',(#7867),#7863,.T.);
#7863=PLANE('',#7864);
#7864=AXIS2_PLACEMENT_3D('',#376,#7865,#7866);
#7865=DIRECTION('',(0,1,0));
#7866=DIRECTION('',(0,0,1));
#7867=FACE_BOUND('',#7868,.T.);
#7868=EDGE_LOOP('',(#7869,#7870,#7871));
#7869=ORIENTED_EDGE('',*,*,#7872,.T.);
#7870=ORIENTED_EDGE('',*,*,#7873,.T.);
#7871=ORIENTED_EDGE('',*,*,#7874,.T.);
#7872=EDGE_CURVE('',#377,#375,#7875,.F.);
#7873=EDGE_CURVE('',#375,#379,#7876,.T.);
#7874=EDGE_CURVE('',#379,#377,#7877,.T.);
#7875=LINE('',#376,#7878);
#7876=LINE('',#374,#7879);
#7877=LINE('',#378,#7880);
#7878=VECTOR('',#7881,1.0);
#7879=VECTOR('',#7882,1.0);
#7880=VECTOR('',#7883,1.0);
#7881=DIRECTION('',(0,0,1));
#7882=DIRECTION('',(1,0,0));
#7883=DIRECTION('',(-0.9956161461287057,0,-0.09353336072131516));
#7884=FACE_SURFACE('',(#7889),#7885,.T.);
#7885=PLANE('',#7886);
#7886=AXIS2_PLACEMENT_3D('',#376,#7887,#7888);
#7887=DIRECTION('',(0,1,0));
#7888=DIRECTION('',(0.9956161461287057,0,0.09353336072131516));
#7889=FACE_BOUND('',#7890,.T.);
#7890=EDGE_LOOP('',(#7891,#7892,#7893));
#7891=ORIENTED_EDGE('',*,*,#7894,.T.);
#7892=ORIENTED_EDGE('',*,*,#7895,.T.);
#7893=ORIENTED_EDGE('',*,*,#7896,.T.);
#7894=EDGE_CURVE('',#377,#379,#7897,.F.);
#7895=EDGE_CURVE('',#379,#381,#7898,.T.);
#7896=EDGE_CURVE('',#381,#377,#7899,.T.);
#7897=LINE('',#376,#7900);
#7898=LINE('',#378,#7901);
#7899=LINE('',#380,#7902);
#7900=VECTOR('',#7903,1.0);
#7901=VECTOR('',#7904,1.0);
#7902=VECTOR('',#7905,1.0);
#7903=DIRECTION('',(0.9956161461287057,0,0.09353336072131516));
#7904=DIRECTION('',(0,0,-1));
#7905=DIRECTION('',(-1,0,0));
#7906=FACE_SURFACE('',(#7911),#7907,.T.);
#7907=PLANE('',#7908);
#7908=AXIS2_PLACEMENT_3D('',#380,#7909,#7910);
#7909=DIRECTION('',(1,0,-0));
#7910=DIRECTION('',(0,0,1));
#7911=FACE_BOUND('',#7912,.T.);
#7912=EDGE_LOOP('',(#7913,#7914,#7915));
#7913=ORIENTED_EDGE('',*,*,#7916,.T.);
#7914=ORIENTED_EDGE('',*,*,#7917,.T.);
#7915=ORIENTED_EDGE('',*,*,#7918,.T.);
#7916=EDGE_CURVE('',#381,#379,#7919,.F.);
#7917=EDGE_CURVE('',#379,#383,#7920,.T.);
#7918=EDGE_CURVE('',#383,#381,#7921,.T.);
#7919=LINE('',#380,#7922);
#7920=LINE('',#378,#7923);
#7921=LINE('',#382,#7924);
#7922=VECTOR('',#7925,1.0);
#7923=VECTOR('',#7926,1.0);
#7924=VECTOR('',#7927,1.0);
#7925=DIRECTION('',(0,0,1));
#7926=DIRECTION('',(0,-1,0));
#7927=DIRECTION('',(0,0.9980621696301667,-0.06222463783039838));
#7928=FACE_SURFACE('',(#7933),#7929,.T.);
#7929=PLANE('',#7930);
#7930=AXIS2_PLACEMENT_3D('',#380,#7931,#7932);
#7931=DIRECTION('',(1,0,0));
#7932=DIRECTION('',(0,-0.9980621696301667,0.06222463783039838));
#7933=FACE_BOUND('',#7934,.T.);
#7934=EDGE_LOOP('',(#7935,#7936,#7937));
#7935=ORIENTED_EDGE('',*,*,#7938,.T.);
#7936=ORIENTED_EDGE('',*,*,#7939,.T.);
#7937=ORIENTED_EDGE('',*,*,#7940,.T.);
#7938=EDGE_CURVE('',#381,#383,#7941,.F.);
#7939=EDGE_CURVE('',#383,#385,#7942,.T.);
#7940=EDGE_CURVE('',#385,#381,#7943,.T.);
#7941=LINE('',#380,#7944);
#7942=LINE('',#382,#7945);
#7943=LINE('',#384,#7946);
#7944=VECTOR('',#7947,1.0);
#7945=VECTOR('',#7948,1.0);
#7946=VECTOR('',#7949,1.0);
#7947=DIRECTION('',(0,-0.9980621696301667,0.06222463783039838));
#7948=DIRECTION('',(0,0,-1));
#7949=DIRECTION('',(0,1,0));
#7950=FACE_SURFACE('',(#7955),#7951,.T.);
#7951=PLANE('',#7952);
#7952=AXIS2_PLACEMENT_3D('',#384,#7953,#7954);
#7953=DIRECTION('',(0,-1,0));
#7954=DIRECTION('',(0,0,1));
#7955=FACE_BOUND('',#7956,.T.);
#7956=EDGE_LOOP('',(#7957,#7958,#7959));
#7957=ORIENTED_EDGE('',*,*,#7960,.T.);
#7958=ORIENTED_EDGE('',*,*,#7961,.T.);
#7959=ORIENTED_EDGE('',*,*,#7962,.T.);
#7960=EDGE_CURVE('',#385,#383,#7963,.F.);
#7961=EDGE_CURVE('',#383,#373,#7964,.T.);
#7962=EDGE_CURVE('',#373,#385,#7965,.T.);
#7963=LINE('',#384,#7966);
#7964=LINE('',#382,#7967);
#7965=LINE('',#372,#7968);
#7966=VECTOR('',#7969,1.0);
#7967=VECTOR('',#7970,1.0);
#7968=VECTOR('',#7971,1.0);
#7969=DIRECTION('',(0,0,1));
#7970=DIRECTION('',(-1,0,0));
#7971=DIRECTION('',(0.9956161461287057,0,-0.09353336072131516));
#7972=FACE_SURFACE('',(#7977),#7973,.T.);
#7973=PLANE('',#7974);
#7974=AXIS2_PLACEMENT_3D('',#384,#7975,#7976);
#7975=DIRECTION('',(0,-1,0));
#7976=DIRECTION('',(-0.9956161461287057,0,0.09353336072131516));
#7977=FACE_BOUND('',#7978,.T.);
#7978=EDGE_LOOP('',(#7979,#7980,#7981));
#7979=ORIENTED_EDGE('',*,*,#7982,.T.);
#7980=ORIENTED_EDGE('',*,*,#7983,.T.);
#7981=ORIENTED_EDGE('',*,*,#7984,.T.);
#7982=EDGE_CURVE('',#385,#373,#7985,.F.);
#7983=EDGE_CURVE('',#373,#371,#7986,.T.);
#7984=EDGE_CURVE('',#371,#385,#7987,.T.);
#7985=LINE('',#384,#7988);
#7986=LINE('',#372,#7989);
#7987=LINE('',#370,#7990);
#7988=VECTOR('',#7991,1.0);
#7989=VECTOR('',#7992,1.0);
#7990=VECTOR('',#7993,1.0);
#7991=DIRECTION('',(-0.9956161461287057,0,0.09353336072131516));
#7992=DIRECTION('',(0,0,-1));
#7993=DIRECTION('',(1,0,0));
#7994=FACE_SURFACE('',(#7999),#7995,.T.);
#7995=PLANE('',#7996);
#7996=AXIS2_PLACEMENT_3D('',#376,#7997,#7998);
#7997=DIRECTION('',(0,0,-1));
#7998=DIRECTION('',(1,0,0));
#7999=FACE_BOUND('',#8000,.T.);
#8000=EDGE_LOOP('',(#8001,#8002,#8003));
#8001=ORIENTED_EDGE('',*,*,#8004,.T.);
#8002=ORIENTED_EDGE('',*,*,#8005,.T.);
#8003=ORIENTED_EDGE('',*,*,#8006,.T.);
#8004=EDGE_CURVE('',#377,#381,#8007,.F.);
#8005=EDGE_CURVE('',#381,#385,#8008,.T.);
#8006=EDGE_CURVE('',#385,#377,#8009,.T.);
#8007=LINE('',#376,#8010);
#8008=LINE('',#380,#8011);
#8009=LINE('',#384,#8012);
#8010=VECTOR('',#8013,1.0);
#8011=VECTOR('',#8014,1.0);
#8012=VECTOR('',#8015,1.0);
#8013=DIRECTION('',(1,0,0));
#8014=DIRECTION('',(0,-1,0));
#8015=DIRECTION('',(-0.5529509711736555,0.8332137921794809,0));
#8016=FACE_SURFACE('',(#8021),#8017,.T.);
#8017=PLANE('',#8018);
#8018=AXIS2_PLACEMENT_3D('',#376,#8019,#8020);
#8019=DIRECTION('',(0,0,-1));
#8020=DIRECTION('',(0.5529509711736555,-0.8332137921794809,0));
#8021=FACE_BOUND('',#8022,.T.);
#8022=EDGE_LOOP('',(#8023,#8024,#8025));
#8023=ORIENTED_EDGE('',*,*,#8026,.T.);
#8024=ORIENTED_EDGE('',*,*,#8027,.T.);
#8025=ORIENTED_EDGE('',*,*,#8028,.T.);
#8026=EDGE_CURVE('',#377,#385,#8029,.F.);
#8027=EDGE_CURVE('',#385,#371,#8030,.T.);
#8028=EDGE_CURVE('',#371,#377,#8031,.T.);
#8029=LINE('',#376,#8032);
#8030=LINE('',#384,#8033);
#8031=LINE('',#370,#8034);
#8032=VECTOR('',#8035,1.0);
#8033=VECTOR('',#8036,1.0);
#8034=VECTOR('',#8037,1.0);
#8035=DIRECTION('',(0.5529509711736555,-0.8332137921794809,0));
#8036=DIRECTION('',(-1,0,0));
#8037=DIRECTION('',(0,1,0));
#8038=FACE_SURFACE('',(#8043),#8039,.T.);
#8039=PLANE('',#8040);
#8040=AXIS2_PLACEMENT_3D('',#378,#8041,#8042);
#8041=DIRECTION('',(0,0,1));
#8042=DIRECTION('',(-1,0,0));
#8043=FACE_BOUND('',#8044,.T.);
#8044=EDGE_LOOP('',(#8045,#8046,#8047));
#8045=ORIENTED_EDGE('',*,*,#8048,.T.);
#8046=ORIENTED_EDGE('',*,*,#8049,.T.);
#8047=ORIENTED_EDGE('',*,*,#8050,.T.);
#8048=EDGE_CURVE('',#379,#375,#8051,.F.);
#8049=EDGE_CURVE('',#375,#373,#8052,.T.);
#8050=EDGE_CURVE('',#373,#379,#8053,.T.);
#8051=LINE('',#378,#8054);
#8052=LINE('',#374,#8055);
#8053=LINE('',#372,#8056);
#8054=VECTOR('',#8057,1.0);
#8055=VECTOR('',#8058,1.0);
#8056=VECTOR('',#8059,1.0);
#8057=DIRECTION('',(-1,0,0));
#8058=DIRECTION('',(0,-1,0));
#8059=DIRECTION('',(0.5529509711736555,0.8332137921794809,0));
#8060=FACE_SURFACE('',(#8065),#8061,.T.);
#8061=PLANE('',#8062);
#8062=AXIS2_PLACEMENT_3D('',#378,#8063,#8064);
#8063=DIRECTION('',(0,0,1));
#8064=DIRECTION('',(-0.5529509711736555,-0.8332137921794809,0));
#8065=FACE_BOUND('',#8066,.T.);
#8066=EDGE_LOOP('',(#8067,#8068,#8069));
#8067=ORIENTED_EDGE('',*,*,#8070,.T.);
#8068=ORIENTED_EDGE('',*,*,#8071,.T.);
#8069=ORIENTED_EDGE('',*,*,#8072,.T.);
#8070=EDGE_CURVE('',#379,#373,#8073,.F.);
#8071=EDGE_CURVE('',#373,#383,#8074,.T.);
#8072=EDGE_CURVE('',#383,#379,#8075,.T.);
#8073=LINE('',#378,#8076);
#8074=LINE('',#372,#8077);
#8075=LINE('',#382,#8078);
#8076=VECTOR('',#8079,1.0);
#8077=VECTOR('',#8080,1.0);
#8078=VECTOR('',#8081,1.0);
#8079=DIRECTION('',(-0.5529509711736555,-0.8332137921794809,0));
#8080=DIRECTION('',(1,0,0));
#8081=DIRECTION('',(0,1,0));
#8082=FACE_SURFACE('',(#8087),#8083,.T.);
#8083=PLANE('',#8084);
#8084=AXIS2_PLACEMENT_3D('',#386,#8085,#8086);
#8085=DIRECTION('',(0.0980153865742542,0.9951848994004578,-0));
#8086=DIRECTION('',(0,0,1));
#8087=FACE_BOUND('',#8088,.T.);
#8088=EDGE_LOOP('',(#8089,#8090,#8091));
#8089=ORIENTED_EDGE('',*,*,#8092,.T.);
#8090=ORIENTED_EDGE('',*,*,#8093,.T.);
#8091=ORIENTED_EDGE('',*,*,#8094,.T.);
#8092=EDGE_CURVE('',#387,#389,#8095,.F.);
#8093=EDGE_CURVE('',#389,#391,#8096,.T.);
#8094=EDGE_CURVE('',#391,#387,#8097,.T.);
#8095=LINE('',#386,#8098);
#8096=LINE('',#388,#8099);
#8097=LINE('',#390,#8100);
#8098=VECTOR('',#8101,1.0);
#8099=VECTOR('',#8102,1.0);
#8100=VECTOR('',#8103,1.0);
#8101=DIRECTION('',(0,0,1));
#8102=DIRECTION('',(0.9951848994004578,-0.0980153865742542,0));
#8103=DIRECTION('',(-0.129286188747089,0.012733348120929185,-0.9915255635861757));
#8104=FACE_SURFACE('',(#8109),#8105,.T.);
#8105=PLANE('',#8106);
#8106=AXIS2_PLACEMENT_3D('',#386,#8107,#8108);
#8107=DIRECTION('',(0.0980153865742542,0.9951848994004578,0));
#8108=DIRECTION('',(0.129286188747089,-0.012733348120929185,0.9915255635861757));
#8109=FACE_BOUND('',#8110,.T.);
#8110=EDGE_LOOP('',(#8111,#8112,#8113));
#8111=ORIENTED_EDGE('',*,*,#8114,.T.);
#8112=ORIENTED_EDGE('',*,*,#8115,.T.);
#8113=ORIENTED_EDGE('',*,*,#8116,.T.);
#8114=EDGE_CURVE('',#387,#391,#8117,.F.);
#8115=EDGE_CURVE('',#391,#393,#8118,.T.);
#8116=EDGE_CURVE('',#393,#387,#8119,.T.);
#8117=LINE('',#386,#8120);
#8118=LINE('',#390,#8121);
#8119=LINE('',#392,#8122);
#8120=VECTOR('',#8123,1.0);
#8121=VECTOR('',#8124,1.0);
#8122=VECTOR('',#8125,1.0);
#8123=DIRECTION('',(0.129286188747089,-0.012733348120929185,0.9915255635861757));
#8124=DIRECTION('',(0,0,-1));
#8125=DIRECTION('',(-0.9951848994004578,0.0980153865742542,0));
#8126=FACE_SURFACE('',(#8131),#8127,.T.);
#8127=PLANE('',#8128);
#8128=AXIS2_PLACEMENT_3D('',#392,#8129,#8130);
#8129=DIRECTION('',(0.29028311113420446,0.9569408108081958,-0));
#8130=DIRECTION('',(0,0,1));
#8131=FACE_BOUND('',#8132,.T.);
#8132=EDGE_LOOP('',(#8133,#8134,#8135));
#8133=ORIENTED_EDGE('',*,*,#8136,.T.);
#8134=ORIENTED_EDGE('',*,*,#8137,.T.);
#8135=ORIENTED_EDGE('',*,*,#8138,.T.);
#8136=EDGE_CURVE('',#393,#391,#8139,.F.);
#8137=EDGE_CURVE('',#391,#395,#8140,.T.);
#8138=EDGE_CURVE('',#395,#393,#8141,.T.);
#8139=LINE('',#392,#8142);
#8140=LINE('',#390,#8143);
#8141=LINE('',#394,#8144);
#8142=VECTOR('',#8145,1.0);
#8143=VECTOR('',#8146,1.0);
#8144=VECTOR('',#8147,1.0);
#8145=DIRECTION('',(0,0,1));
#8146=DIRECTION('',(0.9569408108081958,-0.29028311113420446,0));
#8147=DIRECTION('',(-0.12431780994141159,0.03771117317977658,-0.9915255667650613));
#8148=FACE_SURFACE('',(#8153),#8149,.T.);
#8149=PLANE('',#8150);
#8150=AXIS2_PLACEMENT_3D('',#392,#8151,#8152);
#8151=DIRECTION('',(0.29028311113420446,0.9569408108081958,0));
#8152=DIRECTION('',(0.12431780994141159,-0.03771117317977658,0.9915255667650613));
#8153=FACE_BOUND('',#8154,.T.);
#8154=EDGE_LOOP('',(#8155,#8156,#8157));
#8155=ORIENTED_EDGE('',*,*,#8158,.T.);
#8156=ORIENTED_EDGE('',*,*,#8159,.T.);
#8157=ORIENTED_EDGE('',*,*,#8160,.T.);
#8158=EDGE_CURVE('',#393,#395,#8161,.F.);
#8159=EDGE_CURVE('',#395,#397,#8162,.T.);
#8160=EDGE_CURVE('',#397,#393,#8163,.T.);
#8161=LINE('',#392,#8164);
#8162=LINE('',#394,#8165);
#8163=LINE('',#396,#8166);
#8164=VECTOR('',#8167,1.0);
#8165=VECTOR('',#8168,1.0);
#8166=VECTOR('',#8169,1.0);
#8167=DIRECTION('',(0.12431780994141159,-0.03771117317977658,0.9915255667650613));
#8168=DIRECTION('',(0,0,-1));
#8169=DIRECTION('',(-0.9569408108081958,0.29028311113420446,0));
#8170=FACE_SURFACE('',(#8175),#8171,.T.);
#8171=PLANE('',#8172);
#8172=AXIS2_PLACEMENT_3D('',#396,#8173,#8174);
#8173=DIRECTION('',(0.4713988643292742,0.8819201271708627,-0));
#8174=DIRECTION('',(0,0,1));
#8175=FACE_BOUND('',#8176,.T.);
#8176=EDGE_LOOP('',(#8177,#8178,#8179));
#8177=ORIENTED_EDGE('',*,*,#8180,.T.);
#8178=ORIENTED_EDGE('',*,*,#8181,.T.);
#8179=ORIENTED_EDGE('',*,*,#8182,.T.);
#8180=EDGE_CURVE('',#397,#395,#8183,.F.);
#8181=EDGE_CURVE('',#395,#399,#8184,.T.);
#8182=EDGE_CURVE('',#399,#397,#8185,.T.);
#8183=LINE('',#396,#8186);
#8184=LINE('',#394,#8187);
#8185=LINE('',#398,#8188);
#8186=VECTOR('',#8189,1.0);
#8187=VECTOR('',#8190,1.0);
#8188=VECTOR('',#8191,1.0);
#8189=DIRECTION('',(0,0,1));
#8190=DIRECTION('',(0.8819201271708627,-0.4713988643292742,0));
#8191=DIRECTION('',(-0.11457196869354473,0.061240348487525166,-0.9915255335627075));
#8192=FACE_SURFACE('',(#8197),#8193,.T.);
#8193=PLANE('',#8194);
#8194=AXIS2_PLACEMENT_3D('',#396,#8195,#8196);
#8195=DIRECTION('',(0.4713988643292742,0.8819201271708627,0));
#8196=DIRECTION('',(0.11457196869354473,-0.061240348487525166,0.9915255335627075));
#8197=FACE_BOUND('',#8198,.T.);
#8198=EDGE_LOOP('',(#8199,#8200,#8201));
#8199=ORIENTED_EDGE('',*,*,#8202,.T.);
#8200=ORIENTED_EDGE('',*,*,#8203,.T.);
#8201=ORIENTED_EDGE('',*,*,#8204,.T.);
#8202=EDGE_CURVE('',#397,#399,#8205,.F.);
#8203=EDGE_CURVE('',#399,#401,#8206,.T.);
#8204=EDGE_CURVE('',#401,#397,#8207,.T.);
#8205=LINE('',#396,#8208);
#8206=LINE('',#398,#8209);
#8207=LINE('',#400,#8210);
#8208=VECTOR('',#8211,1.0);
#8209=VECTOR('',#8212,1.0);
#8210=VECTOR('',#8213,1.0);
#8211=DIRECTION('',(0.11457196869354473,-0.061240348487525166,0.9915255335627075));
#8212=DIRECTION('',(0,0,-1));
#8213=DIRECTION('',(-0.8819201271708627,0.4713988643292742,0));
#8214=FACE_SURFACE('',(#8219),#8215,.T.);
#8215=PLANE('',#8216);
#8216=AXIS2_PLACEMENT_3D('',#400,#8217,#8218);
#8217=DIRECTION('',(0.6343927907945467,0.773010858260029,-0));
#8218=DIRECTION('',(0,0,1));
#8219=FACE_BOUND('',#8220,.T.);
#8220=EDGE_LOOP('',(#8221,#8222,#8223));
#8221=ORIENTED_EDGE('',*,*,#8224,.T.);
#8222=ORIENTED_EDGE('',*,*,#8225,.T.);
#8223=ORIENTED_EDGE('',*,*,#8226,.T.);
#8224=EDGE_CURVE('',#401,#399,#8227,.F.);
#8225=EDGE_CURVE('',#399,#403,#8228,.T.);
#8226=EDGE_CURVE('',#403,#401,#8229,.T.);
#8227=LINE('',#400,#8230);
#8228=LINE('',#398,#8231);
#8229=LINE('',#402,#8232);
#8230=VECTOR('',#8233,1.0);
#8231=VECTOR('',#8234,1.0);
#8232=VECTOR('',#8235,1.0);
#8233=DIRECTION('',(0,0,1));
#8234=DIRECTION('',(0.773010858260029,-0.6343927907945467,0));
#8235=DIRECTION('',(-0.10042310291751798,0.08241500341080839,-0.9915255758744773));
#8236=FACE_SURFACE('',(#8241),#8237,.T.);
#8237=PLANE('',#8238);
#8238=AXIS2_PLACEMENT_3D('',#400,#8239,#8240);
#8239=DIRECTION('',(0.6343927907945467,0.773010858260029,0));
#8240=DIRECTION('',(0.10042310291751798,-0.08241500341080839,0.9915255758744773));
#8241=FACE_BOUND('',#8242,.T.);
#8242=EDGE_LOOP('',(#8243,#8244,#8245));
#8243=ORIENTED_EDGE('',*,*,#8246,.T.);
#8244=ORIENTED_EDGE('',*,*,#8247,.T.);
#8245=ORIENTED_EDGE('',*,*,#8248,.T.);
#8246=EDGE_CURVE('',#401,#403,#8249,.F.);
#8247=EDGE_CURVE('',#403,#405,#8250,.T.);
#8248=EDGE_CURVE('',#405,#401,#8251,.T.);
#8249=LINE('',#400,#8252);
#8250=LINE('',#402,#8253);
#8251=LINE('',#404,#8254);
#8252=VECTOR('',#8255,1.0);
#8253=VECTOR('',#8256,1.0);
#8254=VECTOR('',#8257,1.0);
#8255=DIRECTION('',(0.10042310291751798,-0.08241500341080839,0.9915255758744773));
#8256=DIRECTION('',(0,0,-1));
#8257=DIRECTION('',(-0.773010858260029,0.6343927907945467,0));
#8258=FACE_SURFACE('',(#8263),#8259,.T.);
#8259=PLANE('',#8260);
#8260=AXIS2_PLACEMENT_3D('',#404,#8261,#8262);
#8261=DIRECTION('',(0.7730095681934261,0.634394362744037,-0));
#8262=DIRECTION('',(0,0,1));
#8263=FACE_BOUND('',#8264,.T.);
#8264=EDGE_LOOP('',(#8265,#8266,#8267));
#8265=ORIENTED_EDGE('',*,*,#8268,.T.);
#8266=ORIENTED_EDGE('',*,*,#8269,.T.);
#8267=ORIENTED_EDGE('',*,*,#8270,.T.);
#8268=EDGE_CURVE('',#405,#403,#8271,.F.);
#8269=EDGE_CURVE('',#403,#407,#8272,.T.);
#8270=EDGE_CURVE('',#407,#405,#8273,.T.);
#8271=LINE('',#404,#8274);
#8272=LINE('',#402,#8275);
#8273=LINE('',#406,#8276);
#8274=VECTOR('',#8277,1.0);
#8275=VECTOR('',#8278,1.0);
#8276=VECTOR('',#8279,1.0);
#8277=DIRECTION('',(0,0,1));
#8278=DIRECTION('',(0.634394362744037,-0.7730095681934261,0));
#8279=DIRECTION('',(-0.08241515211260524,0.10042286768059609,-0.9915255873395611));
#8280=FACE_SURFACE('',(#8285),#8281,.T.);
#8281=PLANE('',#8282);
#8282=AXIS2_PLACEMENT_3D('',#404,#8283,#8284);
#8283=DIRECTION('',(0.7730095681934261,0.634394362744037,0));
#8284=DIRECTION('',(0.08241515211260524,-0.10042286768059609,0.9915255873395611));
#8285=FACE_BOUND('',#8286,.T.);
#8286=EDGE_LOOP('',(#8287,#8288,#8289));
#8287=ORIENTED_EDGE('',*,*,#8290,.T.);
#8288=ORIENTED_EDGE('',*,*,#8291,.T.);
#8289=ORIENTED_EDGE('',*,*,#8292,.T.);
#8290=EDGE_CURVE('',#405,#407,#8293,.F.);
#8291=EDGE_CURVE('',#407,#409,#8294,.T.);
#8292=EDGE_CURVE('',#409,#405,#8295,.T.);
#8293=LINE('',#404,#8296);
#8294=LINE('',#406,#8297);
#8295=LINE('',#408,#8298);
#8296=VECTOR('',#8299,1.0);
#8297=VECTOR('',#8300,1.0);
#8298=VECTOR('',#8301,1.0);
#8299=DIRECTION('',(0.08241515211260524,-0.10042286768059609,0.9915255873395611));
#8300=DIRECTION('',(0,0,-1));
#8301=DIRECTION('',(-0.634394362744037,0.7730095681934261,0));
#8302=FACE_SURFACE('',(#8307),#8303,.T.);
#8303=PLANE('',#8304);
#8304=AXIS2_PLACEMENT_3D('',#408,#8305,#8306);
#8305=DIRECTION('',(0.8819227146707735,0.47139402345355763,-0));
#8306=DIRECTION('',(0,0,1));
#8307=FACE_BOUND('',#8308,.T.);
#8308=EDGE_LOOP('',(#8309,#8310,#8311));
#8309=ORIENTED_EDGE('',*,*,#8312,.T.);
#8310=ORIENTED_EDGE('',*,*,#8313,.T.);
#8311=ORIENTED_EDGE('',*,*,#8314,.T.);
#8312=EDGE_CURVE('',#409,#407,#8315,.F.);
#8313=EDGE_CURVE('',#407,#411,#8316,.T.);
#8314=EDGE_CURVE('',#411,#409,#8317,.T.);
#8315=LINE('',#408,#8318);
#8316=LINE('',#406,#8319);
#8317=LINE('',#410,#8320);
#8318=VECTOR('',#8321,1.0);
#8319=VECTOR('',#8322,1.0);
#8320=VECTOR('',#8323,1.0);
#8321=DIRECTION('',(0,0,1));
#8322=DIRECTION('',(0.47139402345355763,-0.8819227146707735,0));
#8323=DIRECTION('',(-0.06123993115901329,0.11457270064292473,-0.9915254747604956));
#8324=FACE_SURFACE('',(#8329),#8325,.T.);
#8325=PLANE('',#8326);
#8326=AXIS2_PLACEMENT_3D('',#408,#8327,#8328);
#8327=DIRECTION('',(0.8819227146707735,0.47139402345355763,0));
#8328=DIRECTION('',(0.06123993115901329,-0.11457270064292473,0.9915254747604956));
#8329=FACE_BOUND('',#8330,.T.);
#8330=EDGE_LOOP('',(#8331,#8332,#8333));
#8331=ORIENTED_EDGE('',*,*,#8334,.T.);
#8332=ORIENTED_EDGE('',*,*,#8335,.T.);
#8333=ORIENTED_EDGE('',*,*,#8336,.T.);
#8334=EDGE_CURVE('',#409,#411,#8337,.F.);
#8335=EDGE_CURVE('',#411,#413,#8338,.T.);
#8336=EDGE_CURVE('',#413,#409,#8339,.T.);
#8337=LINE('',#408,#8340);
#8338=LINE('',#410,#8341);
#8339=LINE('',#412,#8342);
#8340=VECTOR('',#8343,1.0);
#8341=VECTOR('',#8344,1.0);
#8342=VECTOR('',#8345,1.0);
#8343=DIRECTION('',(0.06123993115901329,-0.11457270064292473,0.9915254747604956));
#8344=DIRECTION('',(0,0,-1));
#8345=DIRECTION('',(-0.47139402345355763,0.8819227146707735,0));
#8346=FACE_SURFACE('',(#8351),#8347,.T.);
#8347=PLANE('',#8348);
#8348=AXIS2_PLACEMENT_3D('',#412,#8349,#8350);
#8349=DIRECTION('',(0.9569404203303825,0.2902843983715121,-0));
#8350=DIRECTION('',(0,0,1));
#8351=FACE_BOUND('',#8352,.T.);
#8352=EDGE_LOOP('',(#8353,#8354,#8355));
#8353=ORIENTED_EDGE('',*,*,#8356,.T.);
#8354=ORIENTED_EDGE('',*,*,#8357,.T.);
#8355=ORIENTED_EDGE('',*,*,#8358,.T.);
#8356=EDGE_CURVE('',#413,#411,#8359,.F.);
#8357=EDGE_CURVE('',#411,#415,#8360,.T.);
#8358=EDGE_CURVE('',#415,#413,#8361,.T.);
#8359=LINE('',#412,#8362);
#8360=LINE('',#410,#8363);
#8361=LINE('',#414,#8364);
#8362=VECTOR('',#8365,1.0);
#8363=VECTOR('',#8366,1.0);
#8364=VECTOR('',#8367,1.0);
#8365=DIRECTION('',(0,0,1));
#8366=DIRECTION('',(0.2902843983715121,-0.9569404203303825,0));
#8367=DIRECTION('',(-0.03771140841048898,0.12431798339157867,-0.9915255360711335));
#8368=FACE_SURFACE('',(#8373),#8369,.T.);
#8369=PLANE('',#8370);
#8370=AXIS2_PLACEMENT_3D('',#412,#8371,#8372);
#8371=DIRECTION('',(0.9569404203303825,0.2902843983715121,0));
#8372=DIRECTION('',(0.03771140841048898,-0.12431798339157867,0.9915255360711335));
#8373=FACE_BOUND('',#8374,.T.);
#8374=EDGE_LOOP('',(#8375,#8376,#8377));
#8375=ORIENTED_EDGE('',*,*,#8378,.T.);
#8376=ORIENTED_EDGE('',*,*,#8379,.T.);
#8377=ORIENTED_EDGE('',*,*,#8380,.T.);
#8378=EDGE_CURVE('',#413,#415,#8381,.F.);
#8379=EDGE_CURVE('',#415,#417,#8382,.T.);
#8380=EDGE_CURVE('',#417,#413,#8383,.T.);
#8381=LINE('',#412,#8384);
#8382=LINE('',#414,#8385);
#8383=LINE('',#416,#8386);
#8384=VECTOR('',#8387,1.0);
#8385=VECTOR('',#8388,1.0);
#8386=VECTOR('',#8389,1.0);
#8387=DIRECTION('',(0.03771140841048898,-0.12431798339157867,0.9915255360711335));
#8388=DIRECTION('',(0,0,-1));
#8389=DIRECTION('',(-0.2902843983715121,0.9569404203303825,0));
#8390=FACE_SURFACE('',(#8395),#8391,.T.);
#8391=PLANE('',#8392);
#8392=AXIS2_PLACEMENT_3D('',#416,#8393,#8394);
#8393=DIRECTION('',(0.9951847175301722,0.0980172331500507,-0));
#8394=DIRECTION('',(0,0,1));
#8395=FACE_BOUND('',#8396,.T.);
#8396=EDGE_LOOP('',(#8397,#8398,#8399));
#8397=ORIENTED_EDGE('',*,*,#8400,.T.);
#8398=ORIENTED_EDGE('',*,*,#8401,.T.);
#8399=ORIENTED_EDGE('',*,*,#8402,.T.);
#8400=EDGE_CURVE('',#417,#415,#8403,.F.);
#8401=EDGE_CURVE('',#415,#419,#8404,.T.);
#8402=EDGE_CURVE('',#419,#417,#8405,.T.);
#8403=LINE('',#416,#8406);
#8404=LINE('',#414,#8407);
#8405=LINE('',#418,#8408);
#8406=VECTOR('',#8409,1.0);
#8407=VECTOR('',#8410,1.0);
#8408=VECTOR('',#8411,1.0);
#8409=DIRECTION('',(0,0,1));
#8410=DIRECTION('',(0.0980172331500507,-0.9951847175301722,0));
#8411=DIRECTION('',(-0.012733584578009128,0.12928613024623026,-0.9915255681775178));
#8412=FACE_SURFACE('',(#8417),#8413,.T.);
#8413=PLANE('',#8414);
#8414=AXIS2_PLACEMENT_3D('',#416,#8415,#8416);
#8415=DIRECTION('',(0.9951847175301722,0.0980172331500507,0));
#8416=DIRECTION('',(0.012733584578009128,-0.12928613024623026,0.9915255681775178));
#8417=FACE_BOUND('',#8418,.T.);
#8418=EDGE_LOOP('',(#8419,#8420,#8421));
#8419=ORIENTED_EDGE('',*,*,#8422,.T.);
#8420=ORIENTED_EDGE('',*,*,#8423,.T.);
#8421=ORIENTED_EDGE('',*,*,#8424,.T.);
#8422=EDGE_CURVE('',#417,#419,#8425,.F.);
#8423=EDGE_CURVE('',#419,#421,#8426,.T.);
#8424=EDGE_CURVE('',#421,#417,#8427,.T.);
#8425=LINE('',#416,#8428);
#8426=LINE('',#418,#8429);
#8427=LINE('',#420,#8430);
#8428=VECTOR('',#8431,1.0);
#8429=VECTOR('',#8432,1.0);
#8430=VECTOR('',#8433,1.0);
#8431=DIRECTION('',(0.012733584578009128,-0.12928613024623026,0.9915255681775178));
#8432=DIRECTION('',(0,0,-1));
#8433=DIRECTION('',(-0.0980172331500507,0.9951847175301722,0));
#8434=FACE_SURFACE('',(#8439),#8435,.T.);
#8435=PLANE('',#8436);
#8436=AXIS2_PLACEMENT_3D('',#420,#8437,#8438);
#8437=DIRECTION('',(0.9951846475998767,-0.09801794316098007,0));
#8438=DIRECTION('',(0,0,1));
#8439=FACE_BOUND('',#8440,.T.);
#8440=EDGE_LOOP('',(#8441,#8442,#8443));
#8441=ORIENTED_EDGE('',*,*,#8444,.T.);
#8442=ORIENTED_EDGE('',*,*,#8445,.T.);
#8443=ORIENTED_EDGE('',*,*,#8446,.T.);
#8444=EDGE_CURVE('',#421,#419,#8447,.F.);
#8445=EDGE_CURVE('',#419,#423,#8448,.T.);
#8446=EDGE_CURVE('',#423,#421,#8449,.T.);
#8447=LINE('',#420,#8450);
#8448=LINE('',#418,#8451);
#8449=LINE('',#422,#8452);
#8450=VECTOR('',#8453,1.0);
#8451=VECTOR('',#8454,1.0);
#8452=VECTOR('',#8455,1.0);
#8453=DIRECTION('',(0,0,1));
#8454=DIRECTION('',(-0.09801794316098007,-0.9951846475998767,0));
#8455=DIRECTION('',(0.012733586134709787,0.12928520045907813,-0.9915256893930715));
#8456=FACE_SURFACE('',(#8461),#8457,.T.);
#8457=PLANE('',#8458);
#8458=AXIS2_PLACEMENT_3D('',#420,#8459,#8460);
#8459=DIRECTION('',(0.9951846475998767,-0.09801794316098007,0));
#8460=DIRECTION('',(-0.012733586134709787,-0.12928520045907813,0.9915256893930715));
#8461=FACE_BOUND('',#8462,.T.);
#8462=EDGE_LOOP('',(#8463,#8464,#8465));
#8463=ORIENTED_EDGE('',*,*,#8466,.T.);
#8464=ORIENTED_EDGE('',*,*,#8467,.T.);
#8465=ORIENTED_EDGE('',*,*,#8468,.T.);
#8466=EDGE_CURVE('',#421,#423,#8469,.F.);
#8467=EDGE_CURVE('',#423,#425,#8470,.T.);
#8468=EDGE_CURVE('',#425,#421,#8471,.T.);
#8469=LINE('',#420,#8472);
#8470=LINE('',#422,#8473);
#8471=LINE('',#424,#8474);
#8472=VECTOR('',#8475,1.0);
#8473=VECTOR('',#8476,1.0);
#8474=VECTOR('',#8477,1.0);
#8475=DIRECTION('',(-0.012733586134709787,-0.12928520045907813,0.9915256893930715));
#8476=DIRECTION('',(0,0,-1));
#8477=DIRECTION('',(0.09801794316098007,0.9951846475998767,0));
#8478=FACE_SURFACE('',(#8483),#8479,.T.);
#8479=PLANE('',#8480);
#8480=AXIS2_PLACEMENT_3D('',#424,#8481,#8482);
#8481=DIRECTION('',(0.9569404203303825,-0.2902843983715121,0));
#8482=DIRECTION('',(0,0,1));
#8483=FACE_BOUND('',#8484,.T.);
#8484=EDGE_LOOP('',(#8485,#8486,#8487));
#8485=ORIENTED_EDGE('',*,*,#8488,.T.);
#8486=ORIENTED_EDGE('',*,*,#8489,.T.);
#8487=ORIENTED_EDGE('',*,*,#8490,.T.);
#8488=EDGE_CURVE('',#425,#423,#8491,.F.);
#8489=EDGE_CURVE('',#423,#427,#8492,.T.);
#8490=EDGE_CURVE('',#427,#425,#8493,.T.);
#8491=LINE('',#424,#8494);
#8492=LINE('',#422,#8495);
#8493=LINE('',#426,#8496);
#8494=VECTOR('',#8497,1.0);
#8495=VECTOR('',#8498,1.0);
#8496=VECTOR('',#8499,1.0);
#8497=DIRECTION('',(0,0,1));
#8498=DIRECTION('',(-0.2902843983715121,-0.9569404203303825,0));
#8499=DIRECTION('',(0.03771140841048898,0.12431798339157867,-0.9915255360711335));
#8500=FACE_SURFACE('',(#8505),#8501,.T.);
#8501=PLANE('',#8502);
#8502=AXIS2_PLACEMENT_3D('',#424,#8503,#8504);
#8503=DIRECTION('',(0.9569404203303825,-0.2902843983715121,0));
#8504=DIRECTION('',(-0.03771140841048898,-0.12431798339157867,0.9915255360711335));
#8505=FACE_BOUND('',#8506,.T.);
#8506=EDGE_LOOP('',(#8507,#8508,#8509));
#8507=ORIENTED_EDGE('',*,*,#8510,.T.);
#8508=ORIENTED_EDGE('',*,*,#8511,.T.);
#8509=ORIENTED_EDGE('',*,*,#8512,.T.);
#8510=EDGE_CURVE('',#425,#427,#8513,.F.);
#8511=EDGE_CURVE('',#427,#429,#8514,.T.);
#8512=EDGE_CURVE('',#429,#425,#8515,.T.);
#8513=LINE('',#424,#8516);
#8514=LINE('',#426,#8517);
#8515=LINE('',#428,#8518);
#8516=VECTOR('',#8519,1.0);
#8517=VECTOR('',#8520,1.0);
#8518=VECTOR('',#8521,1.0);
#8519=DIRECTION('',(-0.03771140841048898,-0.12431798339157867,0.9915255360711335));
#8520=DIRECTION('',(0,0,-1));
#8521=DIRECTION('',(0.2902843983715121,0.9569404203303825,0));
#8522=FACE_SURFACE('',(#8527),#8523,.T.);
#8523=PLANE('',#8524);
#8524=AXIS2_PLACEMENT_3D('',#428,#8525,#8526);
#8525=DIRECTION('',(0.8819227146707735,-0.47139402345355763,0));
#8526=DIRECTION('',(0,0,1));
#8527=FACE_BOUND('',#8528,.T.);
#8528=EDGE_LOOP('',(#8529,#8530,#8531));
#8529=ORIENTED_EDGE('',*,*,#8532,.T.);
#8530=ORIENTED_EDGE('',*,*,#8533,.T.);
#8531=ORIENTED_EDGE('',*,*,#8534,.T.);
#8532=EDGE_CURVE('',#429,#427,#8535,.F.);
#8533=EDGE_CURVE('',#427,#431,#8536,.T.);
#8534=EDGE_CURVE('',#431,#429,#8537,.T.);
#8535=LINE('',#428,#8538);
#8536=LINE('',#426,#8539);
#8537=LINE('',#430,#8540);
#8538=VECTOR('',#8541,1.0);
#8539=VECTOR('',#8542,1.0);
#8540=VECTOR('',#8543,1.0);
#8541=DIRECTION('',(0,0,1));
#8542=DIRECTION('',(-0.47139402345355763,-0.8819227146707735,0));
#8543=DIRECTION('',(0.06123993115901329,0.11457270064292473,-0.9915254747604956));
#8544=FACE_SURFACE('',(#8549),#8545,.T.);
#8545=PLANE('',#8546);
#8546=AXIS2_PLACEMENT_3D('',#428,#8547,#8548);
#8547=DIRECTION('',(0.8819227146707735,-0.47139402345355763,0));
#8548=DIRECTION('',(-0.06123993115901329,-0.11457270064292473,0.9915254747604956));
#8549=FACE_BOUND('',#8550,.T.);
#8550=EDGE_LOOP('',(#8551,#8552,#8553));
#8551=ORIENTED_EDGE('',*,*,#8554,.T.);
#8552=ORIENTED_EDGE('',*,*,#8555,.T.);
#8553=ORIENTED_EDGE('',*,*,#8556,.T.);
#8554=EDGE_CURVE('',#429,#431,#8557,.F.);
#8555=EDGE_CURVE('',#431,#433,#8558,.T.);
#8556=EDGE_CURVE('',#433,#429,#8559,.T.);
#8557=LINE('',#428,#8560);
#8558=LINE('',#430,#8561);
#8559=LINE('',#432,#8562);
#8560=VECTOR('',#8563,1.0);
#8561=VECTOR('',#8564,1.0);
#8562=VECTOR('',#8565,1.0);
#8563=DIRECTION('',(-0.06123993115901329,-0.11457270064292473,0.9915254747604956));
#8564=DIRECTION('',(0,0,-1));
#8565=DIRECTION('',(0.47139402345355763,0.8819227146707735,0));
#8566=FACE_SURFACE('',(#8571),#8567,.T.);
#8567=PLANE('',#8568);
#8568=AXIS2_PLACEMENT_3D('',#432,#8569,#8570);
#8569=DIRECTION('',(0.7730095681934261,-0.634394362744037,0));
#8570=DIRECTION('',(0,0,1));
#8571=FACE_BOUND('',#8572,.T.);
#8572=EDGE_LOOP('',(#8573,#8574,#8575));
#8573=ORIENTED_EDGE('',*,*,#8576,.T.);
#8574=ORIENTED_EDGE('',*,*,#8577,.T.);
#8575=ORIENTED_EDGE('',*,*,#8578,.T.);
#8576=EDGE_CURVE('',#433,#431,#8579,.F.);
#8577=EDGE_CURVE('',#431,#435,#8580,.T.);
#8578=EDGE_CURVE('',#435,#433,#8581,.T.);
#8579=LINE('',#432,#8582);
#8580=LINE('',#430,#8583);
#8581=LINE('',#434,#8584);
#8582=VECTOR('',#8585,1.0);
#8583=VECTOR('',#8586,1.0);
#8584=VECTOR('',#8587,1.0);
#8585=DIRECTION('',(0,0,1));
#8586=DIRECTION('',(-0.634394362744037,-0.7730095681934261,0));
#8587=DIRECTION('',(0.08241515211260524,0.10042286768059609,-0.9915255873395611));
#8588=FACE_SURFACE('',(#8593),#8589,.T.);
#8589=PLANE('',#8590);
#8590=AXIS2_PLACEMENT_3D('',#432,#8591,#8592);
#8591=DIRECTION('',(0.7730095681934261,-0.634394362744037,0));
#8592=DIRECTION('',(-0.08241515211260524,-0.10042286768059609,0.9915255873395611));
#8593=FACE_BOUND('',#8594,.T.);
#8594=EDGE_LOOP('',(#8595,#8596,#8597));
#8595=ORIENTED_EDGE('',*,*,#8598,.T.);
#8596=ORIENTED_EDGE('',*,*,#8599,.T.);
#8597=ORIENTED_EDGE('',*,*,#8600,.T.);
#8598=EDGE_CURVE('',#433,#435,#8601,.F.);
#8599=EDGE_CURVE('',#435,#437,#8602,.T.);
#8600=EDGE_CURVE('',#437,#433,#8603,.T.);
#8601=LINE('',#432,#8604);
#8602=LINE('',#434,#8605);
#8603=LINE('',#436,#8606);
#8604=VECTOR('',#8607,1.0);
#8605=VECTOR('',#8608,1.0);
#8606=VECTOR('',#8609,1.0);
#8607=DIRECTION('',(-0.08241515211260524,-0.10042286768059609,0.9915255873395611));
#8608=DIRECTION('',(0,0,-1));
#8609=DIRECTION('',(0.634394362744037,0.7730095681934261,0));
#8610=FACE_SURFACE('',(#8615),#8611,.T.);
#8611=PLANE('',#8612);
#8612=AXIS2_PLACEMENT_3D('',#436,#8613,#8614);
#8613=DIRECTION('',(0.6343927907945467,-0.773010858260029,0));
#8614=DIRECTION('',(0,0,1));
#8615=FACE_BOUND('',#8616,.T.);
#8616=EDGE_LOOP('',(#8617,#8618,#8619));
#8617=ORIENTED_EDGE('',*,*,#8620,.T.);
#8618=ORIENTED_EDGE('',*,*,#8621,.T.);
#8619=ORIENTED_EDGE('',*,*,#8622,.T.);
#8620=EDGE_CURVE('',#437,#435,#8623,.F.);
#8621=EDGE_CURVE('',#435,#439,#8624,.T.);
#8622=EDGE_CURVE('',#439,#437,#8625,.T.);
#8623=LINE('',#436,#8626);
#8624=LINE('',#434,#8627);
#8625=LINE('',#438,#8628);
#8626=VECTOR('',#8629,1.0);
#8627=VECTOR('',#8630,1.0);
#8628=VECTOR('',#8631,1.0);
#8629=DIRECTION('',(0,0,1));
#8630=DIRECTION('',(-0.773010858260029,-0.6343927907945467,0));
#8631=DIRECTION('',(0.10042310291751798,0.08241500341080839,-0.9915255758744773));
#8632=FACE_SURFACE('',(#8637),#8633,.T.);
#8633=PLANE('',#8634);
#8634=AXIS2_PLACEMENT_3D('',#436,#8635,#8636);
#8635=DIRECTION('',(0.6343927907945467,-0.773010858260029,0));
#8636=DIRECTION('',(-0.10042310291751798,-0.08241500341080839,0.9915255758744773));
#8637=FACE_BOUND('',#8638,.T.);
#8638=EDGE_LOOP('',(#8639,#8640,#8641));
#8639=ORIENTED_EDGE('',*,*,#8642,.T.);
#8640=ORIENTED_EDGE('',*,*,#8643,.T.);
#8641=ORIENTED_EDGE('',*,*,#8644,.T.);
#8642=EDGE_CURVE('',#437,#439,#8645,.F.);
#8643=EDGE_CURVE('',#439,#441,#8646,.T.);
#8644=EDGE_CURVE('',#441,#437,#8647,.T.);
#8645=LINE('',#436,#8648);
#8646=LINE('',#438,#8649);
#8647=LINE('',#440,#8650);
#8648=VECTOR('',#8651,1.0);
#8649=VECTOR('',#8652,1.0);
#8650=VECTOR('',#8653,1.0);
#8651=DIRECTION('',(-0.10042310291751798,-0.08241500341080839,0.9915255758744773));
#8652=DIRECTION('',(0,0,-1));
#8653=DIRECTION('',(0.773010858260029,0.6343927907945467,0));
#8654=FACE_SURFACE('',(#8659),#8655,.T.);
#8655=PLANE('',#8656);
#8656=AXIS2_PLACEMENT_3D('',#440,#8657,#8658);
#8657=DIRECTION('',(0.4713988643292742,-0.8819201271708627,0));
#8658=DIRECTION('',(0,0,1));
#8659=FACE_BOUND('',#8660,.T.);
#8660=EDGE_LOOP('',(#8661,#8662,#8663));
#8661=ORIENTED_EDGE('',*,*,#8664,.T.);
#8662=ORIENTED_EDGE('',*,*,#8665,.T.);
#8663=ORIENTED_EDGE('',*,*,#8666,.T.);
#8664=EDGE_CURVE('',#441,#439,#8667,.F.);
#8665=EDGE_CURVE('',#439,#443,#8668,.T.);
#8666=EDGE_CURVE('',#443,#441,#8669,.T.);
#8667=LINE('',#440,#8670);
#8668=LINE('',#438,#8671);
#8669=LINE('',#442,#8672);
#8670=VECTOR('',#8673,1.0);
#8671=VECTOR('',#8674,1.0);
#8672=VECTOR('',#8675,1.0);
#8673=DIRECTION('',(0,0,1));
#8674=DIRECTION('',(-0.8819201271708627,-0.4713988643292742,0));
#8675=DIRECTION('',(0.11457196869354473,0.061240348487525166,-0.9915255335627075));
#8676=FACE_SURFACE('',(#8681),#8677,.T.);
#8677=PLANE('',#8678);
#8678=AXIS2_PLACEMENT_3D('',#440,#8679,#8680);
#8679=DIRECTION('',(0.4713988643292742,-0.8819201271708627,0));
#8680=DIRECTION('',(-0.11457196869354473,-0.061240348487525166,0.9915255335627075));
#8681=FACE_BOUND('',#8682,.T.);
#8682=EDGE_LOOP('',(#8683,#8684,#8685));
#8683=ORIENTED_EDGE('',*,*,#8686,.T.);
#8684=ORIENTED_EDGE('',*,*,#8687,.T.);
#8685=ORIENTED_EDGE('',*,*,#8688,.T.);
#8686=EDGE_CURVE('',#441,#443,#8689,.F.);
#8687=EDGE_CURVE('',#443,#445,#8690,.T.);
#8688=EDGE_CURVE('',#445,#441,#8691,.T.);
#8689=LINE('',#440,#8692);
#8690=LINE('',#442,#8693);
#8691=LINE('',#444,#8694);
#8692=VECTOR('',#8695,1.0);
#8693=VECTOR('',#8696,1.0);
#8694=VECTOR('',#8697,1.0);
#8695=DIRECTION('',(-0.11457196869354473,-0.061240348487525166,0.9915255335627075));
#8696=DIRECTION('',(0,0,-1));
#8697=DIRECTION('',(0.8819201271708627,0.4713988643292742,0));
#8698=FACE_SURFACE('',(#8703),#8699,.T.);
#8699=PLANE('',#8700);
#8700=AXIS2_PLACEMENT_3D('',#444,#8701,#8702);
#8701=DIRECTION('',(0.29028311113420446,-0.9569408108081958,0));
#8702=DIRECTION('',(0,0,1));
#8703=FACE_BOUND('',#8704,.T.);
#8704=EDGE_LOOP('',(#8705,#8706,#8707));
#8705=ORIENTED_EDGE('',*,*,#8708,.T.);
#8706=ORIENTED_EDGE('',*,*,#8709,.T.);
#8707=ORIENTED_EDGE('',*,*,#8710,.T.);
#8708=EDGE_CURVE('',#445,#443,#8711,.F.);
#8709=EDGE_CURVE('',#443,#447,#8712,.T.);
#8710=EDGE_CURVE('',#447,#445,#8713,.T.);
#8711=LINE('',#444,#8714);
#8712=LINE('',#442,#8715);
#8713=LINE('',#446,#8716);
#8714=VECTOR('',#8717,1.0);
#8715=VECTOR('',#8718,1.0);
#8716=VECTOR('',#8719,1.0);
#8717=DIRECTION('',(0,0,1));
#8718=DIRECTION('',(-0.9569408108081958,-0.29028311113420446,0));
#8719=DIRECTION('',(0.12431780994141159,0.03771117317977658,-0.9915255667650613));
#8720=FACE_SURFACE('',(#8725),#8721,.T.);
#8721=PLANE('',#8722);
#8722=AXIS2_PLACEMENT_3D('',#444,#8723,#8724);
#8723=DIRECTION('',(0.29028311113420446,-0.9569408108081958,0));
#8724=DIRECTION('',(-0.12431780994141159,-0.03771117317977658,0.9915255667650613));
#8725=FACE_BOUND('',#8726,.T.);
#8726=EDGE_LOOP('',(#8727,#8728,#8729));
#8727=ORIENTED_EDGE('',*,*,#8730,.T.);
#8728=ORIENTED_EDGE('',*,*,#8731,.T.);
#8729=ORIENTED_EDGE('',*,*,#8732,.T.);
#8730=EDGE_CURVE('',#445,#447,#8733,.F.);
#8731=EDGE_CURVE('',#447,#449,#8734,.T.);
#8732=EDGE_CURVE('',#449,#445,#8735,.T.);
#8733=LINE('',#444,#8736);
#8734=LINE('',#446,#8737);
#8735=LINE('',#448,#8738);
#8736=VECTOR('',#8739,1.0);
#8737=VECTOR('',#8740,1.0);
#8738=VECTOR('',#8741,1.0);
#8739=DIRECTION('',(-0.12431780994141159,-0.03771117317977658,0.9915255667650613));
#8740=DIRECTION('',(0,0,-1));
#8741=DIRECTION('',(0.9569408108081958,0.29028311113420446,0));
#8742=FACE_SURFACE('',(#8747),#8743,.T.);
#8743=PLANE('',#8744);
#8744=AXIS2_PLACEMENT_3D('',#448,#8745,#8746);
#8745=DIRECTION('',(0.0980153865742542,-0.9951848994004578,0));
#8746=DIRECTION('',(0,0,1));
#8747=FACE_BOUND('',#8748,.T.);
#8748=EDGE_LOOP('',(#8749,#8750,#8751));
#8749=ORIENTED_EDGE('',*,*,#8752,.T.);
#8750=ORIENTED_EDGE('',*,*,#8753,.T.);
#8751=ORIENTED_EDGE('',*,*,#8754,.T.);
#8752=EDGE_CURVE('',#449,#447,#8755,.F.);
#8753=EDGE_CURVE('',#447,#451,#8756,.T.);
#8754=EDGE_CURVE('',#451,#449,#8757,.T.);
#8755=LINE('',#448,#8758);
#8756=LINE('',#446,#8759);
#8757=LINE('',#450,#8760);
#8758=VECTOR('',#8761,1.0);
#8759=VECTOR('',#8762,1.0);
#8760=VECTOR('',#8763,1.0);
#8761=DIRECTION('',(0,0,1));
#8762=DIRECTION('',(-0.9951848994004578,-0.0980153865742542,0));
#8763=DIRECTION('',(0.129286188747089,0.012733348120929185,-0.9915255635861757));
#8764=FACE_SURFACE('',(#8769),#8765,.T.);
#8765=PLANE('',#8766);
#8766=AXIS2_PLACEMENT_3D('',#448,#8767,#8768);
#8767=DIRECTION('',(0.0980153865742542,-0.9951848994004578,0));
#8768=DIRECTION('',(-0.129286188747089,-0.012733348120929185,0.9915255635861757));
#8769=FACE_BOUND('',#8770,.T.);
#8770=EDGE_LOOP('',(#8771,#8772,#8773));
#8771=ORIENTED_EDGE('',*,*,#8774,.T.);
#8772=ORIENTED_EDGE('',*,*,#8775,.T.);
#8773=ORIENTED_EDGE('',*,*,#8776,.T.);
#8774=EDGE_CURVE('',#449,#451,#8777,.F.);
#8775=EDGE_CURVE('',#451,#453,#8778,.T.);
#8776=EDGE_CURVE('',#453,#449,#8779,.T.);
#8777=LINE('',#448,#8780);
#8778=LINE('',#450,#8781);
#8779=LINE('',#452,#8782);
#8780=VECTOR('',#8783,1.0);
#8781=VECTOR('',#8784,1.0);
#8782=VECTOR('',#8785,1.0);
#8783=DIRECTION('',(-0.129286188747089,-0.012733348120929185,0.9915255635861757));
#8784=DIRECTION('',(0,0,-1));
#8785=DIRECTION('',(0.9951848994004578,0.0980153865742542,0));
#8786=FACE_SURFACE('',(#8791),#8787,.T.);
#8787=PLANE('',#8788);
#8788=AXIS2_PLACEMENT_3D('',#452,#8789,#8790);
#8789=DIRECTION('',(-0.0980153865742542,-0.9951848994004578,0));
#8790=DIRECTION('',(0,0,1));
#8791=FACE_BOUND('',#8792,.T.);
#8792=EDGE_LOOP('',(#8793,#8794,#8795));
#8793=ORIENTED_EDGE('',*,*,#8796,.T.);
#8794=ORIENTED_EDGE('',*,*,#8797,.T.);
#8795=ORIENTED_EDGE('',*,*,#8798,.T.);
#8796=EDGE_CURVE('',#453,#451,#8799,.F.);
#8797=EDGE_CURVE('',#451,#455,#8800,.T.);
#8798=EDGE_CURVE('',#455,#453,#8801,.T.);
#8799=LINE('',#452,#8802);
#8800=LINE('',#450,#8803);
#8801=LINE('',#454,#8804);
#8802=VECTOR('',#8805,1.0);
#8803=VECTOR('',#8806,1.0);
#8804=VECTOR('',#8807,1.0);
#8805=DIRECTION('',(0,0,1));
#8806=DIRECTION('',(-0.9951848994004578,0.0980153865742542,0));
#8807=DIRECTION('',(0.129286188747089,-0.012733348120929185,-0.9915255635861757));
#8808=FACE_SURFACE('',(#8813),#8809,.T.);
#8809=PLANE('',#8810);
#8810=AXIS2_PLACEMENT_3D('',#452,#8811,#8812);
#8811=DIRECTION('',(-0.0980153865742542,-0.9951848994004578,0));
#8812=DIRECTION('',(-0.129286188747089,0.012733348120929185,0.9915255635861757));
#8813=FACE_BOUND('',#8814,.T.);
#8814=EDGE_LOOP('',(#8815,#8816,#8817));
#8815=ORIENTED_EDGE('',*,*,#8818,.T.);
#8816=ORIENTED_EDGE('',*,*,#8819,.T.);
#8817=ORIENTED_EDGE('',*,*,#8820,.T.);
#8818=EDGE_CURVE('',#453,#455,#8821,.F.);
#8819=EDGE_CURVE('',#455,#457,#8822,.T.);
#8820=EDGE_CURVE('',#457,#453,#8823,.T.);
#8821=LINE('',#452,#8824);
#8822=LINE('',#454,#8825);
#8823=LINE('',#456,#8826);
#8824=VECTOR('',#8827,1.0);
#8825=VECTOR('',#8828,1.0);
#8826=VECTOR('',#8829,1.0);
#8827=DIRECTION('',(-0.129286188747089,0.012733348120929185,0.9915255635861757));
#8828=DIRECTION('',(0,0,-1));
#8829=DIRECTION('',(0.9951848994004578,-0.0980153865742542,0));
#8830=FACE_SURFACE('',(#8835),#8831,.T.);
#8831=PLANE('',#8832);
#8832=AXIS2_PLACEMENT_3D('',#456,#8833,#8834);
#8833=DIRECTION('',(-0.29028311113420446,-0.9569408108081958,0));
#8834=DIRECTION('',(0,0,1));
#8835=FACE_BOUND('',#8836,.T.);
#8836=EDGE_LOOP('',(#8837,#8838,#8839));
#8837=ORIENTED_EDGE('',*,*,#8840,.T.);
#8838=ORIENTED_EDGE('',*,*,#8841,.T.);
#8839=ORIENTED_EDGE('',*,*,#8842,.T.);
#8840=EDGE_CURVE('',#457,#455,#8843,.F.);
#8841=EDGE_CURVE('',#455,#459,#8844,.T.);
#8842=EDGE_CURVE('',#459,#457,#8845,.T.);
#8843=LINE('',#456,#8846);
#8844=LINE('',#454,#8847);
#8845=LINE('',#458,#8848);
#8846=VECTOR('',#8849,1.0);
#8847=VECTOR('',#8850,1.0);
#8848=VECTOR('',#8851,1.0);
#8849=DIRECTION('',(0,0,1));
#8850=DIRECTION('',(-0.9569408108081958,0.29028311113420446,0));
#8851=DIRECTION('',(0.12431780994141159,-0.03771117317977658,-0.9915255667650613));
#8852=FACE_SURFACE('',(#8857),#8853,.T.);
#8853=PLANE('',#8854);
#8854=AXIS2_PLACEMENT_3D('',#456,#8855,#8856);
#8855=DIRECTION('',(-0.29028311113420446,-0.9569408108081958,0));
#8856=DIRECTION('',(-0.12431780994141159,0.03771117317977658,0.9915255667650613));
#8857=FACE_BOUND('',#8858,.T.);
#8858=EDGE_LOOP('',(#8859,#8860,#8861));
#8859=ORIENTED_EDGE('',*,*,#8862,.T.);
#8860=ORIENTED_EDGE('',*,*,#8863,.T.);
#8861=ORIENTED_EDGE('',*,*,#8864,.T.);
#8862=EDGE_CURVE('',#457,#459,#8865,.F.);
#8863=EDGE_CURVE('',#459,#461,#8866,.T.);
#8864=EDGE_CURVE('',#461,#457,#8867,.T.);
#8865=LINE('',#456,#8868);
#8866=LINE('',#458,#8869);
#8867=LINE('',#460,#8870);
#8868=VECTOR('',#8871,1.0);
#8869=VECTOR('',#8872,1.0);
#8870=VECTOR('',#8873,1.0);
#8871=DIRECTION('',(-0.12431780994141159,0.03771117317977658,0.9915255667650613));
#8872=DIRECTION('',(0,0,-1));
#8873=DIRECTION('',(0.9569408108081958,-0.29028311113420446,0));
#8874=FACE_SURFACE('',(#8879),#8875,.T.);
#8875=PLANE('',#8876);
#8876=AXIS2_PLACEMENT_3D('',#460,#8877,#8878);
#8877=DIRECTION('',(-0.4713988643292742,-0.8819201271708627,0));
#8878=DIRECTION('',(0,0,1));
#8879=FACE_BOUND('',#8880,.T.);
#8880=EDGE_LOOP('',(#8881,#8882,#8883));
#8881=ORIENTED_EDGE('',*,*,#8884,.T.);
#8882=ORIENTED_EDGE('',*,*,#8885,.T.);
#8883=ORIENTED_EDGE('',*,*,#8886,.T.);
#8884=EDGE_CURVE('',#461,#459,#8887,.F.);
#8885=EDGE_CURVE('',#459,#463,#8888,.T.);
#8886=EDGE_CURVE('',#463,#461,#8889,.T.);
#8887=LINE('',#460,#8890);
#8888=LINE('',#458,#8891);
#8889=LINE('',#462,#8892);
#8890=VECTOR('',#8893,1.0);
#8891=VECTOR('',#8894,1.0);
#8892=VECTOR('',#8895,1.0);
#8893=DIRECTION('',(0,0,1));
#8894=DIRECTION('',(-0.8819201271708627,0.4713988643292742,0));
#8895=DIRECTION('',(0.11457196869354473,-0.061240348487525166,-0.9915255335627075));
#8896=FACE_SURFACE('',(#8901),#8897,.T.);
#8897=PLANE('',#8898);
#8898=AXIS2_PLACEMENT_3D('',#460,#8899,#8900);
#8899=DIRECTION('',(-0.4713988643292742,-0.8819201271708627,0));
#8900=DIRECTION('',(-0.11457196869354473,0.061240348487525166,0.9915255335627075));
#8901=FACE_BOUND('',#8902,.T.);
#8902=EDGE_LOOP('',(#8903,#8904,#8905));
#8903=ORIENTED_EDGE('',*,*,#8906,.T.);
#8904=ORIENTED_EDGE('',*,*,#8907,.T.);
#8905=ORIENTED_EDGE('',*,*,#8908,.T.);
#8906=EDGE_CURVE('',#461,#463,#8909,.F.);
#8907=EDGE_CURVE('',#463,#465,#8910,.T.);
#8908=EDGE_CURVE('',#465,#461,#8911,.T.);
#8909=LINE('',#460,#8912);
#8910=LINE('',#462,#8913);
#8911=LINE('',#464,#8914);
#8912=VECTOR('',#8915,1.0);
#8913=VECTOR('',#8916,1.0);
#8914=VECTOR('',#8917,1.0);
#8915=DIRECTION('',(-0.11457196869354473,0.061240348487525166,0.9915255335627075));
#8916=DIRECTION('',(0,0,-1));
#8917=DIRECTION('',(0.8819201271708627,-0.4713988643292742,0));
#8918=FACE_SURFACE('',(#8923),#8919,.T.);
#8919=PLANE('',#8920);
#8920=AXIS2_PLACEMENT_3D('',#464,#8921,#8922);
#8921=DIRECTION('',(-0.6343927907945467,-0.773010858260029,0));
#8922=DIRECTION('',(0,0,1));
#8923=FACE_BOUND('',#8924,.T.);
#8924=EDGE_LOOP('',(#8925,#8926,#8927));
#8925=ORIENTED_EDGE('',*,*,#8928,.T.);
#8926=ORIENTED_EDGE('',*,*,#8929,.T.);
#8927=ORIENTED_EDGE('',*,*,#8930,.T.);
#8928=EDGE_CURVE('',#465,#463,#8931,.F.);
#8929=EDGE_CURVE('',#463,#467,#8932,.T.);
#8930=EDGE_CURVE('',#467,#465,#8933,.T.);
#8931=LINE('',#464,#8934);
#8932=LINE('',#462,#8935);
#8933=LINE('',#466,#8936);
#8934=VECTOR('',#8937,1.0);
#8935=VECTOR('',#8938,1.0);
#8936=VECTOR('',#8939,1.0);
#8937=DIRECTION('',(0,0,1));
#8938=DIRECTION('',(-0.773010858260029,0.6343927907945467,0));
#8939=DIRECTION('',(0.10042310291751798,-0.08241500341080839,-0.9915255758744773));
#8940=FACE_SURFACE('',(#8945),#8941,.T.);
#8941=PLANE('',#8942);
#8942=AXIS2_PLACEMENT_3D('',#464,#8943,#8944);
#8943=DIRECTION('',(-0.6343927907945467,-0.773010858260029,0));
#8944=DIRECTION('',(-0.10042310291751798,0.08241500341080839,0.9915255758744773));
#8945=FACE_BOUND('',#8946,.T.);
#8946=EDGE_LOOP('',(#8947,#8948,#8949));
#8947=ORIENTED_EDGE('',*,*,#8950,.T.);
#8948=ORIENTED_EDGE('',*,*,#8951,.T.);
#8949=ORIENTED_EDGE('',*,*,#8952,.T.);
#8950=EDGE_CURVE('',#465,#467,#8953,.F.);
#8951=EDGE_CURVE('',#467,#469,#8954,.T.);
#8952=EDGE_CURVE('',#469,#465,#8955,.T.);
#8953=LINE('',#464,#8956);
#8954=LINE('',#466,#8957);
#8955=LINE('',#468,#8958);
#8956=VECTOR('',#8959,1.0);
#8957=VECTOR('',#8960,1.0);
#8958=VECTOR('',#8961,1.0);
#8959=DIRECTION('',(-0.10042310291751798,0.08241500341080839,0.9915255758744773));
#8960=DIRECTION('',(0,0,-1));
#8961=DIRECTION('',(0.773010858260029,-0.6343927907945467,0));
#8962=FACE_SURFACE('',(#8967),#8963,.T.);
#8963=PLANE('',#8964);
#8964=AXIS2_PLACEMENT_3D('',#468,#8965,#8966);
#8965=DIRECTION('',(-0.7730095681934261,-0.634394362744037,0));
#8966=DIRECTION('',(0,0,1));
#8967=FACE_BOUND('',#8968,.T.);
#8968=EDGE_LOOP('',(#8969,#8970,#8971));
#8969=ORIENTED_EDGE('',*,*,#8972,.T.);
#8970=ORIENTED_EDGE('',*,*,#8973,.T.);
#8971=ORIENTED_EDGE('',*,*,#8974,.T.);
#8972=EDGE_CURVE('',#469,#467,#8975,.F.);
#8973=EDGE_CURVE('',#467,#471,#8976,.T.);
#8974=EDGE_CURVE('',#471,#469,#8977,.T.);
#8975=LINE('',#468,#8978);
#8976=LINE('',#466,#8979);
#8977=LINE('',#470,#8980);
#8978=VECTOR('',#8981,1.0);
#8979=VECTOR('',#8982,1.0);
#8980=VECTOR('',#8983,1.0);
#8981=DIRECTION('',(0,0,1));
#8982=DIRECTION('',(-0.634394362744037,0.7730095681934261,0));
#8983=DIRECTION('',(0.08241515211260524,-0.10042286768059609,-0.9915255873395611));
#8984=FACE_SURFACE('',(#8989),#8985,.T.);
#8985=PLANE('',#8986);
#8986=AXIS2_PLACEMENT_3D('',#468,#8987,#8988);
#8987=DIRECTION('',(-0.7730095681934261,-0.634394362744037,0));
#8988=DIRECTION('',(-0.08241515211260524,0.10042286768059609,0.9915255873395611));
#8989=FACE_BOUND('',#8990,.T.);
#8990=EDGE_LOOP('',(#8991,#8992,#8993));
#8991=ORIENTED_EDGE('',*,*,#8994,.T.);
#8992=ORIENTED_EDGE('',*,*,#8995,.T.);
#8993=ORIENTED_EDGE('',*,*,#8996,.T.);
#8994=EDGE_CURVE('',#469,#471,#8997,.F.);
#8995=EDGE_CURVE('',#471,#473,#8998,.T.);
#8996=EDGE_CURVE('',#473,#469,#8999,.T.);
#8997=LINE('',#468,#9000);
#8998=LINE('',#470,#9001);
#8999=LINE('',#472,#9002);
#9000=VECTOR('',#9003,1.0);
#9001=VECTOR('',#9004,1.0);
#9002=VECTOR('',#9005,1.0);
#9003=DIRECTION('',(-0.08241515211260524,0.10042286768059609,0.9915255873395611));
#9004=DIRECTION('',(0,0,-1));
#9005=DIRECTION('',(0.634394362744037,-0.7730095681934261,0));
#9006=FACE_SURFACE('',(#9011),#9007,.T.);
#9007=PLANE('',#9008);
#9008=AXIS2_PLACEMENT_3D('',#472,#9009,#9010);
#9009=DIRECTION('',(-0.8819227146707735,-0.47139402345355763,0));
#9010=DIRECTION('',(0,0,1));
#9011=FACE_BOUND('',#9012,.T.);
#9012=EDGE_LOOP('',(#9013,#9014,#9015));
#9013=ORIENTED_EDGE('',*,*,#9016,.T.);
#9014=ORIENTED_EDGE('',*,*,#9017,.T.);
#9015=ORIENTED_EDGE('',*,*,#9018,.T.);
#9016=EDGE_CURVE('',#473,#471,#9019,.F.);
#9017=EDGE_CURVE('',#471,#475,#9020,.T.);
#9018=EDGE_CURVE('',#475,#473,#9021,.T.);
#9019=LINE('',#472,#9022);
#9020=LINE('',#470,#9023);
#9021=LINE('',#474,#9024);
#9022=VECTOR('',#9025,1.0);
#9023=VECTOR('',#9026,1.0);
#9024=VECTOR('',#9027,1.0);
#9025=DIRECTION('',(0,0,1));
#9026=DIRECTION('',(-0.47139402345355763,0.8819227146707735,0));
#9027=DIRECTION('',(0.06123993115901329,-0.11457270064292473,-0.9915254747604956));
#9028=FACE_SURFACE('',(#9033),#9029,.T.);
#9029=PLANE('',#9030);
#9030=AXIS2_PLACEMENT_3D('',#472,#9031,#9032);
#9031=DIRECTION('',(-0.8819227146707735,-0.47139402345355763,0));
#9032=DIRECTION('',(-0.06123993115901329,0.11457270064292473,0.9915254747604956));
#9033=FACE_BOUND('',#9034,.T.);
#9034=EDGE_LOOP('',(#9035,#9036,#9037));
#9035=ORIENTED_EDGE('',*,*,#9038,.T.);
#9036=ORIENTED_EDGE('',*,*,#9039,.T.);
#9037=ORIENTED_EDGE('',*,*,#9040,.T.);
#9038=EDGE_CURVE('',#473,#475,#9041,.F.);
#9039=EDGE_CURVE('',#475,#477,#9042,.T.);
#9040=EDGE_CURVE('',#477,#473,#9043,.T.);
#9041=LINE('',#472,#9044);
#9042=LINE('',#474,#9045);
#9043=LINE('',#476,#9046);
#9044=VECTOR('',#9047,1.0);
#9045=VECTOR('',#9048,1.0);
#9046=VECTOR('',#9049,1.0);
#9047=DIRECTION('',(-0.06123993115901329,0.11457270064292473,0.9915254747604956));
#9048=DIRECTION('',(0,0,-1));
#9049=DIRECTION('',(0.47139402345355763,-0.8819227146707735,0));
#9050=FACE_SURFACE('',(#9055),#9051,.T.);
#9051=PLANE('',#9052);
#9052=AXIS2_PLACEMENT_3D('',#476,#9053,#9054);
#9053=DIRECTION('',(-0.9569404203303825,-0.2902843983715121,0));
#9054=DIRECTION('',(0,0,1));
#9055=FACE_BOUND('',#9056,.T.);
#9056=EDGE_LOOP('',(#9057,#9058,#9059));
#9057=ORIENTED_EDGE('',*,*,#9060,.T.);
#9058=ORIENTED_EDGE('',*,*,#9061,.T.);
#9059=ORIENTED_EDGE('',*,*,#9062,.T.);
#9060=EDGE_CURVE('',#477,#475,#9063,.F.);
#9061=EDGE_CURVE('',#475,#479,#9064,.T.);
#9062=EDGE_CURVE('',#479,#477,#9065,.T.);
#9063=LINE('',#476,#9066);
#9064=LINE('',#474,#9067);
#9065=LINE('',#478,#9068);
#9066=VECTOR('',#9069,1.0);
#9067=VECTOR('',#9070,1.0);
#9068=VECTOR('',#9071,1.0);
#9069=DIRECTION('',(0,0,1));
#9070=DIRECTION('',(-0.2902843983715121,0.9569404203303825,0));
#9071=DIRECTION('',(0.03771140841048898,-0.12431798339157867,-0.9915255360711335));
#9072=FACE_SURFACE('',(#9077),#9073,.T.);
#9073=PLANE('',#9074);
#9074=AXIS2_PLACEMENT_3D('',#476,#9075,#9076);
#9075=DIRECTION('',(-0.9569404203303825,-0.2902843983715121,0));
#9076=DIRECTION('',(-0.03771140841048898,0.12431798339157867,0.9915255360711335));
#9077=FACE_BOUND('',#9078,.T.);
#9078=EDGE_LOOP('',(#9079,#9080,#9081));
#9079=ORIENTED_EDGE('',*,*,#9082,.T.);
#9080=ORIENTED_EDGE('',*,*,#9083,.T.);
#9081=ORIENTED_EDGE('',*,*,#9084,.T.);
#9082=EDGE_CURVE('',#477,#479,#9085,.F.);
#9083=EDGE_CURVE('',#479,#481,#9086,.T.);
#9084=EDGE_CURVE('',#481,#477,#9087,.T.);
#9085=LINE('',#476,#9088);
#9086=LINE('',#478,#9089);
#9087=LINE('',#480,#9090);
#9088=VECTOR('',#9091,1.0);
#9089=VECTOR('',#9092,1.0);
#9090=VECTOR('',#9093,1.0);
#9091=DIRECTION('',(-0.03771140841048898,0.12431798339157867,0.9915255360711335));
#9092=DIRECTION('',(0,0,-1));
#9093=DIRECTION('',(0.2902843983715121,-0.9569404203303825,0));
#9094=FACE_SURFACE('',(#9099),#9095,.T.);
#9095=PLANE('',#9096);
#9096=AXIS2_PLACEMENT_3D('',#480,#9097,#9098);
#9097=DIRECTION('',(-0.9951846475998767,-0.09801794316098007,0));
#9098=DIRECTION('',(0,0,1));
#9099=FACE_BOUND('',#9100,.T.);
#9100=EDGE_LOOP('',(#9101,#9102,#9103));
#9101=ORIENTED_EDGE('',*,*,#9104,.T.);
#9102=ORIENTED_EDGE('',*,*,#9105,.T.);
#9103=ORIENTED_EDGE('',*,*,#9106,.T.);
#9104=EDGE_CURVE('',#481,#479,#9107,.F.);
#9105=EDGE_CURVE('',#479,#483,#9108,.T.);
#9106=EDGE_CURVE('',#483,#481,#9109,.T.);
#9107=LINE('',#480,#9110);
#9108=LINE('',#478,#9111);
#9109=LINE('',#482,#9112);
#9110=VECTOR('',#9113,1.0);
#9111=VECTOR('',#9114,1.0);
#9112=VECTOR('',#9115,1.0);
#9113=DIRECTION('',(0,0,1));
#9114=DIRECTION('',(-0.09801794316098007,0.9951846475998767,0));
#9115=DIRECTION('',(0.012733586134709787,-0.12928520045907813,-0.9915256893930715));
#9116=FACE_SURFACE('',(#9121),#9117,.T.);
#9117=PLANE('',#9118);
#9118=AXIS2_PLACEMENT_3D('',#480,#9119,#9120);
#9119=DIRECTION('',(-0.9951846475998767,-0.09801794316098007,0));
#9120=DIRECTION('',(-0.012733586134709787,0.12928520045907813,0.9915256893930715));
#9121=FACE_BOUND('',#9122,.T.);
#9122=EDGE_LOOP('',(#9123,#9124,#9125));
#9123=ORIENTED_EDGE('',*,*,#9126,.T.);
#9124=ORIENTED_EDGE('',*,*,#9127,.T.);
#9125=ORIENTED_EDGE('',*,*,#9128,.T.);
#9126=EDGE_CURVE('',#481,#483,#9129,.F.);
#9127=EDGE_CURVE('',#483,#485,#9130,.T.);
#9128=EDGE_CURVE('',#485,#481,#9131,.T.);
#9129=LINE('',#480,#9132);
#9130=LINE('',#482,#9133);
#9131=LINE('',#484,#9134);
#9132=VECTOR('',#9135,1.0);
#9133=VECTOR('',#9136,1.0);
#9134=VECTOR('',#9137,1.0);
#9135=DIRECTION('',(-0.012733586134709787,0.12928520045907813,0.9915256893930715));
#9136=DIRECTION('',(0,0,-1));
#9137=DIRECTION('',(0.09801794316098007,-0.9951846475998767,0));
#9138=FACE_SURFACE('',(#9143),#9139,.T.);
#9139=PLANE('',#9140);
#9140=AXIS2_PLACEMENT_3D('',#484,#9141,#9142);
#9141=DIRECTION('',(-0.9951847175301722,0.0980172331500507,0));
#9142=DIRECTION('',(0,0,1));
#9143=FACE_BOUND('',#9144,.T.);
#9144=EDGE_LOOP('',(#9145,#9146,#9147));
#9145=ORIENTED_EDGE('',*,*,#9148,.T.);
#9146=ORIENTED_EDGE('',*,*,#9149,.T.);
#9147=ORIENTED_EDGE('',*,*,#9150,.T.);
#9148=EDGE_CURVE('',#485,#483,#9151,.F.);
#9149=EDGE_CURVE('',#483,#487,#9152,.T.);
#9150=EDGE_CURVE('',#487,#485,#9153,.T.);
#9151=LINE('',#484,#9154);
#9152=LINE('',#482,#9155);
#9153=LINE('',#486,#9156);
#9154=VECTOR('',#9157,1.0);
#9155=VECTOR('',#9158,1.0);
#9156=VECTOR('',#9159,1.0);
#9157=DIRECTION('',(0,0,1));
#9158=DIRECTION('',(0.0980172331500507,0.9951847175301722,0));
#9159=DIRECTION('',(-0.012733584578009128,-0.12928613024623026,-0.9915255681775178));
#9160=FACE_SURFACE('',(#9165),#9161,.T.);
#9161=PLANE('',#9162);
#9162=AXIS2_PLACEMENT_3D('',#484,#9163,#9164);
#9163=DIRECTION('',(-0.9951847175301722,0.0980172331500507,0));
#9164=DIRECTION('',(0.012733584578009128,0.12928613024623026,0.9915255681775178));
#9165=FACE_BOUND('',#9166,.T.);
#9166=EDGE_LOOP('',(#9167,#9168,#9169));
#9167=ORIENTED_EDGE('',*,*,#9170,.T.);
#9168=ORIENTED_EDGE('',*,*,#9171,.T.);
#9169=ORIENTED_EDGE('',*,*,#9172,.T.);
#9170=EDGE_CURVE('',#485,#487,#9173,.F.);
#9171=EDGE_CURVE('',#487,#489,#9174,.T.);
#9172=EDGE_CURVE('',#489,#485,#9175,.T.);
#9173=LINE('',#484,#9176);
#9174=LINE('',#486,#9177);
#9175=LINE('',#488,#9178);
#9176=VECTOR('',#9179,1.0);
#9177=VECTOR('',#9180,1.0);
#9178=VECTOR('',#9181,1.0);
#9179=DIRECTION('',(0.012733584578009128,0.12928613024623026,0.9915255681775178));
#9180=DIRECTION('',(0,0,-1));
#9181=DIRECTION('',(-0.0980172331500507,-0.9951847175301722,0));
#9182=FACE_SURFACE('',(#9187),#9183,.T.);
#9183=PLANE('',#9184);
#9184=AXIS2_PLACEMENT_3D('',#488,#9185,#9186);
#9185=DIRECTION('',(-0.9569404203303825,0.2902843983715121,0));
#9186=DIRECTION('',(0,0,1));
#9187=FACE_BOUND('',#9188,.T.);
#9188=EDGE_LOOP('',(#9189,#9190,#9191));
#9189=ORIENTED_EDGE('',*,*,#9192,.T.);
#9190=ORIENTED_EDGE('',*,*,#9193,.T.);
#9191=ORIENTED_EDGE('',*,*,#9194,.T.);
#9192=EDGE_CURVE('',#489,#487,#9195,.F.);
#9193=EDGE_CURVE('',#487,#491,#9196,.T.);
#9194=EDGE_CURVE('',#491,#489,#9197,.T.);
#9195=LINE('',#488,#9198);
#9196=LINE('',#486,#9199);
#9197=LINE('',#490,#9200);
#9198=VECTOR('',#9201,1.0);
#9199=VECTOR('',#9202,1.0);
#9200=VECTOR('',#9203,1.0);
#9201=DIRECTION('',(0,0,1));
#9202=DIRECTION('',(0.2902843983715121,0.9569404203303825,0));
#9203=DIRECTION('',(-0.03771140841048898,-0.12431798339157867,-0.9915255360711335));
#9204=FACE_SURFACE('',(#9209),#9205,.T.);
#9205=PLANE('',#9206);
#9206=AXIS2_PLACEMENT_3D('',#488,#9207,#9208);
#9207=DIRECTION('',(-0.9569404203303825,0.2902843983715121,0));
#9208=DIRECTION('',(0.03771140841048898,0.12431798339157867,0.9915255360711335));
#9209=FACE_BOUND('',#9210,.T.);
#9210=EDGE_LOOP('',(#9211,#9212,#9213));
#9211=ORIENTED_EDGE('',*,*,#9214,.T.);
#9212=ORIENTED_EDGE('',*,*,#9215,.T.);
#9213=ORIENTED_EDGE('',*,*,#9216,.T.);
#9214=EDGE_CURVE('',#489,#491,#9217,.F.);
#9215=EDGE_CURVE('',#491,#493,#9218,.T.);
#9216=EDGE_CURVE('',#493,#489,#9219,.T.);
#9217=LINE('',#488,#9220);
#9218=LINE('',#490,#9221);
#9219=LINE('',#492,#9222);
#9220=VECTOR('',#9223,1.0);
#9221=VECTOR('',#9224,1.0);
#9222=VECTOR('',#9225,1.0);
#9223=DIRECTION('',(0.03771140841048898,0.12431798339157867,0.9915255360711335));
#9224=DIRECTION('',(0,0,-1));
#9225=DIRECTION('',(-0.2902843983715121,-0.9569404203303825,0));
#9226=FACE_SURFACE('',(#9231),#9227,.T.);
#9227=PLANE('',#9228);
#9228=AXIS2_PLACEMENT_3D('',#492,#9229,#9230);
#9229=DIRECTION('',(-0.8819227146707735,0.47139402345355763,0));
#9230=DIRECTION('',(0,0,1));
#9231=FACE_BOUND('',#9232,.T.);
#9232=EDGE_LOOP('',(#9233,#9234,#9235));
#9233=ORIENTED_EDGE('',*,*,#9236,.T.);
#9234=ORIENTED_EDGE('',*,*,#9237,.T.);
#9235=ORIENTED_EDGE('',*,*,#9238,.T.);
#9236=EDGE_CURVE('',#493,#491,#9239,.F.);
#9237=EDGE_CURVE('',#491,#495,#9240,.T.);
#9238=EDGE_CURVE('',#495,#493,#9241,.T.);
#9239=LINE('',#492,#9242);
#9240=LINE('',#490,#9243);
#9241=LINE('',#494,#9244);
#9242=VECTOR('',#9245,1.0);
#9243=VECTOR('',#9246,1.0);
#9244=VECTOR('',#9247,1.0);
#9245=DIRECTION('',(0,0,1));
#9246=DIRECTION('',(0.47139402345355763,0.8819227146707735,0));
#9247=DIRECTION('',(-0.06123993115901329,-0.11457270064292473,-0.9915254747604956));
#9248=FACE_SURFACE('',(#9253),#9249,.T.);
#9249=PLANE('',#9250);
#9250=AXIS2_PLACEMENT_3D('',#492,#9251,#9252);
#9251=DIRECTION('',(-0.8819227146707735,0.47139402345355763,0));
#9252=DIRECTION('',(0.06123993115901329,0.11457270064292473,0.9915254747604956));
#9253=FACE_BOUND('',#9254,.T.);
#9254=EDGE_LOOP('',(#9255,#9256,#9257));
#9255=ORIENTED_EDGE('',*,*,#9258,.T.);
#9256=ORIENTED_EDGE('',*,*,#9259,.T.);
#9257=ORIENTED_EDGE('',*,*,#9260,.T.);
#9258=EDGE_CURVE('',#493,#495,#9261,.F.);
#9259=EDGE_CURVE('',#495,#497,#9262,.T.);
#9260=EDGE_CURVE('',#497,#493,#9263,.T.);
#9261=LINE('',#492,#9264);
#9262=LINE('',#494,#9265);
#9263=LINE('',#496,#9266);
#9264=VECTOR('',#9267,1.0);
#9265=VECTOR('',#9268,1.0);
#9266=VECTOR('',#9269,1.0);
#9267=DIRECTION('',(0.06123993115901329,0.11457270064292473,0.9915254747604956));
#9268=DIRECTION('',(0,0,-1));
#9269=DIRECTION('',(-0.47139402345355763,-0.8819227146707735,0));
#9270=FACE_SURFACE('',(#9275),#9271,.T.);
#9271=PLANE('',#9272);
#9272=AXIS2_PLACEMENT_3D('',#496,#9273,#9274);
#9273=DIRECTION('',(-0.7730095681934261,0.634394362744037,0));
#9274=DIRECTION('',(0,0,1));
#9275=FACE_BOUND('',#9276,.T.);
#9276=EDGE_LOOP('',(#9277,#9278,#9279));
#9277=ORIENTED_EDGE('',*,*,#9280,.T.);
#9278=ORIENTED_EDGE('',*,*,#9281,.T.);
#9279=ORIENTED_EDGE('',*,*,#9282,.T.);
#9280=EDGE_CURVE('',#497,#495,#9283,.F.);
#9281=EDGE_CURVE('',#495,#499,#9284,.T.);
#9282=EDGE_CURVE('',#499,#497,#9285,.T.);
#9283=LINE('',#496,#9286);
#9284=LINE('',#494,#9287);
#9285=LINE('',#498,#9288);
#9286=VECTOR('',#9289,1.0);
#9287=VECTOR('',#9290,1.0);
#9288=VECTOR('',#9291,1.0);
#9289=DIRECTION('',(0,0,1));
#9290=DIRECTION('',(0.634394362744037,0.7730095681934261,0));
#9291=DIRECTION('',(-0.08241515211260524,-0.10042286768059609,-0.9915255873395611));
#9292=FACE_SURFACE('',(#9297),#9293,.T.);
#9293=PLANE('',#9294);
#9294=AXIS2_PLACEMENT_3D('',#496,#9295,#9296);
#9295=DIRECTION('',(-0.7730095681934261,0.634394362744037,0));
#9296=DIRECTION('',(0.08241515211260524,0.10042286768059609,0.9915255873395611));
#9297=FACE_BOUND('',#9298,.T.);
#9298=EDGE_LOOP('',(#9299,#9300,#9301));
#9299=ORIENTED_EDGE('',*,*,#9302,.T.);
#9300=ORIENTED_EDGE('',*,*,#9303,.T.);
#9301=ORIENTED_EDGE('',*,*,#9304,.T.);
#9302=EDGE_CURVE('',#497,#499,#9305,.F.);
#9303=EDGE_CURVE('',#499,#501,#9306,.T.);
#9304=EDGE_CURVE('',#501,#497,#9307,.T.);
#9305=LINE('',#496,#9308);
#9306=LINE('',#498,#9309);
#9307=LINE('',#500,#9310);
#9308=VECTOR('',#9311,1.0);
#9309=VECTOR('',#9312,1.0);
#9310=VECTOR('',#9313,1.0);
#9311=DIRECTION('',(0.08241515211260524,0.10042286768059609,0.9915255873395611));
#9312=DIRECTION('',(0,0,-1));
#9313=DIRECTION('',(-0.634394362744037,-0.7730095681934261,0));
#9314=FACE_SURFACE('',(#9319),#9315,.T.);
#9315=PLANE('',#9316);
#9316=AXIS2_PLACEMENT_3D('',#500,#9317,#9318);
#9317=DIRECTION('',(-0.6343927907945467,0.773010858260029,0));
#9318=DIRECTION('',(0,0,1));
#9319=FACE_BOUND('',#9320,.T.);
#9320=EDGE_LOOP('',(#9321,#9322,#9323));
#9321=ORIENTED_EDGE('',*,*,#9324,.T.);
#9322=ORIENTED_EDGE('',*,*,#9325,.T.);
#9323=ORIENTED_EDGE('',*,*,#9326,.T.);
#9324=EDGE_CURVE('',#501,#499,#9327,.F.);
#9325=EDGE_CURVE('',#499,#503,#9328,.T.);
#9326=EDGE_CURVE('',#503,#501,#9329,.T.);
#9327=LINE('',#500,#9330);
#9328=LINE('',#498,#9331);
#9329=LINE('',#502,#9332);
#9330=VECTOR('',#9333,1.0);
#9331=VECTOR('',#9334,1.0);
#9332=VECTOR('',#9335,1.0);
#9333=DIRECTION('',(0,0,1));
#9334=DIRECTION('',(0.773010858260029,0.6343927907945467,0));
#9335=DIRECTION('',(-0.10042310291751798,-0.08241500341080839,-0.9915255758744773));
#9336=FACE_SURFACE('',(#9341),#9337,.T.);
#9337=PLANE('',#9338);
#9338=AXIS2_PLACEMENT_3D('',#500,#9339,#9340);
#9339=DIRECTION('',(-0.6343927907945467,0.773010858260029,0));
#9340=DIRECTION('',(0.10042310291751798,0.08241500341080839,0.9915255758744773));
#9341=FACE_BOUND('',#9342,.T.);
#9342=EDGE_LOOP('',(#9343,#9344,#9345));
#9343=ORIENTED_EDGE('',*,*,#9346,.T.);
#9344=ORIENTED_EDGE('',*,*,#9347,.T.);
#9345=ORIENTED_EDGE('',*,*,#9348,.T.);
#9346=EDGE_CURVE('',#501,#503,#9349,.F.);
#9347=EDGE_CURVE('',#503,#505,#9350,.T.);
#9348=EDGE_CURVE('',#505,#501,#9351,.T.);
#9349=LINE('',#500,#9352);
#9350=LINE('',#502,#9353);
#9351=LINE('',#504,#9354);
#9352=VECTOR('',#9355,1.0);
#9353=VECTOR('',#9356,1.0);
#9354=VECTOR('',#9357,1.0);
#9355=DIRECTION('',(0.10042310291751798,0.08241500341080839,0.9915255758744773));
#9356=DIRECTION('',(0,0,-1));
#9357=DIRECTION('',(-0.773010858260029,-0.6343927907945467,0));
#9358=FACE_SURFACE('',(#9363),#9359,.T.);
#9359=PLANE('',#9360);
#9360=AXIS2_PLACEMENT_3D('',#504,#9361,#9362);
#9361=DIRECTION('',(-0.4713988643292742,0.8819201271708627,0));
#9362=DIRECTION('',(0,0,1));
#9363=FACE_BOUND('',#9364,.T.);
#9364=EDGE_LOOP('',(#9365,#9366,#9367));
#9365=ORIENTED_EDGE('',*,*,#9368,.T.);
#9366=ORIENTED_EDGE('',*,*,#9369,.T.);
#9367=ORIENTED_EDGE('',*,*,#9370,.T.);
#9368=EDGE_CURVE('',#505,#503,#9371,.F.);
#9369=EDGE_CURVE('',#503,#507,#9372,.T.);
#9370=EDGE_CURVE('',#507,#505,#9373,.T.);
#9371=LINE('',#504,#9374);
#9372=LINE('',#502,#9375);
#9373=LINE('',#506,#9376);
#9374=VECTOR('',#9377,1.0);
#9375=VECTOR('',#9378,1.0);
#9376=VECTOR('',#9379,1.0);
#9377=DIRECTION('',(0,0,1));
#9378=DIRECTION('',(0.8819201271708627,0.4713988643292742,0));
#9379=DIRECTION('',(-0.11457196869354473,-0.061240348487525166,-0.9915255335627075));
#9380=FACE_SURFACE('',(#9385),#9381,.T.);
#9381=PLANE('',#9382);
#9382=AXIS2_PLACEMENT_3D('',#504,#9383,#9384);
#9383=DIRECTION('',(-0.4713988643292742,0.8819201271708627,0));
#9384=DIRECTION('',(0.11457196869354473,0.061240348487525166,0.9915255335627075));
#9385=FACE_BOUND('',#9386,.T.);
#9386=EDGE_LOOP('',(#9387,#9388,#9389));
#9387=ORIENTED_EDGE('',*,*,#9390,.T.);
#9388=ORIENTED_EDGE('',*,*,#9391,.T.);
#9389=ORIENTED_EDGE('',*,*,#9392,.T.);
#9390=EDGE_CURVE('',#505,#507,#9393,.F.);
#9391=EDGE_CURVE('',#507,#509,#9394,.T.);
#9392=EDGE_CURVE('',#509,#505,#9395,.T.);
#9393=LINE('',#504,#9396);
#9394=LINE('',#506,#9397);
#9395=LINE('',#508,#9398);
#9396=VECTOR('',#9399,1.0);
#9397=VECTOR('',#9400,1.0);
#9398=VECTOR('',#9401,1.0);
#9399=DIRECTION('',(0.11457196869354473,0.061240348487525166,0.9915255335627075));
#9400=DIRECTION('',(0,0,-1));
#9401=DIRECTION('',(-0.8819201271708627,-0.4713988643292742,0));
#9402=FACE_SURFACE('',(#9407),#9403,.T.);
#9403=PLANE('',#9404);
#9404=AXIS2_PLACEMENT_3D('',#394,#9405,#9406);
#9405=DIRECTION('',(0,0,1));
#9406=DIRECTION('',(-0.9569408108081958,0.29028311113420446,0));
#9407=FACE_BOUND('',#9408,.T.);
#9408=EDGE_LOOP('',(#9409,#9410,#9411));
#9409=ORIENTED_EDGE('',*,*,#9412,.T.);
#9410=ORIENTED_EDGE('',*,*,#9413,.T.);
#9411=ORIENTED_EDGE('',*,*,#9414,.T.);
#9412=EDGE_CURVE('',#395,#391,#9415,.F.);
#9413=EDGE_CURVE('',#391,#389,#9416,.T.);
#9414=EDGE_CURVE('',#389,#395,#9417,.T.);
#9415=LINE('',#394,#9418);
#9416=LINE('',#390,#9419);
#9417=LINE('',#388,#9420);
#9418=VECTOR('',#9421,1.0);
#9419=VECTOR('',#9422,1.0);
#9420=VECTOR('',#9423,1.0);
#9421=DIRECTION('',(-0.9569408108081958,0.29028311113420446,0));
#9422=DIRECTION('',(-0.9951848994004578,0.0980153865742542,0));
#9423=DIRECTION('',(0.9807856137664555,-0.19508864607853904,0));
#9424=FACE_SURFACE('',(#9429),#9425,.T.);
#9425=PLANE('',#9426);
#9426=AXIS2_PLACEMENT_3D('',#388,#9427,#9428);
#9427=DIRECTION('',(0,0,1));
#9428=DIRECTION('',(-0.9951848994004578,-0.0980153865742542,0));
#9429=FACE_BOUND('',#9430,.T.);
#9430=EDGE_LOOP('',(#9431,#9432,#9433));
#9431=ORIENTED_EDGE('',*,*,#9434,.T.);
#9432=ORIENTED_EDGE('',*,*,#9435,.T.);
#9433=ORIENTED_EDGE('',*,*,#9436,.T.);
#9434=EDGE_CURVE('',#389,#511,#9437,.F.);
#9435=EDGE_CURVE('',#511,#507,#9438,.T.);
#9436=EDGE_CURVE('',#507,#389,#9439,.T.);
#9437=LINE('',#388,#9440);
#9438=LINE('',#510,#9441);
#9439=LINE('',#506,#9442);
#9440=VECTOR('',#9443,1.0);
#9441=VECTOR('',#9444,1.0);
#9442=VECTOR('',#9445,1.0);
#9443=DIRECTION('',(-0.9951848994004578,-0.0980153865742542,0));
#9444=DIRECTION('',(-0.9569408108081958,-0.29028311113420446,0));
#9445=DIRECTION('',(0.9807856137664555,0.19508864607853904,0));
#9446=FACE_SURFACE('',(#9451),#9447,.T.);
#9447=PLANE('',#9448);
#9448=AXIS2_PLACEMENT_3D('',#506,#9449,#9450);
#9449=DIRECTION('',(0,0,1));
#9450=DIRECTION('',(-0.8819201271708627,-0.4713988643292742,0));
#9451=FACE_BOUND('',#9452,.T.);
#9452=EDGE_LOOP('',(#9453,#9454,#9455));
#9453=ORIENTED_EDGE('',*,*,#9456,.T.);
#9454=ORIENTED_EDGE('',*,*,#9457,.T.);
#9455=ORIENTED_EDGE('',*,*,#9458,.T.);
#9456=EDGE_CURVE('',#507,#503,#9459,.F.);
#9457=EDGE_CURVE('',#503,#499,#9460,.T.);
#9458=EDGE_CURVE('',#499,#507,#9461,.T.);
#9459=LINE('',#506,#9462);
#9460=LINE('',#502,#9463);
#9461=LINE('',#498,#9464);
#9462=VECTOR('',#9465,1.0);
#9463=VECTOR('',#9466,1.0);
#9464=VECTOR('',#9467,1.0);
#9465=DIRECTION('',(-0.8819201271708627,-0.4713988643292742,0));
#9466=DIRECTION('',(-0.773010858260029,-0.6343927907945467,0));
#9467=DIRECTION('',(0.8314691886581793,0.5555708670476781,0));
#9468=FACE_SURFACE('',(#9473),#9469,.T.);
#9469=PLANE('',#9470);
#9470=AXIS2_PLACEMENT_3D('',#498,#9471,#9472);
#9471=DIRECTION('',(0,0,1));
#9472=DIRECTION('',(-0.634394362744037,-0.7730095681934261,0));
#9473=FACE_BOUND('',#9474,.T.);
#9474=EDGE_LOOP('',(#9475,#9476,#9477));
#9475=ORIENTED_EDGE('',*,*,#9478,.T.);
#9476=ORIENTED_EDGE('',*,*,#9479,.T.);
#9477=ORIENTED_EDGE('',*,*,#9480,.T.);
#9478=EDGE_CURVE('',#499,#495,#9481,.F.);
#9479=EDGE_CURVE('',#495,#491,#9482,.T.);
#9480=EDGE_CURVE('',#491,#499,#9483,.T.);
#9481=LINE('',#498,#9484);
#9482=LINE('',#494,#9485);
#9483=LINE('',#490,#9486);
#9484=VECTOR('',#9487,1.0);
#9485=VECTOR('',#9488,1.0);
#9486=VECTOR('',#9489,1.0);
#9487=DIRECTION('',(-0.634394362744037,-0.7730095681934261,0));
#9488=DIRECTION('',(-0.47139402345355763,-0.8819227146707735,0));
#9489=DIRECTION('',(0.5555692585462461,0.8314702634239991,0));
#9490=FACE_SURFACE('',(#9495),#9491,.T.);
#9491=PLANE('',#9492);
#9492=AXIS2_PLACEMENT_3D('',#490,#9493,#9494);
#9493=DIRECTION('',(0,0,1));
#9494=DIRECTION('',(-0.2902843983715121,-0.9569404203303825,0));
#9495=FACE_BOUND('',#9496,.T.);
#9496=EDGE_LOOP('',(#9497,#9498,#9499));
#9497=ORIENTED_EDGE('',*,*,#9500,.T.);
#9498=ORIENTED_EDGE('',*,*,#9501,.T.);
#9499=ORIENTED_EDGE('',*,*,#9502,.T.);
#9500=EDGE_CURVE('',#491,#487,#9503,.F.);
#9501=EDGE_CURVE('',#487,#483,#9504,.T.);
#9502=EDGE_CURVE('',#483,#491,#9505,.T.);
#9503=LINE('',#490,#9506);
#9504=LINE('',#486,#9507);
#9505=LINE('',#482,#9508);
#9506=VECTOR('',#9509,1.0);
#9507=VECTOR('',#9510,1.0);
#9508=VECTOR('',#9511,1.0);
#9509=DIRECTION('',(-0.2902843983715121,-0.9569404203303825,0));
#9510=DIRECTION('',(-0.0980172331500507,-0.9951847175301722,0));
#9511=DIRECTION('',(0.19509031750718822,0.9807852813001144,0));
#9512=FACE_SURFACE('',(#9517),#9513,.T.);
#9513=PLANE('',#9514);
#9514=AXIS2_PLACEMENT_3D('',#482,#9515,#9516);
#9515=DIRECTION('',(0,0,1));
#9516=DIRECTION('',(0.09801794316098007,-0.9951846475998767,0));
#9517=FACE_BOUND('',#9518,.T.);
#9518=EDGE_LOOP('',(#9519,#9520,#9521));
#9519=ORIENTED_EDGE('',*,*,#9522,.T.);
#9520=ORIENTED_EDGE('',*,*,#9523,.T.);
#9521=ORIENTED_EDGE('',*,*,#9524,.T.);
#9522=EDGE_CURVE('',#483,#479,#9525,.F.);
#9523=EDGE_CURVE('',#479,#475,#9526,.T.);
#9524=EDGE_CURVE('',#475,#483,#9527,.T.);
#9525=LINE('',#482,#9528);
#9526=LINE('',#478,#9529);
#9527=LINE('',#474,#9530);
#9528=VECTOR('',#9531,1.0);
#9529=VECTOR('',#9532,1.0);
#9530=VECTOR('',#9533,1.0);
#9531=DIRECTION('',(0.09801794316098007,-0.9951846475998767,0));
#9532=DIRECTION('',(0.2902843983715121,-0.9569404203303825,0));
#9533=DIRECTION('',(-0.1950910172409447,0.9807851421141601,0));
#9534=FACE_SURFACE('',(#9539),#9535,.T.);
#9535=PLANE('',#9536);
#9536=AXIS2_PLACEMENT_3D('',#474,#9537,#9538);
#9537=DIRECTION('',(0,0,1));
#9538=DIRECTION('',(0.47139402345355763,-0.8819227146707735,0));
#9539=FACE_BOUND('',#9540,.T.);
#9540=EDGE_LOOP('',(#9541,#9542,#9543));
#9541=ORIENTED_EDGE('',*,*,#9544,.T.);
#9542=ORIENTED_EDGE('',*,*,#9545,.T.);
#9543=ORIENTED_EDGE('',*,*,#9546,.T.);
#9544=EDGE_CURVE('',#475,#471,#9547,.F.);
#9545=EDGE_CURVE('',#471,#467,#9548,.T.);
#9546=EDGE_CURVE('',#467,#475,#9549,.T.);
#9547=LINE('',#474,#9550);
#9548=LINE('',#470,#9551);
#9549=LINE('',#466,#9552);
#9550=VECTOR('',#9553,1.0);
#9551=VECTOR('',#9554,1.0);
#9552=VECTOR('',#9555,1.0);
#9553=DIRECTION('',(0.47139402345355763,-0.8819227146707735,0));
#9554=DIRECTION('',(0.634394362744037,-0.7730095681934261,0));
#9555=DIRECTION('',(-0.5555692585462461,0.8314702634239991,0));
#9556=FACE_SURFACE('',(#9561),#9557,.T.);
#9557=PLANE('',#9558);
#9558=AXIS2_PLACEMENT_3D('',#466,#9559,#9560);
#9559=DIRECTION('',(0,0,1));
#9560=DIRECTION('',(0.773010858260029,-0.6343927907945467,0));
#9561=FACE_BOUND('',#9562,.T.);
#9562=EDGE_LOOP('',(#9563,#9564,#9565));
#9563=ORIENTED_EDGE('',*,*,#9566,.T.);
#9564=ORIENTED_EDGE('',*,*,#9567,.T.);
#9565=ORIENTED_EDGE('',*,*,#9568,.T.);
#9566=EDGE_CURVE('',#467,#463,#9569,.F.);
#9567=EDGE_CURVE('',#463,#459,#9570,.T.);
#9568=EDGE_CURVE('',#459,#467,#9571,.T.);
#9569=LINE('',#466,#9572);
#9570=LINE('',#462,#9573);
#9571=LINE('',#458,#9574);
#9572=VECTOR('',#9575,1.0);
#9573=VECTOR('',#9576,1.0);
#9574=VECTOR('',#9577,1.0);
#9575=DIRECTION('',(0.773010858260029,-0.6343927907945467,0));
#9576=DIRECTION('',(0.8819201271708627,-0.4713988643292742,0));
#9577=DIRECTION('',(-0.8314691886581793,0.5555708670476781,0));
#9578=FACE_SURFACE('',(#9583),#9579,.T.);
#9579=PLANE('',#9580);
#9580=AXIS2_PLACEMENT_3D('',#458,#9581,#9582);
#9581=DIRECTION('',(0,0,1));
#9582=DIRECTION('',(0.9569408108081958,-0.29028311113420446,0));
#9583=FACE_BOUND('',#9584,.T.);
#9584=EDGE_LOOP('',(#9585,#9586,#9587));
#9585=ORIENTED_EDGE('',*,*,#9588,.T.);
#9586=ORIENTED_EDGE('',*,*,#9589,.T.);
#9587=ORIENTED_EDGE('',*,*,#9590,.T.);
#9588=EDGE_CURVE('',#459,#455,#9591,.F.);
#9589=EDGE_CURVE('',#455,#451,#9592,.T.);
#9590=EDGE_CURVE('',#451,#459,#9593,.T.);
#9591=LINE('',#458,#9594);
#9592=LINE('',#454,#9595);
#9593=LINE('',#450,#9596);
#9594=VECTOR('',#9597,1.0);
#9595=VECTOR('',#9598,1.0);
#9596=VECTOR('',#9599,1.0);
#9597=DIRECTION('',(0.9569408108081958,-0.29028311113420446,0));
#9598=DIRECTION('',(0.9951848994004578,-0.0980153865742542,0));
#9599=DIRECTION('',(-0.9807856137664555,0.19508864607853904,0));
#9600=FACE_SURFACE('',(#9605),#9601,.T.);
#9601=PLANE('',#9602);
#9602=AXIS2_PLACEMENT_3D('',#450,#9603,#9604);
#9603=DIRECTION('',(0,0,1));
#9604=DIRECTION('',(0.9951848994004578,0.0980153865742542,0));
#9605=FACE_BOUND('',#9606,.T.);
#9606=EDGE_LOOP('',(#9607,#9608,#9609));
#9607=ORIENTED_EDGE('',*,*,#9610,.T.);
#9608=ORIENTED_EDGE('',*,*,#9611,.T.);
#9609=ORIENTED_EDGE('',*,*,#9612,.T.);
#9610=EDGE_CURVE('',#451,#447,#9613,.F.);
#9611=EDGE_CURVE('',#447,#443,#9614,.T.);
#9612=EDGE_CURVE('',#443,#451,#9615,.T.);
#9613=LINE('',#450,#9616);
#9614=LINE('',#446,#9617);
#9615=LINE('',#442,#9618);
#9616=VECTOR('',#9619,1.0);
#9617=VECTOR('',#9620,1.0);
#9618=VECTOR('',#9621,1.0);
#9619=DIRECTION('',(0.9951848994004578,0.0980153865742542,0));
#9620=DIRECTION('',(0.9569408108081958,0.29028311113420446,0));
#9621=DIRECTION('',(-0.9807856137664555,-0.19508864607853904,0));
#9622=FACE_SURFACE('',(#9627),#9623,.T.);
#9623=PLANE('',#9624);
#9624=AXIS2_PLACEMENT_3D('',#442,#9625,#9626);
#9625=DIRECTION('',(0,0,1));
#9626=DIRECTION('',(0.8819201271708627,0.4713988643292742,0));
#9627=FACE_BOUND('',#9628,.T.);
#9628=EDGE_LOOP('',(#9629,#9630,#9631));
#9629=ORIENTED_EDGE('',*,*,#9632,.T.);
#9630=ORIENTED_EDGE('',*,*,#9633,.T.);
#9631=ORIENTED_EDGE('',*,*,#9634,.T.);
#9632=EDGE_CURVE('',#443,#439,#9635,.F.);
#9633=EDGE_CURVE('',#439,#435,#9636,.T.);
#9634=EDGE_CURVE('',#435,#443,#9637,.T.);
#9635=LINE('',#442,#9638);
#9636=LINE('',#438,#9639);
#9637=LINE('',#434,#9640);
#9638=VECTOR('',#9641,1.0);
#9639=VECTOR('',#9642,1.0);
#9640=VECTOR('',#9643,1.0);
#9641=DIRECTION('',(0.8819201271708627,0.4713988643292742,0));
#9642=DIRECTION('',(0.773010858260029,0.6343927907945467,0));
#9643=DIRECTION('',(-0.8314691886581793,-0.5555708670476781,0));
#9644=FACE_SURFACE('',(#9649),#9645,.T.);
#9645=PLANE('',#9646);
#9646=AXIS2_PLACEMENT_3D('',#434,#9647,#9648);
#9647=DIRECTION('',(0,0,1));
#9648=DIRECTION('',(0.634394362744037,0.7730095681934261,0));
#9649=FACE_BOUND('',#9650,.T.);
#9650=EDGE_LOOP('',(#9651,#9652,#9653));
#9651=ORIENTED_EDGE('',*,*,#9654,.T.);
#9652=ORIENTED_EDGE('',*,*,#9655,.T.);
#9653=ORIENTED_EDGE('',*,*,#9656,.T.);
#9654=EDGE_CURVE('',#435,#431,#9657,.F.);
#9655=EDGE_CURVE('',#431,#427,#9658,.T.);
#9656=EDGE_CURVE('',#427,#435,#9659,.T.);
#9657=LINE('',#434,#9660);
#9658=LINE('',#430,#9661);
#9659=LINE('',#426,#9662);
#9660=VECTOR('',#9663,1.0);
#9661=VECTOR('',#9664,1.0);
#9662=VECTOR('',#9665,1.0);
#9663=DIRECTION('',(0.634394362744037,0.7730095681934261,0));
#9664=DIRECTION('',(0.47139402345355763,0.8819227146707735,0));
#9665=DIRECTION('',(-0.5555692585462461,-0.8314702634239991,0));
#9666=FACE_SURFACE('',(#9671),#9667,.T.);
#9667=PLANE('',#9668);
#9668=AXIS2_PLACEMENT_3D('',#426,#9669,#9670);
#9669=DIRECTION('',(0,0,1));
#9670=DIRECTION('',(0.2902843983715121,0.9569404203303825,0));
#9671=FACE_BOUND('',#9672,.T.);
#9672=EDGE_LOOP('',(#9673,#9674,#9675));
#9673=ORIENTED_EDGE('',*,*,#9676,.T.);
#9674=ORIENTED_EDGE('',*,*,#9677,.T.);
#9675=ORIENTED_EDGE('',*,*,#9678,.T.);
#9676=EDGE_CURVE('',#427,#423,#9679,.F.);
#9677=EDGE_CURVE('',#423,#419,#9680,.T.);
#9678=EDGE_CURVE('',#419,#427,#9681,.T.);
#9679=LINE('',#426,#9682);
#9680=LINE('',#422,#9683);
#9681=LINE('',#418,#9684);
#9682=VECTOR('',#9685,1.0);
#9683=VECTOR('',#9686,1.0);
#9684=VECTOR('',#9687,1.0);
#9685=DIRECTION('',(0.2902843983715121,0.9569404203303825,0));
#9686=DIRECTION('',(0.09801794316098007,0.9951846475998767,0));
#9687=DIRECTION('',(-0.1950910172409447,-0.9807851421141601,0));
#9688=FACE_SURFACE('',(#9693),#9689,.T.);
#9689=PLANE('',#9690);
#9690=AXIS2_PLACEMENT_3D('',#418,#9691,#9692);
#9691=DIRECTION('',(0,0,1));
#9692=DIRECTION('',(-0.0980172331500507,0.9951847175301722,0));
#9693=FACE_BOUND('',#9694,.T.);
#9694=EDGE_LOOP('',(#9695,#9696,#9697));
#9695=ORIENTED_EDGE('',*,*,#9698,.T.);
#9696=ORIENTED_EDGE('',*,*,#9699,.T.);
#9697=ORIENTED_EDGE('',*,*,#9700,.T.);
#9698=EDGE_CURVE('',#419,#415,#9701,.F.);
#9699=EDGE_CURVE('',#415,#411,#9702,.T.);
#9700=EDGE_CURVE('',#411,#419,#9703,.T.);
#9701=LINE('',#418,#9704);
#9702=LINE('',#414,#9705);
#9703=LINE('',#410,#9706);
#9704=VECTOR('',#9707,1.0);
#9705=VECTOR('',#9708,1.0);
#9706=VECTOR('',#9709,1.0);
#9707=DIRECTION('',(-0.0980172331500507,0.9951847175301722,0));
#9708=DIRECTION('',(-0.2902843983715121,0.9569404203303825,0));
#9709=DIRECTION('',(0.19509031750718822,-0.9807852813001144,0));
#9710=FACE_SURFACE('',(#9715),#9711,.T.);
#9711=PLANE('',#9712);
#9712=AXIS2_PLACEMENT_3D('',#410,#9713,#9714);
#9713=DIRECTION('',(0,0,1));
#9714=DIRECTION('',(-0.47139402345355763,0.8819227146707735,0));
#9715=FACE_BOUND('',#9716,.T.);
#9716=EDGE_LOOP('',(#9717,#9718,#9719));
#9717=ORIENTED_EDGE('',*,*,#9720,.T.);
#9718=ORIENTED_EDGE('',*,*,#9721,.T.);
#9719=ORIENTED_EDGE('',*,*,#9722,.T.);
#9720=EDGE_CURVE('',#411,#407,#9723,.F.);
#9721=EDGE_CURVE('',#407,#403,#9724,.T.);
#9722=EDGE_CURVE('',#403,#411,#9725,.T.);
#9723=LINE('',#410,#9726);
#9724=LINE('',#406,#9727);
#9725=LINE('',#402,#9728);
#9726=VECTOR('',#9729,1.0);
#9727=VECTOR('',#9730,1.0);
#9728=VECTOR('',#9731,1.0);
#9729=DIRECTION('',(-0.47139402345355763,0.8819227146707735,0));
#9730=DIRECTION('',(-0.634394362744037,0.7730095681934261,0));
#9731=DIRECTION('',(0.5555692585462461,-0.8314702634239991,0));
#9732=FACE_SURFACE('',(#9737),#9733,.T.);
#9733=PLANE('',#9734);
#9734=AXIS2_PLACEMENT_3D('',#402,#9735,#9736);
#9735=DIRECTION('',(0,0,1));
#9736=DIRECTION('',(-0.773010858260029,0.6343927907945467,0));
#9737=FACE_BOUND('',#9738,.T.);
#9738=EDGE_LOOP('',(#9739,#9740,#9741));
#9739=ORIENTED_EDGE('',*,*,#9742,.T.);
#9740=ORIENTED_EDGE('',*,*,#9743,.T.);
#9741=ORIENTED_EDGE('',*,*,#9744,.T.);
#9742=EDGE_CURVE('',#403,#399,#9745,.F.);
#9743=EDGE_CURVE('',#399,#395,#9746,.T.);
#9744=EDGE_CURVE('',#395,#403,#9747,.T.);
#9745=LINE('',#402,#9748);
#9746=LINE('',#398,#9749);
#9747=LINE('',#394,#9750);
#9748=VECTOR('',#9751,1.0);
#9749=VECTOR('',#9752,1.0);
#9750=VECTOR('',#9753,1.0);
#9751=DIRECTION('',(-0.773010858260029,0.6343927907945467,0));
#9752=DIRECTION('',(-0.8819201271708627,0.4713988643292742,0));
#9753=DIRECTION('',(0.8314691886581793,-0.5555708670476781,0));
#9754=FACE_SURFACE('',(#9759),#9755,.T.);
#9755=PLANE('',#9756);
#9756=AXIS2_PLACEMENT_3D('',#394,#9757,#9758);
#9757=DIRECTION('',(0,0,1));
#9758=DIRECTION('',(-0.9807856137664555,0.19508864607853904,0));
#9759=FACE_BOUND('',#9760,.T.);
#9760=EDGE_LOOP('',(#9761,#9762,#9763));
#9761=ORIENTED_EDGE('',*,*,#9764,.T.);
#9762=ORIENTED_EDGE('',*,*,#9765,.T.);
#9763=ORIENTED_EDGE('',*,*,#9766,.T.);
#9764=EDGE_CURVE('',#395,#389,#9767,.F.);
#9765=EDGE_CURVE('',#389,#507,#9768,.T.);
#9766=EDGE_CURVE('',#507,#395,#9769,.T.);
#9767=LINE('',#394,#9770);
#9768=LINE('',#388,#9771);
#9769=LINE('',#506,#9772);
#9770=VECTOR('',#9773,1.0);
#9771=VECTOR('',#9774,1.0);
#9772=VECTOR('',#9775,1.0);
#9773=DIRECTION('',(-0.9807856137664555,0.19508864607853904,0));
#9774=DIRECTION('',(-0.9807856137664555,-0.19508864607853904,0));
#9775=DIRECTION('',(1,0,0));
#9776=FACE_SURFACE('',(#9781),#9777,.T.);
#9777=PLANE('',#9778);
#9778=AXIS2_PLACEMENT_3D('',#506,#9779,#9780);
#9779=DIRECTION('',(0,0,1));
#9780=DIRECTION('',(-0.8314691886581793,-0.5555708670476781,0));
#9781=FACE_BOUND('',#9782,.T.);
#9782=EDGE_LOOP('',(#9783,#9784,#9785));
#9783=ORIENTED_EDGE('',*,*,#9786,.T.);
#9784=ORIENTED_EDGE('',*,*,#9787,.T.);
#9785=ORIENTED_EDGE('',*,*,#9788,.T.);
#9786=EDGE_CURVE('',#507,#499,#9789,.F.);
#9787=EDGE_CURVE('',#499,#491,#9790,.T.);
#9788=EDGE_CURVE('',#491,#507,#9791,.T.);
#9789=LINE('',#506,#9792);
#9790=LINE('',#498,#9793);
#9791=LINE('',#490,#9794);
#9792=VECTOR('',#9795,1.0);
#9793=VECTOR('',#9796,1.0);
#9794=VECTOR('',#9797,1.0);
#9795=DIRECTION('',(-0.8314691886581793,-0.5555708670476781,0));
#9796=DIRECTION('',(-0.5555692585462461,-0.8314702634239991,0));
#9797=DIRECTION('',(0.7071060238112845,0.7071075385609994,0));
#9798=FACE_SURFACE('',(#9803),#9799,.T.);
#9799=PLANE('',#9800);
#9800=AXIS2_PLACEMENT_3D('',#490,#9801,#9802);
#9801=DIRECTION('',(0,0,1));
#9802=DIRECTION('',(-0.19509031750718822,-0.9807852813001144,0));
#9803=FACE_BOUND('',#9804,.T.);
#9804=EDGE_LOOP('',(#9805,#9806,#9807));
#9805=ORIENTED_EDGE('',*,*,#9808,.T.);
#9806=ORIENTED_EDGE('',*,*,#9809,.T.);
#9807=ORIENTED_EDGE('',*,*,#9810,.T.);
#9808=EDGE_CURVE('',#491,#483,#9811,.F.);
#9809=EDGE_CURVE('',#483,#475,#9812,.T.);
#9810=EDGE_CURVE('',#475,#491,#9813,.T.);
#9811=LINE('',#490,#9814);
#9812=LINE('',#482,#9815);
#9813=LINE('',#474,#9816);
#9814=VECTOR('',#9817,1.0);
#9815=VECTOR('',#9818,1.0);
#9816=VECTOR('',#9819,1.0);
#9817=DIRECTION('',(-0.19509031750718822,-0.9807852813001144,0));
#9818=DIRECTION('',(0.1950910172409447,-0.9807851421141601,0));
#9819=DIRECTION('',(0,1,0));
#9820=FACE_SURFACE('',(#9825),#9821,.T.);
#9821=PLANE('',#9822);
#9822=AXIS2_PLACEMENT_3D('',#474,#9823,#9824);
#9823=DIRECTION('',(0,0,1));
#9824=DIRECTION('',(0.5555692585462461,-0.8314702634239991,0));
#9825=FACE_BOUND('',#9826,.T.);
#9826=EDGE_LOOP('',(#9827,#9828,#9829));
#9827=ORIENTED_EDGE('',*,*,#9830,.T.);
#9828=ORIENTED_EDGE('',*,*,#9831,.T.);
#9829=ORIENTED_EDGE('',*,*,#9832,.T.);
#9830=EDGE_CURVE('',#475,#467,#9833,.F.);
#9831=EDGE_CURVE('',#467,#459,#9834,.T.);
#9832=EDGE_CURVE('',#459,#475,#9835,.T.);
#9833=LINE('',#474,#9836);
#9834=LINE('',#466,#9837);
#9835=LINE('',#458,#9838);
#9836=VECTOR('',#9839,1.0);
#9837=VECTOR('',#9840,1.0);
#9838=VECTOR('',#9841,1.0);
#9839=DIRECTION('',(0.5555692585462461,-0.8314702634239991,0));
#9840=DIRECTION('',(0.8314691886581793,-0.5555708670476781,0));
#9841=DIRECTION('',(-0.7071060238112845,0.7071075385609994,0));
#9842=FACE_SURFACE('',(#9847),#9843,.T.);
#9843=PLANE('',#9844);
#9844=AXIS2_PLACEMENT_3D('',#458,#9845,#9846);
#9845=DIRECTION('',(-0,0,1));
#9846=DIRECTION('',(0.9807856137664555,-0.19508864607853904,0));
#9847=FACE_BOUND('',#9848,.T.);
#9848=EDGE_LOOP('',(#9849,#9850,#9851));
#9849=ORIENTED_EDGE('',*,*,#9852,.T.);
#9850=ORIENTED_EDGE('',*,*,#9853,.T.);
#9851=ORIENTED_EDGE('',*,*,#9854,.T.);
#9852=EDGE_CURVE('',#459,#451,#9855,.F.);
#9853=EDGE_CURVE('',#451,#443,#9856,.T.);
#9854=EDGE_CURVE('',#443,#459,#9857,.T.);
#9855=LINE('',#458,#9858);
#9856=LINE('',#450,#9859);
#9857=LINE('',#442,#9860);
#9858=VECTOR('',#9861,1.0);
#9859=VECTOR('',#9862,1.0);
#9860=VECTOR('',#9863,1.0);
#9861=DIRECTION('',(0.9807856137664555,-0.19508864607853904,0));
#9862=DIRECTION('',(0.9807856137664555,0.19508864607853904,0));
#9863=DIRECTION('',(-1,0,0));
#9864=FACE_SURFACE('',(#9869),#9865,.T.);
#9865=PLANE('',#9866);
#9866=AXIS2_PLACEMENT_3D('',#442,#9867,#9868);
#9867=DIRECTION('',(0,0,1));
#9868=DIRECTION('',(0.8314691886581793,0.5555708670476781,0));
#9869=FACE_BOUND('',#9870,.T.);
#9870=EDGE_LOOP('',(#9871,#9872,#9873));
#9871=ORIENTED_EDGE('',*,*,#9874,.T.);
#9872=ORIENTED_EDGE('',*,*,#9875,.T.);
#9873=ORIENTED_EDGE('',*,*,#9876,.T.);
#9874=EDGE_CURVE('',#443,#435,#9877,.F.);
#9875=EDGE_CURVE('',#435,#427,#9878,.T.);
#9876=EDGE_CURVE('',#427,#443,#9879,.T.);
#9877=LINE('',#442,#9880);
#9878=LINE('',#434,#9881);
#9879=LINE('',#426,#9882);
#9880=VECTOR('',#9883,1.0);
#9881=VECTOR('',#9884,1.0);
#9882=VECTOR('',#9885,1.0);
#9883=DIRECTION('',(0.8314691886581793,0.5555708670476781,0));
#9884=DIRECTION('',(0.5555692585462461,0.8314702634239991,0));
#9885=DIRECTION('',(-0.7071060238112845,-0.7071075385609994,0));
#9886=FACE_SURFACE('',(#9891),#9887,.T.);
#9887=PLANE('',#9888);
#9888=AXIS2_PLACEMENT_3D('',#426,#9889,#9890);
#9889=DIRECTION('',(0,0,1));
#9890=DIRECTION('',(0.1950910172409447,0.9807851421141601,0));
#9891=FACE_BOUND('',#9892,.T.);
#9892=EDGE_LOOP('',(#9893,#9894,#9895));
#9893=ORIENTED_EDGE('',*,*,#9896,.T.);
#9894=ORIENTED_EDGE('',*,*,#9897,.T.);
#9895=ORIENTED_EDGE('',*,*,#9898,.T.);
#9896=EDGE_CURVE('',#427,#419,#9899,.F.);
#9897=EDGE_CURVE('',#419,#411,#9900,.T.);
#9898=EDGE_CURVE('',#411,#427,#9901,.T.);
#9899=LINE('',#426,#9902);
#9900=LINE('',#418,#9903);
#9901=LINE('',#410,#9904);
#9902=VECTOR('',#9905,1.0);
#9903=VECTOR('',#9906,1.0);
#9904=VECTOR('',#9907,1.0);
#9905=DIRECTION('',(0.1950910172409447,0.9807851421141601,0));
#9906=DIRECTION('',(-0.19509031750718822,0.9807852813001144,0));
#9907=DIRECTION('',(0,-1,0));
#9908=FACE_SURFACE('',(#9913),#9909,.T.);
#9909=PLANE('',#9910);
#9910=AXIS2_PLACEMENT_3D('',#410,#9911,#9912);
#9911=DIRECTION('',(0,0,1));
#9912=DIRECTION('',(-0.5555692585462461,0.8314702634239991,0));
#9913=FACE_BOUND('',#9914,.T.);
#9914=EDGE_LOOP('',(#9915,#9916,#9917));
#9915=ORIENTED_EDGE('',*,*,#9918,.T.);
#9916=ORIENTED_EDGE('',*,*,#9919,.T.);
#9917=ORIENTED_EDGE('',*,*,#9920,.T.);
#9918=EDGE_CURVE('',#411,#403,#9921,.F.);
#9919=EDGE_CURVE('',#403,#395,#9922,.T.);
#9920=EDGE_CURVE('',#395,#411,#9923,.T.);
#9921=LINE('',#410,#9924);
#9922=LINE('',#402,#9925);
#9923=LINE('',#394,#9926);
#9924=VECTOR('',#9927,1.0);
#9925=VECTOR('',#9928,1.0);
#9926=VECTOR('',#9929,1.0);
#9927=DIRECTION('',(-0.5555692585462461,0.8314702634239991,0));
#9928=DIRECTION('',(-0.8314691886581793,0.5555708670476781,0));
#9929=DIRECTION('',(0.7071060238112845,-0.7071075385609994,0));
#9930=FACE_SURFACE('',(#9935),#9931,.T.);
#9931=PLANE('',#9932);
#9932=AXIS2_PLACEMENT_3D('',#394,#9933,#9934);
#9933=DIRECTION('',(0,0,1));
#9934=DIRECTION('',(-1,0,0));
#9935=FACE_BOUND('',#9936,.T.);
#9936=EDGE_LOOP('',(#9937,#9938,#9939));
#9937=ORIENTED_EDGE('',*,*,#9940,.T.);
#9938=ORIENTED_EDGE('',*,*,#9941,.T.);
#9939=ORIENTED_EDGE('',*,*,#9942,.T.);
#9940=EDGE_CURVE('',#395,#507,#9943,.F.);
#9941=EDGE_CURVE('',#507,#491,#9944,.T.);
#9942=EDGE_CURVE('',#491,#395,#9945,.T.);
#9943=LINE('',#394,#9946);
#9944=LINE('',#506,#9947);
#9945=LINE('',#490,#9948);
#9946=VECTOR('',#9949,1.0);
#9947=VECTOR('',#9950,1.0);
#9948=VECTOR('',#9951,1.0);
#9949=DIRECTION('',(-1,0,0));
#9950=DIRECTION('',(-0.7071060238112845,-0.7071075385609994,0));
#9951=DIRECTION('',(0.9238792544400627,0.3826841036877205,0));
#9952=FACE_SURFACE('',(#9957),#9953,.T.);
#9953=PLANE('',#9954);
#9954=AXIS2_PLACEMENT_3D('',#490,#9955,#9956);
#9955=DIRECTION('',(0,0,1));
#9956=DIRECTION('',(0,-1,0));
#9957=FACE_BOUND('',#9958,.T.);
#9958=EDGE_LOOP('',(#9959,#9960,#9961));
#9959=ORIENTED_EDGE('',*,*,#9962,.T.);
#9960=ORIENTED_EDGE('',*,*,#9963,.T.);
#9961=ORIENTED_EDGE('',*,*,#9964,.T.);
#9962=EDGE_CURVE('',#491,#475,#9965,.F.);
#9963=EDGE_CURVE('',#475,#459,#9966,.T.);
#9964=EDGE_CURVE('',#459,#491,#9967,.T.);
#9965=LINE('',#490,#9968);
#9966=LINE('',#474,#9969);
#9967=LINE('',#458,#9970);
#9968=VECTOR('',#9971,1.0);
#9969=VECTOR('',#9972,1.0);
#9970=VECTOR('',#9973,1.0);
#9971=DIRECTION('',(0,-1,0));
#9972=DIRECTION('',(0.7071060238112845,-0.7071075385609994,0));
#9973=DIRECTION('',(-0.38268338166920013,0.9238795535102102,0));
#9974=FACE_SURFACE('',(#9979),#9975,.T.);
#9975=PLANE('',#9976);
#9976=AXIS2_PLACEMENT_3D('',#458,#9977,#9978);
#9977=DIRECTION('',(0,0,1));
#9978=DIRECTION('',(1,0,0));
#9979=FACE_BOUND('',#9980,.T.);
#9980=EDGE_LOOP('',(#9981,#9982,#9983));
#9981=ORIENTED_EDGE('',*,*,#9984,.T.);
#9982=ORIENTED_EDGE('',*,*,#9985,.T.);
#9983=ORIENTED_EDGE('',*,*,#9986,.T.);
#9984=EDGE_CURVE('',#459,#443,#9987,.F.);
#9985=EDGE_CURVE('',#443,#427,#9988,.T.);
#9986=EDGE_CURVE('',#427,#459,#9989,.T.);
#9987=LINE('',#458,#9990);
#9988=LINE('',#442,#9991);
#9989=LINE('',#426,#9992);
#9990=VECTOR('',#9993,1.0);
#9991=VECTOR('',#9994,1.0);
#9992=VECTOR('',#9995,1.0);
#9993=DIRECTION('',(1,0,0));
#9994=DIRECTION('',(0.7071060238112845,0.7071075385609994,0));
#9995=DIRECTION('',(-0.9238792544400627,-0.3826841036877205,0));
#9996=FACE_SURFACE('',(#10001),#9997,.T.);
#9997=PLANE('',#9998);
#9998=AXIS2_PLACEMENT_3D('',#426,#9999,#10000);
#9999=DIRECTION('',(0,-0,1));
#10000=DIRECTION('',(0,1,0));
#10001=FACE_BOUND('',#10002,.T.);
#10002=EDGE_LOOP('',(#10003,#10004,#10005));
#10003=ORIENTED_EDGE('',*,*,#10006,.T.);
#10004=ORIENTED_EDGE('',*,*,#10007,.T.);
#10005=ORIENTED_EDGE('',*,*,#10008,.T.);
#10006=EDGE_CURVE('',#427,#411,#10009,.F.);
#10007=EDGE_CURVE('',#411,#395,#10010,.T.);
#10008=EDGE_CURVE('',#395,#427,#10011,.T.);
#10009=LINE('',#426,#10012);
#10010=LINE('',#410,#10013);
#10011=LINE('',#394,#10014);
#10012=VECTOR('',#10015,1.0);
#10013=VECTOR('',#10016,1.0);
#10014=VECTOR('',#10017,1.0);
#10015=DIRECTION('',(0,1,0));
#10016=DIRECTION('',(-0.7071060238112845,0.7071075385609994,0));
#10017=DIRECTION('',(0.38268338166920013,-0.9238795535102102,0));
#10018=FACE_SURFACE('',(#10023),#10019,.T.);
#10019=PLANE('',#10020);
#10020=AXIS2_PLACEMENT_3D('',#394,#10021,#10022);
#10021=DIRECTION('',(0,0,1));
#10022=DIRECTION('',(-0.9238792544400627,-0.3826841036877205,0));
#10023=FACE_BOUND('',#10024,.T.);
#10024=EDGE_LOOP('',(#10025,#10026,#10027));
#10025=ORIENTED_EDGE('',*,*,#10028,.T.);
#10026=ORIENTED_EDGE('',*,*,#10029,.T.);
#10027=ORIENTED_EDGE('',*,*,#10030,.T.);
#10028=EDGE_CURVE('',#395,#491,#10031,.F.);
#10029=EDGE_CURVE('',#491,#459,#10032,.T.);
#10030=EDGE_CURVE('',#459,#395,#10033,.T.);
#10031=LINE('',#394,#10034);
#10032=LINE('',#490,#10035);
#10033=LINE('',#458,#10036);
#10034=VECTOR('',#10037,1.0);
#10035=VECTOR('',#10038,1.0);
#10036=VECTOR('',#10039,1.0);
#10037=DIRECTION('',(-0.9238792544400627,-0.3826841036877205,0));
#10038=DIRECTION('',(0.38268338166920013,-0.9238795535102102,0));
#10039=DIRECTION('',(0.3826832400567618,0.9238796121679809,0));
#10040=FACE_SURFACE('',(#10045),#10041,.T.);
#10041=PLANE('',#10042);
#10042=AXIS2_PLACEMENT_3D('',#458,#10043,#10044);
#10043=DIRECTION('',(0,0,1));
#10044=DIRECTION('',(0.9238792544400627,0.3826841036877205,0));
#10045=FACE_BOUND('',#10046,.T.);
#10046=EDGE_LOOP('',(#10047,#10048,#10049));
#10047=ORIENTED_EDGE('',*,*,#10050,.T.);
#10048=ORIENTED_EDGE('',*,*,#10051,.T.);
#10049=ORIENTED_EDGE('',*,*,#10052,.T.);
#10050=EDGE_CURVE('',#459,#427,#10053,.F.);
#10051=EDGE_CURVE('',#427,#395,#10054,.T.);
#10052=EDGE_CURVE('',#395,#459,#10055,.T.);
#10053=LINE('',#458,#10056);
#10054=LINE('',#426,#10057);
#10055=LINE('',#394,#10058);
#10056=VECTOR('',#10059,1.0);
#10057=VECTOR('',#10060,1.0);
#10058=VECTOR('',#10061,1.0);
#10059=DIRECTION('',(0.9238792544400627,0.3826841036877205,0));
#10060=DIRECTION('',(-0.38268338166920013,0.9238795535102102,0));
#10061=DIRECTION('',(-0.3826832400567618,-0.9238796121679809,0));
#10062=FACE_SURFACE('',(#10067),#10063,.T.);
#10063=PLANE('',#10064);
#10064=AXIS2_PLACEMENT_3D('',#508,#10065,#10066);
#10065=DIRECTION('',(-0.29028311113420446,0.9569408108081958,0));
#10066=DIRECTION('',(0,0,1));
#10067=FACE_BOUND('',#10068,.T.);
#10068=EDGE_LOOP('',(#10069,#10070,#10071));
#10069=ORIENTED_EDGE('',*,*,#10072,.T.);
#10070=ORIENTED_EDGE('',*,*,#10073,.T.);
#10071=ORIENTED_EDGE('',*,*,#10074,.T.);
#10072=EDGE_CURVE('',#509,#507,#10075,.F.);
#10073=EDGE_CURVE('',#507,#511,#10076,.T.);
#10074=EDGE_CURVE('',#511,#509,#10077,.T.);
#10075=LINE('',#508,#10078);
#10076=LINE('',#506,#10079);
#10077=LINE('',#510,#10080);
#10078=VECTOR('',#10081,1.0);
#10079=VECTOR('',#10082,1.0);
#10080=VECTOR('',#10083,1.0);
#10081=DIRECTION('',(0,0,1));
#10082=DIRECTION('',(0.9569408108081958,0.29028311113420446,0));
#10083=DIRECTION('',(-0.12431780994141159,-0.03771117317977658,-0.9915255667650613));
#10084=FACE_SURFACE('',(#10089),#10085,.T.);
#10085=PLANE('',#10086);
#10086=AXIS2_PLACEMENT_3D('',#508,#10087,#10088);
#10087=DIRECTION('',(-0.29028311113420446,0.9569408108081958,0));
#10088=DIRECTION('',(0.12431780994141159,0.03771117317977658,0.9915255667650613));
#10089=FACE_BOUND('',#10090,.T.);
#10090=EDGE_LOOP('',(#10091,#10092,#10093));
#10091=ORIENTED_EDGE('',*,*,#10094,.T.);
#10092=ORIENTED_EDGE('',*,*,#10095,.T.);
#10093=ORIENTED_EDGE('',*,*,#10096,.T.);
#10094=EDGE_CURVE('',#509,#511,#10097,.F.);
#10095=EDGE_CURVE('',#511,#513,#10098,.T.);
#10096=EDGE_CURVE('',#513,#509,#10099,.T.);
#10097=LINE('',#508,#10100);
#10098=LINE('',#510,#10101);
#10099=LINE('',#512,#10102);
#10100=VECTOR('',#10103,1.0);
#10101=VECTOR('',#10104,1.0);
#10102=VECTOR('',#10105,1.0);
#10103=DIRECTION('',(0.12431780994141159,0.03771117317977658,0.9915255667650613));
#10104=DIRECTION('',(0,0,-1));
#10105=DIRECTION('',(-0.9569408108081958,-0.29028311113420446,0));
#10106=FACE_SURFACE('',(#10111),#10107,.T.);
#10107=PLANE('',#10108);
#10108=AXIS2_PLACEMENT_3D('',#512,#10109,#10110);
#10109=DIRECTION('',(-0.0980153865742542,0.9951848994004578,0));
#10110=DIRECTION('',(0,0,1));
#10111=FACE_BOUND('',#10112,.T.);
#10112=EDGE_LOOP('',(#10113,#10114,#10115));
#10113=ORIENTED_EDGE('',*,*,#10116,.T.);
#10114=ORIENTED_EDGE('',*,*,#10117,.T.);
#10115=ORIENTED_EDGE('',*,*,#10118,.T.);
#10116=EDGE_CURVE('',#513,#511,#10119,.F.);
#10117=EDGE_CURVE('',#511,#389,#10120,.T.);
#10118=EDGE_CURVE('',#389,#513,#10121,.T.);
#10119=LINE('',#512,#10122);
#10120=LINE('',#510,#10123);
#10121=LINE('',#388,#10124);
#10122=VECTOR('',#10125,1.0);
#10123=VECTOR('',#10126,1.0);
#10124=VECTOR('',#10127,1.0);
#10125=DIRECTION('',(0,0,1));
#10126=DIRECTION('',(0.9951848994004578,0.0980153865742542,0));
#10127=DIRECTION('',(-0.129286188747089,-0.012733348120929185,-0.9915255635861757));
#10128=FACE_SURFACE('',(#10133),#10129,.T.);
#10129=PLANE('',#10130);
#10130=AXIS2_PLACEMENT_3D('',#512,#10131,#10132);
#10131=DIRECTION('',(-0.0980153865742542,0.9951848994004578,0));
#10132=DIRECTION('',(0.129286188747089,0.012733348120929185,0.9915255635861757));
#10133=FACE_BOUND('',#10134,.T.);
#10134=EDGE_LOOP('',(#10135,#10136,#10137));
#10135=ORIENTED_EDGE('',*,*,#10138,.T.);
#10136=ORIENTED_EDGE('',*,*,#10139,.T.);
#10137=ORIENTED_EDGE('',*,*,#10140,.T.);
#10138=EDGE_CURVE('',#513,#389,#10141,.F.);
#10139=EDGE_CURVE('',#389,#387,#10142,.T.);
#10140=EDGE_CURVE('',#387,#513,#10143,.T.);
#10141=LINE('',#512,#10144);
#10142=LINE('',#388,#10145);
#10143=LINE('',#386,#10146);
#10144=VECTOR('',#10147,1.0);
#10145=VECTOR('',#10148,1.0);
#10146=VECTOR('',#10149,1.0);
#10147=DIRECTION('',(0.129286188747089,0.012733348120929185,0.9915255635861757));
#10148=DIRECTION('',(0,0,-1));
#10149=DIRECTION('',(-0.9951848994004578,-0.0980153865742542,0));
#10150=FACE_SURFACE('',(#10155),#10151,.T.);
#10151=PLANE('',#10152);
#10152=AXIS2_PLACEMENT_3D('',#512,#10153,#10154);
#10153=DIRECTION('',(0,0,-1));
#10154=DIRECTION('',(0.9951848994004578,0.0980153865742542,0));
#10155=FACE_BOUND('',#10156,.T.);
#10156=EDGE_LOOP('',(#10157,#10158,#10159));
#10157=ORIENTED_EDGE('',*,*,#10160,.T.);
#10158=ORIENTED_EDGE('',*,*,#10161,.T.);
#10159=ORIENTED_EDGE('',*,*,#10162,.T.);
#10160=EDGE_CURVE('',#513,#387,#10163,.F.);
#10161=EDGE_CURVE('',#387,#393,#10164,.T.);
#10162=EDGE_CURVE('',#393,#513,#10165,.T.);
#10163=LINE('',#512,#10166);
#10164=LINE('',#386,#10167);
#10165=LINE('',#392,#10168);
#10166=VECTOR('',#10169,1.0);
#10167=VECTOR('',#10170,1.0);
#10168=VECTOR('',#10171,1.0);
#10169=DIRECTION('',(0.9951848994004578,0.0980153865742542,0));
#10170=DIRECTION('',(0.9951848994004578,-0.0980153865742542,0));
#10171=DIRECTION('',(-1,0,0));
#10172=FACE_SURFACE('',(#10177),#10173,.T.);
#10173=PLANE('',#10174);
#10174=AXIS2_PLACEMENT_3D('',#392,#10175,#10176);
#10175=DIRECTION('',(0,0,-1));
#10176=DIRECTION('',(0.9569408108081958,-0.29028311113420446,0));
#10177=FACE_BOUND('',#10178,.T.);
#10178=EDGE_LOOP('',(#10179,#10180,#10181));
#10179=ORIENTED_EDGE('',*,*,#10182,.T.);
#10180=ORIENTED_EDGE('',*,*,#10183,.T.);
#10181=ORIENTED_EDGE('',*,*,#10184,.T.);
#10182=EDGE_CURVE('',#393,#397,#10185,.F.);
#10183=EDGE_CURVE('',#397,#401,#10186,.T.);
#10184=EDGE_CURVE('',#401,#393,#10187,.T.);
#10185=LINE('',#392,#10188);
#10186=LINE('',#396,#10189);
#10187=LINE('',#400,#10190);
#10188=VECTOR('',#10191,1.0);
#10189=VECTOR('',#10192,1.0);
#10190=VECTOR('',#10193,1.0);
#10191=DIRECTION('',(0.9569408108081958,-0.29028311113420446,0));
#10192=DIRECTION('',(0.8819201271708627,-0.4713988643292742,0));
#10193=DIRECTION('',(-0.9238793466831899,0.3826838809934931,0));
#10194=FACE_SURFACE('',(#10199),#10195,.T.);
#10195=PLANE('',#10196);
#10196=AXIS2_PLACEMENT_3D('',#400,#10197,#10198);
#10197=DIRECTION('',(0,0,-1));
#10198=DIRECTION('',(0.773010858260029,-0.6343927907945467,0));
#10199=FACE_BOUND('',#10200,.T.);
#10200=EDGE_LOOP('',(#10201,#10202,#10203));
#10201=ORIENTED_EDGE('',*,*,#10204,.T.);
#10202=ORIENTED_EDGE('',*,*,#10205,.T.);
#10203=ORIENTED_EDGE('',*,*,#10206,.T.);
#10204=EDGE_CURVE('',#401,#405,#10207,.F.);
#10205=EDGE_CURVE('',#405,#409,#10208,.T.);
#10206=EDGE_CURVE('',#409,#401,#10209,.T.);
#10207=LINE('',#400,#10210);
#10208=LINE('',#404,#10211);
#10209=LINE('',#408,#10212);
#10210=VECTOR('',#10213,1.0);
#10211=VECTOR('',#10214,1.0);
#10212=VECTOR('',#10215,1.0);
#10213=DIRECTION('',(0.773010858260029,-0.6343927907945467,0));
#10214=DIRECTION('',(0.634394362744037,-0.7730095681934261,0));
#10215=DIRECTION('',(-0.7071075240099042,0.7071060383624105,0));
#10216=FACE_SURFACE('',(#10221),#10217,.T.);
#10217=PLANE('',#10218);
#10218=AXIS2_PLACEMENT_3D('',#408,#10219,#10220);
#10219=DIRECTION('',(0,0,-1));
#10220=DIRECTION('',(0.47139402345355763,-0.8819227146707735,0));
#10221=FACE_BOUND('',#10222,.T.);
#10222=EDGE_LOOP('',(#10223,#10224,#10225));
#10223=ORIENTED_EDGE('',*,*,#10226,.T.);
#10224=ORIENTED_EDGE('',*,*,#10227,.T.);
#10225=ORIENTED_EDGE('',*,*,#10228,.T.);
#10226=EDGE_CURVE('',#409,#413,#10229,.F.);
#10227=EDGE_CURVE('',#413,#417,#10230,.T.);
#10228=EDGE_CURVE('',#417,#409,#10231,.T.);
#10229=LINE('',#408,#10232);
#10230=LINE('',#412,#10233);
#10231=LINE('',#416,#10234);
#10232=VECTOR('',#10235,1.0);
#10233=VECTOR('',#10236,1.0);
#10234=VECTOR('',#10237,1.0);
#10235=DIRECTION('',(0.47139402345355763,-0.8819227146707735,0));
#10236=DIRECTION('',(0.2902843983715121,-0.9569404203303825,0));
#10237=DIRECTION('',(-0.3826820432000215,0.9238801079210748,0));
#10238=FACE_SURFACE('',(#10243),#10239,.T.);
#10239=PLANE('',#10240);
#10240=AXIS2_PLACEMENT_3D('',#416,#10241,#10242);
#10241=DIRECTION('',(0,0,-1));
#10242=DIRECTION('',(0.0980172331500507,-0.9951847175301722,0));
#10243=FACE_BOUND('',#10244,.T.);
#10244=EDGE_LOOP('',(#10245,#10246,#10247));
#10245=ORIENTED_EDGE('',*,*,#10248,.T.);
#10246=ORIENTED_EDGE('',*,*,#10249,.T.);
#10247=ORIENTED_EDGE('',*,*,#10250,.T.);
#10248=EDGE_CURVE('',#417,#421,#10251,.F.);
#10249=EDGE_CURVE('',#421,#425,#10252,.T.);
#10250=EDGE_CURVE('',#425,#417,#10253,.T.);
#10251=LINE('',#416,#10254);
#10252=LINE('',#420,#10255);
#10253=LINE('',#424,#10256);
#10254=VECTOR('',#10257,1.0);
#10255=VECTOR('',#10258,1.0);
#10256=VECTOR('',#10259,1.0);
#10257=DIRECTION('',(0.0980172331500507,-0.9951847175301722,0));
#10258=DIRECTION('',(-0.09801794316098007,-0.9951846475998767,0));
#10259=DIRECTION('',(0,1,0));
#10260=FACE_SURFACE('',(#10265),#10261,.T.);
#10261=PLANE('',#10262);
#10262=AXIS2_PLACEMENT_3D('',#424,#10263,#10264);
#10263=DIRECTION('',(0,0,-1));
#10264=DIRECTION('',(-0.2902843983715121,-0.9569404203303825,0));
#10265=FACE_BOUND('',#10266,.T.);
#10266=EDGE_LOOP('',(#10267,#10268,#10269));
#10267=ORIENTED_EDGE('',*,*,#10270,.T.);
#10268=ORIENTED_EDGE('',*,*,#10271,.T.);
#10269=ORIENTED_EDGE('',*,*,#10272,.T.);
#10270=EDGE_CURVE('',#425,#429,#10273,.F.);
#10271=EDGE_CURVE('',#429,#433,#10274,.T.);
#10272=EDGE_CURVE('',#433,#425,#10275,.T.);
#10273=LINE('',#424,#10276);
#10274=LINE('',#428,#10277);
#10275=LINE('',#432,#10278);
#10276=VECTOR('',#10279,1.0);
#10277=VECTOR('',#10280,1.0);
#10278=VECTOR('',#10281,1.0);
#10279=DIRECTION('',(-0.2902843983715121,-0.9569404203303825,0));
#10280=DIRECTION('',(-0.47139402345355763,-0.8819227146707735,0));
#10281=DIRECTION('',(0.3826820432000215,0.9238801079210748,0));
#10282=FACE_SURFACE('',(#10287),#10283,.T.);
#10283=PLANE('',#10284);
#10284=AXIS2_PLACEMENT_3D('',#432,#10285,#10286);
#10285=DIRECTION('',(0,0,-1));
#10286=DIRECTION('',(-0.634394362744037,-0.7730095681934261,0));
#10287=FACE_BOUND('',#10288,.T.);
#10288=EDGE_LOOP('',(#10289,#10290,#10291));
#10289=ORIENTED_EDGE('',*,*,#10292,.T.);
#10290=ORIENTED_EDGE('',*,*,#10293,.T.);
#10291=ORIENTED_EDGE('',*,*,#10294,.T.);
#10292=EDGE_CURVE('',#433,#437,#10295,.F.);
#10293=EDGE_CURVE('',#437,#441,#10296,.T.);
#10294=EDGE_CURVE('',#441,#433,#10297,.T.);
#10295=LINE('',#432,#10298);
#10296=LINE('',#436,#10299);
#10297=LINE('',#440,#10300);
#10298=VECTOR('',#10301,1.0);
#10299=VECTOR('',#10302,1.0);
#10300=VECTOR('',#10303,1.0);
#10301=DIRECTION('',(-0.634394362744037,-0.7730095681934261,0));
#10302=DIRECTION('',(-0.773010858260029,-0.6343927907945467,0));
#10303=DIRECTION('',(0.7071075240099042,0.7071060383624105,0));
#10304=FACE_SURFACE('',(#10309),#10305,.T.);
#10305=PLANE('',#10306);
#10306=AXIS2_PLACEMENT_3D('',#440,#10307,#10308);
#10307=DIRECTION('',(0,0,-1));
#10308=DIRECTION('',(-0.8819201271708627,-0.4713988643292742,0));
#10309=FACE_BOUND('',#10310,.T.);
#10310=EDGE_LOOP('',(#10311,#10312,#10313));
#10311=ORIENTED_EDGE('',*,*,#10314,.T.);
#10312=ORIENTED_EDGE('',*,*,#10315,.T.);
#10313=ORIENTED_EDGE('',*,*,#10316,.T.);
#10314=EDGE_CURVE('',#441,#445,#10317,.F.);
#10315=EDGE_CURVE('',#445,#449,#10318,.T.);
#10316=EDGE_CURVE('',#449,#441,#10319,.T.);
#10317=LINE('',#440,#10320);
#10318=LINE('',#444,#10321);
#10319=LINE('',#448,#10322);
#10320=VECTOR('',#10323,1.0);
#10321=VECTOR('',#10324,1.0);
#10322=VECTOR('',#10325,1.0);
#10323=DIRECTION('',(-0.8819201271708627,-0.4713988643292742,0));
#10324=DIRECTION('',(-0.9569408108081958,-0.29028311113420446,0));
#10325=DIRECTION('',(0.9238793466831899,0.3826838809934931,0));
#10326=FACE_SURFACE('',(#10331),#10327,.T.);
#10327=PLANE('',#10328);
#10328=AXIS2_PLACEMENT_3D('',#448,#10329,#10330);
#10329=DIRECTION('',(-0,0,-1));
#10330=DIRECTION('',(-0.9951848994004578,-0.0980153865742542,0));
#10331=FACE_BOUND('',#10332,.T.);
#10332=EDGE_LOOP('',(#10333,#10334,#10335));
#10333=ORIENTED_EDGE('',*,*,#10336,.T.);
#10334=ORIENTED_EDGE('',*,*,#10337,.T.);
#10335=ORIENTED_EDGE('',*,*,#10338,.T.);
#10336=EDGE_CURVE('',#449,#453,#10339,.F.);
#10337=EDGE_CURVE('',#453,#457,#10340,.T.);
#10338=EDGE_CURVE('',#457,#449,#10341,.T.);
#10339=LINE('',#448,#10342);
#10340=LINE('',#452,#10343);
#10341=LINE('',#456,#10344);
#10342=VECTOR('',#10345,1.0);
#10343=VECTOR('',#10346,1.0);
#10344=VECTOR('',#10347,1.0);
#10345=DIRECTION('',(-0.9951848994004578,-0.0980153865742542,0));
#10346=DIRECTION('',(-0.9951848994004578,0.0980153865742542,0));
#10347=DIRECTION('',(1,0,0));
#10348=FACE_SURFACE('',(#10353),#10349,.T.);
#10349=PLANE('',#10350);
#10350=AXIS2_PLACEMENT_3D('',#456,#10351,#10352);
#10351=DIRECTION('',(0,0,-1));
#10352=DIRECTION('',(-0.9569408108081958,0.29028311113420446,0));
#10353=FACE_BOUND('',#10354,.T.);
#10354=EDGE_LOOP('',(#10355,#10356,#10357));
#10355=ORIENTED_EDGE('',*,*,#10358,.T.);
#10356=ORIENTED_EDGE('',*,*,#10359,.T.);
#10357=ORIENTED_EDGE('',*,*,#10360,.T.);
#10358=EDGE_CURVE('',#457,#461,#10361,.F.);
#10359=EDGE_CURVE('',#461,#465,#10362,.T.);
#10360=EDGE_CURVE('',#465,#457,#10363,.T.);
#10361=LINE('',#456,#10364);
#10362=LINE('',#460,#10365);
#10363=LINE('',#464,#10366);
#10364=VECTOR('',#10367,1.0);
#10365=VECTOR('',#10368,1.0);
#10366=VECTOR('',#10369,1.0);
#10367=DIRECTION('',(-0.9569408108081958,0.29028311113420446,0));
#10368=DIRECTION('',(-0.8819201271708627,0.4713988643292742,0));
#10369=DIRECTION('',(0.9238793466831899,-0.3826838809934931,0));
#10370=FACE_SURFACE('',(#10375),#10371,.T.);
#10371=PLANE('',#10372);
#10372=AXIS2_PLACEMENT_3D('',#464,#10373,#10374);
#10373=DIRECTION('',(0,0,-1));
#10374=DIRECTION('',(-0.773010858260029,0.6343927907945467,0));
#10375=FACE_BOUND('',#10376,.T.);
#10376=EDGE_LOOP('',(#10377,#10378,#10379));
#10377=ORIENTED_EDGE('',*,*,#10380,.T.);
#10378=ORIENTED_EDGE('',*,*,#10381,.T.);
#10379=ORIENTED_EDGE('',*,*,#10382,.T.);
#10380=EDGE_CURVE('',#465,#469,#10383,.F.);
#10381=EDGE_CURVE('',#469,#473,#10384,.T.);
#10382=EDGE_CURVE('',#473,#465,#10385,.T.);
#10383=LINE('',#464,#10386);
#10384=LINE('',#468,#10387);
#10385=LINE('',#472,#10388);
#10386=VECTOR('',#10389,1.0);
#10387=VECTOR('',#10390,1.0);
#10388=VECTOR('',#10391,1.0);
#10389=DIRECTION('',(-0.773010858260029,0.6343927907945467,0));
#10390=DIRECTION('',(-0.634394362744037,0.7730095681934261,0));
#10391=DIRECTION('',(0.7071075240099042,-0.7071060383624105,0));
#10392=FACE_SURFACE('',(#10397),#10393,.T.);
#10393=PLANE('',#10394);
#10394=AXIS2_PLACEMENT_3D('',#472,#10395,#10396);
#10395=DIRECTION('',(0,0,-1));
#10396=DIRECTION('',(-0.47139402345355763,0.8819227146707735,0));
#10397=FACE_BOUND('',#10398,.T.);
#10398=EDGE_LOOP('',(#10399,#10400,#10401));
#10399=ORIENTED_EDGE('',*,*,#10402,.T.);
#10400=ORIENTED_EDGE('',*,*,#10403,.T.);
#10401=ORIENTED_EDGE('',*,*,#10404,.T.);
#10402=EDGE_CURVE('',#473,#477,#10405,.F.);
#10403=EDGE_CURVE('',#477,#481,#10406,.T.);
#10404=EDGE_CURVE('',#481,#473,#10407,.T.);
#10405=LINE('',#472,#10408);
#10406=LINE('',#476,#10409);
#10407=LINE('',#480,#10410);
#10408=VECTOR('',#10411,1.0);
#10409=VECTOR('',#10412,1.0);
#10410=VECTOR('',#10413,1.0);
#10411=DIRECTION('',(-0.47139402345355763,0.8819227146707735,0));
#10412=DIRECTION('',(-0.2902843983715121,0.9569404203303825,0));
#10413=DIRECTION('',(0.3826820432000215,-0.9238801079210748,0));
#10414=FACE_SURFACE('',(#10419),#10415,.T.);
#10415=PLANE('',#10416);
#10416=AXIS2_PLACEMENT_3D('',#480,#10417,#10418);
#10417=DIRECTION('',(0,0,-1));
#10418=DIRECTION('',(-0.09801794316098007,0.9951846475998767,0));
#10419=FACE_BOUND('',#10420,.T.);
#10420=EDGE_LOOP('',(#10421,#10422,#10423));
#10421=ORIENTED_EDGE('',*,*,#10424,.T.);
#10422=ORIENTED_EDGE('',*,*,#10425,.T.);
#10423=ORIENTED_EDGE('',*,*,#10426,.T.);
#10424=EDGE_CURVE('',#481,#485,#10427,.F.);
#10425=EDGE_CURVE('',#485,#489,#10428,.T.);
#10426=EDGE_CURVE('',#489,#481,#10429,.T.);
#10427=LINE('',#480,#10430);
#10428=LINE('',#484,#10431);
#10429=LINE('',#488,#10432);
#10430=VECTOR('',#10433,1.0);
#10431=VECTOR('',#10434,1.0);
#10432=VECTOR('',#10435,1.0);
#10433=DIRECTION('',(-0.09801794316098007,0.9951846475998767,0));
#10434=DIRECTION('',(0.0980172331500507,0.9951847175301722,0));
#10435=DIRECTION('',(0,-1,0));
#10436=FACE_SURFACE('',(#10441),#10437,.T.);
#10437=PLANE('',#10438);
#10438=AXIS2_PLACEMENT_3D('',#488,#10439,#10440);
#10439=DIRECTION('',(0,0,-1));
#10440=DIRECTION('',(0.2902843983715121,0.9569404203303825,0));
#10441=FACE_BOUND('',#10442,.T.);
#10442=EDGE_LOOP('',(#10443,#10444,#10445));
#10443=ORIENTED_EDGE('',*,*,#10446,.T.);
#10444=ORIENTED_EDGE('',*,*,#10447,.T.);
#10445=ORIENTED_EDGE('',*,*,#10448,.T.);
#10446=EDGE_CURVE('',#489,#493,#10449,.F.);
#10447=EDGE_CURVE('',#493,#497,#10450,.T.);
#10448=EDGE_CURVE('',#497,#489,#10451,.T.);
#10449=LINE('',#488,#10452);
#10450=LINE('',#492,#10453);
#10451=LINE('',#496,#10454);
#10452=VECTOR('',#10455,1.0);
#10453=VECTOR('',#10456,1.0);
#10454=VECTOR('',#10457,1.0);
#10455=DIRECTION('',(0.2902843983715121,0.9569404203303825,0));
#10456=DIRECTION('',(0.47139402345355763,0.8819227146707735,0));
#10457=DIRECTION('',(-0.3826820432000215,-0.9238801079210748,0));
#10458=FACE_SURFACE('',(#10463),#10459,.T.);
#10459=PLANE('',#10460);
#10460=AXIS2_PLACEMENT_3D('',#496,#10461,#10462);
#10461=DIRECTION('',(0,0,-1));
#10462=DIRECTION('',(0.634394362744037,0.7730095681934261,0));
#10463=FACE_BOUND('',#10464,.T.);
#10464=EDGE_LOOP('',(#10465,#10466,#10467));
#10465=ORIENTED_EDGE('',*,*,#10468,.T.);
#10466=ORIENTED_EDGE('',*,*,#10469,.T.);
#10467=ORIENTED_EDGE('',*,*,#10470,.T.);
#10468=EDGE_CURVE('',#497,#501,#10471,.F.);
#10469=EDGE_CURVE('',#501,#505,#10472,.T.);
#10470=EDGE_CURVE('',#505,#497,#10473,.T.);
#10471=LINE('',#496,#10474);
#10472=LINE('',#500,#10475);
#10473=LINE('',#504,#10476);
#10474=VECTOR('',#10477,1.0);
#10475=VECTOR('',#10478,1.0);
#10476=VECTOR('',#10479,1.0);
#10477=DIRECTION('',(0.634394362744037,0.7730095681934261,0));
#10478=DIRECTION('',(0.773010858260029,0.6343927907945467,0));
#10479=DIRECTION('',(-0.7071075240099042,-0.7071060383624105,0));
#10480=FACE_SURFACE('',(#10485),#10481,.T.);
#10481=PLANE('',#10482);
#10482=AXIS2_PLACEMENT_3D('',#504,#10483,#10484);
#10483=DIRECTION('',(0,0,-1));
#10484=DIRECTION('',(0.8819201271708627,0.4713988643292742,0));
#10485=FACE_BOUND('',#10486,.T.);
#10486=EDGE_LOOP('',(#10487,#10488,#10489));
#10487=ORIENTED_EDGE('',*,*,#10490,.T.);
#10488=ORIENTED_EDGE('',*,*,#10491,.T.);
#10489=ORIENTED_EDGE('',*,*,#10492,.T.);
#10490=EDGE_CURVE('',#505,#509,#10493,.F.);
#10491=EDGE_CURVE('',#509,#513,#10494,.T.);
#10492=EDGE_CURVE('',#513,#505,#10495,.T.);
#10493=LINE('',#504,#10496);
#10494=LINE('',#508,#10497);
#10495=LINE('',#512,#10498);
#10496=VECTOR('',#10499,1.0);
#10497=VECTOR('',#10500,1.0);
#10498=VECTOR('',#10501,1.0);
#10499=DIRECTION('',(0.8819201271708627,0.4713988643292742,0));
#10500=DIRECTION('',(0.9569408108081958,0.29028311113420446,0));
#10501=DIRECTION('',(-0.9238793466831899,-0.3826838809934931,0));
#10502=FACE_SURFACE('',(#10507),#10503,.T.);
#10503=PLANE('',#10504);
#10504=AXIS2_PLACEMENT_3D('',#512,#10505,#10506);
#10505=DIRECTION('',(0,0,-1));
#10506=DIRECTION('',(1,0,0));
#10507=FACE_BOUND('',#10508,.T.);
#10508=EDGE_LOOP('',(#10509,#10510,#10511));
#10509=ORIENTED_EDGE('',*,*,#10512,.T.);
#10510=ORIENTED_EDGE('',*,*,#10513,.T.);
#10511=ORIENTED_EDGE('',*,*,#10514,.T.);
#10512=EDGE_CURVE('',#513,#393,#10515,.F.);
#10513=EDGE_CURVE('',#393,#401,#10516,.T.);
#10514=EDGE_CURVE('',#401,#513,#10517,.T.);
#10515=LINE('',#512,#10518);
#10516=LINE('',#392,#10519);
#10517=LINE('',#400,#10520);
#10518=VECTOR('',#10521,1.0);
#10519=VECTOR('',#10522,1.0);
#10520=VECTOR('',#10523,1.0);
#10521=DIRECTION('',(1,0,0));
#10522=DIRECTION('',(0.9238793466831899,-0.3826838809934931,0));
#10523=DIRECTION('',(-0.9807852247095524,0.1950906020069467,0));
#10524=FACE_SURFACE('',(#10529),#10525,.T.);
#10525=PLANE('',#10526);
#10526=AXIS2_PLACEMENT_3D('',#400,#10527,#10528);
#10527=DIRECTION('',(0,0,-1));
#10528=DIRECTION('',(0.7071075240099042,-0.7071060383624105,0));
#10529=FACE_BOUND('',#10530,.T.);
#10530=EDGE_LOOP('',(#10531,#10532,#10533));
#10531=ORIENTED_EDGE('',*,*,#10534,.T.);
#10532=ORIENTED_EDGE('',*,*,#10535,.T.);
#10533=ORIENTED_EDGE('',*,*,#10536,.T.);
#10534=EDGE_CURVE('',#401,#409,#10537,.F.);
#10535=EDGE_CURVE('',#409,#417,#10538,.T.);
#10536=EDGE_CURVE('',#417,#401,#10539,.T.);
#10537=LINE('',#400,#10540);
#10538=LINE('',#408,#10541);
#10539=LINE('',#416,#10542);
#10540=VECTOR('',#10543,1.0);
#10541=VECTOR('',#10544,1.0);
#10542=VECTOR('',#10545,1.0);
#10543=DIRECTION('',(0.7071075240099042,-0.7071060383624105,0));
#10544=DIRECTION('',(0.3826820432000215,-0.9238801079210748,0));
#10545=DIRECTION('',(-0.5555696598700363,0.8314699952685559,0));
#10546=FACE_SURFACE('',(#10551),#10547,.T.);
#10547=PLANE('',#10548);
#10548=AXIS2_PLACEMENT_3D('',#416,#10549,#10550);
#10549=DIRECTION('',(0,-0,-1));
#10550=DIRECTION('',(0,-1,0));
#10551=FACE_BOUND('',#10552,.T.);
#10552=EDGE_LOOP('',(#10553,#10554,#10555));
#10553=ORIENTED_EDGE('',*,*,#10556,.T.);
#10554=ORIENTED_EDGE('',*,*,#10557,.T.);
#10555=ORIENTED_EDGE('',*,*,#10558,.T.);
#10556=EDGE_CURVE('',#417,#425,#10559,.F.);
#10557=EDGE_CURVE('',#425,#433,#10560,.T.);
#10558=EDGE_CURVE('',#433,#417,#10561,.T.);
#10559=LINE('',#416,#10562);
#10560=LINE('',#424,#10563);
#10561=LINE('',#432,#10564);
#10562=VECTOR('',#10565,1.0);
#10563=VECTOR('',#10566,1.0);
#10564=VECTOR('',#10567,1.0);
#10565=DIRECTION('',(0,-1,0));
#10566=DIRECTION('',(-0.3826820432000215,-0.9238801079210748,0));
#10567=DIRECTION('',(0.19509032149080593,0.9807852805077236,0));
#10568=FACE_SURFACE('',(#10573),#10569,.T.);
#10569=PLANE('',#10570);
#10570=AXIS2_PLACEMENT_3D('',#432,#10571,#10572);
#10571=DIRECTION('',(0,0,-1));
#10572=DIRECTION('',(-0.7071075240099042,-0.7071060383624105,0));
#10573=FACE_BOUND('',#10574,.T.);
#10574=EDGE_LOOP('',(#10575,#10576,#10577));
#10575=ORIENTED_EDGE('',*,*,#10578,.T.);
#10576=ORIENTED_EDGE('',*,*,#10579,.T.);
#10577=ORIENTED_EDGE('',*,*,#10580,.T.);
#10578=EDGE_CURVE('',#433,#441,#10581,.F.);
#10579=EDGE_CURVE('',#441,#449,#10582,.T.);
#10580=EDGE_CURVE('',#449,#433,#10583,.T.);
#10581=LINE('',#432,#10584);
#10582=LINE('',#440,#10585);
#10583=LINE('',#448,#10586);
#10584=VECTOR('',#10587,1.0);
#10585=VECTOR('',#10588,1.0);
#10586=VECTOR('',#10589,1.0);
#10587=DIRECTION('',(-0.7071075240099042,-0.7071060383624105,0));
#10588=DIRECTION('',(-0.9238793466831899,-0.3826838809934931,0));
#10589=DIRECTION('',(0.8314698599743505,0.5555698623523724,0));
#10590=FACE_SURFACE('',(#10595),#10591,.T.);
#10591=PLANE('',#10592);
#10592=AXIS2_PLACEMENT_3D('',#448,#10593,#10594);
#10593=DIRECTION('',(0,0,-1));
#10594=DIRECTION('',(-1,0,0));
#10595=FACE_BOUND('',#10596,.T.);
#10596=EDGE_LOOP('',(#10597,#10598,#10599));
#10597=ORIENTED_EDGE('',*,*,#10600,.T.);
#10598=ORIENTED_EDGE('',*,*,#10601,.T.);
#10599=ORIENTED_EDGE('',*,*,#10602,.T.);
#10600=EDGE_CURVE('',#449,#457,#10603,.F.);
#10601=EDGE_CURVE('',#457,#465,#10604,.T.);
#10602=EDGE_CURVE('',#465,#449,#10605,.T.);
#10603=LINE('',#448,#10606);
#10604=LINE('',#456,#10607);
#10605=LINE('',#464,#10608);
#10606=VECTOR('',#10609,1.0);
#10607=VECTOR('',#10610,1.0);
#10608=VECTOR('',#10611,1.0);
#10609=DIRECTION('',(-1,0,0));
#10610=DIRECTION('',(-0.9238793466831899,0.3826838809934931,0));
#10611=DIRECTION('',(0.9807852247095524,-0.1950906020069467,0));
#10612=FACE_SURFACE('',(#10617),#10613,.T.);
#10613=PLANE('',#10614);
#10614=AXIS2_PLACEMENT_3D('',#464,#10615,#10616);
#10615=DIRECTION('',(0,0,-1));
#10616=DIRECTION('',(-0.7071075240099042,0.7071060383624105,0));
#10617=FACE_BOUND('',#10618,.T.);
#10618=EDGE_LOOP('',(#10619,#10620,#10621));
#10619=ORIENTED_EDGE('',*,*,#10622,.T.);
#10620=ORIENTED_EDGE('',*,*,#10623,.T.);
#10621=ORIENTED_EDGE('',*,*,#10624,.T.);
#10622=EDGE_CURVE('',#465,#473,#10625,.F.);
#10623=EDGE_CURVE('',#473,#481,#10626,.T.);
#10624=EDGE_CURVE('',#481,#465,#10627,.T.);
#10625=LINE('',#464,#10628);
#10626=LINE('',#472,#10629);
#10627=LINE('',#480,#10630);
#10628=VECTOR('',#10631,1.0);
#10629=VECTOR('',#10632,1.0);
#10630=VECTOR('',#10633,1.0);
#10631=DIRECTION('',(-0.7071075240099042,0.7071060383624105,0));
#10632=DIRECTION('',(-0.3826820432000215,0.9238801079210748,0));
#10633=DIRECTION('',(0.5555696598700363,-0.8314699952685559,0));
#10634=FACE_SURFACE('',(#10639),#10635,.T.);
#10635=PLANE('',#10636);
#10636=AXIS2_PLACEMENT_3D('',#480,#10637,#10638);
#10637=DIRECTION('',(0,0,-1));
#10638=DIRECTION('',(0,1,0));
#10639=FACE_BOUND('',#10640,.T.);
#10640=EDGE_LOOP('',(#10641,#10642,#10643));
#10641=ORIENTED_EDGE('',*,*,#10644,.T.);
#10642=ORIENTED_EDGE('',*,*,#10645,.T.);
#10643=ORIENTED_EDGE('',*,*,#10646,.T.);
#10644=EDGE_CURVE('',#481,#489,#10647,.F.);
#10645=EDGE_CURVE('',#489,#497,#10648,.T.);
#10646=EDGE_CURVE('',#497,#481,#10649,.T.);
#10647=LINE('',#480,#10650);
#10648=LINE('',#488,#10651);
#10649=LINE('',#496,#10652);
#10650=VECTOR('',#10653,1.0);
#10651=VECTOR('',#10654,1.0);
#10652=VECTOR('',#10655,1.0);
#10653=DIRECTION('',(0,1,0));
#10654=DIRECTION('',(0.3826820432000215,0.9238801079210748,0));
#10655=DIRECTION('',(-0.19509032149080593,-0.9807852805077236,0));
#10656=FACE_SURFACE('',(#10661),#10657,.T.);
#10657=PLANE('',#10658);
#10658=AXIS2_PLACEMENT_3D('',#496,#10659,#10660);
#10659=DIRECTION('',(0,0,-1));
#10660=DIRECTION('',(0.7071075240099042,0.7071060383624105,0));
#10661=FACE_BOUND('',#10662,.T.);
#10662=EDGE_LOOP('',(#10663,#10664,#10665));
#10663=ORIENTED_EDGE('',*,*,#10666,.T.);
#10664=ORIENTED_EDGE('',*,*,#10667,.T.);
#10665=ORIENTED_EDGE('',*,*,#10668,.T.);
#10666=EDGE_CURVE('',#497,#505,#10669,.F.);
#10667=EDGE_CURVE('',#505,#513,#10670,.T.);
#10668=EDGE_CURVE('',#513,#497,#10671,.T.);
#10669=LINE('',#496,#10672);
#10670=LINE('',#504,#10673);
#10671=LINE('',#512,#10674);
#10672=VECTOR('',#10675,1.0);
#10673=VECTOR('',#10676,1.0);
#10674=VECTOR('',#10677,1.0);
#10675=DIRECTION('',(0.7071075240099042,0.7071060383624105,0));
#10676=DIRECTION('',(0.9238793466831899,0.3826838809934931,0));
#10677=DIRECTION('',(-0.8314698599743505,-0.5555698623523724,0));
#10678=FACE_SURFACE('',(#10683),#10679,.T.);
#10679=PLANE('',#10680);
#10680=AXIS2_PLACEMENT_3D('',#512,#10681,#10682);
#10681=DIRECTION('',(0,0,-1));
#10682=DIRECTION('',(0.9807852247095524,-0.1950906020069467,0));
#10683=FACE_BOUND('',#10684,.T.);
#10684=EDGE_LOOP('',(#10685,#10686,#10687));
#10685=ORIENTED_EDGE('',*,*,#10688,.T.);
#10686=ORIENTED_EDGE('',*,*,#10689,.T.);
#10687=ORIENTED_EDGE('',*,*,#10690,.T.);
#10688=EDGE_CURVE('',#513,#401,#10691,.F.);
#10689=EDGE_CURVE('',#401,#417,#10692,.T.);
#10690=EDGE_CURVE('',#417,#513,#10693,.T.);
#10691=LINE('',#512,#10694);
#10692=LINE('',#400,#10695);
#10693=LINE('',#416,#10696);
#10694=VECTOR('',#10697,1.0);
#10695=VECTOR('',#10698,1.0);
#10696=VECTOR('',#10699,1.0);
#10697=DIRECTION('',(0.9807852247095524,-0.1950906020069467,0));
#10698=DIRECTION('',(0.5555696598700363,-0.8314699952685559,0));
#10699=DIRECTION('',(-0.8314692617810033,0.5555707576118034,0));
#10700=FACE_SURFACE('',(#10705),#10701,.T.);
#10701=PLANE('',#10702);
#10702=AXIS2_PLACEMENT_3D('',#416,#10703,#10704);
#10703=DIRECTION('',(0,0,-1));
#10704=DIRECTION('',(-0.19509032149080593,-0.9807852805077236,0));
#10705=FACE_BOUND('',#10706,.T.);
#10706=EDGE_LOOP('',(#10707,#10708,#10709));
#10707=ORIENTED_EDGE('',*,*,#10710,.T.);
#10708=ORIENTED_EDGE('',*,*,#10711,.T.);
#10709=ORIENTED_EDGE('',*,*,#10712,.T.);
#10710=EDGE_CURVE('',#417,#433,#10713,.F.);
#10711=EDGE_CURVE('',#433,#449,#10714,.T.);
#10712=EDGE_CURVE('',#449,#417,#10715,.T.);
#10713=LINE('',#416,#10716);
#10714=LINE('',#432,#10717);
#10715=LINE('',#448,#10718);
#10716=VECTOR('',#10719,1.0);
#10717=VECTOR('',#10720,1.0);
#10718=VECTOR('',#10721,1.0);
#10719=DIRECTION('',(-0.19509032149080593,-0.9807852805077236,0));
#10720=DIRECTION('',(-0.8314698599743505,-0.5555698623523724,0));
#10721=DIRECTION('',(0.5555704092406915,0.8314694945553508,0));
#10722=FACE_SURFACE('',(#10727),#10723,.T.);
#10723=PLANE('',#10724);
#10724=AXIS2_PLACEMENT_3D('',#448,#10725,#10726);
#10725=DIRECTION('',(0,0,-1));
#10726=DIRECTION('',(-0.9807852247095524,0.1950906020069467,0));
#10727=FACE_BOUND('',#10728,.T.);
#10728=EDGE_LOOP('',(#10729,#10730,#10731));
#10729=ORIENTED_EDGE('',*,*,#10732,.T.);
#10730=ORIENTED_EDGE('',*,*,#10733,.T.);
#10731=ORIENTED_EDGE('',*,*,#10734,.T.);
#10732=EDGE_CURVE('',#449,#465,#10735,.F.);
#10733=EDGE_CURVE('',#465,#481,#10736,.T.);
#10734=EDGE_CURVE('',#481,#449,#10737,.T.);
#10735=LINE('',#448,#10738);
#10736=LINE('',#464,#10739);
#10737=LINE('',#480,#10740);
#10738=VECTOR('',#10741,1.0);
#10739=VECTOR('',#10742,1.0);
#10740=VECTOR('',#10743,1.0);
#10741=DIRECTION('',(-0.9807852247095524,0.1950906020069467,0));
#10742=DIRECTION('',(-0.5555696598700363,0.8314699952685559,0));
#10743=DIRECTION('',(0.8314692617810033,-0.5555707576118034,0));
#10744=FACE_SURFACE('',(#10749),#10745,.T.);
#10745=PLANE('',#10746);
#10746=AXIS2_PLACEMENT_3D('',#480,#10747,#10748);
#10747=DIRECTION('',(0,0,-1));
#10748=DIRECTION('',(0.19509032149080593,0.9807852805077236,0));
#10749=FACE_BOUND('',#10750,.T.);
#10750=EDGE_LOOP('',(#10751,#10752,#10753));
#10751=ORIENTED_EDGE('',*,*,#10754,.T.);
#10752=ORIENTED_EDGE('',*,*,#10755,.T.);
#10753=ORIENTED_EDGE('',*,*,#10756,.T.);
#10754=EDGE_CURVE('',#481,#497,#10757,.F.);
#10755=EDGE_CURVE('',#497,#513,#10758,.T.);
#10756=EDGE_CURVE('',#513,#481,#10759,.T.);
#10757=LINE('',#480,#10760);
#10758=LINE('',#496,#10761);
#10759=LINE('',#512,#10762);
#10760=VECTOR('',#10763,1.0);
#10761=VECTOR('',#10764,1.0);
#10762=VECTOR('',#10765,1.0);
#10763=DIRECTION('',(0.19509032149080593,0.9807852805077236,0));
#10764=DIRECTION('',(0.8314698599743505,0.5555698623523724,0));
#10765=DIRECTION('',(-0.5555704092406915,-0.8314694945553508,0));
#10766=FACE_SURFACE('',(#10771),#10767,.T.);
#10767=PLANE('',#10768);
#10768=AXIS2_PLACEMENT_3D('',#512,#10769,#10770);
#10769=DIRECTION('',(0,0,-1));
#10770=DIRECTION('',(0.8314692617810033,-0.5555707576118034,0));
#10771=FACE_BOUND('',#10772,.T.);
#10772=EDGE_LOOP('',(#10773,#10774,#10775));
#10773=ORIENTED_EDGE('',*,*,#10776,.T.);
#10774=ORIENTED_EDGE('',*,*,#10777,.T.);
#10775=ORIENTED_EDGE('',*,*,#10778,.T.);
#10776=EDGE_CURVE('',#513,#417,#10779,.F.);
#10777=EDGE_CURVE('',#417,#449,#10780,.T.);
#10778=EDGE_CURVE('',#449,#513,#10781,.T.);
#10779=LINE('',#512,#10782);
#10780=LINE('',#416,#10783);
#10781=LINE('',#448,#10784);
#10782=VECTOR('',#10785,1.0);
#10783=VECTOR('',#10786,1.0);
#10784=VECTOR('',#10787,1.0);
#10785=DIRECTION('',(0.8314692617810033,-0.5555707576118034,0));
#10786=DIRECTION('',(-0.5555704092406915,-0.8314694945553508,0));
#10787=DIRECTION('',(-0.19509026912353458,0.9807852909242201,0));
#10788=FACE_SURFACE('',(#10793),#10789,.T.);
#10789=PLANE('',#10790);
#10790=AXIS2_PLACEMENT_3D('',#448,#10791,#10792);
#10791=DIRECTION('',(0,0,-1));
#10792=DIRECTION('',(-0.8314692617810033,0.5555707576118034,0));
#10793=FACE_BOUND('',#10794,.T.);
#10794=EDGE_LOOP('',(#10795,#10796,#10797));
#10795=ORIENTED_EDGE('',*,*,#10798,.T.);
#10796=ORIENTED_EDGE('',*,*,#10799,.T.);
#10797=ORIENTED_EDGE('',*,*,#10800,.T.);
#10798=EDGE_CURVE('',#449,#481,#10801,.F.);
#10799=EDGE_CURVE('',#481,#513,#10802,.T.);
#10800=EDGE_CURVE('',#513,#449,#10803,.T.);
#10801=LINE('',#448,#10804);
#10802=LINE('',#480,#10805);
#10803=LINE('',#512,#10806);
#10804=VECTOR('',#10807,1.0);
#10805=VECTOR('',#10808,1.0);
#10806=VECTOR('',#10809,1.0);
#10807=DIRECTION('',(-0.8314692617810033,0.5555707576118034,0));
#10808=DIRECTION('',(0.5555704092406915,0.8314694945553508,0));
#10809=DIRECTION('',(0.19509026912353458,-0.9807852909242201,0));
ENDSEC;
END-ISO-10303-21;
